time_s,wall_time_s,FL,FR,reconstructed_00,reconstructed_01,reconstructed_02,reconstructed_03,reconstructed_04,reconstructed_05,reconstructed_06,reconstructed_07,reconstructed_08,reconstructed_09,reconstructed_10,reconstructed_11,reconstructed_12,reconstructed_13,reconstructed_14,reconstructed_15,reconstructed_16,reconstructed_17,reconstructed_18,reconstructed_19,reconstructed_20,reconstructed_21,reconstructed_22,reconstructed_23,reconstructed_24,reconstructed_25,reconstructed_26,reconstructed_27
4.382979616,1791080853.116553545,0,0,-0.1223635,-0.1298638,0.1415217,-8.6369333,-9.9923449,-8.5830317,-8.8140783,0.4659465,0.5404241,0.0927898,-0.1198646,-0.0350440,0.0017336,-0.1405983,-0.1216464,0.0373851,0.0228880,0.1014543,0.1111427,-0.0075928,0.0013770,0.0092230,-0.0067554,0.2701072,0.7888455,0.9682472,-0.0067065,0.0299539
4.401723456,1791080853.135296583,0,0,-0.1197381,-0.1293016,0.1336817,-8.5760231,-9.7375546,-8.5157595,-8.8148489,0.4715430,0.5358115,0.0852817,-0.1179981,-0.0409079,-0.0022863,-0.1350368,-0.1207195,0.0376982,0.0234431,0.0987297,0.1124304,-0.0083347,0.0013795,-0.0143949,-0.0079665,0.2724766,0.6627079,0.9655401,0.0003037,0.0353297
4.423498016,1791080853.157071114,0,0,-0.0961807,-0.1428195,0.1292492,-9.3219309,-10.5717421,-8.7630634,-8.5029097,0.4789976,0.5356510,0.0664852,-0.1081654,-0.0250906,0.0118401,-0.1161325,-0.1172457,0.0374108,0.0238972,0.1051619,0.1088752,-0.0073711,0.0013761,-0.0186492,-0.0088446,0.2625294,0.6605253,0.9640903,-0.0012622,0.0430260
4.442593120,1791080853.176165342,0,0,-0.0996338,-0.1447096,0.1048163,-9.3680716,-10.6190720,-7.8215518,-7.6593585,0.4897926,0.4949909,0.0518890,-0.0972870,-0.0103702,0.0304879,-0.0939437,-0.1084059,0.0369856,0.0244602,0.0619526,0.1026538,-0.0068390,0.0014228,-0.0177708,-0.0090640,0.2561552,0.6944357,0.8675021,0.0049949,0.0499419
4.462789152,1791080853.196361780,0,0,-0.1017751,-0.1453290,0.1122471,-9.6131020,-11.2504044,-7.4606271,-7.2719750,0.4730377,0.4811029,0.0415235,-0.0951972,0.0025709,0.0345157,-0.0877184,-0.1174249,0.0365737,0.0247822,0.0661015,0.0991509,-0.0063008,0.0014622,-0.0142566,-0.0092999,0.2494762,0.7226275,0.8672144,0.0085702,0.0575011
4.483048448,1791080853.216620684,0,0,-0.0910458,-0.1594806,0.1010970,-10.0030613,-12.8754139,-6.4567652,-6.2500138,0.4785955,0.4632441,0.0098127,-0.0814022,0.0230199,0.0535058,-0.0763166,-0.1136543,0.0363713,0.0252538,0.0403484,0.0958523,-0.0059300,0.0015451,-0.0148081,-0.0095824,0.2447504,0.7599339,0.8632468,0.0175340,0.0677338
4.505764192,1791080853.239336729,0,0,-0.0684259,-0.1830996,0.0743360,-10.4604483,-14.8378563,-5.5456357,-5.2177205,0.5013121,0.4639123,-0.0313060,-0.0642145,0.0364866,0.0681252,-0.0703689,-0.1029924,0.0361210,0.0256373,0.0341316,0.0935949,-0.0057196,0.0016529,-0.0111793,-0.0090238,0.2435803,0.7557392,0.7748880,0.0188532,0.0734470
4.523094400,1791080853.256666422,0,0,-0.0516073,-0.2029132,0.0613357,-11.1516123,-17.1066227,-5.1660175,-4.1216779,0.5225706,0.4925019,-0.0674202,-0.0462206,0.0460255,0.0856872,-0.0760794,-0.0833141,0.0359933,0.0260622,0.0332184,0.0915581,-0.0055558,0.0017360,-0.0076858,-0.0082825,0.2424254,0.7489699,0.7214594,0.0183737,0.0766220
4.542646336,1791080853.276218891,0,0,-0.0448586,-0.1864424,0.0770138,-12.0441637,-18.2518997,-6.3184776,-3.5415235,0.5429935,0.5353996,-0.0722744,-0.0247836,0.0590123,0.0944543,-0.0804647,-0.0407943,0.0359804,0.0265419,0.0258926,0.0897389,-0.0054269,0.0017743,-0.0048346,-0.0075969,0.2407705,0.7439824,0.7736486,0.0195708,0.0785064
4.562556288,1791080853.296128511,0,0,-0.0008655,-0.1118942,0.1361719,-13.6191435,-18.0483837,-8.8890953,-4.3939013,0.6057304,0.7154942,0.0037274,0.0092904,0.0824658,0.0441045,-0.0619446,0.0339030,0.0361131,0.0269877,0.0162214,0.0883618,-0.0053685,0.0017549,-0.0018164,-0.0069964,0.2394468,0.7411722,0.8032719,0.0222318,0.0812031
4.582962720,1791080853.316534996,0,0,0.0143408,-0.0169374,0.2786707,-14.0415545,-15.9703102,-8.2558966,-9.1648283,0.6636078,1.6320587,0.1049435,0.5225641,-0.2618298,0.1196813,0.5553540,0.0692719,0.0361678,0.0273994,0.0167412,0.0874116,-0.0052930,0.0017009,0.0000631,-0.0065580,0.2379195,0.7381548,0.8099680,0.0272458,0.0836248
4.603090432,1791080853.336662769,0,0,0.0559966,-0.0142387,0.3579385,-14.1126213,-16.3590736,-8.9216852,-9.8165760,0.6231267,1.4210826,0.1675502,0.8525167,-0.3668004,0.2039767,0.7919642,0.1003879,0.0361504,0.0278567,0.0234002,0.0861846,-0.0052785,0.0016497,0.0020862,-0.0061153,0.2348732,0.7337670,0.8144554,0.0335883,0.0834765
4.625025472,1791080853.358597517,0,0,0.0672005,-0.0043115,0.3575029,-14.9824753,-16.4494286,-10.4338131,-11.3328218,0.2413446,1.2181790,-0.2572729,0.7803095,-0.2472872,0.1603708,0.6624919,0.0487130,0.0361956,0.0283059,0.0308811,0.0849901,-0.0052386,0.0015909,0.0039630,-0.0056636,0.2314243,0.7293745,0.8179241,0.0400104,0.0828048
4.642809888,1791080853.376382113,0,0,0.0592703,0.0005518,0.3170843,-15.2988443,-16.9853401,-11.8565855,-12.9671478,0.0363953,1.0930969,-0.1974437,0.5567430,-0.1480285,0.1188829,0.4207863,0.0112017,0.0363470,0.0288898,0.0345245,0.0834636,-0.0051441,0.0015465,0.0068254,-0.0051075,0.2264920,0.7259911,0.8181363,0.0446814,0.0805578
4.664421120,1791080853.397993803,0,0,0.0637000,0.0066546,0.2545130,-14.9577627,-16.7618961,-12.4251823,-14.3730602,-0.0030811,0.7824622,-0.1095555,0.3039472,-0.0349176,0.0524468,0.1491545,-0.0072788,0.0365824,0.0294009,0.0392570,0.0819802,-0.0049795,0.0014924,0.0093248,-0.0045170,0.2222913,0.7228745,0.8181417,0.0501575,0.0780233
4.684976128,1791080853.418548584,0,0,0.0729996,0.0026458,0.1521468,-13.9894619,-16.4230900,-12.6552515,-15.0830851,0.1253699,0.4615656,-0.0514617,0.1563258,-0.0019650,-0.0048456,0.0095479,-0.0379452,0.0369232,0.0298409,0.0427204,0.0804142,-0.0047612,0.0014234,0.0122975,-0.0038973,0.2191830,0.7204033,0.8185790,0.0592528,0.0762838
4.705237952,1791080853.438810110,0,0,0.0606849,-0.0013830,0.0557340,-12.7476225,-16.0153236,-12.5445967,-14.4892588,0.3500672,0.0532292,-0.0407066,0.1142395,0.0678497,-0.0444175,-0.0360591,-0.0507157,0.0373363,0.0302465,0.0443922,0.0783390,-0.0045213,0.0013565,0.0152619,-0.0033172,0.2180406,0.7188564,0.8194686,0.0680087,0.0749038
4.722653952,1791080853.456226587,0,0,0.0411218,-0.0129860,-0.0536424,-11.4475412,-15.5386400,-12.5337420,-13.1698980,0.5634313,-0.5471453,-0.0231899,0.1152155,0.2834284,-0.0598897,-0.0923543,-0.0319290,0.0376917,0.0306340,0.0457267,0.0762597,-0.0042745,0.0012906,0.0176640,-0.0027787,0.2170667,0.7177845,0.8203946,0.0751381,0.0728913
4.742588256,1791080853.476160526,0,0,0.0301066,-0.0273314,-0.1469340,-10.2941647,-15.3141356,-12.6900826,-11.8598518,0.6745834,-0.9632496,0.0384776,0.1566615,0.5724400,-0.0573024,-0.0724632,-0.0106201,0.0380766,0.0311066,0.0471079,0.0738099,-0.0039206,0.0012026,0.0189136,-0.0022999,0.2163856,0.7177342,0.8217267,0.0784762,0.0710394
4.764997024,1791080853.498570204,0,0,0.0029454,-0.0387191,-0.2254282,-9.6109400,-14.9310436,-13.5465050,-10.5640326,0.6739068,-1.0683010,0.1101777,0.1662811,0.6352126,-0.0230858,-0.0042154,0.0500609,0.0384039,0.0315795,0.0488743,0.0713648,-0.0035393,0.0011111,0.0198824,-0.0018460,0.2157855,0.7177457,0.8233318,0.0815572,0.0690926
4.784955168,1791080853.518528938,0,0,-0.0425392,-0.0518332,-0.2533875,-9.3683777,-14.2896461,-13.8508463,-9.6463308,0.6595544,-1.0189474,0.1433703,0.1367294,0.5410181,0.0190196,0.0456527,0.0676688,0.0386416,0.0320183,0.0520982,0.0694056,-0.0031790,0.0010021,0.0200568,-0.0014646,0.2157147,0.7174572,0.8254692,0.0856646,0.0685908
4.805531488,1791080853.539104700,0,0,-0.0474720,-0.0553623,-0.2724053,-9.1263123,-14.0738621,-13.6536608,-9.1445036,0.6627312,-0.8776193,0.1505095,0.1253104,0.4436618,0.0266956,0.0726127,0.0763502,0.0387125,0.0324095,0.0545233,0.0677595,-0.0028202,0.0008958,0.0199018,-0.0011394,0.2156814,0.7169523,0.8276906,0.0861464,0.0685323
4.825793024,1791080853.559366465,0,0,-0.0421337,-0.0602740,-0.2669429,-8.9722309,-14.7812548,-14.0506315,-9.4532394,0.6648892,-0.7546973,0.1489071,0.1372532,0.3661198,0.0362808,0.1065004,0.0866888,0.0387496,0.0327764,0.0557311,0.0662463,-0.0025580,0.0007982,0.0198488,-0.0007855,0.2156686,0.7164434,0.8297293,0.0867569,0.0687499
4.848355072,1791080853.581927776,0,0,-0.0654825,-0.0672843,-0.2253200,-9.2837038,-15.2959337,-14.6142006,-9.8059931,0.6904995,-0.5332825,0.1278188,0.1430885,0.2595555,0.0407935,0.1768453,0.1056738,0.0387894,0.0330839,0.0566467,0.0651982,-0.0024716,0.0007216,0.0196856,-0.0003999,0.2155100,0.7157619,0.8317699,0.0876667,0.0681667
4.865748384,1791080853.599320889,0,0,-0.0871422,-0.0819375,-0.1843016,-9.5558662,-15.5714397,-14.8382483,-9.9970074,0.7236760,-0.2587488,0.0947819,0.1503534,0.1673082,0.0451239,0.2197640,0.0942017,0.0387592,0.0333311,0.0578407,0.0643433,-0.0024358,0.0006572,0.0196893,-0.0000162,0.2152560,0.7148389,0.8332247,0.0887897,0.0688777
4.888084160,1791080853.621657372,0,0,-0.1024152,-0.0849309,-0.1220205,-9.9406204,-15.8165655,-15.1421385,-10.4146461,0.7812819,-0.0354713,0.0686731,0.1598087,0.1008049,0.0455926,0.2294001,0.0613897,0.0387178,0.0335690,0.0590933,0.0635421,-0.0024266,0.0005978,0.0197112,0.0003693,0.2150424,0.7139217,0.8345497,0.0898474,0.0703943
4.906014624,1791080853.639587402,0,0,-0.1113438,-0.0779333,-0.0443155,-10.4453621,-16.2247391,-15.3845339,-10.9200535,0.8317444,0.0834777,0.0166067,0.1634570,0.0580213,0.0417616,0.2069265,0.0281329,0.0386251,0.0337596,0.0599062,0.0629213,-0.0024300,0.0005585,0.0198625,0.0007389,0.2148551,0.7131278,0.8344715,0.0905699,0.0718697
4.925845056,1791080853.659418106,0,0,-0.1127907,-0.0698681,0.0154815,-10.9674425,-16.6677914,-15.9505205,-11.5227251,0.8778857,0.0922856,-0.0164783,0.1446784,0.0319587,0.0278604,0.1460078,0.0000007,0.0385244,0.0339522,0.0607924,0.0623643,-0.0024392,0.0005194,0.0200607,0.0011179,0.2146863,0.7123454,0.8344913,0.0917044,0.0737542
4.946133632,1791080853.679706573,0,0,-0.1123752,-0.0612928,0.0509600,-11.4205999,-17.0093861,-16.3869801,-12.0017347,0.9116056,0.0541981,-0.0356653,0.1188628,0.0240881,0.0182964,0.0907683,-0.0068784,0.0384532,0.0341585,0.0607526,0.0618095,-0.0024514,0.0004812,0.0201720,0.0014750,0.2145761,0.7116242,0.8347290,0.0947316,0.0759248
4.967680864,1791080853.701253653,0,0,-0.1069322,-0.0518822,0.0589963,-11.6909351,-17.1611938,-16.4969940,-12.3087988,0.9299591,0.0575814,-0.0521710,0.0951788,0.0192554,0.0154541,0.0709004,-0.0115984,0.0383747,0.0343647,0.0606772,0.0613002,-0.0024662,0.0004431,0.0202723,0.0018309,0.2144844,0.7109547,0.8349255,0.0975702,0.0780310
4.987604576,1791080853.721177816,0,0,-0.0976595,-0.0413540,0.0553429,-11.8784103,-17.1377869,-16.3792439,-12.3535776,0.9348019,0.0974459,-0.0689373,0.0720303,0.0175989,0.0167554,0.0931311,-0.0014282,0.0382923,0.0345526,0.0615296,0.0608114,-0.0024733,0.0004025,0.0205101,0.0022147,0.2144283,0.7102211,0.8354059,0.1005169,0.0792345
5.009794464,1791080853.743367434,0,0,-0.0895188,-0.0358796,0.0473356,-11.9354944,-17.4268112,-16.3075867,-12.3137522,0.9195423,0.1582553,-0.0814028,0.0767587,0.0136143,0.0111428,0.1229511,0.0120463,0.0382531,0.0347520,0.0620597,0.0602923,-0.0024900,0.0003613,0.0206761,0.0026305,0.2143778,0.7095036,0.8360674,0.1041280,0.0799556
5.029688096,1791080853.763260603,0,0,-0.0826695,-0.0318296,0.0449699,-11.9068804,-17.4947681,-15.9989023,-12.1268644,0.9245641,0.1759388,-0.1082646,0.0793462,0.0155159,0.0080419,0.1469063,0.0323155,0.0382075,0.0349423,0.0623906,0.0598156,-0.0025008,0.0003218,0.0208039,0.0030445,0.2143323,0.7088298,0.8366871,0.1075574,0.0804346
5.051659328,1791080853.785232306,0,0,-0.0771797,-0.0251795,0.0455312,-11.8333168,-17.5181293,-15.6057949,-11.8940573,0.9268117,0.1905707,-0.1416316,0.0881895,0.0166273,0.0044098,0.1859145,0.0540174,0.0381633,0.0351211,0.0623903,0.0593246,-0.0025179,0.0002893,0.0210064,0.0034659,0.2143186,0.7081993,0.8373167,0.1109074,0.0808489
5.070339872,1791080853.803912640,0,0,-0.0726143,-0.0205418,0.0482614,-11.7231674,-17.5405121,-15.3826265,-11.6938629,0.9318933,0.1802628,-0.1711503,0.0992044,0.0191775,0.0019597,0.2194984,0.0664746,0.0381172,0.0353045,0.0617480,0.0588757,-0.0025356,0.0002571,0.0209636,0.0038429,0.2143570,0.7077055,0.8375552,0.1135706,0.0814395
5.089785888,1791080853.823358774,0,0,-0.0711313,-0.0189512,0.0525990,-11.6197824,-17.5646458,-15.2820301,-11.5305624,0.9341754,0.1438418,-0.2028583,0.1228564,0.0232481,-0.0022072,0.2483380,0.0645004,0.0380541,0.0354784,0.0612811,0.0584485,-0.0025559,0.0002264,0.0209441,0.0042255,0.2143872,0.7072254,0.8378000,0.1161760,0.0820391
5.107361184,1791080853.840933561,0,0,-0.0706444,-0.0195085,0.0551964,-11.5567932,-17.5696754,-15.2804337,-11.4774771,0.9309293,0.1077330,-0.2213231,0.1477487,0.0293130,-0.0087566,0.2685900,0.0574248,0.0379771,0.0356517,0.0610389,0.0580604,-0.0025695,0.0001938,0.0208260,0.0045960,0.2144135,0.7067600,0.8380336,0.1184608,0.0828010
5.127377952,1791080853.860950232,0,0,-0.0725155,-0.0219204,0.0556633,-11.5417747,-17.6190529,-15.4764519,-11.5151606,0.9278653,0.0850293,-0.2286743,0.1752235,0.0347969,-0.0159533,0.2836606,0.0437703,0.0378875,0.0358240,0.0609260,0.0577048,-0.0025752,0.0001608,0.0206912,0.0049696,0.2144428,0.7063003,0.8382697,0.1207264,0.0836359
5.147359584,1791080853.880931616,0,0,-0.0736419,-0.0258353,0.0540558,-11.5235987,-17.6251049,-15.6612062,-11.5849199,0.9207801,0.0667871,-0.2308231,0.2011048,0.0399722,-0.0244473,0.2893563,0.0223701,0.0377443,0.0359994,0.0608781,0.0574527,-0.0025530,0.0001270,0.0205533,0.0053405,0.2144754,0.7058566,0.8385914,0.1225741,0.0847654
5.167393024,1791080853.900965452,0,0,-0.0747931,-0.0287446,0.0513520,-11.5259733,-17.6419353,-15.8549280,-11.6693945,0.9103596,0.0613393,-0.2254377,0.2172895,0.0417874,-0.0305679,0.2850607,0.0028336,0.0376345,0.0361821,0.0612999,0.0571753,-0.0025273,0.0000921,0.0203253,0.0057308,0.2144577,0.7053748,0.8390463,0.1251169,0.0858547
5.187358656,1791080853.920930862,0,0,-0.0749718,-0.0307801,0.0493598,-11.5354147,-17.6563187,-15.9667444,-11.7367983,0.9041180,0.0579161,-0.2131028,0.2216818,0.0430098,-0.0322896,0.2718538,-0.0057804,0.0375146,0.0363664,0.0616841,0.0569187,-0.0024947,0.0000569,0.0200762,0.0061206,0.2144466,0.7049068,0.8394836,0.1275330,0.0869976
5.207358528,1791080853.940930843,0,0,-0.0746406,-0.0322765,0.0481267,-11.5467272,-17.6931171,-16.0735989,-11.7708178,0.8985164,0.0525861,-0.1980098,0.2190389,0.0441561,-0.0293669,0.2627852,-0.0095273,0.0374091,0.0365578,0.0622589,0.0566966,-0.0024483,0.0000162,0.0197140,0.0064884,0.2144878,0.7044998,0.8398683,0.1287228,0.0882058
5.232229632,1791080853.965802908,0,0,-0.0739319,-0.0329468,0.0473325,-11.5372763,-17.7032528,-16.1052322,-11.7674112,0.8960854,0.0449245,-0.1855828,0.2151202,0.0461005,-0.0266294,0.2542482,-0.0090750,0.0372928,0.0367464,0.0627375,0.0564955,-0.0023984,-0.0000239,0.0193711,0.0068588,0.2145303,0.7040985,0.8402446,0.1299066,0.0893903
5.250441600,1791080853.984014511,0,0,-0.0734707,-0.0330861,0.0471112,-11.5281000,-17.6926498,-16.0905247,-11.7268419,0.8921388,0.0336867,-0.1799610,0.2109562,0.0496282,-0.0262192,0.2490178,-0.0066220,0.0370830,0.0369262,0.0630254,0.0563806,-0.0023547,-0.0000620,0.0191237,0.0072208,0.2145918,0.7036859,0.8405903,0.1303232,0.0906828
5.269956640,1791080854.003529787,0,0,-0.0731196,-0.0323892,0.0471725,-11.5405436,-17.6692810,-16.0603313,-11.6955957,0.8863266,0.0209768,-0.1731375,0.2029267,0.0529133,-0.0253172,0.2403736,-0.0030530,0.0368729,0.0370896,0.0623806,0.0562515,-0.0023253,-0.0000937,0.0189217,0.0075526,0.2147210,0.7033607,0.8406758,0.1302841,0.0919402
5.291752256,1791080854.025325060,0,0,-0.0730098,-0.0325235,0.0455306,-11.5264273,-17.6406784,-16.0466576,-11.6886683,0.8802782,0.0145262,-0.1638709,0.1921912,0.0541156,-0.0241268,0.2326220,-0.0054568,0.0366547,0.0372470,0.0618529,0.0561277,-0.0023026,-0.0001254,0.0187426,0.0078849,0.2148517,0.7030414,0.8407622,0.1302535,0.0931674
5.309675232,1791080854.043248177,0,0,-0.0733334,-0.0333692,0.0450609,-11.4961271,-17.5827827,-16.0448494,-11.6791477,0.8782414,0.0108825,-0.1547943,0.1830126,0.0540315,-0.0234535,0.2224717,-0.0138468,0.0364019,0.0373880,0.0617646,0.0560450,-0.0022796,-0.0001574,0.0186146,0.0082160,0.2149408,0.7027022,0.8408352,0.1304605,0.0942220
5.330215968,1791080854.063789368,0,0,-0.0745588,-0.0332029,0.0452831,-11.4722385,-17.5244217,-16.0308399,-11.6615391,0.8774930,0.0070549,-0.1491446,0.1761085,0.0533614,-0.0229577,0.2123599,-0.0215988,0.0361490,0.0375375,0.0609443,0.0559432,-0.0022701,-0.0001898,0.0185626,0.0085030,0.2151196,0.7024038,0.8408732,0.1295303,0.0963265
5.352526496,1791080854.086099625,0,0,-0.0750926,-0.0330859,0.0444024,-11.4827366,-17.5311298,-16.1038685,-11.7069407,0.8751434,0.0068214,-0.1409939,0.1716267,0.0531483,-0.0229050,0.2047133,-0.0265602,0.0358951,0.0376832,0.0603018,0.0558485,-0.0022621,-0.0002223,0.0184843,0.0087836,0.2152982,0.7021158,0.8409098,0.1287248,0.0983181
5.371596160,1791080854.105168819,0,0,-0.0765020,-0.0335017,0.0423348,-11.4768429,-17.5220261,-16.1011868,-11.7215147,0.8700310,0.0131103,-0.1347802,0.1689976,0.0522973,-0.0240746,0.1996375,-0.0313559,0.0356512,0.0378362,0.0607863,0.0557860,-0.0022482,-0.0002549,0.0182570,0.0091002,0.2153619,0.7017837,0.8410747,0.1283245,0.0999416
5.393796384,1791080854.127369642,0,0,-0.0781191,-0.0339819,0.0425591,-11.4686661,-17.4839153,-16.0876827,-11.7400646,0.8647814,0.0164190,-0.1285903,0.1664977,0.0517814,-0.0255525,0.1903682,-0.0374340,0.0354088,0.0379875,0.0611457,0.0557248,-0.0022395,-0.0002871,0.0180302,0.0094102,0.2154263,0.7014625,0.8412323,0.1279754,0.1016025
5.412699168,1791080854.146272182,0,0,-0.0787874,-0.0339264,0.0444136,-11.4804583,-17.4992542,-16.1335087,-11.7956858,0.8642634,0.0202777,-0.1231727,0.1666439,0.0523652,-0.0274592,0.1862640,-0.0407982,0.0351474,0.0381126,0.0610558,0.0556952,-0.0022204,-0.0003102,0.0180059,0.0097292,0.2154352,0.7011344,0.8413422,0.1278491,0.1035127
5.431799360,1791080854.165371895,0,0,-0.0797648,-0.0336688,0.0443209,-11.4705935,-17.5142021,-16.1713696,-11.8185987,0.8621578,0.0249227,-0.1205748,0.1690940,0.0531532,-0.0306370,0.1811956,-0.0440507,0.0348879,0.0382373,0.0609746,0.0556657,-0.0022019,-0.0003331,0.0179353,0.0100394,0.2154451,0.7008229,0.8414450,0.1277841,0.1053766
5.451547104,1791080854.185120344,0,0,-0.0815534,-0.0331094,0.0450364,-11.4760075,-17.5106297,-16.1250267,-11.7999010,0.8601255,0.0340995,-0.1170545,0.1677883,0.0518940,-0.0319141,0.1752576,-0.0458218,0.0346236,0.0383592,0.0616576,0.0556736,-0.0021768,-0.0003624,0.0177562,0.0103443,0.2154377,0.7005308,0.8415816,0.1280307,0.1065459
5.473896416,1791080854.207469463,0,0,-0.0832048,-0.0327346,0.0458767,-11.4660177,-17.4983368,-16.1353321,-11.8360367,0.8608378,0.0403862,-0.1129457,0.1693360,0.0519917,-0.0345642,0.1711193,-0.0510843,0.0343893,0.0384589,0.0613141,0.0556100,-0.0021850,-0.0003750,0.0176060,0.0106813,0.2153437,0.7002527,0.8416302,0.1283577,0.1078018
5.496211104,1791080854.229784727,0,0,-0.0844547,-0.0330464,0.0445361,-11.4647179,-17.5128784,-16.1685734,-11.8533278,0.8599933,0.0576036,-0.1091058,0.1704493,0.0498862,-0.0374893,0.1726953,-0.0558478,0.0341543,0.0385545,0.0610511,0.0555489,-0.0021976,-0.0003874,0.0174494,0.0110140,0.2152538,0.6999814,0.8416758,0.1285900,0.1091174
5.517836512,1791080854.251409769,0,0,-0.0844787,-0.0334524,0.0452278,-11.4473810,-17.4966202,-16.1577339,-11.8657866,0.8593374,0.0703057,-0.1052975,0.1684620,0.0481642,-0.0396919,0.1697935,-0.0622741,0.0338868,0.0386787,0.0600221,0.0555374,-0.0022016,-0.0004102,0.0173207,0.0112729,0.2153179,0.6997367,0.8416774,0.1274934,0.1117573
5.537602816,1791080854.271175623,0,0,-0.0859488,-0.0333610,0.0460331,-11.4448586,-17.4843597,-16.1290264,-11.8657770,0.8564952,0.0819117,-0.1017236,0.1664929,0.0458352,-0.0407359,0.1662583,-0.0698192,0.0335887,0.0387883,0.0607131,0.0555836,-0.0021983,-0.0004367,0.0170335,0.0115385,0.2152821,0.6994706,0.8416903,0.1266899,0.1132218
5.557587328,1791080854.291160583,0,0,-0.0862695,-0.0334623,0.0460763,-11.4441290,-17.4919205,-16.1546993,-11.8987360,0.8558246,0.0966394,-0.0971368,0.1666992,0.0437683,-0.0425597,0.1696649,-0.0762728,0.0332920,0.0388937,0.0612052,0.0556368,-0.0022033,-0.0004631,0.0167847,0.0118044,0.2152501,0.6992096,0.8417040,0.1259463,0.1146837
5.580053152,1791080854.313626051,0,0,-0.0855878,-0.0339534,0.0477004,-11.4257078,-17.4860382,-16.2071381,-11.9569807,0.8579534,0.1098017,-0.0921492,0.1651076,0.0413780,-0.0436599,0.1736821,-0.0860814,0.0330241,0.0389842,0.0608223,0.0556277,-0.0022396,-0.0004805,0.0165799,0.0120942,0.2151574,0.6989698,0.8416874,0.1255455,0.1162840
5.599492800,1791080854.333065748,0,0,-0.0861896,-0.0343330,0.0478705,-11.3894510,-17.4812851,-16.2025967,-11.9465361,0.8595194,0.1244691,-0.0889873,0.1647304,0.0385249,-0.0447950,0.1750635,-0.0941880,0.0327479,0.0391111,0.0616855,0.0556825,-0.0022411,-0.0005072,0.0161663,0.0123830,0.2150281,0.6987100,0.8417325,0.1242780,0.1180415
5.619543264,1791080854.353116512,0,0,-0.0871464,-0.0342374,0.0486274,-11.3927660,-17.4903164,-16.2034740,-11.9481287,0.8583592,0.1376579,-0.0880049,0.1669808,0.0359059,-0.0458590,0.1782792,-0.0984326,0.0324752,0.0392335,0.0623177,0.0557439,-0.0022422,-0.0005331,0.0157867,0.0126705,0.2149008,0.6984523,0.8417788,0.1231497,0.1196261
5.637719360,1791080854.371292353,0,0,-0.0869695,-0.0340870,0.0493750,-11.4089088,-17.5366936,-16.2060966,-11.9694567,0.8564295,0.1519520,-0.0849967,0.1668802,0.0337496,-0.0459417,0.1797829,-0.0977795,0.0321880,0.0393429,0.0618812,0.0558472,-0.0022421,-0.0005592,0.0154938,0.0129225,0.2148426,0.6982332,0.8417410,0.1214776,0.1214211
5.659553216,1791080854.393126249,0,0,-0.0876089,-0.0341153,0.0496058,-11.4013090,-17.5512199,-16.2107506,-11.9852867,0.8565503,0.1662432,-0.0810234,0.1666414,0.0310033,-0.0459551,0.1795453,-0.1009582,0.0319004,0.0394439,0.0615710,0.0559479,-0.0022472,-0.0005854,0.0152393,0.0131758,0.2147851,0.6980165,0.8417044,0.1199329,0.1231282
5.676934048,1791080854.410507202,0,0,-0.0879258,-0.0344975,0.0499931,-11.3946533,-17.5638447,-16.2079182,-11.9970922,0.8553626,0.1802886,-0.0787638,0.1678844,0.0286467,-0.0467288,0.1843390,-0.1057173,0.0316208,0.0395586,0.0606707,0.0560307,-0.0022515,-0.0006102,0.0150531,0.0134180,0.2147298,0.6978053,0.8416740,0.1178189,0.1259348
5.697796640,1791080854.431369781,0,0,-0.0879938,-0.0345457,0.0495790,-11.3919992,-17.5707626,-16.2091732,-12.0042810,0.8533440,0.1957478,-0.0757115,0.1679578,0.0251804,-0.0463063,0.1857001,-0.1094033,0.0313269,0.0396479,0.0602620,0.0561584,-0.0022382,-0.0006339,0.0148277,0.0136482,0.2146787,0.6976039,0.8416157,0.1158905,0.1280975
5.718001600,1791080854.451574564,0,0,-0.0895751,-0.0341387,0.0505314,-11.4017963,-17.5849972,-16.1932793,-12.0093699,0.8536456,0.2094399,-0.0717354,0.1691185,0.0228649,-0.0466511,0.1840300,-0.1102086,0.0310345,0.0397284,0.0599746,0.0562783,-0.0022286,-0.0006571,0.0146188,0.0138775,0.2146286,0.6974073,0.8415587,0.1141559,0.1300939
5.738071808,1791080854.471644640,0,0,-0.0908272,-0.0338840,0.0504719,-11.3922606,-17.5959415,-16.1867867,-12.0317335,0.8540909,0.2241537,-0.0669124,0.1693522,0.0204498,-0.0468377,0.1822119,-0.1111776,0.0307573,0.0398022,0.0602541,0.0563915,-0.0022195,-0.0006808,0.0143361,0.0141206,0.2145450,0.6972138,0.8414919,0.1125936,0.1315507
5.757819072,1791080854.491391897,0,0,-0.0913581,-0.0341134,0.0503661,-11.3890009,-17.5986977,-16.1686096,-12.0818005,0.8538862,0.2417727,-0.0614477,0.1701061,0.0177367,-0.0485998,0.1828122,-0.1175554,0.0304818,0.0398694,0.0604612,0.0565019,-0.0022144,-0.0007047,0.0140956,0.0143636,0.2144628,0.6970229,0.8414280,0.1111144,0.1330319
5.778103328,1791080854.511676073,0,0,-0.0919000,-0.0349256,0.0497643,-11.3846807,-17.6136742,-16.2233639,-12.1216755,0.8526506,0.2581394,-0.0552874,0.1713921,0.0152348,-0.0505356,0.1861447,-0.1261569,0.0303059,0.0399282,0.0598324,0.0565099,-0.0022440,-0.0007162,0.0137624,0.0146554,0.2143203,0.6968566,0.8413473,0.1102443,0.1341692
5.799488064,1791080854.533061028,0,0,-0.0909677,-0.0355381,0.0504781,-11.3794489,-17.6382713,-16.3082771,-12.1685581,0.8515133,0.2764212,-0.0483206,0.1684133,0.0121276,-0.0496572,0.1909563,-0.1315182,0.0301232,0.0399781,0.0593873,0.0565270,-0.0022598,-0.0007283,0.0134722,0.0149508,0.2141788,0.6966876,0.8412677,0.1093248,0.1353061
5.819830208,1791080854.553403139,0,0,-0.0917891,-0.0353386,0.0516329,-11.3561668,-17.6365852,-16.3046417,-12.1613035,0.8516312,0.2893367,-0.0460208,0.1674277,0.0095826,-0.0493100,0.1897800,-0.1344340,0.0298782,0.0400405,0.0593691,0.0567082,-0.0021977,-0.0007499,0.0132282,0.0152225,0.2140555,0.6965088,0.8412249,0.1084665,0.1370404
5.839729216,1791080854.573302031,0,0,-0.0924879,-0.0349536,0.0514616,-11.3656778,-17.6664257,-16.3255253,-12.1780272,0.8515904,0.3046798,-0.0416166,0.1689415,0.0074586,-0.0496170,0.1924468,-0.1349673,0.0296362,0.0400899,0.0579857,0.0567577,-0.0021562,-0.0007693,0.0131338,0.0154546,0.2140237,0.6963506,0.8411669,0.1063614,0.1396966
5.858523872,1791080854.592096567,0,0,-0.0932188,-0.0356724,0.0511085,-11.3546257,-17.6650372,-16.3382530,-12.1927404,0.8494849,0.3199925,-0.0357241,0.1681465,0.0053618,-0.0503781,0.1981071,-0.1425619,0.0293883,0.0401287,0.0570496,0.0567950,-0.0021156,-0.0007898,0.0130126,0.0156815,0.2139937,0.6961957,0.8411090,0.1043831,0.1423521
5.880053760,1791080854.613626957,0,0,-0.0940025,-0.0358669,0.0521797,-11.3493757,-17.6520329,-16.3694687,-12.2191601,0.8486487,0.3317292,-0.0310832,0.1668410,0.0029174,-0.0495913,0.2012942,-0.1499691,0.0291549,0.0401521,0.0563723,0.0568728,-0.0020591,-0.0008016,0.0129331,0.0159129,0.2139493,0.6960396,0.8410699,0.1024163,0.1455935
5.900944768,1791080854.634517908,0,0,-0.0957510,-0.0355264,0.0520955,-11.3538933,-17.6778851,-16.3966694,-12.2452850,0.8473003,0.3458174,-0.0265251,0.1689682,0.0008800,-0.0503112,0.2047832,-0.1541232,0.0288823,0.0401653,0.0562057,0.0569471,-0.0019925,-0.0008215,0.0127533,0.0161185,0.2139015,0.6958926,0.8410133,0.1001511,0.1484599
5.919628640,1791080854.653201818,0,0,-0.0972740,-0.0362570,0.0527012,-11.3336048,-17.6721363,-16.3511162,-12.2418852,0.8480570,0.3596094,-0.0206258,0.1670299,-0.0007292,-0.0504608,0.2063690,-0.1570920,0.0286034,0.0401638,0.0560951,0.0570078,-0.0019331,-0.0008413,0.0125995,0.0163247,0.2138528,0.6957492,0.8409567,0.0980681,0.1511399
5.939378368,1791080854.672951221,0,0,-0.0982840,-0.0365043,0.0521289,-11.3376598,-17.6904869,-16.3728046,-12.2534380,0.8482165,0.3786899,-0.0125567,0.1651767,-0.0029970,-0.0500363,0.2113643,-0.1581527,0.0283804,0.0400964,0.0564846,0.0570113,-0.0019033,-0.0008427,0.0123761,0.0165704,0.2137957,0.6956155,0.8408828,0.0959760,0.1524621
5.959681056,1791080854.693253994,0,0,-0.0993418,-0.0366257,0.0526087,-11.3048086,-17.6831207,-16.3750134,-12.2617884,0.8475738,0.3917345,-0.0046295,0.1643113,-0.0046495,-0.0511643,0.2108804,-0.1635760,0.0281592,0.0400249,0.0567705,0.0570191,-0.0018746,-0.0008441,0.0121573,0.0168082,0.2137396,0.6954846,0.8408111,0.0940960,0.1537149
5.981782976,1791080854.715356350,0,0,-0.1004110,-0.0372132,0.0537435,-11.2854090,-17.6935577,-16.4224358,-12.2938061,0.8490829,0.4082912,0.0043452,0.1654825,-0.0064099,-0.0529445,0.2142231,-0.1680120,0.0279312,0.0399401,0.0565936,0.0570175,-0.0018324,-0.0008454,0.0119987,0.0170475,0.2136503,0.6953595,0.8407456,0.0918996,0.1551767
5.996858464,1791080854.730431318,0,0,-0.1021113,-0.0366550,0.0536479,-11.2577066,-17.7084980,-16.3763008,-12.2811556,0.8492886,0.4268100,0.0101096,0.1667968,-0.0085414,-0.0540199,0.2177516,-0.1696498,0.0276953,0.0398172,0.0563899,0.0569714,-0.0018047,-0.0008349,0.0117512,0.0173199,0.2134618,0.6952351,0.8406743,0.0897755,0.1560130
6.021751296,1791080854.755324364,0,0,-0.1032318,-0.0364760,0.0543886,-11.2385378,-17.7062626,-16.3672733,-12.2897587,0.8495159,0.4417219,0.0169141,0.1670578,-0.0101537,-0.0558724,0.2188024,-0.1739275,0.0274597,0.0396891,0.0562582,0.0569278,-0.0017827,-0.0008241,0.0115275,0.0175883,0.2132778,0.6951131,0.8406057,0.0878185,0.1567789
6.039916352,1791080854.773489475,0,0,-0.1050434,-0.0364725,0.0548614,-11.2266264,-17.6974430,-16.3297005,-12.2856131,0.8493013,0.4546847,0.0202817,0.1690426,-0.0116129,-0.0587759,0.2213365,-0.1786681,0.0272037,0.0395662,0.0566032,0.0569149,-0.0017403,-0.0008181,0.0111987,0.0178609,0.2130788,0.6949967,0.8405126,0.0864392,0.1565867
6.061514048,1791080854.795086861,0,0,-0.1055639,-0.0361303,0.0560007,-11.2251663,-17.6888161,-16.3333950,-12.3216457,0.8497362,0.4648955,0.0230574,0.1696224,-0.0132714,-0.0599531,0.2242411,-0.1853072,0.0269445,0.0394347,0.0568923,0.0569045,-0.0017071,-0.0008120,0.0109799,0.0181414,0.2128813,0.6948806,0.8404239,0.0850959,0.1564277
6.078718592,1791080854.812291622,0,0,-0.1065217,-0.0361787,0.0559918,-11.2277651,-17.7143154,-16.3138885,-12.3263273,0.8492534,0.4742877,0.0235006,0.1695445,-0.0144662,-0.0612786,0.2248537,-0.1874371,0.0266823,0.0393296,0.0579082,0.0569302,-0.0016683,-0.0008073,0.0107541,0.0184256,0.2126598,0.6947512,0.8403342,0.0836932,0.1563596
6.099702336,1791080854.833275557,0,0,-0.1070577,-0.0360026,0.0563244,-11.2093019,-17.7160606,-16.3242512,-12.3572874,0.8512210,0.4846280,0.0231715,0.1727884,-0.0163093,-0.0629370,0.2326744,-0.1936895,0.0264779,0.0391797,0.0583533,0.0569297,-0.0016738,-0.0007900,0.0106157,0.0187309,0.2124795,0.6946344,0.8402355,0.0828229,0.1555033
6.119698240,1791080854.853271008,0,0,-0.1068150,-0.0352935,0.0563435,-11.2071552,-17.7262039,-16.2788792,-12.3679829,0.8504035,0.4925199,0.0206109,0.1760735,-0.0179077,-0.0644958,0.2343283,-0.1958288,0.0262784,0.0390301,0.0586920,0.0569316,-0.0016710,-0.0007725,0.0104687,0.0190281,0.2123018,0.6945188,0.8401399,0.0820440,0.1546289
6.139475424,1791080854.873048306,0,0,-0.1067055,-0.0348343,0.0570989,-11.2091532,-17.7481117,-16.2506962,-12.3624010,0.8507434,0.5012324,0.0166863,0.1760126,-0.0191850,-0.0639412,0.2406467,-0.1957270,0.0260537,0.0388545,0.0589084,0.0570034,-0.0016205,-0.0007528,0.0102648,0.0193347,0.2120569,0.6943900,0.8400562,0.0812305,0.1537129
6.159615008,1791080854.893187761,0,0,-0.1063990,-0.0342521,0.0580975,-11.2089109,-17.7605038,-16.2180099,-12.3784418,0.8506365,0.5086178,0.0122501,0.1777587,-0.0204495,-0.0642060,0.2464953,-0.1969290,0.0258325,0.0386800,0.0590789,0.0570706,-0.0015677,-0.0007333,0.0100606,0.0196357,0.2118169,0.6942638,0.8399754,0.0804922,0.1527959
6.178793088,1791080854.912365913,0,0,-0.1073468,-0.0330584,0.0598816,-11.2068472,-17.7765083,-16.1747036,-12.3580198,0.8520722,0.5113862,0.0024930,0.1833317,-0.0213379,-0.0649450,0.2533217,-0.1940880,0.0255765,0.0385178,0.0593903,0.0572286,-0.0014588,-0.0007196,0.0098272,0.0199145,0.2116300,0.6941426,0.8399115,0.0788523,0.1524204
6.201611968,1791080854.935184956,0,0,-0.1074245,-0.0330430,0.0598173,-11.2027941,-17.7635612,-16.1252537,-12.3513517,0.8538035,0.5153372,-0.0044551,0.1851087,-0.0224700,-0.0653939,0.2594455,-0.1968629,0.0253224,0.0383569,0.0596276,0.0573690,-0.0013614,-0.0007061,0.0096125,0.0201915,0.2114456,0.6940234,0.8398487,0.0773825,0.1520342
6.219625888,1791080854.953198433,0,0,-0.1067391,-0.0329940,0.0598178,-11.2128401,-17.7671108,-16.1549339,-12.3740988,0.8560982,0.5205259,-0.0089618,0.1906814,-0.0233008,-0.0674225,0.2718994,-0.1972463,0.0250095,0.0381849,0.0604364,0.0575583,-0.0012256,-0.0006997,0.0095641,0.0204437,0.2112726,0.6938863,0.8397735,0.0756270,0.1514925
6.239478592,1791080854.973051310,0,0,-0.1070773,-0.0321799,0.0605583,-11.1851549,-17.7447968,-16.1057987,-12.3645391,0.8565993,0.5236439,-0.0162614,0.1939594,-0.0246067,-0.0672820,0.2816844,-0.2001538,0.0247226,0.0380041,0.0608424,0.0576414,-0.0011397,-0.0006882,0.0093988,0.0207259,0.2110773,0.6937641,0.8396825,0.0742815,0.1499695
6.259639968,1791080854.993213177,0,0,-0.1072729,-0.0318046,0.0599460,-11.1924829,-17.7537498,-16.1031742,-12.3654470,0.8574865,0.5255473,-0.0211515,0.2007064,-0.0254475,-0.0689239,0.2884884,-0.2000472,0.0244385,0.0378178,0.0611196,0.0577200,-0.0010604,-0.0006763,0.0092923,0.0210127,0.2108866,0.6936429,0.8395937,0.0730184,0.1483558
6.278605760,1791080855.012178183,0,0,-0.1073318,-0.0315602,0.0603193,-11.1926241,-17.7525177,-16.0772114,-12.3698320,0.8573985,0.5282409,-0.0243672,0.2014779,-0.0258442,-0.0682664,0.2946172,-0.1993178,0.0241854,0.0376386,0.0619625,0.0577783,-0.0009792,-0.0006663,0.0093829,0.0212871,0.2106975,0.6935207,0.8395150,0.0716097,0.1472502
6.297136832,1791080855.030709028,0,0,-0.1064920,-0.0311388,0.0605420,-11.1867676,-17.7602463,-16.0411091,-12.3603306,0.8558156,0.5310359,-0.0278360,0.2003234,-0.0260891,-0.0661416,0.3013456,-0.1966551,0.0239060,0.0375490,0.0625112,0.0578612,-0.0008503,-0.0006765,0.0095405,0.0215025,0.2107398,0.6933994,0.8394744,0.0705819,0.1467690
6.321588192,1791080855.055160999,0,0,-0.1073980,-0.0309543,0.0619345,-11.1648474,-17.7527275,-15.9965048,-12.3075514,0.8553826,0.5304722,-0.0327862,0.1994124,-0.0260737,-0.0641449,0.3051844,-0.1943532,0.0236365,0.0374646,0.0628093,0.0579271,-0.0007273,-0.0006868,0.0096614,0.0217102,0.2107783,0.6932827,0.8394349,0.0696485,0.1462226
6.339660224,1791080855.073233128,0,0,-0.1080243,-0.0304433,0.0617163,-11.1766367,-17.7761211,-15.9747858,-12.2771082,0.8532844,0.5343245,-0.0376720,0.2010946,-0.0265147,-0.0617534,0.3159259,-0.1880677,0.0234670,0.0373407,0.0618333,0.0579129,-0.0006943,-0.0006784,0.0095475,0.0219661,0.2107397,0.6932054,0.8393731,0.0697017,0.1448747
6.361423584,1791080855.094996929,0,0,-0.1072570,-0.0299028,0.0616983,-11.1697016,-17.7932510,-15.9380579,-12.2599850,0.8505976,0.5376953,-0.0406559,0.2015005,-0.0267688,-0.0583915,0.3247871,-0.1816138,0.0232872,0.0372031,0.0611752,0.0579026,-0.0006646,-0.0006692,0.0095688,0.0222438,0.2106998,0.6931260,0.8393114,0.0696296,0.1434770
6.382270272,1791080855.115843058,0,0,-0.1068933,-0.0284351,0.0619059,-11.1578484,-17.8090706,-15.8616323,-12.2369957,0.8526312,0.5392249,-0.0450995,0.2025429,-0.0268303,-0.0546655,0.3314835,-0.1721109,0.0231479,0.0370981,0.0606191,0.0578636,-0.0006646,-0.0006650,0.0096695,0.0225110,0.2106442,0.6930473,0.8392547,0.0704913,0.1425340
6.401007296,1791080855.134580374,0,0,-0.1072036,-0.0285326,0.0613974,-11.1201868,-17.7948189,-15.8022070,-12.1832933,0.8525965,0.5393346,-0.0475827,0.2005532,-0.0270589,-0.0513353,0.3381490,-0.1723092,0.0229800,0.0370329,0.0605853,0.0577425,-0.0006387,-0.0006629,0.0095706,0.0227661,0.2105380,0.6929676,0.8392158,0.0685052,0.1425385
6.419914528,1791080855.153487444,0,0,-0.1066014,-0.0279852,0.0617976,-11.1179438,-17.8180408,-15.8007059,-12.1502008,0.8530139,0.5415776,-0.0529113,0.2016630,-0.0273490,-0.0467098,0.3522922,-0.1662951,0.0228109,0.0369644,0.0605886,0.0576446,-0.0006145,-0.0006607,0.0095118,0.0230263,0.2104315,0.6928862,0.8391761,0.0667168,0.1424399
6.439893088,1791080855.173466206,0,0,-0.1067631,-0.0261956,0.0623649,-11.0991869,-17.8165627,-15.7418127,-12.1226387,0.8503169,0.5369950,-0.0626670,0.2046905,-0.0276908,-0.0433073,0.3634294,-0.1643150,0.0225843,0.0368497,0.0603498,0.0573985,-0.0006052,-0.0006486,0.0095399,0.0232752,0.2102606,0.6928106,0.8391231,0.0636832,0.1421425
6.459551488,1791080855.193124533,0,0,-0.1067972,-0.0252514,0.0618908,-11.0839148,-17.8062363,-15.7000694,-12.1026516,0.8480108,0.5323293,-0.0682825,0.2066250,-0.0280376,-0.0404273,0.3717911,-0.1670921,0.0223564,0.0367261,0.0602110,0.0571787,-0.0006235,-0.0006366,0.0096541,0.0235346,0.2100912,0.6927343,0.8390700,0.0609755,0.1418471
6.483853888,1791080855.217426777,0,0,-0.1072432,-0.0258569,0.0607478,-11.0650911,-17.7951107,-15.7146587,-12.0821247,0.8450214,0.5282609,-0.0724434,0.2100156,-0.0285199,-0.0388816,0.3863060,-0.1735712,0.0221319,0.0365732,0.0603131,0.0570626,-0.0006341,-0.0006230,0.0096604,0.0238026,0.2098704,0.6926526,0.8390117,0.0591516,0.1411422
6.501707328,1791080855.235280037,0,0,-0.1072355,-0.0254369,0.0614115,-11.0611353,-17.7892513,-15.7259779,-12.0712080,0.8431579,0.5237304,-0.0778007,0.2140498,-0.0289144,-0.0362769,0.3976827,-0.1750464,0.0219081,0.0364534,0.0606362,0.0569276,-0.0006807,-0.0006055,0.0097219,0.0241025,0.2096283,0.6925698,0.8389450,0.0575354,0.1402833
6.522368192,1791080855.255941153,0,0,-0.1063922,-0.0252384,0.0610602,-11.0550938,-17.7878189,-15.7207079,-12.0714865,0.8396098,0.5169364,-0.0829265,0.2173540,-0.0290620,-0.0343992,0.4037859,-0.1766234,0.0216914,0.0363332,0.0609130,0.0568148,-0.0007182,-0.0005886,0.0097756,0.0243986,0.2093881,0.6924869,0.8388788,0.0560782,0.1394121
6.541850848,1791080855.275424004,0,0,-0.1058427,-0.0253602,0.0603903,-11.0429678,-17.7760353,-15.6768827,-12.0530262,0.8367749,0.5106436,-0.0866858,0.2187031,-0.0290368,-0.0335753,0.4076515,-0.1780861,0.0214863,0.0362077,0.0608060,0.0566457,-0.0007942,-0.0005665,0.0098454,0.0246984,0.2091262,0.6924109,0.8388169,0.0549361,0.1383847
6.564203968,1791080855.297776937,0,0,-0.1052619,-0.0259831,0.0596071,-11.0498400,-17.7910156,-15.7392569,-12.0641718,0.8343710,0.5067438,-0.0875164,0.2223696,-0.0289148,-0.0328766,0.4178064,-0.1801028,0.0212824,0.0360769,0.0607540,0.0564985,-0.0008654,-0.0005451,0.0099535,0.0250026,0.2088672,0.6923343,0.8387566,0.0538359,0.1374260
6.583451040,1791080855.317023993,0,0,-0.1039570,-0.0260474,0.0602847,-11.0281391,-17.7831650,-15.7558107,-12.0483103,0.8354179,0.5030791,-0.0892001,0.2264342,-0.0284573,-0.0315872,0.4276391,-0.1770490,0.0210875,0.0359915,0.0606561,0.0563590,-0.0008946,-0.0005302,0.0099830,0.0252963,0.2085867,0.6922615,0.8387093,0.0531280,0.1369163
6.599789664,1791080855.333362579,0,0,-0.1042025,-0.0257486,0.0603126,-11.0009480,-17.7609406,-15.7021694,-12.0095758,0.8347975,0.4954317,-0.0928488,0.2282521,-0.0281978,-0.0306610,0.4295695,-0.1783756,0.0209068,0.0359454,0.0600802,0.0561112,-0.0009243,-0.0005234,0.0101701,0.0255841,0.2083545,0.6922005,0.8386767,0.0518819,0.1368371
6.621803040,1791080855.355375528,0,0,-0.1039119,-0.0259854,0.0595180,-11.0115461,-17.7571793,-15.7103367,-11.9979277,0.8364233,0.4904220,-0.0937126,0.2313243,-0.0273063,-0.0311153,0.4367524,-0.1772728,0.0207272,0.0358949,0.0596637,0.0558873,-0.0009459,-0.0005170,0.0103667,0.0258756,0.2081243,0.6921389,0.8386443,0.0506973,0.1367430
6.640794176,1791080855.374366999,0,0,-0.1033919,-0.0257570,0.0589859,-11.0075722,-17.7601204,-15.7213554,-11.9751902,0.8366745,0.4879721,-0.0931791,0.2329479,-0.0262972,-0.0297640,0.4428011,-0.1708548,0.0205421,0.0358778,0.0586573,0.0555372,-0.0010337,-0.0005033,0.0105512,0.0261888,0.2078456,0.6920934,0.8386159,0.0495639,0.1359655
6.662078528,1791080855.395651579,0,0,-0.1030051,-0.0258696,0.0583433,-10.9901104,-17.7416363,-15.7161026,-11.9524136,0.8349748,0.4831846,-0.0914021,0.2318602,-0.0254018,-0.0285106,0.4440364,-0.1703102,0.0203467,0.0358469,0.0579524,0.0552140,-0.0011202,-0.0004897,0.0108328,0.0265270,0.2075616,0.6920461,0.8385869,0.0483893,0.1351863
6.683432992,1791080855.417005539,0,0,-0.1025266,-0.0257607,0.0581810,-11.0000896,-17.7371044,-15.7530947,-11.9624796,0.8325936,0.4780741,-0.0919895,0.2349856,-0.0246085,-0.0285682,0.4518964,-0.1713697,0.0201959,0.0358802,0.0570241,0.0548074,-0.0012950,-0.0004785,0.0111352,0.0268454,0.2072762,0.6920108,0.8385645,0.0473737,0.1345899
6.701490912,1791080855.435063839,0,0,-0.1022549,-0.0245456,0.0576139,-10.9951324,-17.7352219,-15.7356291,-11.9563828,0.8282909,0.4720428,-0.0943344,0.2393020,-0.0237168,-0.0277983,0.4586591,-0.1687345,0.0200061,0.0359474,0.0560267,0.0543972,-0.0015529,-0.0004555,0.0115278,0.0271516,0.2069038,0.6919788,0.8385477,0.0458502,0.1344089
6.722478048,1791080855.456050634,0,0,-0.1020973,-0.0248192,0.0575018,-10.9904709,-17.7242355,-15.7365122,-11.9651518,0.8273692,0.4624981,-0.0953984,0.2427873,-0.0220507,-0.0291669,0.4636105,-0.1670759,0.0198257,0.0360167,0.0552966,0.0540282,-0.0017955,-0.0004321,0.0119305,0.0274672,0.2065307,0.6919459,0.8385305,0.0444515,0.1341876
6.742904672,1791080855.476477861,0,0,-0.1034004,-0.0254517,0.0564994,-10.9594898,-17.6873322,-15.7097540,-11.9268551,0.8257147,0.4524896,-0.0948524,0.2453082,-0.0207366,-0.0318952,0.4646943,-0.1733851,0.0196448,0.0361578,0.0559602,0.0538272,-0.0020155,-0.0004162,0.0122537,0.0277946,0.2061169,0.6919135,0.8385253,0.0428668,0.1342561
6.764261728,1791080855.497834444,0,0,-0.1028008,-0.0257762,0.0558976,-10.9630899,-17.6737099,-15.7447119,-11.9216900,0.8226128,0.4438530,-0.0971213,0.2488425,-0.0197597,-0.0328195,0.4719167,-0.1759878,0.0194877,0.0363149,0.0564759,0.0536623,-0.0022115,-0.0004010,0.0125429,0.0281120,0.2057041,0.6918806,0.8385201,0.0414873,0.1343696
6.785496896,1791080855.519069672,0,0,-0.1019853,-0.0253325,0.0563942,-10.9625835,-17.6598415,-15.7026873,-11.8912230,0.8189864,0.4311547,-0.1029210,0.2514900,-0.0178993,-0.0328677,0.4744000,-0.1736107,0.0194843,0.0364070,0.0579430,0.0538534,-0.0020782,-0.0004328,0.0127955,0.0283582,0.2056216,0.6918156,0.8385112,0.0419321,0.1363806
6.803698400,1791080855.537271500,0,0,-0.1020938,-0.0258647,0.0560839,-10.9719591,-17.6648712,-15.7047577,-11.8795748,0.8157355,0.4173293,-0.1035663,0.2513818,-0.0153825,-0.0345888,0.4716251,-0.1728694,0.0194860,0.0364566,0.0549011,0.0539080,-0.0019109,-0.0004784,0.0134679,0.0284427,0.2059480,0.6917427,0.8384981,0.0428823,0.1394158
6.823777696,1791080855.557351112,0,0,-0.1026420,-0.0264553,0.0565894,-10.9853745,-17.6725197,-15.7439060,-11.8839998,0.8129282,0.4098710,-0.1005490,0.2526759,-0.0131276,-0.0359692,0.4740683,-0.1705307,0.0194755,0.0364960,0.0531318,0.0539370,-0.0017106,-0.0005268,0.0138445,0.0285065,0.2062684,0.6916748,0.8384847,0.0437721,0.1423420
6.846257600,1791080855.579830647,0,0,-0.1042921,-0.0262927,0.0558113,-10.9780436,-17.6469059,-15.7749920,-11.9109735,0.8109241,0.4052623,-0.0946648,0.2603609,-0.0115445,-0.0412647,0.4809328,-0.1731694,0.0194460,0.0365337,0.0557546,0.0539451,-0.0016125,-0.0006015,0.0138925,0.0286144,0.2065749,0.6915869,0.8384961,0.0470839,0.1435910
6.865913056,1791080855.599485636,0,0,-0.1062925,-0.0273535,0.0552539,-10.9401274,-17.5649109,-15.7028704,-11.8836012,0.8091377,0.4004346,-0.0887226,0.2599324,-0.0099571,-0.0478703,0.4800243,-0.1815450,0.0194149,0.0365693,0.0572267,0.0539338,-0.0015150,-0.0006753,0.0139375,0.0287168,0.2068696,0.6915041,0.8385062,0.0499405,0.1450818
6.884829152,1791080855.618402004,0,0,-0.1073723,-0.0281070,0.0545141,-10.9434767,-17.5278931,-15.7466574,-11.9162359,0.8104163,0.3988351,-0.0790461,0.2638945,-0.0082543,-0.0557806,0.4831478,-0.1872225,0.0193181,0.0365610,0.0592913,0.0541118,-0.0013570,-0.0007395,0.0141539,0.0287529,0.2072130,0.6914170,0.8385055,0.0525076,0.1473089
6.907156064,1791080855.640729427,0,0,-0.1091863,-0.0285032,0.0539295,-10.9159689,-17.4812336,-15.7442656,-11.9240408,0.8107740,0.4014273,-0.0695450,0.2675884,-0.0073005,-0.0640195,0.4843847,-0.1932684,0.0192315,0.0363950,0.0593861,0.0542610,-0.0012028,-0.0007429,0.0145150,0.0288835,0.2071000,0.6913225,0.8384784,0.0546301,0.1486018
6.928144096,1791080855.661716700,0,0,-0.1113726,-0.0287599,0.0544133,-10.9032526,-17.4121857,-15.7220201,-11.9545240,0.8117500,0.4012659,-0.0583257,0.2711690,-0.0060315,-0.0743003,0.4816329,-0.2039320,0.0191400,0.0362415,0.0593827,0.0543852,-0.0010755,-0.0007449,0.0147556,0.0289934,0.2069915,0.6912383,0.8384530,0.0566864,0.1501228
6.949850976,1791080855.683423758,0,0,-0.1133263,-0.0298115,0.0541385,-10.8937063,-17.3836937,-15.7636766,-11.9907646,0.8093072,0.4050664,-0.0403607,0.2768149,-0.0049721,-0.0854796,0.4836807,-0.2164966,0.0190573,0.0360729,0.0591757,0.0544779,-0.0009974,-0.0007366,0.0147429,0.0291237,0.2068609,0.6911639,0.8384203,0.0587526,0.1509360
6.967707488,1791080855.701280594,0,0,-0.1161253,-0.0296198,0.0558124,-10.8928251,-17.3331413,-15.7889013,-12.0483541,0.8092344,0.4067814,-0.0268425,0.2911963,-0.0048285,-0.0987415,0.4937349,-0.2287278,0.0189325,0.0359208,0.0594528,0.0546353,-0.0009096,-0.0007352,0.0148705,0.0292200,0.2067792,0.6910885,0.8383949,0.0604733,0.1522603
6.989940224,1791080855.723513365,0,0,-0.1177241,-0.0296179,0.0557244,-10.8926506,-17.3125744,-15.8105726,-12.1173544,0.8070948,0.4100933,-0.0081014,0.3045567,-0.0046300,-0.1116581,0.4998282,-0.2377524,0.0188081,0.0357768,0.0595360,0.0547839,-0.0008388,-0.0007328,0.0149302,0.0293060,0.2066998,0.6910170,0.8383709,0.0621051,0.1535993
7.007590656,1791080855.741163731,0,0,-0.1199646,-0.0301278,0.0564704,-10.8845634,-17.2730408,-15.7939253,-12.1392736,0.8068109,0.4140931,0.0104796,0.3136984,-0.0051196,-0.1232801,0.5023551,-0.2461364,0.0187057,0.0356575,0.0590991,0.0548570,-0.0008140,-0.0007326,0.0150092,0.0293905,0.2066137,0.6909472,0.8383531,0.0636215,0.1555387
7.027398240,1791080855.760971308,0,0,-0.1220024,-0.0303161,0.0565497,-10.8900480,-17.2222843,-15.7800198,-12.1661377,0.8088179,0.4189229,0.0248130,0.3249497,-0.0070138,-0.1346065,0.5109870,-0.2559305,0.0186001,0.0355432,0.0588074,0.0549174,-0.0008050,-0.0007315,0.0150537,0.0294691,0.2065282,0.6908802,0.8383361,0.0649601,0.1575584
7.050047584,1791080855.783620596,0,0,-0.1234466,-0.0300392,0.0565310,-10.8893709,-17.1454697,-15.7562704,-12.1863260,0.8082929,0.4240243,0.0333301,0.3396656,-0.0102510,-0.1456552,0.5252319,-0.2701196,0.0184941,0.0354155,0.0593691,0.0549710,-0.0008188,-0.0007236,0.0149907,0.0295477,0.2064703,0.6908166,0.8383170,0.0662550,0.1586773
7.068146656,1791080855.801719904,0,0,-0.1246345,-0.0292296,0.0574243,-10.9132242,-17.1289883,-15.7349100,-12.2065077,0.8071631,0.4290478,0.0379850,0.3508499,-0.0123914,-0.1535340,0.5342963,-0.2743062,0.0183857,0.0352890,0.0585957,0.0550075,-0.0008392,-0.0007128,0.0150536,0.0296275,0.2063944,0.6907580,0.8382996,0.0666782,0.1605977
7.087632256,1791080855.821205139,0,0,-0.1254113,-0.0287771,0.0575901,-10.9355421,-17.1073761,-15.6973400,-12.2378798,0.8063850,0.4341730,0.0423684,0.3657203,-0.0149816,-0.1630568,0.5464301,-0.2767886,0.0182768,0.0351654,0.0581556,0.0550349,-0.0008700,-0.0007005,0.0150658,0.0297059,0.2063174,0.6907010,0.8382823,0.0671086,0.1623687
7.109820128,1791080855.843392849,0,0,-0.1266098,-0.0280184,0.0586038,-10.9473257,-17.0744019,-15.6274538,-12.2462711,0.8049409,0.4387296,0.0457179,0.3738993,-0.0170975,-0.1698319,0.5549920,-0.2801143,0.0181569,0.0350500,0.0575779,0.0550187,-0.0009100,-0.0006897,0.0151164,0.0297711,0.2062522,0.6906446,0.8382655,0.0670949,0.1643549
7.129811520,1791080855.863384247,0,0,-0.1280784,-0.0278669,0.0587587,-10.9390345,-17.0646362,-15.6122370,-12.2721405,0.8042639,0.4398111,0.0544730,0.3818220,-0.0190067,-0.1764021,0.5641001,-0.2899505,0.0180364,0.0349375,0.0572630,0.0550020,-0.0009595,-0.0006785,0.0151353,0.0298331,0.2061871,0.6905894,0.8382491,0.0671032,0.1662973
7.151892480,1791080855.885465622,0,0,-0.1291567,-0.0277365,0.0586157,-10.9291563,-17.0407295,-15.5519829,-12.2390356,0.8029640,0.4469771,0.0551274,0.3830509,-0.0217180,-0.1802112,0.5730739,-0.2908463,0.0179296,0.0348356,0.0576368,0.0549894,-0.0010437,-0.0006678,0.0149759,0.0298882,0.2061309,0.6905357,0.8382311,0.0674424,0.1676517
7.169627680,1791080855.903200626,0,0,-0.1297408,-0.0271340,0.0587479,-10.9221048,-17.0225658,-15.5233412,-12.2380629,0.8021483,0.4496019,0.0561339,0.3853981,-0.0233139,-0.1832574,0.5797827,-0.2954270,0.0178266,0.0347233,0.0582238,0.0550104,-0.0011289,-0.0006480,0.0147395,0.0299906,0.2060097,0.6904796,0.8382126,0.0683839,0.1682500
7.189853632,1791080855.923427105,0,0,-0.1307082,-0.0254398,0.0596080,-10.9236250,-17.0045013,-15.4407415,-12.1904135,0.7978591,0.4513644,0.0430004,0.3879024,-0.0237506,-0.1841250,0.5836116,-0.2908604,0.0177272,0.0346124,0.0585462,0.0550313,-0.0012187,-0.0006268,0.0145570,0.0300979,0.2058876,0.6904241,0.8381947,0.0692828,0.1687349
7.212408992,1791080855.945981979,0,0,-0.1303361,-0.0249117,0.0590217,-10.9286871,-17.0125828,-15.4052343,-12.1937571,0.7946190,0.4539483,0.0349147,0.3868730,-0.0245958,-0.1840484,0.5888963,-0.2939578,0.0176169,0.0345193,0.0581927,0.0550418,-0.0013009,-0.0006158,0.0145450,0.0301782,0.2058289,0.6903683,0.8381810,0.0697524,0.1700229
7.233425344,1791080855.966998339,0,0,-0.1303307,-0.0242719,0.0599406,-10.9294930,-16.9919395,-15.3562593,-12.1817532,0.7909725,0.4528000,0.0219389,0.3851895,-0.0244814,-0.1836568,0.5962608,-0.2981991,0.0175076,0.0344314,0.0580091,0.0550473,-0.0013883,-0.0006051,0.0145091,0.0302541,0.2057663,0.6903137,0.8381675,0.0701942,0.1713921
7.251232544,1791080855.984805584,0,0,-0.1307964,-0.0231755,0.0617947,-10.9333677,-16.9738636,-15.3230534,-12.1649647,0.7879069,0.4464067,0.0027417,0.3864949,-0.0232084,-0.1830496,0.6002738,-0.3040726,0.0173816,0.0343352,0.0576678,0.0550612,-0.0014688,-0.0005946,0.0145967,0.0303233,0.2056887,0.6902611,0.8381510,0.0705557,0.1727749
7.269594429,1791080856.003166914,0,0,-0.1303464,-0.0229839,0.0616119,-10.9353943,-16.9743347,-15.2913465,-12.1476183,0.7860548,0.4433620,-0.0115438,0.3840910,-0.0222672,-0.1815095,0.6041237,-0.3054707,0.0172872,0.0342364,0.0570833,0.0549799,-0.0015932,-0.0005779,0.0146917,0.0304003,0.2056077,0.6902118,0.8381375,0.0701684,0.1744749
7.292697132,1791080856.026270151,0,0,-0.1306926,-0.0224424,0.0607989,-10.9305420,-16.9626694,-15.2472582,-12.1284513,0.7835264,0.4412106,-0.0231413,0.3841349,-0.0224824,-0.1795663,0.6107134,-0.3104118,0.0171925,0.0341400,0.0567856,0.0549008,-0.0017249,-0.0005616,0.0147536,0.0304715,0.2055256,0.6901633,0.8381241,0.0698356,0.1762474
7.313710645,1791080856.047283888,0,0,-0.1311688,-0.0214970,0.0612128,-10.9227304,-16.9353485,-15.1983004,-12.1000414,0.7818295,0.4366782,-0.0390961,0.3872345,-0.0220707,-0.1780927,0.6239316,-0.3144274,0.0171014,0.0340453,0.0567295,0.0548913,-0.0018592,-0.0005460,0.0146606,0.0305459,0.2054369,0.6901166,0.8381099,0.0700525,0.1778303
7.331761251,1791080856.065334558,0,0,-0.1305528,-0.0207498,0.0618736,-10.9017391,-16.9111996,-15.1419077,-12.0555048,0.7800086,0.4301755,-0.0591612,0.3879299,-0.0206248,-0.1754750,0.6321974,-0.3147371,0.0170089,0.0339487,0.0567348,0.0548830,-0.0019971,-0.0005300,0.0146135,0.0306263,0.2053449,0.6900699,0.8380955,0.0702825,0.1793103
7.351702261,1791080856.085275412,0,0,-0.1300463,-0.0203775,0.0620316,-10.8980932,-16.9038086,-15.1207314,-12.0377951,0.7779427,0.4222906,-0.0769391,0.3900499,-0.0189138,-0.1738313,0.6419824,-0.3171090,0.0169050,0.0338689,0.0579078,0.0548957,-0.0021151,-0.0005222,0.0145695,0.0306857,0.2052940,0.6900207,0.8380796,0.0706341,0.1803299
7.372195205,1791080856.105768204,0,0,-0.1292917,-0.0198930,0.0620012,-10.8960104,-16.8989639,-15.1141863,-12.0101290,0.7777157,0.4151953,-0.0922791,0.3929111,-0.0169179,-0.1730076,0.6546133,-0.3149995,0.0168252,0.0337603,0.0577856,0.0548521,-0.0022486,-0.0005033,0.0146531,0.0307693,0.2052066,0.6899764,0.8380625,0.0708207,0.1811452
7.391554547,1791080856.125127077,0,0,-0.1282917,-0.0192010,0.0609173,-10.8777857,-16.8893661,-15.0486555,-11.9528322,0.7749283,0.4097850,-0.1071154,0.3940418,-0.0152602,-0.1710782,0.6626478,-0.3104965,0.0167474,0.0336507,0.0577123,0.0548094,-0.0023846,-0.0004838,0.0147497,0.0308540,0.2051198,0.6899324,0.8380456,0.0710077,0.1819160
7.410628593,1791080856.144201994,0,0,-0.1258224,-0.0191819,0.0601566,-10.8776398,-16.9071007,-15.0899324,-11.9369183,0.7740034,0.4026864,-0.1146255,0.3971932,-0.0135358,-0.1682651,0.6756259,-0.3060694,0.0166690,0.0335692,0.0581780,0.0548061,-0.0025248,-0.0004700,0.0146365,0.0309211,0.2050691,0.6898838,0.8380318,0.0711891,0.1828262
7.434065464,1791080856.167638540,0,0,-0.1249507,-0.0176722,0.0607628,-10.8528337,-16.8908939,-15.0166693,-11.8829947,0.7710004,0.3936275,-0.1328060,0.3995740,-0.0115877,-0.1642466,0.6827050,-0.3005046,0.0165938,0.0334903,0.0584713,0.0548065,-0.0026646,-0.0004557,0.0145294,0.0309880,0.2050164,0.6898353,0.8380179,0.0714346,0.1836227
7.451926951,1791080856.185500145,0,0,-0.1245025,-0.0166142,0.0615060,-10.8502645,-16.8963051,-14.9595642,-11.8528299,0.7717611,0.3843068,-0.1453775,0.4020592,-0.0087367,-0.1610358,0.6835577,-0.2906581,0.0165080,0.0333921,0.0592620,0.0548799,-0.0027657,-0.0004346,0.0143970,0.0310816,0.2049210,0.6897851,0.8380018,0.0719979,0.1836771
7.472256891,1791080856.205829620,0,0,-0.1237676,-0.0164524,0.0611744,-10.8396349,-16.8976822,-14.9108362,-11.8142633,0.7706976,0.3766437,-0.1544032,0.4007497,-0.0067286,-0.1573070,0.6836883,-0.2869264,0.0164266,0.0333195,0.0592468,0.0549361,-0.0028877,-0.0004246,0.0144218,0.0311249,0.2048974,0.6897380,0.8379872,0.0718616,0.1847173
7.492066870,1791080856.225640535,0,0,-0.1226107,-0.0168221,0.0610044,-10.8246212,-16.8982506,-14.8910341,-11.7873106,0.7686604,0.3689172,-0.1599127,0.3966508,-0.0045202,-0.1543614,0.6842213,-0.2844537,0.0163457,0.0332482,0.0592339,0.0549904,-0.0030126,-0.0004147,0.0144532,0.0311687,0.2048740,0.6896909,0.8379725,0.0717722,0.1857273
7.513916526,1791080856.247489452,0,0,-0.1218725,-0.0168552,0.0607501,-10.8033438,-16.8800278,-14.8374205,-11.7639914,0.7666206,0.3581524,-0.1671239,0.3930696,-0.0022915,-0.1517319,0.6822745,-0.2882526,0.0162754,0.0331676,0.0594829,0.0550386,-0.0031511,-0.0003999,0.0144854,0.0312381,0.2048029,0.6896434,0.8379559,0.0723688,0.1862361
7.533545355,1791080856.267117977,0,0,-0.1211216,-0.0167353,0.0612050,-10.8073769,-16.8879166,-14.8219576,-11.7503061,0.7669607,0.3486403,-0.1703952,0.3912193,0.0000227,-0.1485507,0.6794260,-0.2870284,0.0162261,0.0330719,0.0591352,0.0550673,-0.0033067,-0.0003778,0.0144642,0.0313347,0.2046943,0.6895986,0.8379383,0.0731964,0.1865380
7.551747411,1791080856.285320759,0,0,-0.1206775,-0.0167220,0.0613471,-10.7964935,-16.9034195,-14.7916632,-11.6996832,0.7661092,0.3418396,-0.1732519,0.3850906,0.0017897,-0.1440840,0.6708682,-0.2823640,0.0161764,0.0329741,0.0589224,0.0550927,-0.0034609,-0.0003552,0.0144898,0.0314374,0.2045874,0.6895534,0.8379207,0.0739383,0.1868078
7.573411019,1791080856.306983948,0,0,-0.1217133,-0.0160135,0.0617441,-10.7795019,-16.8970795,-14.7265329,-11.6513605,0.7644159,0.3317196,-0.1797758,0.3793649,0.0039962,-0.1396651,0.6625254,-0.2815418,0.0161111,0.0328576,0.0589038,0.0551420,-0.0035860,-0.0003254,0.0145315,0.0315834,0.2044163,0.6895066,0.8379009,0.0753034,0.1865257
7.591746891,1791080856.325320005,0,0,-0.1221845,-0.0154593,0.0616966,-10.7705221,-16.9055748,-14.6883364,-11.6111670,0.7602501,0.3201631,-0.1892882,0.3743737,0.0063341,-0.1353483,0.6579372,-0.2806545,0.0160476,0.0327433,0.0588958,0.0551838,-0.0037116,-0.0002956,0.0145927,0.0317288,0.2042489,0.6894605,0.8378819,0.0765278,0.1863548
7.612029847,1791080856.345602751,0,0,-0.1218149,-0.0140524,0.0620771,-10.7872133,-16.9129162,-14.6302729,-11.5658407,0.7570794,0.3114583,-0.2045668,0.3725137,0.0082324,-0.1313155,0.6600577,-0.2729103,0.0159806,0.0326528,0.0586655,0.0551842,-0.0038439,-0.0002743,0.0147750,0.0318421,0.2041251,0.6894138,0.8378658,0.0772776,0.1869299
7.632136901,1791080856.365710020,0,0,-0.1222777,-0.0122671,0.0625644,-10.7745609,-16.9097118,-14.5247240,-11.5318537,0.7530959,0.2963808,-0.2216822,0.3697238,0.0109336,-0.1275326,0.6607616,-0.2735350,0.0159145,0.0325642,0.0585432,0.0551774,-0.0039794,-0.0002528,0.0149380,0.0319541,0.2040022,0.6893680,0.8378499,0.0779993,0.1875508
7.653700460,1791080856.387273788,0,0,-0.1230020,-0.0112358,0.0638462,-10.7804785,-16.8903809,-14.4057350,-11.4677610,0.7517806,0.2803222,-0.2406299,0.3634982,0.0146637,-0.1246454,0.6597621,-0.2694079,0.0158499,0.0324769,0.0580320,0.0551219,-0.0041246,-0.0002324,0.0152431,0.0320579,0.2039380,0.6893244,0.8378362,0.0783560,0.1883433
7.671721910,1791080856.405295134,0,0,-0.1240956,-0.0101987,0.0643474,-10.7709560,-16.8646202,-14.3178988,-11.4264879,0.7519684,0.2625093,-0.2593535,0.3633315,0.0182542,-0.1211828,0.6708981,-0.2704233,0.0157787,0.0324136,0.0578253,0.0551420,-0.0042571,-0.0002199,0.0153930,0.0321236,0.2039063,0.6892837,0.8378239,0.0781569,0.1899584
7.691832228,1791080856.425405502,0,0,-0.1252082,-0.0076778,0.0653621,-10.7499399,-16.8247356,-14.1434326,-11.3230581,0.7491456,0.2450416,-0.2856846,0.3631698,0.0210667,-0.1155938,0.6802553,-0.2655340,0.0157053,0.0323511,0.0577346,0.0551479,-0.0044000,-0.0002063,0.0155481,0.0321933,0.2038687,0.6892437,0.8378115,0.0780471,0.1915225
7.711919119,1791080856.445492268,0,0,-0.1254216,-0.0057239,0.0661069,-10.7518167,-16.8198853,-14.0179806,-11.2347355,0.7470902,0.2255266,-0.3118617,0.3654772,0.0253231,-0.1106878,0.6927845,-0.2579125,0.0156630,0.0322708,0.0577222,0.0550782,-0.0045850,-0.0001801,0.0156375,0.0323180,0.2037361,0.6892026,0.8377959,0.0788225,0.1920672
7.731812921,1791080856.465385675,0,0,-0.1269212,-0.0029747,0.0666028,-10.7255268,-16.7851181,-13.8135996,-11.1262579,0.7395929,0.2021479,-0.3436354,0.3724261,0.0307243,-0.1066350,0.7079691,-0.2538955,0.0156207,0.0321869,0.0577443,0.0550040,-0.0047727,-0.0001522,0.0157687,0.0324497,0.2036026,0.6891622,0.8377803,0.0795604,0.1925296
7.751354246,1791080856.484927654,0,0,-0.1269685,-0.0009898,0.0673692,-10.7228394,-16.7605515,-13.6449194,-11.0352468,0.7337424,0.1771905,-0.3724988,0.3757711,0.0367824,-0.1014593,0.7238293,-0.2500566,0.0155708,0.0320737,0.0578019,0.0549314,-0.0049423,-0.0001153,0.0161219,0.0325969,0.2034528,0.6891255,0.8377629,0.0799120,0.1929026
7.770881425,1791080856.504454613,0,0,-0.1257216,0.0010186,0.0680018,-10.7038412,-16.7431622,-13.5086946,-10.9407015,0.7264711,0.1490206,-0.4032128,0.3810117,0.0437960,-0.0946020,0.7406691,-0.2453300,0.0155114,0.0319731,0.0584259,0.0549498,-0.0050869,-0.0000862,0.0162221,0.0327143,0.2033239,0.6890887,0.8377425,0.0809245,0.1927354
7.789858910,1791080856.523431540,0,0,-0.1238399,0.0026387,0.0662313,-10.6824293,-16.7358532,-13.3634195,-10.8122139,0.7174965,0.1240189,-0.4338868,0.3867910,0.0504911,-0.0840616,0.7643592,-0.2363893,0.0154526,0.0318691,0.0587996,0.0549607,-0.0052332,-0.0000556,0.0163870,0.0328416,0.2031961,0.6890523,0.8377221,0.0818643,0.1924431
7.809861274,1791080856.543433666,0,0,-0.1205720,0.0044357,0.0651949,-10.6657391,-16.7209110,-13.1922197,-10.6792974,0.7095941,0.0956291,-0.4626294,0.3950274,0.0590730,-0.0726394,0.7839726,-0.2214201,0.0154160,0.0317625,0.0586235,0.0549050,-0.0053868,-0.0000173,0.0166745,0.0330053,0.2030330,0.6890151,0.8377055,0.0827157,0.1923905
7.829857397,1791080856.563430071,0,0,-0.1177655,0.0055803,0.0643821,-10.6197577,-16.6909332,-13.0497293,-10.5770369,0.7049052,0.0621524,-0.4875284,0.4023510,0.0708088,-0.0663774,0.7989173,-0.2123997,0.0153838,0.0316603,0.0584913,0.0548449,-0.0055317,0.0000212,0.0168942,0.0331630,0.2028722,0.6889790,0.8376887,0.0835604,0.1922655
7.849858129,1791080856.583430290,0,0,-0.1149693,0.0053173,0.0617995,-10.5813837,-16.6611576,-12.9188213,-10.4523039,0.7028868,0.0380620,-0.5034338,0.4027479,0.0799675,-0.0581897,0.8113422,-0.2017356,0.0153483,0.0315320,0.0583400,0.0547834,-0.0056820,0.0000647,0.0172119,0.0333113,0.2027577,0.6889499,0.8376696,0.0836520,0.1918411
7.869849452,1791080856.603421926,0,0,-0.1110109,0.0060739,0.0596881,-10.5321703,-16.6378708,-12.7935400,-10.3239813,0.6943055,0.0135631,-0.5126023,0.4038590,0.0877196,-0.0463417,0.8154489,-0.1903391,0.0153011,0.0313931,0.0586204,0.0547347,-0.0058007,0.0001114,0.0176172,0.0334690,0.2026554,0.6889219,0.8376523,0.0830660,0.1915542
7.889881069,1791080856.623453617,0,0,-0.1073889,0.0049395,0.0586408,-10.5436478,-16.6467056,-12.7872591,-10.2996435,0.6892691,-0.0145345,-0.5188792,0.4068301,0.1003007,-0.0446638,0.8202331,-0.1813268,0.0152582,0.0312611,0.0587945,0.0546944,-0.0059108,0.0001578,0.0179294,0.0336153,0.2025569,0.6888943,0.8376350,0.0826284,0.1912260
7.909851748,1791080856.643424273,0,0,-0.1037035,0.0049122,0.0571133,-10.5291986,-16.6466064,-12.7424316,-10.2253990,0.6855577,-0.0339947,-0.5183160,0.4044200,0.1100202,-0.0385197,0.8198416,-0.1643342,0.0152361,0.0311497,0.0578956,0.0545534,-0.0060652,0.0002021,0.0182527,0.0337606,0.2024871,0.6888679,0.8376213,0.0820284,0.1913418
7.930978496,1791080856.664551258,0,0,-0.1004834,0.0038817,0.0551484,-10.5220356,-16.6439686,-12.7091894,-10.1788988,0.6819566,-0.0528949,-0.5080897,0.3984143,0.1172222,-0.0346486,0.8100884,-0.1556686,0.0152118,0.0310379,0.0573090,0.0544233,-0.0062163,0.0002463,0.0185407,0.0339039,0.2024191,0.6888412,0.8376074,0.0815079,0.1914150
7.953564630,1791080856.687138081,0,0,-0.0992573,0.0033054,0.0553054,-10.5101299,-16.6421852,-12.6984091,-10.1620617,0.6788005,-0.0774559,-0.4914416,0.3909778,0.1264714,-0.0357550,0.7917260,-0.1520719,0.0151531,0.0309312,0.0574175,0.0543714,-0.0063551,0.0002846,0.0185432,0.0339999,0.2024179,0.6888169,0.8375903,0.0808945,0.1907174
7.971505682,1791080856.705078602,0,0,-0.0982857,0.0020616,0.0527559,-10.5122337,-16.6674137,-12.7771254,-10.1701632,0.6754633,-0.0946614,-0.4716717,0.3853942,0.1358645,-0.0372891,0.7773163,-0.1459169,0.0150825,0.0308184,0.0575155,0.0543141,-0.0065005,0.0003190,0.0187846,0.0340991,0.2024292,0.6887922,0.8375713,0.0807235,0.1898755
7.991733173,1791080856.725306034,0,0,-0.0976578,0.0021558,0.0511378,-10.4974432,-16.6731224,-12.7779074,-10.1452789,0.6694114,-0.1059944,-0.4507609,0.3730102,0.1405165,-0.0348948,0.7573637,-0.1365285,0.0150121,0.0307048,0.0575739,0.0542661,-0.0066439,0.0003533,0.0190328,0.0341995,0.2024424,0.6887671,0.8375522,0.0805996,0.1890398
8.011633600,1791080856.745207071,0,0,-0.0971791,0.0013553,0.0496795,-10.4835587,-16.7070217,-12.7769756,-10.1261435,0.6647233,-0.1183783,-0.4263096,0.3566441,0.1455850,-0.0348680,0.7333232,-0.1297129,0.0149649,0.0305974,0.0574561,0.0541970,-0.0067980,0.0003921,0.0192801,0.0343345,0.2024087,0.6887374,0.8375360,0.0804061,0.1888069
8.034873029,1791080856.768445969,0,0,-0.0957177,0.0001391,0.0480145,-10.4969301,-16.7543602,-12.8322439,-10.1406212,0.6609600,-0.1323044,-0.3998652,0.3410009,0.1505588,-0.0350818,0.7083900,-0.1254044,0.0149219,0.0304965,0.0573677,0.0541487,-0.0069352,0.0004294,0.0194124,0.0344547,0.2023810,0.6887073,0.8375198,0.0802887,0.1886337
8.056058540,1791080856.789631605,0,0,-0.0950018,-0.0003879,0.0468884,-10.4985199,-16.7981625,-12.8602705,-10.1150007,0.6554376,-0.1404934,-0.3771909,0.3229388,0.1534787,-0.0317567,0.6882826,-0.1175681,0.0148943,0.0303785,0.0573337,0.0540996,-0.0070677,0.0004746,0.0195335,0.0345928,0.2023188,0.6886772,0.8375035,0.0804506,0.1883923
8.077965646,1791080856.811538696,0,0,-0.0955229,-0.0000241,0.0471057,-10.4775295,-16.8164120,-12.8408823,-10.0829468,0.6525121,-0.1465564,-0.3545390,0.3034977,0.1543011,-0.0292414,0.6628306,-0.1095314,0.0148553,0.0302780,0.0575228,0.0540914,-0.0071723,0.0005139,0.0195497,0.0347115,0.2022737,0.6886465,0.8374864,0.0807383,0.1880962
8.099333492,1791080856.832906723,0,0,-0.0966776,-0.0002115,0.0464319,-10.4769592,-16.8427544,-12.8459425,-10.0835581,0.6505848,-0.1555970,-0.3343450,0.2892616,0.1560500,-0.0284349,0.6429591,-0.1080984,0.0148129,0.0301785,0.0576540,0.0540904,-0.0072754,0.0005531,0.0195823,0.0348299,0.2022319,0.6886154,0.8374696,0.0809968,0.1879188
8.121337222,1791080856.854910135,0,0,-0.0968010,-0.0005910,0.0456293,-10.4739847,-16.8465233,-12.8302145,-10.0755301,0.6498122,-0.1611276,-0.3173121,0.2738843,0.1563391,-0.0268583,0.6273082,-0.1054928,0.0147715,0.0300921,0.0570418,0.0540626,-0.0074043,0.0005886,0.0196045,0.0349498,0.2021589,0.6885802,0.8374551,0.0819315,0.1882931
8.138537155,1791080856.872110367,0,0,-0.0978859,-0.0009179,0.0451267,-10.4635468,-16.8267899,-12.8208532,-10.0673571,0.6497455,-0.1657956,-0.2997170,0.2569584,0.1540190,-0.0247629,0.6100709,-0.1108473,0.0147613,0.0299637,0.0568944,0.0539734,-0.0075345,0.0006408,0.0200268,0.0351201,0.2020180,0.6885501,0.8374400,0.0824862,0.1888762
8.159440185,1791080856.893013239,0,0,-0.0991807,-0.0009055,0.0447874,-10.4719839,-16.8364716,-12.8364220,-10.0758162,0.6483541,-0.1709444,-0.2852996,0.2440757,0.1524417,-0.0236515,0.5929064,-0.1137115,0.0147489,0.0298422,0.0567852,0.0538882,-0.0076537,0.0006926,0.0203451,0.0352784,0.2018824,0.6885204,0.8374253,0.0830130,0.1896404
8.181170749,1791080856.914743900,0,0,-0.0989329,-0.0009590,0.0444530,-10.4910202,-16.8540821,-12.8898001,-10.1029711,0.6480302,-0.1725923,-0.2763817,0.2369161,0.1516680,-0.0223882,0.5852618,-0.1139972,0.0146949,0.0297389,0.0566747,0.0538637,-0.0077471,0.0007325,0.0204450,0.0353912,0.2018129,0.6884888,0.8374102,0.0833301,0.1903228
8.197945137,1791080856.931518316,0,0,-0.1002325,-0.0007780,0.0445828,-10.4750576,-16.8367367,-12.8596001,-10.1040125,0.6488045,-0.1770816,-0.2676751,0.2273312,0.1501977,-0.0221437,0.5724869,-0.1185460,0.0146328,0.0296253,0.0565980,0.0538437,-0.0078665,0.0007770,0.0205505,0.0355272,0.2017202,0.6884583,0.8373950,0.0836683,0.1910024
8.218628098,1791080856.952200890,0,0,-0.1021522,-0.0006987,0.0445346,-10.4698534,-16.8154488,-12.8445234,-10.0856981,0.6476074,-0.1820619,-0.2588822,0.2168363,0.1481956,-0.0219108,0.5586307,-0.1246809,0.0145676,0.0295137,0.0565538,0.0538204,-0.0079929,0.0008214,0.0206594,0.0356618,0.2016283,0.6884280,0.8373801,0.0839432,0.1918016
8.239258538,1791080856.972831488,0,0,-0.1019465,-0.0014272,0.0449066,-10.4884558,-16.8178177,-12.8751783,-10.0759878,0.6467063,-0.1869487,-0.2552735,0.2105209,0.1488463,-0.0213448,0.5517209,-0.1234284,0.0144917,0.0293834,0.0567365,0.0537944,-0.0081285,0.0008732,0.0207684,0.0358186,0.2015055,0.6884004,0.8373644,0.0840991,0.1923027
8.259470922,1791080856.993044138,0,0,-0.1017595,-0.0012201,0.0441621,-10.5098963,-16.8351173,-12.8662033,-10.0658560,0.6460011,-0.1897206,-0.2516600,0.2029768,0.1488670,-0.0194898,0.5434299,-0.1176125,0.0144155,0.0292511,0.0568328,0.0537697,-0.0082621,0.0009258,0.0208965,0.0359790,0.2013853,0.6883727,0.8373486,0.0842486,0.1927098
8.279260372,1791080857.012833595,0,0,-0.1017975,-0.0010221,0.0429591,-10.5205259,-16.8291607,-12.8132544,-10.0541325,0.6446421,-0.1939795,-0.2473868,0.1945083,0.1480969,-0.0194016,0.5322451,-0.1161109,0.0143485,0.0291539,0.0570983,0.0537933,-0.0083708,0.0009658,0.0209629,0.0360861,0.2013295,0.6883411,0.8373331,0.0847372,0.1932805
8.299468188,1791080857.033041239,0,0,-0.1017090,-0.0010448,0.0431134,-10.5345984,-16.8276005,-12.7901239,-10.0424080,0.6458364,-0.1986508,-0.2444729,0.1887727,0.1483054,-0.0183553,0.5255924,-0.1129276,0.0142729,0.0290763,0.0573593,0.0538433,-0.0084479,0.0009955,0.0208781,0.0361653,0.2013155,0.6883087,0.8373162,0.0856398,0.1935007
8.319497735,1791080857.053070784,0,0,-0.1017059,-0.0001008,0.0431196,-10.5400362,-16.8244877,-12.7849874,-10.0436773,0.6457568,-0.2049786,-0.2426223,0.1849009,0.1490506,-0.0168652,0.5196412,-0.1106293,0.0141938,0.0289977,0.0575525,0.0538914,-0.0085265,0.0010252,0.0208538,0.0362504,0.2013016,0.6882763,0.8372996,0.0864296,0.1937734
8.339714127,1791080857.073286772,0,0,-0.1013382,0.0003916,0.0423875,-10.5448828,-16.8312054,-12.7828875,-10.0490255,0.6468518,-0.2126031,-0.2418730,0.1839884,0.1509278,-0.0169880,0.5150921,-0.1108573,0.0141401,0.0289073,0.0572954,0.0538600,-0.0086542,0.0010659,0.0208742,0.0363762,0.2012375,0.6882458,0.8372841,0.0869883,0.1941505
8.359814278,1791080857.093387127,0,0,-0.1013111,0.0008517,0.0418033,-10.5464878,-16.8235226,-12.7465544,-10.0373764,0.6468822,-0.2169325,-0.2421892,0.1812236,0.1516852,-0.0158880,0.5125334,-0.1098907,0.0140846,0.0288160,0.0571109,0.0538278,-0.0087792,0.0011069,0.0209072,0.0365029,0.2011751,0.6882152,0.8372688,0.0874774,0.1945447
8.380262580,1791080857.113835812,0,0,-0.1005326,0.0008085,0.0420912,-10.5488768,-16.8027649,-12.7245455,-10.0201349,0.6512552,-0.2241179,-0.2426327,0.1777597,0.1532142,-0.0152638,0.5099892,-0.1085901,0.0139965,0.0286884,0.0570353,0.0538203,-0.0088842,0.0011560,0.0211199,0.0366594,0.2010789,0.6881873,0.8372539,0.0873186,0.1950971
8.402025076,1791080857.135598183,0,0,-0.1006808,0.0011965,0.0414382,-10.5527363,-16.7865276,-12.7057066,-10.0049982,0.6522244,-0.2310699,-0.2428500,0.1749090,0.1536365,-0.0146320,0.5055627,-0.1108497,0.0139098,0.0285648,0.0569895,0.0538104,-0.0089885,0.0012048,0.0212847,0.0368103,0.2009845,0.6881598,0.8372392,0.0872203,0.1956898
8.421708552,1791080857.155281305,0,0,-0.1009567,0.0019461,0.0411965,-10.5521030,-16.7818985,-12.7000380,-10.0019455,0.6499341,-0.2361244,-0.2440686,0.1758023,0.1549963,-0.0147007,0.5028803,-0.1114670,0.0138445,0.0284421,0.0572382,0.0537842,-0.0090886,0.0012587,0.0214252,0.0369715,0.2008757,0.6881316,0.8372234,0.0876772,0.1958739
8.442040195,1791080857.175612926,0,0,-0.1003044,0.0015652,0.0404992,-10.5615959,-16.8062286,-12.7063818,-10.0045090,0.6482926,-0.2425016,-0.2437042,0.1745234,0.1571859,-0.0148024,0.5011703,-0.1111509,0.0137655,0.0283124,0.0571605,0.0537448,-0.0092022,0.0013124,0.0215976,0.0371420,0.2007518,0.6881040,0.8372072,0.0880462,0.1960894
8.461863565,1791080857.195436478,0,0,-0.0999937,0.0015337,0.0406368,-10.5653486,-16.7979507,-12.7234354,-9.9955053,0.6486161,-0.2495016,-0.2442703,0.1743687,0.1597098,-0.0145879,0.5011210,-0.1089304,0.0136839,0.0281809,0.0571304,0.0537100,-0.0093144,0.0013659,0.0217918,0.0373152,0.2006297,0.6880764,0.8371912,0.0883740,0.1963295
8.482807274,1791080857.216379881,0,0,-0.0990576,0.0010750,0.0402070,-10.5630703,-16.7952003,-12.7415390,-10.0096836,0.6503255,-0.2585990,-0.2433969,0.1743863,0.1617883,-0.0147788,0.4981062,-0.1103122,0.0136233,0.0280720,0.0573034,0.0537128,-0.0094090,0.0014148,0.0218824,0.0374621,0.2005404,0.6880476,0.8371765,0.0887423,0.1968053
8.501752551,1791080857.235325098,0,0,-0.0993529,0.0007629,0.0391397,-10.5542164,-16.7687988,-12.6778450,-9.9767294,0.6508301,-0.2632340,-0.2433039,0.1722137,0.1623764,-0.0149713,0.4950300,-0.1106410,0.0135452,0.0279624,0.0571422,0.0537128,-0.0095024,0.0014626,0.0218680,0.0376000,0.2004607,0.6880203,0.8371626,0.0888939,0.1972881
8.523833467,1791080857.257406473,0,0,-0.0992061,0.0007158,0.0392116,-10.5682840,-16.7488079,-12.6578951,-9.9798307,0.6526808,-0.2714981,-0.2411616,0.1702436,0.1635014,-0.0164874,0.4880778,-0.1109024,0.0134638,0.0278514,0.0570543,0.0537112,-0.0095989,0.0015105,0.0218998,0.0377431,0.2003819,0.6879930,0.8371485,0.0890324,0.1977685
8.542808925,1791080857.276381254,0,0,-0.0992547,0.0005882,0.0385984,-10.5702295,-16.7510891,-12.6410437,-9.9872303,0.6528125,-0.2786333,-0.2406827,0.1702994,0.1661470,-0.0174052,0.4851463,-0.1098769,0.0133894,0.0277696,0.0565926,0.0536612,-0.0096985,0.0015487,0.0218770,0.0378586,0.2003457,0.6879629,0.8371351,0.0898049,0.1981900
8.559332182,1791080857.292904615,0,0,-0.0994738,0.0003729,0.0374083,-10.5617399,-16.7309151,-12.6194248,-9.9780779,0.6531740,-0.2822861,-0.2393752,0.1684240,0.1666501,-0.0178422,0.4826299,-0.1118794,0.0133115,0.0276856,0.0562822,0.0536111,-0.0097989,0.0015866,0.0218860,0.0379770,0.2003099,0.6879328,0.8371218,0.0904605,0.1986737
8.579372450,1791080857.312944889,0,0,-0.0991133,0.0004346,0.0378973,-10.5615301,-16.7109470,-12.6299744,-9.9746094,0.6550575,-0.2903543,-0.2388071,0.1666339,0.1683529,-0.0177207,0.4814748,-0.1147363,0.0132433,0.0275807,0.0567419,0.0535810,-0.0098844,0.0016355,0.0220506,0.0381262,0.2002207,0.6879032,0.8371072,0.0909085,0.1991475
8.599321184,1791080857.332893133,0,0,-0.0987283,0.0009042,0.0377713,-10.5627012,-16.7207718,-12.6276512,-9.9798918,0.6533173,-0.3010398,-0.2403286,0.1667089,0.1722915,-0.0183212,0.4791522,-0.1126926,0.0131528,0.0274848,0.0569947,0.0535778,-0.0099619,0.0016772,0.0220670,0.0382358,0.2001727,0.6878743,0.8370925,0.0912273,0.1995429
8.619317734,1791080857.352889776,0,0,-0.0987588,0.0008994,0.0367289,-10.5661602,-16.7406387,-12.6325674,-9.9782248,0.6525595,-0.3064582,-0.2416462,0.1695344,0.1759089,-0.0193306,0.4783093,-0.1083480,0.0130611,0.0273858,0.0571667,0.0535769,-0.0100388,0.0017194,0.0221179,0.0383506,0.2001277,0.6878453,0.8370777,0.0915443,0.1998558
8.639354354,1791080857.372926712,0,0,-0.0998294,0.0010042,0.0364688,-10.5486536,-16.7109947,-12.5838518,-9.9600058,0.6505491,-0.3146455,-0.2418697,0.1682352,0.1784410,-0.0204896,0.4746728,-0.1101823,0.0129819,0.0272865,0.0574162,0.0535924,-0.0101150,0.0017651,0.0221287,0.0384747,0.2000697,0.6878169,0.8370626,0.0918176,0.2001891
8.659350871,1791080857.392923117,0,0,-0.0978268,0.0000128,0.0348892,-10.5759945,-16.7433872,-12.6587915,-9.9767218,0.6495292,-0.3193825,-0.2421109,0.1692676,0.1820484,-0.0211703,0.4791026,-0.1102678,0.0129027,0.0271890,0.0575865,0.0536159,-0.0101863,0.0018100,0.0221214,0.0385954,0.2000139,0.6877884,0.8370476,0.0920715,0.2005376
8.683926587,1791080857.417499542,0,0,-0.0974432,0.0002838,0.0346139,-10.5529118,-16.6977139,-12.5977755,-9.9478846,0.6490038,-0.3268860,-0.2415207,0.1655798,0.1823553,-0.0217106,0.4739898,-0.1132942,0.0128073,0.0270810,0.0574851,0.0536062,-0.0102567,0.0018571,0.0223409,0.0387327,0.1999484,0.6877623,0.8370338,0.0916904,0.2012770
8.701899004,1791080857.435471773,0,0,-0.0978045,0.0005092,0.0353754,-10.5685358,-16.6963329,-12.5876131,-9.9512796,0.6497925,-0.3367403,-0.2411369,0.1635093,0.1849276,-0.0222121,0.4699129,-0.1126538,0.0127238,0.0269953,0.0573978,0.0535683,-0.0103358,0.0019041,0.0223947,0.0388626,0.1998553,0.6877331,0.8370220,0.0912505,0.2025661
8.723821590,1791080857.457394600,0,0,-0.0979071,0.0002811,0.0342990,-10.5654573,-16.6982594,-12.5857038,-9.9496908,0.6503012,-0.3430991,-0.2406130,0.1648528,0.1880535,-0.0235895,0.4678513,-0.1122521,0.0126418,0.0269124,0.0573347,0.0535370,-0.0104116,0.0019511,0.0223952,0.0389874,0.1997647,0.6877039,0.8370101,0.0909058,0.2037849
8.740066146,1791080857.473639011,0,0,-0.0982705,0.0000039,0.0338484,-10.5593338,-16.6927929,-12.5766582,-9.9388523,0.6511582,-0.3477858,-0.2390488,0.1630336,0.1899478,-0.0238336,0.4665565,-0.1106778,0.0125511,0.0268314,0.0570411,0.0535063,-0.0104934,0.0019955,0.0223953,0.0390991,0.1997036,0.6876770,0.8369992,0.0905630,0.2050380
8.761728819,1791080857.495301723,0,0,-0.0987602,0.0003032,0.0332114,-10.5384741,-16.6575241,-12.5434580,-9.9291468,0.6502805,-0.3539421,-0.2386476,0.1622705,0.1909243,-0.0246046,0.4633534,-0.1154855,0.0124574,0.0267504,0.0568542,0.0534756,-0.0105823,0.0020398,0.0224168,0.0392119,0.1996419,0.6876503,0.8369883,0.0902629,0.2063367
8.783836875,1791080857.517409563,0,0,-0.0985171,-0.0004052,0.0331600,-10.5428047,-16.6530075,-12.5525808,-9.9197054,0.6486619,-0.3605024,-0.2374805,0.1614092,0.1927092,-0.0251794,0.4615197,-0.1194423,0.0123749,0.0266947,0.0563008,0.0534417,-0.0106598,0.0020759,0.0223335,0.0393038,0.1996014,0.6876202,0.8369784,0.0904325,0.2078952
8.801831568,1791080857.535404444,0,0,-0.0987330,-0.0006739,0.0328633,-10.5468102,-16.6614342,-12.5632620,-9.9335175,0.6484140,-0.3670409,-0.2358698,0.1618443,0.1963921,-0.0268040,0.4586483,-0.1187298,0.0122795,0.0266045,0.0562234,0.0534068,-0.0107539,0.0021225,0.0223619,0.0394245,0.1995283,0.6875935,0.8369668,0.0906672,0.2087398
8.824533287,1791080857.558106184,0,0,-0.0985803,-0.0009842,0.0312600,-10.5475178,-16.6694736,-12.5709181,-9.9270773,0.6476687,-0.3659185,-0.2343286,0.1614681,0.1973363,-0.0277258,0.4585435,-0.1176529,0.0121816,0.0265119,0.0561610,0.0533730,-0.0108479,0.0021693,0.0224131,0.0395478,0.1994561,0.6875668,0.8369551,0.0908709,0.2095758
8.846052513,1791080857.579625368,0,0,-0.0993976,-0.0006684,0.0314351,-10.5411158,-16.6527824,-12.5789232,-9.9444838,0.6471577,-0.3723329,-0.2335283,0.1631596,0.1996084,-0.0297546,0.4559891,-0.1215834,0.0120806,0.0264199,0.0560797,0.0533479,-0.0109372,0.0022151,0.0223952,0.0396730,0.1993927,0.6875413,0.8369437,0.0907693,0.2104888
8.865830083,1791080857.599402666,0,0,-0.0994894,-0.0002894,0.0313678,-10.5384569,-16.6569099,-12.5738459,-9.9334745,0.6459366,-0.3763238,-0.2344484,0.1640902,0.2017998,-0.0300811,0.4571276,-0.1207468,0.0119774,0.0263269,0.0560440,0.0533255,-0.0110288,0.0022607,0.0224082,0.0398002,0.1993286,0.6875159,0.8369323,0.0906847,0.2114287
8.887536475,1791080857.621109486,0,0,-0.0990926,-0.0003619,0.0310190,-10.5504961,-16.6671791,-12.5827627,-9.9309473,0.6433454,-0.3802372,-0.2365159,0.1660672,0.2051351,-0.0316369,0.4572677,-0.1202034,0.0118666,0.0262573,0.0563514,0.0533481,-0.0110883,0.0022988,0.0223389,0.0398890,0.1993006,0.6874879,0.8369219,0.0900659,0.2128213
8.905943522,1791080857.639515877,0,0,-0.0991623,-0.0000219,0.0314838,-10.5511703,-16.6665802,-12.5509930,-9.9407816,0.6406653,-0.3867875,-0.2397114,0.1679147,0.2098502,-0.0335900,0.4578001,-0.1193441,0.0117613,0.0261620,0.0564656,0.0533133,-0.0111777,0.0023466,0.0223143,0.0400105,0.1992380,0.6874615,0.8369091,0.0902299,0.2132132
8.926628822,1791080857.660201550,0,0,-0.0982692,-0.0004463,0.0302401,-10.5531549,-16.6860924,-12.6057215,-9.9744034,0.6423939,-0.3923318,-0.2399266,0.1697505,0.2139234,-0.0351335,0.4608220,-0.1226917,0.0116525,0.0260627,0.0565579,0.0532868,-0.0112699,0.0023937,0.0223528,0.0401368,0.1991765,0.6874350,0.8368964,0.0903523,0.2136706
8.946850847,1791080857.680423975,0,0,-0.0983575,-0.0007389,0.0296220,-10.5338488,-16.6489258,-12.5888376,-9.9448347,0.6436440,-0.3975554,-0.2413221,0.1688801,0.2160639,-0.0368970,0.4609038,-0.1263161,0.0115245,0.0259532,0.0565861,0.0532915,-0.0113562,0.0024420,0.0224090,0.0402731,0.1990874,0.6874089,0.8368848,0.0900967,0.2145641
8.966410367,1791080857.699983120,0,0,-0.0990781,-0.0001119,0.0293830,-10.5327358,-16.6426697,-12.5583372,-9.9326468,0.6430544,-0.4033576,-0.2432552,0.1704444,0.2196960,-0.0393848,0.4578552,-0.1269348,0.0113992,0.0258448,0.0565939,0.0532912,-0.0114409,0.0024907,0.0224403,0.0404074,0.1989997,0.6873831,0.8368734,0.0899025,0.2153693
8.986052812,1791080857.719625711,0,0,-0.0987037,-0.0008880,0.0290603,-10.5423851,-16.6518288,-12.5558424,-9.9247837,0.6415565,-0.4077966,-0.2443815,0.1705149,0.2235807,-0.0408157,0.4589123,-0.1255625,0.0113080,0.0257440,0.0565591,0.0532416,-0.0115487,0.0025418,0.0224941,0.0405422,0.1989309,0.6873592,0.8368618,0.0896687,0.2159958
9.005838927,1791080857.739412308,0,0,-0.0991708,-0.0011801,0.0291357,-10.5270376,-16.6178055,-12.5271454,-9.9215822,0.6403263,-0.4182609,-0.2458616,0.1712744,0.2285453,-0.0433165,0.4568697,-0.1292969,0.0111928,0.0256249,0.0565799,0.0531975,-0.0116435,0.0025945,0.0227092,0.0406931,0.1988420,0.6873362,0.8368502,0.0894226,0.2167076
9.026762922,1791080857.760336161,0,0,-0.0992119,-0.0017705,0.0283118,-10.5343647,-16.6196041,-12.5245457,-9.9298201,0.6399951,-0.4219233,-0.2449600,0.1701324,0.2304096,-0.0441929,0.4568445,-0.1327153,0.0110778,0.0255075,0.0565935,0.0531576,-0.0117385,0.0026465,0.0229003,0.0408394,0.1987541,0.6873133,0.8368388,0.0891911,0.2175259
9.047882499,1791080857.781455517,0,0,-0.0990839,-0.0017089,0.0280451,-10.5362616,-16.6276913,-12.5409489,-9.9368620,0.6390108,-0.4270892,-0.2476977,0.1722392,0.2349329,-0.0462862,0.4595357,-0.1336024,0.0109758,0.0254225,0.0567079,0.0531755,-0.0118129,0.0026875,0.0229069,0.0409311,0.1987101,0.6872880,0.8368283,0.0891478,0.2186365
9.066847043,1791080857.800419807,0,0,-0.0979565,-0.0020727,0.0277104,-10.5370293,-16.6442566,-12.5784712,-9.9270420,0.6383007,-0.4306175,-0.2480620,0.1727640,0.2372288,-0.0463186,0.4591863,-0.1294573,0.0108755,0.0253382,0.0567859,0.0531940,-0.0118813,0.0027284,0.0228934,0.0410214,0.1986675,0.6872627,0.8368177,0.0891333,0.2196315
9.085970013,1791080857.819543123,0,0,-0.0984314,-0.0018136,0.0273896,-10.5291271,-16.6286125,-12.5390673,-9.9077654,0.6391079,-0.4345399,-0.2494169,0.1735142,0.2403743,-0.0478157,0.4577903,-0.1283611,0.0107734,0.0252460,0.0567422,0.0531804,-0.0119522,0.0027745,0.0228196,0.0411368,0.1986025,0.6872362,0.8368060,0.0896406,0.2199737
9.105451632,1791080857.839024305,0,0,-0.0988959,-0.0015450,0.0266583,-10.5328569,-16.6314526,-12.5192709,-9.9110785,0.6393297,-0.4391994,-0.2493948,0.1761097,0.2446254,-0.0490711,0.4580482,-0.1284244,0.0106676,0.0251793,0.0562921,0.0531484,-0.0120363,0.0028084,0.0228169,0.0412099,0.1986159,0.6872118,0.8367958,0.0896199,0.2207989
9.126979403,1791080857.860552311,0,0,-0.0987934,-0.0011468,0.0268169,-10.5203495,-16.6180801,-12.5114937,-9.9012423,0.6396239,-0.4430148,-0.2518983,0.1776056,0.2481330,-0.0502314,0.4602525,-0.1262092,0.0105601,0.0251102,0.0559905,0.0531158,-0.0121220,0.0028425,0.0228501,0.0412878,0.1986284,0.6871874,0.8367856,0.0896000,0.2215894
9.145005877,1791080857.878578663,0,0,-0.0990403,-0.0014420,0.0263053,-10.5173998,-16.6138954,-12.5181913,-9.9078979,0.6393569,-0.4481088,-0.2530071,0.1785749,0.2523173,-0.0526934,0.4606744,-0.1301078,0.0104759,0.0250157,0.0562967,0.0530909,-0.0122035,0.0028901,0.0229937,0.0414099,0.1985605,0.6871634,0.8367746,0.0895899,0.2224146
9.166826335,1791080857.900399446,0,0,-0.0986402,-0.0019438,0.0262502,-10.5112295,-16.6055355,-12.5217676,-9.9120045,0.6414071,-0.4545939,-0.2543495,0.1796067,0.2578270,-0.0555207,0.4600533,-0.1313374,0.0104195,0.0249680,0.0567213,0.0531571,-0.0122212,0.0029237,0.0228109,0.0414678,0.1985781,0.6871377,0.8367654,0.0907100,0.2229864
9.187638343,1791080857.921211481,0,0,-0.0995279,-0.0015914,0.0256914,-10.5050669,-16.5831833,-12.4786768,-9.8923597,0.6414006,-0.4588262,-0.2563494,0.1801352,0.2630836,-0.0581509,0.4606333,-0.1303110,0.0103640,0.0249244,0.0569956,0.0532166,-0.0122363,0.0029579,0.0226259,0.0415225,0.1985954,0.6871123,0.8367562,0.0917210,0.2236246
9.205728987,1791080857.939301968,0,0,-0.0991513,-0.0020596,0.0249590,-10.5225372,-16.5850163,-12.5000591,-9.9261742,0.6407379,-0.4666508,-0.2566053,0.1829117,0.2715005,-0.0631938,0.4597179,-0.1358788,0.0102678,0.0248715,0.0564555,0.0532860,-0.0122645,0.0029889,0.0225593,0.0415407,0.1987356,0.6870936,0.8367460,0.0921500,0.2238238
9.225903805,1791080857.959476709,0,0,-0.0994439,-0.0021099,0.0254854,-10.5157309,-16.5750732,-12.5047693,-9.9478626,0.6429099,-0.4738715,-0.2573817,0.1846100,0.2770040,-0.0657511,0.4575863,-0.1393704,0.0101705,0.0248179,0.0560979,0.0533482,-0.0122967,0.0030200,0.0225432,0.0415643,0.1988734,0.6870748,0.8367360,0.0925312,0.2240361
9.246113381,1791080857.979686260,0,0,-0.0999405,-0.0024327,0.0242117,-10.5058317,-16.5766144,-12.5122366,-9.9426632,0.6405471,-0.4759399,-0.2590013,0.1869636,0.2806644,-0.0677585,0.4600225,-0.1415437,0.0100891,0.0247624,0.0551119,0.0533498,-0.0123593,0.0030529,0.0226418,0.0416023,0.1989992,0.6870561,0.8367266,0.0925330,0.2245840
9.267897257,1791080858.001469851,0,0,-0.0998845,-0.0027043,0.0240971,-10.5171318,-16.5653706,-12.4835958,-9.9215479,0.6390935,-0.4777953,-0.2612935,0.1877567,0.2847098,-0.0706105,0.4592690,-0.1385222,0.0100068,0.0247038,0.0544445,0.0533447,-0.0124218,0.0030861,0.0227546,0.0416444,0.1991228,0.6870371,0.8367172,0.0925030,0.2250883
9.285924842,1791080858.019498348,0,0,-0.0998404,-0.0026223,0.0239062,-10.5248365,-16.5575562,-12.4670191,-9.9211674,0.6365408,-0.4797492,-0.2642338,0.1882871,0.2873053,-0.0719410,0.4618106,-0.1407160,0.0099584,0.0247006,0.0540874,0.0533827,-0.0124552,0.0031048,0.0229226,0.0416755,0.1992198,0.6870127,0.8367102,0.0914105,0.2273980
9.306015765,1791080858.039588928,0,0,-0.0993555,-0.0025247,0.0247916,-10.5197363,-16.5547676,-12.4881802,-9.9395933,0.6368687,-0.4876829,-0.2662916,0.1892619,0.2938139,-0.0741213,0.4626692,-0.1439256,0.0099121,0.0247362,0.0550534,0.0534300,-0.0124665,0.0031119,0.0226471,0.0417029,0.1992623,0.6869819,0.8367040,0.0916848,0.2291613
9.327911696,1791080858.061485291,0,0,-0.0995836,-0.0024966,0.0241723,-10.5255117,-16.5572529,-12.4812336,-9.9377527,0.6379303,-0.4905052,-0.2676853,0.1919882,0.2994731,-0.0766894,0.4624199,-0.1425077,0.0098646,0.0247724,0.0556468,0.0534762,-0.0124723,0.0031195,0.0224138,0.0417361,0.1993054,0.6869508,0.8366976,0.0918638,0.2308054
9.347778106,1791080858.081350803,0,0,-0.1003844,-0.0029999,0.0233646,-10.5377378,-16.5574532,-12.4680805,-9.9242907,0.6357653,-0.4870801,-0.2700818,0.1930779,0.3026428,-0.0790605,0.4670901,-0.1401992,0.0098509,0.0248305,0.0568079,0.0535200,-0.0124737,0.0031207,0.0220536,0.0417359,0.1993773,0.6869285,0.8366902,0.0918967,0.2312787
9.365999372,1791080858.099572420,0,0,-0.1011312,-0.0023866,0.0232437,-10.5351534,-16.5468235,-12.4768476,-9.9243059,0.6335930,-0.4872897,-0.2720572,0.1948208,0.3069597,-0.0810596,0.4729782,-0.1386725,0.0098332,0.0248789,0.0576024,0.0535696,-0.0124844,0.0031237,0.0219107,0.0417618,0.1994486,0.6869054,0.8366829,0.0918157,0.2317638
9.385878776,1791080858.119452238,0,0,-0.1007615,-0.0024604,0.0227549,-10.5218334,-16.5165176,-12.4544668,-9.9297686,0.6302775,-0.4918662,-0.2742308,0.1946580,0.3100820,-0.0833921,0.4738124,-0.1444242,0.0098232,0.0249311,0.0581223,0.0535882,-0.0125617,0.0031393,0.0216926,0.0417996,0.1994297,0.6868827,0.8366734,0.0911079,0.2325787
9.406476143,1791080858.140049219,0,0,-0.1007163,-0.0025005,0.0228645,-10.5186138,-16.5221577,-12.4710274,-9.9276466,0.6288371,-0.4943802,-0.2766752,0.1959525,0.3137079,-0.0840316,0.4783732,-0.1448843,0.0098270,0.0249771,0.0589689,0.0535469,-0.0126420,0.0031599,0.0215304,0.0418331,0.1993957,0.6868603,0.8366661,0.0902744,0.2330590
9.427747436,1791080858.161320448,0,0,-0.1002541,-0.0022844,0.0226707,-10.5176029,-16.5265064,-12.4863224,-9.9273949,0.6266490,-0.4999597,-0.2817992,0.1996832,0.3201165,-0.0851624,0.4832726,-0.1427471,0.0098402,0.0250282,0.0595828,0.0535190,-0.0127159,0.0031812,0.0213678,0.0418603,0.1993636,0.6868379,0.8366588,0.0895576,0.2334926
9.446673705,1791080858.180246830,0,0,-0.0999334,-0.0020362,0.0223392,-10.5178185,-16.5307426,-12.4553041,-9.9123650,0.6224462,-0.5069671,-0.2882044,0.2021868,0.3268656,-0.0871675,0.4861783,-0.1440997,0.0098690,0.0250488,0.0589452,0.0534000,-0.0129352,0.0032384,0.0211937,0.0419565,0.1991765,0.6868187,0.8366479,0.0891041,0.2340528
9.465948985,1791080858.199522018,0,0,-0.0989337,-0.0026359,0.0214398,-10.5320654,-16.5345478,-12.4799261,-9.9268780,0.6239009,-0.5150926,-0.2929300,0.2053398,0.3363059,-0.0895298,0.4913739,-0.1441216,0.0098967,0.0250600,0.0584704,0.0532923,-0.0131636,0.0032964,0.0211545,0.0420699,0.1989915,0.6867989,0.8366370,0.0885902,0.2346077
9.485027917,1791080858.218600988,0,0,-0.0982638,-0.0024133,0.0201418,-10.5293102,-16.5384693,-12.4609261,-9.8983746,0.6208810,-0.5181062,-0.2996855,0.2085699,0.3392051,-0.0896092,0.4982027,-0.1437680,0.0099235,0.0250780,0.0582125,0.0532230,-0.0133506,0.0033459,0.0210244,0.0421635,0.1988707,0.6867801,0.8366261,0.0875372,0.2347687
9.508027789,1791080858.241600752,0,0,-0.0978849,-0.0022588,0.0209205,-10.5280609,-16.5232010,-12.4032545,-9.8578491,0.6204736,-0.5298126,-0.3064419,0.2101474,0.3454104,-0.0903082,0.4976965,-0.1414071,0.0099233,0.0250868,0.0583426,0.0531851,-0.0134911,0.0033886,0.0210419,0.0422550,0.1987800,0.6867571,0.8366132,0.0866498,0.2346882
9.527177323,1791080858.260750055,0,0,-0.0980660,-0.0017567,0.0207027,-10.5320501,-16.5373325,-12.3832312,-9.8459311,0.6198778,-0.5414883,-0.3138862,0.2157571,0.3547460,-0.0909294,0.4979241,-0.1372521,0.0099325,0.0250975,0.0584465,0.0531578,-0.0136224,0.0034309,0.0210340,0.0423391,0.1986936,0.6867342,0.8366005,0.0858979,0.2345664
9.548678731,1791080858.282251596,0,0,-0.0975799,-0.0017619,0.0196570,-10.5175743,-16.5337048,-12.3406610,-9.8282232,0.6215436,-0.5518683,-0.3206742,0.2185187,0.3635378,-0.0914842,0.5009804,-0.1352280,0.0099604,0.0250966,0.0581114,0.0531321,-0.0137586,0.0034745,0.0211027,0.0424342,0.1986190,0.6867132,0.8365885,0.0853698,0.2343270
9.567701462,1791080858.301274300,0,0,-0.0964620,-0.0020385,0.0187141,-10.5183420,-16.5020123,-12.2945757,-9.7991247,0.6225876,-0.5591592,-0.3283109,0.2204382,0.3694323,-0.0933156,0.5045919,-0.1356581,0.0099899,0.0250935,0.0578648,0.0531051,-0.0138946,0.0035181,0.0211970,0.0425315,0.1985448,0.6866922,0.8365764,0.0848672,0.2341544
9.588021956,1791080858.321594954,0,0,-0.0967810,-0.0017850,0.0195756,-10.5034246,-16.4836617,-12.2280569,-9.7719622,0.6228562,-0.5706033,-0.3340014,0.2212317,0.3773029,-0.0942623,0.5011290,-0.1340724,0.0100235,0.0250953,0.0578861,0.0531079,-0.0140043,0.0035580,0.0213316,0.0426221,0.1984866,0.6866710,0.8365647,0.0845818,0.2340588
9.607746200,1791080858.341318607,0,0,-0.0962084,-0.0018093,0.0174302,-10.5250759,-16.5165615,-12.2690325,-9.7788973,0.6209800,-0.5776348,-0.3396335,0.2272640,0.3872958,-0.0953144,0.5063760,-0.1304305,0.0100542,0.0250687,0.0579523,0.0531386,-0.0141063,0.0036039,0.0215636,0.0427320,0.1984251,0.6866507,0.8365508,0.0841160,0.2337292
9.627754615,1791080858.361327648,0,0,-0.0955445,-0.0015588,0.0173699,-10.5287542,-16.5062904,-12.2149439,-9.7354231,0.6186786,-0.5838798,-0.3441291,0.2281478,0.3939704,-0.0956915,0.5054028,-0.1198747,0.0100880,0.0250413,0.0579827,0.0531665,-0.0141996,0.0036503,0.0217704,0.0428387,0.1983658,0.6866305,0.8365369,0.0837133,0.2333463
9.650087251,1791080858.383660078,0,0,-0.0954711,-0.0020288,0.0175589,-10.5142736,-16.4881992,-12.1621351,-9.7249746,0.6213700,-0.5962068,-0.3460333,0.2280900,0.4037682,-0.0977654,0.5005605,-0.1200679,0.0101400,0.0250534,0.0580178,0.0531563,-0.0142956,0.0036834,0.0217791,0.0429081,0.1983433,0.6866088,0.8365248,0.0837272,0.2329511
9.667835263,1791080858.401407957,0,0,-0.0953470,-0.0023491,0.0156180,-10.5300465,-16.4843693,-12.1356688,-9.6944265,0.6202794,-0.6017745,-0.3510368,0.2304705,0.4117802,-0.1004880,0.5021546,-0.1187113,0.0101529,0.0250401,0.0583817,0.0532491,-0.0143372,0.0037157,0.0218827,0.0429758,0.1983351,0.6865857,0.8365105,0.0836584,0.2324665
9.688824785,1791080858.422397614,0,0,-0.0945021,-0.0021185,0.0155573,-10.5337324,-16.4737434,-12.1369429,-9.6896257,0.6201563,-0.6094566,-0.3527009,0.2303292,0.4179905,-0.1013165,0.5014271,-0.1152798,0.0101702,0.0250296,0.0586664,0.0533402,-0.0143733,0.0037476,0.0219661,0.0430390,0.1983279,0.6865628,0.8364963,0.0836223,0.2319811
9.710055624,1791080858.443628550,0,0,-0.0952796,-0.0017046,0.0147869,-10.5307989,-16.4613171,-12.1069174,-9.6698656,0.6171149,-0.6146380,-0.3539541,0.2319313,0.4238950,-0.1024921,0.4973128,-0.1121073,0.0101857,0.0249787,0.0587431,0.0534413,-0.0144029,0.0037943,0.0222858,0.0431463,0.1983015,0.6865422,0.8364826,0.0831692,0.2317909
9.729733461,1791080858.463306427,0,0,-0.0951848,-0.0018410,0.0142446,-10.5474253,-16.4510975,-12.1056967,-9.7017679,0.6184642,-0.6208847,-0.3558756,0.2360236,0.4332373,-0.1058492,0.4990148,-0.1121952,0.0102040,0.0249341,0.0588065,0.0535413,-0.0144281,0.0038404,0.0225292,0.0432420,0.1982764,0.6865220,0.8364691,0.0828462,0.2316611
9.751860211,1791080858.485433102,0,0,-0.0950113,-0.0017696,0.0135425,-10.5406885,-16.4440002,-12.1013250,-9.7108603,0.6183444,-0.6263591,-0.3550398,0.2360580,0.4382942,-0.1075008,0.4973621,-0.1139382,0.0102393,0.0249334,0.0589630,0.0535900,-0.0144630,0.0038702,0.0225899,0.0432993,0.1983069,0.6864990,0.8364559,0.0831404,0.2313227
9.771779364,1791080858.505352259,0,0,-0.0959729,-0.0020712,0.0135658,-10.5330496,-16.4274750,-12.1099348,-9.6898994,0.6195573,-0.6300467,-0.3551500,0.2368438,0.4421050,-0.1082871,0.4951496,-0.1129895,0.0102461,0.0249338,0.0593275,0.0536761,-0.0144774,0.0038963,0.0225954,0.0433594,0.1983097,0.6864727,0.8364410,0.0836504,0.2308840
9.792709198,1791080858.526282072,0,0,-0.0952979,-0.0025829,0.0131643,-10.5446949,-16.4451237,-12.1612005,-9.7058783,0.6197721,-0.6382309,-0.3547785,0.2389764,0.4517178,-0.1096470,0.4928993,-0.1115829,0.0102547,0.0249357,0.0595965,0.0537639,-0.0144854,0.0039219,0.0226007,0.0434192,0.1983145,0.6864463,0.8364264,0.0840868,0.2304179
9.812151128,1791080858.545723915,0,0,-0.0955344,-0.0024343,0.0124692,-10.5450296,-16.4326477,-12.1440458,-9.6884956,0.6186938,-0.6392518,-0.3569286,0.2405522,0.4560198,-0.1109289,0.4941394,-0.1073542,0.0102730,0.0248969,0.0592712,0.0538473,-0.0145023,0.0039567,0.0228464,0.0435016,0.1983446,0.6864237,0.8364106,0.0845388,0.2296235
9.830185486,1791080858.563758373,0,0,-0.0959473,-0.0022129,0.0126963,-10.5481644,-16.4182358,-12.1065912,-9.6659164,0.6197105,-0.6407290,-0.3576634,0.2384676,0.4573942,-0.1112589,0.4933771,-0.1041550,0.0102894,0.0248579,0.0590280,0.0539177,-0.0145182,0.0039921,0.0230773,0.0435846,0.1983729,0.6864015,0.8363951,0.0849305,0.2288890
9.852279654,1791080858.585852385,0,0,-0.0961399,-0.0026481,0.0116647,-10.5391912,-16.3943825,-12.0841990,-9.6725798,0.6215209,-0.6469998,-0.3569157,0.2384700,0.4638567,-0.1139007,0.4897678,-0.1099768,0.0103134,0.0248093,0.0587627,0.0539046,-0.0145598,0.0040358,0.0233807,0.0436845,0.1984113,0.6863799,0.8363817,0.0850602,0.2282554
9.872641275,1791080858.606214285,0,0,-0.0967847,-0.0027077,0.0118520,-10.5311213,-16.3857269,-12.0598202,-9.6486359,0.6213169,-0.6453323,-0.3581314,0.2370886,0.4640206,-0.1143179,0.4900846,-0.1043999,0.0103368,0.0247855,0.0589694,0.0539677,-0.0145506,0.0040645,0.0234984,0.0437368,0.1984802,0.6863574,0.8363670,0.0857727,0.2274687
9.893339169,1791080858.626912355,0,0,-0.0960648,-0.0029416,0.0112477,-10.5580177,-16.3872757,-12.0621758,-9.6529255,0.6200572,-0.6453685,-0.3562863,0.2343633,0.4659659,-0.1151877,0.4888940,-0.0987998,0.0103592,0.0247611,0.0591047,0.0540288,-0.0145357,0.0040937,0.0236172,0.0437910,0.1985498,0.6863349,0.8363522,0.0864061,0.2266685
9.913463602,1791080858.647036314,0,0,-0.0963532,-0.0021529,0.0112663,-10.5664968,-16.3889790,-12.0338621,-9.6534014,0.6182094,-0.6454062,-0.3549891,0.2336590,0.4671897,-0.1158202,0.4841273,-0.0941031,0.0104033,0.0247636,0.0594371,0.0540538,-0.0145305,0.0041218,0.0237581,0.0438601,0.1985991,0.6863099,0.8363426,0.0873054,0.2264501
9.932834545,1791080858.666407347,0,0,-0.0972152,-0.0016932,0.0112616,-10.5574942,-16.3819447,-11.9934149,-9.6673441,0.6186131,-0.6485577,-0.3540636,0.2343110,0.4685751,-0.1164295,0.4839412,-0.0998472,0.0104384,0.0247668,0.0596008,0.0540700,-0.0144981,0.0041456,0.0238643,0.0438910,0.1987002,0.6862870,0.8363328,0.0881940,0.2261462
9.959036051,1791080858.692609310,0,0,-0.0976845,-0.0018350,0.0120702,-10.5348692,-16.3802814,-11.9989080,-9.6597719,0.6203926,-0.6525218,-0.3518567,0.2321930,0.4700944,-0.1162093,0.4794451,-0.1024509,0.0104706,0.0247723,0.0597104,0.0540819,-0.0144658,0.0041703,0.0239701,0.0439224,0.1987995,0.6862643,0.8363230,0.0890272,0.2258948
9.976610052,1791080858.710182905,0,0,-0.0979836,-0.0023080,0.0117044,-10.5304899,-16.3855724,-12.0360384,-9.6572781,0.6217906,-0.6525537,-0.3508619,0.2326410,0.4711305,-0.1166387,0.4774210,-0.1012866,0.0104735,0.0247604,0.0594980,0.0541359,-0.0144132,0.0041985,0.0242018,0.0439314,0.1989142,0.6862460,0.8363119,0.0892158,0.2259911
9.998870485,1791080858.732443571,0,0,-0.0980830,-0.0022476,0.0112749,-10.5384998,-16.3877144,-12.0523252,-9.6558342,0.6196415,-0.6514655,-0.3505921,0.2339421,0.4720493,-0.1169722,0.4790294,-0.1012171,0.0104741,0.0247487,0.0593443,0.0541878,-0.0143676,0.0042273,0.0244278,0.0439420,0.1990277,0.6862277,0.8363008,0.0894487,0.2261091
10.017131630,1791080858.750705242,0,0,-0.0979146,-0.0018746,0.0113445,-10.5506239,-16.3818913,-12.0501127,-9.6894112,0.6170667,-0.6532534,-0.3538440,0.2380077,0.4763811,-0.1188050,0.4816689,-0.1042805,0.0105121,0.0247362,0.0592764,0.0541946,-0.0143674,0.0042659,0.0247749,0.0440040,0.1990754,0.6862090,0.8362917,0.0901843,0.2266951
10.037762506,1791080858.771335602,0,0,-0.0982912,-0.0020054,0.0121849,-10.5424585,-16.3684387,-12.0297604,-9.7067671,0.6178306,-0.6560255,-0.3569595,0.2396772,0.4821508,-0.1219637,0.4806083,-0.1071309,0.0105306,0.0247664,0.0590665,0.0542323,-0.0143035,0.0042879,0.0248594,0.0440024,0.1991871,0.6861887,0.8362844,0.0909407,0.2276994
10.060198774,1791080858.793771744,0,0,-0.0986461,-0.0030340,0.0108424,-10.5482779,-16.3950806,-12.1004114,-9.7355347,0.6185552,-0.6576900,-0.3559722,0.2428890,0.4892395,-0.1246194,0.4813634,-0.1129906,0.0105467,0.0247987,0.0589034,0.0542718,-0.0142365,0.0043101,0.0249288,0.0440007,0.1993006,0.6861681,0.8362770,0.0916490,0.2286773
10.078634505,1791080858.812207460,0,0,-0.0980984,-0.0032627,0.0104971,-10.5571852,-16.3859272,-12.1112928,-9.7184286,0.6177719,-0.6546972,-0.3529637,0.2409847,0.4854341,-0.1236694,0.4788933,-0.1098269,0.0105442,0.0248040,0.0583424,0.0543724,-0.0141607,0.0043423,0.0250469,0.0440241,0.1993978,0.6861510,0.8362684,0.0927908,0.2293565
10.098034573,1791080858.831607819,0,0,-0.0981456,-0.0031022,0.0104753,-10.5609875,-16.3830414,-12.0888872,-9.7174444,0.6158627,-0.6540003,-0.3529968,0.2411842,0.4852536,-0.1239867,0.4795052,-0.1110940,0.0105374,0.0247969,0.0577824,0.0544342,-0.0140619,0.0043754,0.0253096,0.0440206,0.1995421,0.6861373,0.8362601,0.0936945,0.2299985
10.119882944,1791080858.853455782,0,0,-0.0978505,-0.0032848,0.0103941,-10.5621729,-16.3850307,-12.1033869,-9.7304344,0.6183116,-0.6535876,-0.3498456,0.2397110,0.4857413,-0.1247877,0.4769278,-0.1120077,0.0105298,0.0247951,0.0574000,0.0544935,-0.0139628,0.0044082,0.0254972,0.0440085,0.1996849,0.6861237,0.8362519,0.0945681,0.2307457
10.137838059,1791080858.871410847,0,0,-0.0984415,-0.0038529,0.0106320,-10.5528326,-16.3877716,-12.1296473,-9.7347937,0.6182227,-0.6534545,-0.3473126,0.2400105,0.4850949,-0.1249968,0.4755111,-0.1155610,0.0105027,0.0247770,0.0565443,0.0545237,-0.0138866,0.0044488,0.0257457,0.0440286,0.1998026,0.6861106,0.8362437,0.0949422,0.2318784
10.159896446,1791080858.893469334,0,0,-0.0991511,-0.0037225,0.0107019,-10.5478926,-16.3863449,-12.1388063,-9.7470999,0.6181698,-0.6526066,-0.3426123,0.2395304,0.4836541,-0.1248157,0.4708984,-0.1190985,0.0104736,0.0247584,0.0559741,0.0545518,-0.0138177,0.0044892,0.0259678,0.0440489,0.1999194,0.6860974,0.8362356,0.0953233,0.2329993
10.177964889,1791080858.911537647,0,0,-0.0994530,-0.0042848,0.0110951,-10.5383835,-16.3770027,-12.1256390,-9.7392273,0.6187916,-0.6493351,-0.3395183,0.2349380,0.4801444,-0.1244708,0.4686638,-0.1216249,0.0104514,0.0247562,0.0555665,0.0545773,-0.0137749,0.0045303,0.0259905,0.0440662,0.2000209,0.6860864,0.8362278,0.0958419,0.2339309
10.197992091,1791080858.931565046,0,0,-0.0988142,-0.0044996,0.0117847,-10.5523539,-16.3819275,-12.1619616,-9.7345304,0.6188568,-0.6446004,-0.3367288,0.2309744,0.4744407,-0.1222392,0.4706751,-0.1189577,0.0103853,0.0247310,0.0552197,0.0546086,-0.0137270,0.0045715,0.0261336,0.0440852,0.2001314,0.6860763,0.8362193,0.0961524,0.2347613
10.216869456,1791080858.950442553,0,0,-0.0976583,-0.0045849,0.0117023,-10.5641766,-16.4031563,-12.1815405,-9.7517576,0.6180733,-0.6437894,-0.3351874,0.2302522,0.4714054,-0.1215442,0.4687434,-0.1225725,0.0103191,0.0247051,0.0549789,0.0546372,-0.0136862,0.0046121,0.0262778,0.0441053,0.2002407,0.6860663,0.8362108,0.0964514,0.2355785
10.237858466,1791080858.971431494,0,0,-0.0986303,-0.0043623,0.0119333,-10.5657635,-16.4055538,-12.1614218,-9.7487974,0.6191115,-0.6449746,-0.3337178,0.2305641,0.4709727,-0.1214375,0.4632362,-0.1241959,0.0102683,0.0246441,0.0545638,0.0546063,-0.0136537,0.0046599,0.0267562,0.0441439,0.2003454,0.6860577,0.8362027,0.0967273,0.2366898
10.258153677,1791080858.991726398,0,0,-0.0991743,-0.0038441,0.0117704,-10.5607471,-16.4178734,-12.1672840,-9.7389002,0.6181638,-0.6419075,-0.3304977,0.2291984,0.4657963,-0.1195296,0.4606375,-0.1236492,0.0102222,0.0245880,0.0542542,0.0545758,-0.0136145,0.0047072,0.0270803,0.0441682,0.2004494,0.6860493,0.8361948,0.0970677,0.2378027
10.278183967,1791080859.011757135,0,0,-0.0992869,-0.0037880,0.0116653,-10.5639629,-16.4135437,-12.1567354,-9.7568254,0.6186893,-0.6396848,-0.3287786,0.2286779,0.4643275,-0.1195889,0.4609262,-0.1252838,0.0101673,0.0245337,0.0536434,0.0545289,-0.0135689,0.0047517,0.0274118,0.0441752,0.2005763,0.6860422,0.8361872,0.0974506,0.2391392
10.299947033,1791080859.033520222,0,0,-0.0994534,-0.0037340,0.0118436,-10.5604811,-16.4245815,-12.2015257,-9.7757406,0.6167245,-0.6379329,-0.3261416,0.2285058,0.4610083,-0.1188327,0.4606820,-0.1277362,0.0101459,0.0245200,0.0537735,0.0544930,-0.0135010,0.0047890,0.0274126,0.0441410,0.2007482,0.6860334,0.8361802,0.0979170,0.2401886
10.318083252,1791080859.051656485,0,0,-0.0992714,-0.0037935,0.0123257,-10.5657215,-16.4266338,-12.2169571,-9.7975740,0.6166011,-0.6381310,-0.3232896,0.2284920,0.4588801,-0.1180856,0.4580193,-0.1308193,0.0101246,0.0245089,0.0538710,0.0544612,-0.0134354,0.0048262,0.0274074,0.0441043,0.2009181,0.6860244,0.8361732,0.0983453,0.2412841
10.337714338,1791080859.071287394,0,0,-0.0988627,-0.0038644,0.0125911,-10.5756187,-16.4453926,-12.2467308,-9.8164482,0.6178263,-0.6361618,-0.3204640,0.2273631,0.4563330,-0.1169856,0.4568534,-0.1279226,0.0100839,0.0244810,0.0538781,0.0545079,-0.0133728,0.0048688,0.0273942,0.0441139,0.2010276,0.6860180,0.8361651,0.0986907,0.2420837
10.357876763,1791080859.091450214,0,0,-0.0996749,-0.0041133,0.0125791,-10.5588808,-16.4311676,-12.2203169,-9.8153973,0.6177061,-0.6356741,-0.3202966,0.2274788,0.4565414,-0.1182844,0.4538583,-0.1312481,0.0100409,0.0244495,0.0538890,0.0545446,-0.0133185,0.0049120,0.0274507,0.0441326,0.2011346,0.6860114,0.8361569,0.0989537,0.2428654
10.379415350,1791080859.112988472,0,0,-0.0997841,-0.0048505,0.0120446,-10.5614767,-16.4355793,-12.2653008,-9.8408680,0.6190544,-0.6353819,-0.3182449,0.2279360,0.4570548,-0.1188357,0.4552838,-0.1382127,0.0099893,0.0244165,0.0533180,0.0544890,-0.0132927,0.0049543,0.0275729,0.0441566,0.2012671,0.6860018,0.8361495,0.0987136,0.2439665
10.398913169,1791080859.132485867,0,0,-0.0986387,-0.0045727,0.0122266,-10.5743494,-16.4369316,-12.2719145,-9.8476753,0.6193448,-0.6327525,-0.3173255,0.2268059,0.4539852,-0.1183751,0.4540437,-0.1372631,0.0099146,0.0243830,0.0533368,0.0545082,-0.0132489,0.0049888,0.0277644,0.0441699,0.2014097,0.6859887,0.8361412,0.0984581,0.2450507
10.418776352,1791080859.152349472,0,0,-0.0991708,-0.0046628,0.0121349,-10.5717831,-16.4378109,-12.2710133,-9.8392820,0.6184841,-0.6302817,-0.3143343,0.2239191,0.4503449,-0.1173125,0.4517238,-0.1361583,0.0098403,0.0243493,0.0533275,0.0545244,-0.0132057,0.0050234,0.0279171,0.0441820,0.2015512,0.6859755,0.8361329,0.0982403,0.2460608
10.438161611,1791080859.171734571,0,0,-0.1003256,-0.0041853,0.0121471,-10.5718746,-16.4331169,-12.2947149,-9.8565531,0.6177320,-0.6302294,-0.3103961,0.2249667,0.4482279,-0.1164910,0.4493327,-0.1422624,0.0097937,0.0243207,0.0535202,0.0545147,-0.0131880,0.0050594,0.0279583,0.0441979,0.2016506,0.6859654,0.8361245,0.0981239,0.2469111
10.462009995,1791080859.195583344,0,0,-0.0994121,-0.0051953,0.0116545,-10.5736685,-16.4416943,-12.3262987,-9.8831196,0.6208438,-0.6296334,-0.3073251,0.2241569,0.4478066,-0.1167889,0.4516802,-0.1455291,0.0097427,0.0242885,0.0536779,0.0545090,-0.0131752,0.0050948,0.0280698,0.0442200,0.2017490,0.6859551,0.8361161,0.0979439,0.2478533
10.478086340,1791080859.211659431,0,0,-0.1004807,-0.0044040,0.0119911,-10.5495691,-16.4157047,-12.2820015,-9.8525553,0.6212350,-0.6282750,-0.3045084,0.2211291,0.4427629,-0.1154865,0.4454806,-0.1470631,0.0096545,0.0242345,0.0538042,0.0544746,-0.0132030,0.0051358,0.0282396,0.0443009,0.2017986,0.6859433,0.8361074,0.0972201,0.2487159
10.500024311,1791080859.233597517,0,0,-0.1009195,-0.0046905,0.0115676,-10.5506868,-16.4187889,-12.2866335,-9.8512163,0.6204323,-0.6267561,-0.3034342,0.2199219,0.4420024,-0.1158596,0.4451941,-0.1502954,0.0095673,0.0241767,0.0538926,0.0544425,-0.0132337,0.0051766,0.0284211,0.0443845,0.2018483,0.6859314,0.8360987,0.0965391,0.2495078
10.519688202,1791080859.253260851,0,0,-0.1004988,-0.0049757,0.0122658,-10.5491610,-16.4312782,-12.3096323,-9.8471069,0.6199937,-0.6262801,-0.2991618,0.2166806,0.4376344,-0.1134911,0.4429802,-0.1495109,0.0094980,0.0241005,0.0541489,0.0544601,-0.0132512,0.0052189,0.0286579,0.0444569,0.2018827,0.6859219,0.8360888,0.0966021,0.2499497
10.538923904,1791080859.272496700,0,0,-0.1008170,-0.0051267,0.0124213,-10.5438929,-16.4279900,-12.3189020,-9.8439684,0.6216240,-0.6238499,-0.2972606,0.2156507,0.4335453,-0.1122864,0.4442158,-0.1492453,0.0094386,0.0240638,0.0539574,0.0544844,-0.0132276,0.0052524,0.0286259,0.0444886,0.2019809,0.6859121,0.8360795,0.0967537,0.2503004
10.558355218,1791080859.291928530,0,0,-0.1001707,-0.0051424,0.0123055,-10.5464487,-16.4265461,-12.3009348,-9.8322515,0.6215104,-0.6224852,-0.2960916,0.2134292,0.4308452,-0.1116982,0.4400519,-0.1461464,0.0093487,0.0240123,0.0544758,0.0545267,-0.0132054,0.0052873,0.0286753,0.0445346,0.2020669,0.6858984,0.8360707,0.0959607,0.2510298
10.582306177,1791080859.315879345,0,0,-0.1001687,-0.0055007,0.0125285,-10.5635681,-16.4426613,-12.3161001,-9.8377733,0.6186006,-0.6221599,-0.2979010,0.2140442,0.4322973,-0.1121139,0.4432669,-0.1456155,0.0092644,0.0239652,0.0548198,0.0545698,-0.0131817,0.0053221,0.0286541,0.0445715,0.2021525,0.6858849,0.8360619,0.0953023,0.2516530
10.602128265,1791080859.335700989,0,0,-0.0994361,-0.0054062,0.0117810,-10.5687571,-16.4628162,-12.3395987,-9.8537350,0.6189344,-0.6230156,-0.2964259,0.2150545,0.4346788,-0.1121968,0.4447653,-0.1433835,0.0091552,0.0239036,0.0547412,0.0545460,-0.0131937,0.0053577,0.0287419,0.0446266,0.2022194,0.6858702,0.8360532,0.0947367,0.2521204
10.620879291,1791080859.354452133,0,0,-0.0992828,-0.0049792,0.0120824,-10.5758200,-16.4415493,-12.3313227,-9.8496790,0.6213981,-0.6229914,-0.2943169,0.2101692,0.4297411,-0.1106314,0.4414848,-0.1459237,0.0090438,0.0238397,0.0547181,0.0545217,-0.0132165,0.0053924,0.0288585,0.0446840,0.2022837,0.6858554,0.8360446,0.0941951,0.2526623
10.641974520,1791080859.375547409,0,0,-0.0996982,-0.0045099,0.0123517,-10.5589800,-16.4209385,-12.2885733,-9.8387651,0.6243738,-0.6248767,-0.2949505,0.2109236,0.4292958,-0.1108153,0.4380495,-0.1496315,0.0089681,0.0237880,0.0546153,0.0545027,-0.0132487,0.0054276,0.0288886,0.0447233,0.2023646,0.6858397,0.8360367,0.0940180,0.2534519
10.662988424,1791080859.396561384,0,0,-0.1003140,-0.0039863,0.0121483,-10.5642595,-16.4347973,-12.2906561,-9.8310747,0.6226461,-0.6246836,-0.2961682,0.2123150,0.4301811,-0.1104502,0.4393211,-0.1444810,0.0088972,0.0237388,0.0544994,0.0544830,-0.0132699,0.0054632,0.0288244,0.0447543,0.2024466,0.6858241,0.8360289,0.0939287,0.2540870
10.682025891,1791080859.415599585,0,0,-0.1006594,-0.0041504,0.0118870,-10.5591402,-16.4283943,-12.2920675,-9.8355227,0.6212366,-0.6228464,-0.2929251,0.2088716,0.4259270,-0.1094449,0.4372091,-0.1474397,0.0087929,0.0236885,0.0544313,0.0545322,-0.0132444,0.0054901,0.0287218,0.0447493,0.2025583,0.6858108,0.8360193,0.0941313,0.2542073
10.700136570,1791080859.433709383,0,0,-0.1005037,-0.0046446,0.0114384,-10.5622225,-16.4304790,-12.3447924,-9.8641529,0.6210331,-0.6216832,-0.2890561,0.2091179,0.4245105,-0.1091011,0.4391101,-0.1517038,0.0086649,0.0236193,0.0548332,0.0545944,-0.0132180,0.0055203,0.0286853,0.0447518,0.2026652,0.6857970,0.8360103,0.0938099,0.2545259
10.724232830,1791080859.457805872,0,0,-0.1006440,-0.0051525,0.0121565,-10.5342331,-16.4113235,-12.3138599,-9.8435278,0.6212583,-0.6186528,-0.2867640,0.2060340,0.4193980,-0.1079882,0.4392489,-0.1540305,0.0085408,0.0235553,0.0551242,0.0546511,-0.0131996,0.0055499,0.0286062,0.0447471,0.2027685,0.6857833,0.8360015,0.0935364,0.2548764
10.741964160,1791080859.475537062,0,0,-0.1005105,-0.0049259,0.0127101,-10.5437994,-16.4318371,-12.3430595,-9.8673687,0.6226670,-0.6192517,-0.2848130,0.2084325,0.4191091,-0.1074229,0.4379949,-0.1537049,0.0084094,0.0234235,0.0552001,0.0546246,-0.0132358,0.0055959,0.0288968,0.0448621,0.2027504,0.6857715,0.8359916,0.0937407,0.2547621
10.761897048,1791080859.495469809,0,0,-0.1011256,-0.0051137,0.0127296,-10.5359335,-16.4340744,-12.3319864,-9.8705873,0.6235951,-0.6178275,-0.2840237,0.2098766,0.4206136,-0.1086846,0.4358588,-0.1558419,0.0082779,0.0232889,0.0552595,0.0545963,-0.0132732,0.0056418,0.0291902,0.0449789,0.2027312,0.6857598,0.8359820,0.0939121,0.2547099
10.782834302,1791080859.516407013,0,0,-0.1021222,-0.0055663,0.0123821,-10.5269680,-16.4181900,-12.3201284,-9.8588886,0.6242390,-0.6161388,-0.2837008,0.2108617,0.4220976,-0.1102635,0.4375224,-0.1581881,0.0081762,0.0232322,0.0555835,0.0546900,-0.0132532,0.0056702,0.0289419,0.0449889,0.2028062,0.6857429,0.8359734,0.0940205,0.2549343
10.803806249,1791080859.537379265,0,0,-0.1013665,-0.0051298,0.0122636,-10.5418615,-16.4262791,-12.3374691,-9.8750486,0.6227382,-0.6123953,-0.2854683,0.2131184,0.4226210,-0.1110694,0.4412171,-0.1554431,0.0080572,0.0231679,0.0555371,0.0547141,-0.0132586,0.0056976,0.0289970,0.0450174,0.2028750,0.6857245,0.8359654,0.0939243,0.2555959
10.822212363,1791080859.555784941,0,0,-0.1010503,-0.0049400,0.0123729,-10.5476389,-16.4474277,-12.3681889,-9.8982935,0.6230972,-0.6123208,-0.2856470,0.2167087,0.4271609,-0.1134383,0.4405354,-0.1555804,0.0079389,0.0231061,0.0554939,0.0547376,-0.0132598,0.0057245,0.0289983,0.0450411,0.2029431,0.6857063,0.8359575,0.0938834,0.2562005
10.841086382,1791080859.574659586,0,0,-0.1020752,-0.0054193,0.0123189,-10.5521793,-16.4505806,-12.3846865,-9.9127226,0.6232800,-0.6102285,-0.2850146,0.2187307,0.4295627,-0.1152179,0.4431534,-0.1573670,0.0078431,0.0230308,0.0554063,0.0547656,-0.0132737,0.0057578,0.0289649,0.0450771,0.2029950,0.6856923,0.8359493,0.0939635,0.2565839
10.860873042,1791080859.594446182,0,0,-0.1026287,-0.0053526,0.0129683,-10.5370836,-16.4239521,-12.3794041,-9.9161501,0.6251778,-0.6080134,-0.2859182,0.2200651,0.4316481,-0.1172962,0.4442074,-0.1560536,0.0077279,0.0229314,0.0555445,0.0548227,-0.0132777,0.0057908,0.0289901,0.0451228,0.2030169,0.6856785,0.8359390,0.0946221,0.2563000
10.880175793,1791080859.613748789,0,0,-0.1025009,-0.0059130,0.0129343,-10.5236111,-16.4126968,-12.3546381,-9.9078522,0.6276867,-0.6057824,-0.2851238,0.2170336,0.4322421,-0.1190891,0.4406416,-0.1569111,0.0076105,0.0228280,0.0556329,0.0548666,-0.0132838,0.0058239,0.0290711,0.0451756,0.2030364,0.6856650,0.8359290,0.0951308,0.2560467
10.904197354,1791080859.637770414,0,0,-0.1030690,-0.0060718,0.0127710,-10.5379982,-16.4149570,-12.3947086,-9.9178848,0.6266297,-0.6047473,-0.2878445,0.2192681,0.4379718,-0.1222417,0.4444480,-0.1574156,0.0074914,0.0227697,0.0560487,0.0548873,-0.0132803,0.0058451,0.0290395,0.0451611,0.2031289,0.6856471,0.8359203,0.0950205,0.2562894
10.926106937,1791080859.659679413,0,0,-0.1030331,-0.0058505,0.0123549,-10.5351810,-16.4137287,-12.3933821,-9.9341135,0.6228784,-0.6018330,-0.2876609,0.2204460,0.4384797,-0.1230995,0.4494474,-0.1621700,0.0073749,0.0227147,0.0563270,0.0549121,-0.0132837,0.0058658,0.0289774,0.0451416,0.2032207,0.6856294,0.8359117,0.0949451,0.2565682
10.944397546,1791080859.677970409,0,0,-0.1027457,-0.0061341,0.0133465,-10.5443850,-16.4134464,-12.4005671,-9.9542398,0.6236458,-0.6028599,-0.2888337,0.2202294,0.4417895,-0.1253840,0.4499919,-0.1636789,0.0072620,0.0226601,0.0567552,0.0549123,-0.0133238,0.0058884,0.0288004,0.0451226,0.2033088,0.6856155,0.8359013,0.0947030,0.2559982
10.968178369,1791080859.701751232,0,0,-0.1034507,-0.0060497,0.0133565,-10.5542631,-16.4193573,-12.4507570,-9.9909620,0.6251161,-0.6049601,-0.2901818,0.2269599,0.4487763,-0.1284339,0.4500157,-0.1655691,0.0071467,0.0225982,0.0570890,0.0549176,-0.0133753,0.0059112,0.0287648,0.0451213,0.2033965,0.6856015,0.8358909,0.0944418,0.2554546
10.984178447,1791080859.717751265,0,0,-0.1041286,-0.0063511,0.0128354,-10.5516415,-16.4271164,-12.4609556,-9.9896994,0.6239362,-0.6023343,-0.2921610,0.2289964,0.4497408,-0.1291938,0.4547922,-0.1650547,0.0070752,0.0225630,0.0573143,0.0548638,-0.0134640,0.0059365,0.0286924,0.0451261,0.2034961,0.6855840,0.8358821,0.0934231,0.2555061
11.005914726,1791080859.739487648,0,0,-0.1037357,-0.0063042,0.0125228,-10.5509653,-16.4121246,-12.4497766,-9.9820080,0.6221572,-0.6014690,-0.2957081,0.2307765,0.4516306,-0.1306814,0.4596771,-0.1656728,0.0069582,0.0224885,0.0571256,0.0547983,-0.0135268,0.0059661,0.0288890,0.0451490,0.2035774,0.6855698,0.8358738,0.0926059,0.2556499
11.024208759,1791080859.757781506,0,0,-0.1032143,-0.0062060,0.0127855,-10.5363684,-16.4045925,-12.4316702,-9.9737158,0.6239703,-0.6038284,-0.2972308,0.2303550,0.4539278,-0.1312365,0.4582458,-0.1655803,0.0068427,0.0224146,0.0569826,0.0547356,-0.0135907,0.0059958,0.0290705,0.0451706,0.2036563,0.6855557,0.8358657,0.0919031,0.2557844
11.044231292,1791080859.777804375,0,0,-0.1028529,-0.0062823,0.0119958,-10.5510950,-16.4163036,-12.4779100,-9.9841757,0.6219711,-0.6029106,-0.3001676,0.2335181,0.4574572,-0.1324691,0.4659676,-0.1645398,0.0067558,0.0223569,0.0566345,0.0546829,-0.0136483,0.0060190,0.0293017,0.0451495,0.2037784,0.6855444,0.8358577,0.0913194,0.2560318
11.066128778,1791080859.799701691,0,0,-0.1024159,-0.0067304,0.0129625,-10.5481443,-16.4184837,-12.5019760,-9.9946661,0.6212347,-0.6042315,-0.3050305,0.2391731,0.4623574,-0.1342289,0.4729641,-0.1637293,0.0066685,0.0222989,0.0563979,0.0546337,-0.0137006,0.0060424,0.0295292,0.0451303,0.2038981,0.6855330,0.8358497,0.0908016,0.2562721
11.084952262,1791080859.818525076,0,0,-0.1027249,-0.0066233,0.0127012,-10.5355082,-16.4117031,-12.5019197,-9.9924974,0.6235636,-0.6058437,-0.3028686,0.2390791,0.4622281,-0.1338150,0.4697907,-0.1668799,0.0065882,0.0222185,0.0561632,0.0545390,-0.0137858,0.0060755,0.0299237,0.0451709,0.2039538,0.6855211,0.8358423,0.0903564,0.2568527
11.106082407,1791080859.839655638,0,0,-0.1039015,-0.0063316,0.0125737,-10.5424204,-16.4011765,-12.4521599,-9.9714613,0.6240857,-0.6057601,-0.3067268,0.2409049,0.4662741,-0.1360925,0.4687588,-0.1637063,0.0064734,0.0221491,0.0556680,0.0544820,-0.0138439,0.0061048,0.0297265,0.0451958,0.2040217,0.6855056,0.8358347,0.0900155,0.2567515
11.124969964,1791080859.858543158,0,0,-0.1033382,-0.0068179,0.0118951,-10.5497866,-16.4149494,-12.4790173,-9.9788637,0.6233554,-0.6070940,-0.3089237,0.2440530,0.4706905,-0.1376452,0.4727485,-0.1622405,0.0063560,0.0220722,0.0553203,0.0544306,-0.0139077,0.0061340,0.0296244,0.0452340,0.2040909,0.6854900,0.8358272,0.0896416,0.2565571
11.145115203,1791080859.878688574,0,0,-0.1037045,-0.0071087,0.0120429,-10.5459709,-16.3996296,-12.4512358,-9.9723396,0.6215850,-0.6086877,-0.3116817,0.2449083,0.4740104,-0.1391376,0.4749922,-0.1648374,0.0062644,0.0220070,0.0554582,0.0544194,-0.0139912,0.0061631,0.0292569,0.0452781,0.2041099,0.6854709,0.8358190,0.0896503,0.2561760
11.165924086,1791080859.899497032,0,0,-0.1036607,-0.0073632,0.0120907,-10.5300398,-16.3793030,-12.4298239,-9.9635515,0.6236843,-0.6126056,-0.3126086,0.2432403,0.4753709,-0.1396866,0.4708068,-0.1698927,0.0061717,0.0219405,0.0555795,0.0544093,-0.0140779,0.0061916,0.0289595,0.0453278,0.2041273,0.6854518,0.8358108,0.0895990,0.2558168
11.184229738,1791080859.917802811,0,0,-0.1031354,-0.0074387,0.0114289,-10.5519571,-16.3798485,-12.4609232,-9.9714231,0.6235292,-0.6161900,-0.3154110,0.2436710,0.4780482,-0.1399512,0.4718960,-0.1695062,0.0060408,0.0218803,0.0553412,0.0543830,-0.0141289,0.0062121,0.0287982,0.0453490,0.2042139,0.6854352,0.8358035,0.0888395,0.2556782
11.206179966,1791080859.939753056,0,0,-0.1029318,-0.0068954,0.0098114,-10.5620499,-16.3975334,-12.4807978,-9.9679346,0.6217741,-0.6164283,-0.3180577,0.2481359,0.4817904,-0.1408499,0.4764913,-0.1672119,0.0059324,0.0218157,0.0557041,0.0543589,-0.0142130,0.0062319,0.0284653,0.0453606,0.2042786,0.6854168,0.8357937,0.0888680,0.2545147
11.227914645,1791080859.961487532,0,0,-0.1033206,-0.0060652,0.0099058,-10.5520372,-16.3871155,-12.4397306,-9.9492836,0.6190358,-0.6203532,-0.3202750,0.2482432,0.4816165,-0.1392742,0.4748723,-0.1661400,0.0058227,0.0217440,0.0559895,0.0543352,-0.0143047,0.0062520,0.0282516,0.0453870,0.2043418,0.6853983,0.8357840,0.0888651,0.2533742
11.248597431,1791080859.982170343,0,0,-0.1027400,-0.0065405,0.0104153,-10.5487728,-16.3813229,-12.3910303,-9.9309092,0.6184770,-0.6260449,-0.3255723,0.2461063,0.4830851,-0.1386113,0.4758739,-0.1676632,0.0057283,0.0216884,0.0560476,0.0542894,-0.0144165,0.0062640,0.0279826,0.0454125,0.2043749,0.6853809,0.8357741,0.0896518,0.2521803
11.268914181,1791080860.002487183,0,0,-0.1019583,-0.0058808,0.0096573,-10.5684586,-16.3957157,-12.3959494,-9.9253082,0.6162133,-0.6309524,-0.3295274,0.2492571,0.4861111,-0.1372988,0.4779886,-0.1606356,0.0056773,0.0215882,0.0557946,0.0541434,-0.0145882,0.0062919,0.0280037,0.0455055,0.2043635,0.6853667,0.8357633,0.0918551,0.2502665
11.288920637,1791080860.022493839,0,0,-0.1012855,-0.0060028,0.0091886,-10.5661535,-16.4025631,-12.3588724,-9.8996620,0.6124340,-0.6367368,-0.3326393,0.2466911,0.4866383,-0.1353279,0.4779112,-0.1605652,0.0056274,0.0214848,0.0555992,0.0539955,-0.0147450,0.0063194,0.0280233,0.0455989,0.2043517,0.6853525,0.8357527,0.0937812,0.2484804
11.307108383,1791080860.040681839,0,0,-0.1006952,-0.0058223,0.0087875,-10.5598669,-16.3975410,-12.3044147,-9.8652201,0.6126263,-0.6451895,-0.3320915,0.2427713,0.4851976,-0.1316926,0.4730358,-0.1602433,0.0055971,0.0213752,0.0550452,0.0537858,-0.0148901,0.0063525,0.0282810,0.0457064,0.2043613,0.6853384,0.8357435,0.0959358,0.2469029
11.330028114,1791080860.063601494,0,0,-0.1002032,-0.0058479,0.0087889,-10.5471697,-16.3891544,-12.2585649,-9.8365374,0.6156564,-0.6543403,-0.3351831,0.2424002,0.4898525,-0.1309879,0.4689649,-0.1553264,0.0055660,0.0212639,0.0546251,0.0535756,-0.0150228,0.0063854,0.0285031,0.0458103,0.2043698,0.6853246,0.8357344,0.0978983,0.2454598
11.348556578,1791080860.082129717,0,0,-0.1001066,-0.0052526,0.0080968,-10.5561819,-16.4117279,-12.2582922,-9.8298235,0.6177865,-0.6628606,-0.3381104,0.2464849,0.4962874,-0.1300949,0.4689045,-0.1482938,0.0055532,0.0211553,0.0538920,0.0533301,-0.0151510,0.0064166,0.0287490,0.0459274,0.2043287,0.6853142,0.8357258,0.1008047,0.2439072
11.367385401,1791080860.100957632,0,0,-0.1006364,-0.0051599,0.0071731,-10.5353088,-16.3874302,-12.1793489,-9.7827539,0.6138775,-0.6696935,-0.3412550,0.2460357,0.4979492,-0.1284211,0.4663468,-0.1491648,0.0055309,0.0210376,0.0533465,0.0530810,-0.0152801,0.0064483,0.0290518,0.0460565,0.2042858,0.6853039,0.8357172,0.1033814,0.2425295
11.385621346,1791080860.119193554,0,0,-0.0985748,-0.0062630,0.0050075,-10.5640993,-16.4092445,-12.2113581,-9.7869911,0.6156076,-0.6800985,-0.3402991,0.2468441,0.5051230,-0.1283161,0.4646071,-0.1488533,0.0054913,0.0209057,0.0533451,0.0528748,-0.0154049,0.0064814,0.0292649,0.0461952,0.2042247,0.6852914,0.8357085,0.1053105,0.2413748
11.408989809,1791080860.142562866,0,0,-0.0994589,-0.0045356,0.0060730,-10.5536299,-16.3742714,-12.1003447,-9.7351837,0.6137075,-0.6889007,-0.3452337,0.2472185,0.5083223,-0.1268813,0.4571803,-0.1416169,0.0054743,0.0207916,0.0531868,0.0527082,-0.0155057,0.0065115,0.0294399,0.0463202,0.2041640,0.6852797,0.8356997,0.1080578,0.2403758
11.425632071,1791080860.159204245,0,0,-0.0984041,-0.0048209,0.0045734,-10.5669336,-16.3940144,-12.1054106,-9.7618809,0.6155858,-0.7018973,-0.3479984,0.2494411,0.5184886,-0.1278824,0.4554096,-0.1438377,0.0054549,0.0206777,0.0530795,0.0525434,-0.0155983,0.0065403,0.0295750,0.0464416,0.2041073,0.6852680,0.8356910,0.1105423,0.2395259
11.447344475,1791080860.180916786,0,0,-0.0981302,-0.0048662,0.0031757,-10.5539713,-16.3820877,-12.1012268,-9.7351141,0.6153190,-0.7111623,-0.3454190,0.2476650,0.5204377,-0.1254427,0.4516275,-0.1480271,0.0054067,0.0205500,0.0529383,0.0523251,-0.0156959,0.0065704,0.0298020,0.0465648,0.2040740,0.6852552,0.8356820,0.1121943,0.2387747
11.465622857,1791080860.199194908,0,0,-0.0977780,-0.0047332,0.0027790,-10.5503874,-16.3569908,-12.0352383,-9.6975851,0.6163135,-0.7204299,-0.3480281,0.2454924,0.5254440,-0.1252468,0.4450734,-0.1437521,0.0053590,0.0204331,0.0525128,0.0520939,-0.0157747,0.0065971,0.0299675,0.0466583,0.2040740,0.6852459,0.8356733,0.1139228,0.2378944
11.485766318,1791080860.219338655,0,0,-0.0979265,-0.0044602,0.0025373,-10.5439692,-16.3498535,-11.9888611,-9.6822729,0.6181303,-0.7319454,-0.3463490,0.2423940,0.5308656,-0.1241946,0.4345893,-0.1422087,0.0053059,0.0203116,0.0521907,0.0518654,-0.0158509,0.0066240,0.0301590,0.0467569,0.2040738,0.6852368,0.8356645,0.1155015,0.2370636
11.505621549,1791080860.239193916,0,0,-0.0987330,-0.0047645,0.0010332,-10.5358591,-16.3380966,-11.9479551,-9.6649275,0.6164388,-0.7420327,-0.3456793,0.2410864,0.5367504,-0.1243985,0.4276800,-0.1475936,0.0052678,0.0201939,0.0522732,0.0517109,-0.0159224,0.0066472,0.0303117,0.0468377,0.2040791,0.6852278,0.8356545,0.1174290,0.2365156
11.527348227,1791080860.260920286,0,0,-0.0975792,-0.0055781,-0.0009616,-10.5480127,-16.3477592,-11.9622793,-9.6509151,0.6145482,-0.7493448,-0.3398849,0.2369545,0.5383576,-0.1223999,0.4216721,-0.1497387,0.0052303,0.0200789,0.0523338,0.0515646,-0.0159829,0.0066691,0.0303793,0.0469080,0.2040882,0.6852189,0.8356445,0.1191844,0.2360589
11.545640179,1791080860.279212713,0,0,-0.0964216,-0.0052602,-0.0008031,-10.5636930,-16.3356113,-11.9442978,-9.6442671,0.6156802,-0.7567811,-0.3370413,0.2322840,0.5391638,-0.1209642,0.4136324,-0.1480653,0.0051662,0.0199807,0.0526595,0.0514693,-0.0160227,0.0066858,0.0303042,0.0469751,0.2040569,0.6852065,0.8356349,0.1211614,0.2358816
11.565753844,1791080860.299325943,0,0,-0.0965826,-0.0047001,-0.0011120,-10.5547523,-16.3315029,-11.8953409,-9.6329203,0.6169178,-0.7639568,-0.3357221,0.2291912,0.5400728,-0.1195877,0.4051102,-0.1482036,0.0051006,0.0198980,0.0528940,0.0513785,-0.0160611,0.0067017,0.0300982,0.0470541,0.2040179,0.6851897,0.8356267,0.1223965,0.2360625
11.585630870,1791080860.319203138,0,0,-0.0965401,-0.0046226,-0.0031890,-10.5716028,-16.3302174,-11.8755627,-9.6088963,0.6140343,-0.7673349,-0.3323431,0.2256634,0.5368719,-0.1167773,0.4019987,-0.1490662,0.0050312,0.0198151,0.0530728,0.0512922,-0.0161031,0.0067170,0.0299007,0.0471333,0.2039826,0.6851729,0.8356185,0.1235242,0.2362655
11.605650570,1791080860.339222431,0,0,-0.0964041,-0.0046575,-0.0022473,-10.5656652,-16.2929688,-11.8585005,-9.5965443,0.6152384,-0.7749202,-0.3293685,0.2225953,0.5369860,-0.1150505,0.3934386,-0.1525004,0.0049450,0.0197364,0.0530425,0.0511942,-0.0161267,0.0067241,0.0297374,0.0471738,0.2039783,0.6851600,0.8356090,0.1248301,0.2362733
11.625662589,1791080860.359234810,0,0,-0.0962882,-0.0038974,-0.0034520,-10.5789347,-16.3124123,-11.8612356,-9.5954275,0.6142070,-0.7795208,-0.3253395,0.2212878,0.5359912,-0.1122173,0.3875896,-0.1506075,0.0048513,0.0196521,0.0530259,0.0510989,-0.0161531,0.0067314,0.0296622,0.0472268,0.2039755,0.6851469,0.8355994,0.1260173,0.2363108
11.650419332,1791080860.383992910,0,0,-0.0960151,-0.0036563,-0.0045125,-10.5869427,-16.3216038,-11.8364582,-9.5785055,0.6114360,-0.7804359,-0.3233668,0.2187222,0.5324571,-0.1100387,0.3850015,-0.1480653,0.0047651,0.0196126,0.0536353,0.0510408,-0.0161611,0.0067242,0.0295047,0.0472759,0.2039764,0.6851299,0.8355901,0.1280155,0.2364855
11.668228276,1791080860.401801109,0,0,-0.0954247,-0.0039501,-0.0042833,-10.5786591,-16.3086014,-11.8145285,-9.5641985,0.6112773,-0.7840075,-0.3183275,0.2125692,0.5263480,-0.1063401,0.3812256,-0.1485102,0.0046733,0.0195924,0.0539330,0.0509264,-0.0161955,0.0067149,0.0292327,0.0473120,0.2040147,0.6851112,0.8355812,0.1291020,0.2367340
11.688019946,1791080860.421592474,0,0,-0.0947497,-0.0041109,-0.0047646,-10.5946379,-16.3099422,-11.8211451,-9.5345068,0.6112601,-0.7858167,-0.3130627,0.2071695,0.5207319,-0.1032302,0.3737498,-0.1442855,0.0045783,0.0195691,0.0541642,0.0508165,-0.0162314,0.0067055,0.0290172,0.0473546,0.2040529,0.6850923,0.8355722,0.1300814,0.2369630
11.709941050,1791080860.443513870,0,0,-0.0938025,-0.0042496,-0.0054109,-10.6069002,-16.3011589,-11.8027773,-9.5168839,0.6117102,-0.7888192,-0.3038417,0.1990770,0.5099892,-0.0981469,0.3630348,-0.1452977,0.0044831,0.0195444,0.0546326,0.0507056,-0.0162812,0.0066962,0.0289083,0.0474379,0.2040465,0.6850702,0.8355627,0.1320599,0.2368660
11.728928710,1791080860.462501526,0,0,-0.0941253,-0.0037468,-0.0052224,-10.5908003,-16.2674026,-11.7456417,-9.4808617,0.6111770,-0.7924340,-0.2970935,0.1913249,0.4980263,-0.0925879,0.3565366,-0.1490928,0.0043848,0.0195197,0.0550052,0.0505937,-0.0163347,0.0066868,0.0288103,0.0475214,0.2040378,0.6850482,0.8355533,0.1338093,0.2369248
11.750420189,1791080860.483993053,0,0,-0.0939306,-0.0036392,-0.0062442,-10.6074924,-16.2512894,-11.7415810,-9.4578714,0.6083012,-0.7952055,-0.2909393,0.1861428,0.4877160,-0.0875101,0.3523144,-0.1522781,0.0042554,0.0194271,0.0553050,0.0504601,-0.0164095,0.0066959,0.0290372,0.0475998,0.2040159,0.6850315,0.8355413,0.1351181,0.2365925
11.769013845,1791080860.502586842,0,0,-0.0933799,-0.0031940,-0.0054831,-10.6101446,-16.2296391,-11.7074881,-9.4427633,0.6075402,-0.7993237,-0.2830124,0.1783227,0.4755007,-0.0811716,0.3428300,-0.1507831,0.0041524,0.0193548,0.0558947,0.0503780,-0.0165024,0.0066985,0.0291519,0.0476611,0.2039989,0.6850149,0.8355299,0.1368248,0.2366097
11.790855386,1791080860.524428606,0,0,-0.0924876,-0.0032986,-0.0066756,-10.6314526,-16.2456341,-11.7407427,-9.4669256,0.6057174,-0.8017464,-0.2770506,0.1740765,0.4674571,-0.0768780,0.3387315,-0.1516118,0.0040479,0.0192841,0.0563839,0.0502981,-0.0165919,0.0067008,0.0292179,0.0477160,0.2039848,0.6849985,0.8355187,0.1383718,0.2367052
11.808856292,1791080860.542429209,0,0,-0.0926099,-0.0037335,-0.0064121,-10.6166754,-16.2125626,-11.7267351,-9.4568243,0.6075961,-0.8053432,-0.2689418,0.1689862,0.4572774,-0.0726763,0.3311054,-0.1587561,0.0039362,0.0191993,0.0574544,0.0502655,-0.0166508,0.0067031,0.0295578,0.0477689,0.2040048,0.6849833,0.8355074,0.1399496,0.2370085
11.828076271,1791080860.561649323,0,0,-0.0936040,-0.0032038,-0.0060536,-10.6156473,-16.2047024,-11.7293015,-9.4528933,0.6085382,-0.8081269,-0.2633039,0.1664853,0.4498502,-0.0692254,0.3241915,-0.1601514,0.0038295,0.0191279,0.0583105,0.0502289,-0.0167010,0.0067059,0.0297224,0.0477958,0.2040246,0.6849688,0.8354966,0.1414676,0.2374008
11.849469368,1791080860.583042145,0,0,-0.0934749,-0.0027726,-0.0062180,-10.6236515,-16.2172527,-11.7541151,-9.4575939,0.6100267,-0.8072639,-0.2579454,0.1637692,0.4443948,-0.0668382,0.3185056,-0.1574900,0.0037620,0.0190774,0.0590737,0.0502150,-0.0167383,0.0067174,0.0297270,0.0479115,0.2039278,0.6849483,0.8354931,0.1439246,0.2379564
11.868027500,1791080860.601599932,0,0,-0.0933910,-0.0028392,-0.0049836,-10.6235895,-16.2179432,-11.7657766,-9.4740829,0.6139143,-0.8095669,-0.2522385,0.1589518,0.4404813,-0.0654413,0.3107848,-0.1574343,0.0037395,0.0190072,0.0590268,0.0501357,-0.0167795,0.0067465,0.0297515,0.0480214,0.2038517,0.6849333,0.8354880,0.1457365,0.2385513
11.890482274,1791080860.624055862,0,0,-0.0944874,-0.0025150,-0.0053026,-10.6217546,-16.1923752,-11.7594442,-9.4567671,0.6132280,-0.8077634,-0.2464960,0.1550113,0.4327089,-0.0638159,0.3020083,-0.1572362,0.0037088,0.0189399,0.0589759,0.0500513,-0.0168227,0.0067776,0.0297633,0.0481292,0.2037770,0.6849185,0.8354828,0.1474117,0.2391718
11.910115459,1791080860.643688440,0,0,-0.0945053,-0.0025436,-0.0054112,-10.6565609,-16.1854649,-11.7979555,-9.4803267,0.6162423,-0.8064293,-0.2392194,0.1512328,0.4268522,-0.0627250,0.2946122,-0.1585518,0.0037077,0.0188551,0.0591515,0.0499059,-0.0168774,0.0068153,0.0297762,0.0482328,0.2036846,0.6849077,0.8354775,0.1489478,0.2399817
11.930869465,1791080860.664442062,0,0,-0.0946329,-0.0024067,-0.0052681,-10.6524630,-16.1754494,-11.8080225,-9.4926481,0.6174479,-0.8030802,-0.2342996,0.1472463,0.4212281,-0.0619308,0.2875639,-0.1581420,0.0037087,0.0187821,0.0592605,0.0497672,-0.0169226,0.0068532,0.0296484,0.0483171,0.2035947,0.6848971,0.8354724,0.1503743,0.2407678
11.951129581,1791080860.684702396,0,0,-0.0950126,-0.0017930,-0.0040605,-10.6651945,-16.1657467,-11.8298874,-9.5269308,0.6191969,-0.7994664,-0.2320101,0.1456386,0.4168973,-0.0624099,0.2823580,-0.1612538,0.0036962,0.0186625,0.0588648,0.0495925,-0.0169828,0.0069076,0.0299693,0.0484198,0.2034396,0.6848934,0.8354665,0.1522671,0.2417689
11.970805780,1791080860.704378843,0,0,-0.0952851,-0.0019492,-0.0043865,-10.6538382,-16.1569309,-11.8508863,-9.5567131,0.6230541,-0.7964345,-0.2274159,0.1437048,0.4133984,-0.0631927,0.2770271,-0.1683818,0.0036612,0.0186083,0.0591340,0.0494484,-0.0170357,0.0069290,0.0300469,0.0484783,0.2033757,0.6848846,0.8354610,0.1550950,0.2426867
11.992044842,1791080860.725618124,0,0,-0.0962331,-0.0016009,-0.0037432,-10.6443481,-16.1461735,-11.8610020,-9.5753279,0.6257713,-0.7906069,-0.2249024,0.1419958,0.4088637,-0.0634207,0.2726448,-0.1703863,0.0036222,0.0185563,0.0593416,0.0493030,-0.0170895,0.0069516,0.0300976,0.0485350,0.2033121,0.6848758,0.8354556,0.1576268,0.2436763
12.009975146,1791080860.743547916,0,0,-0.0957239,-0.0016730,-0.0030476,-10.6605978,-16.1744423,-11.9284964,-9.6188850,0.6286194,-0.7862834,-0.2233072,0.1418647,0.4093668,-0.0648790,0.2700227,-0.1710580,0.0035388,0.0185620,0.0600556,0.0492020,-0.0171063,0.0069399,0.0299576,0.0485459,0.2033731,0.6848604,0.8354563,0.1603939,0.2450922
12.031804910,1791080860.765377522,0,0,-0.0963818,-0.0019508,-0.0021199,-10.6449881,-16.1694393,-11.9169874,-9.6210470,0.6298954,-0.7813412,-0.2213781,0.1383840,0.4057291,-0.0653266,0.2661313,-0.1723783,0.0034578,0.0185747,0.0605901,0.0491050,-0.0171211,0.0069286,0.0297746,0.0485492,0.2034337,0.6848452,0.8354568,0.1628828,0.2465036
12.052220342,1791080860.785793066,0,0,-0.0957057,-0.0022358,-0.0014603,-10.6686440,-16.1840458,-11.9467268,-9.6409731,0.6303083,-0.7762105,-0.2208173,0.1368914,0.4020797,-0.0654932,0.2662051,-0.1726465,0.0033690,0.0185465,0.0601327,0.0489356,-0.0171558,0.0069457,0.0299094,0.0485644,0.2034784,0.6848307,0.8354503,0.1642113,0.2478933
12.070955809,1791080860.804528952,0,0,-0.0954591,-0.0016363,-0.0009931,-10.6824512,-16.1934910,-11.9796495,-9.6583147,0.6316726,-0.7729095,-0.2196464,0.1358827,0.4007703,-0.0657121,0.2651955,-0.1717507,0.0033300,0.0185385,0.0608780,0.0488035,-0.0171852,0.0069532,0.0298740,0.0486143,0.2034870,0.6848104,0.8354455,0.1658695,0.2482616
12.092898099,1791080860.826471090,0,0,-0.0946992,-0.0018399,-0.0016572,-10.6731730,-16.1919289,-11.9786901,-9.6624012,0.6307383,-0.7671759,-0.2185730,0.1332239,0.3958914,-0.0657934,0.2635542,-0.1743742,0.0032889,0.0185354,0.0614563,0.0486759,-0.0172179,0.0069615,0.0298014,0.0486590,0.2034966,0.6847904,0.8354407,0.1674136,0.2486985
12.112421190,1791080860.845994234,0,0,-0.0944414,-0.0021858,-0.0019264,-10.6886549,-16.1841221,-12.0088587,-9.6731014,0.6296998,-0.7621942,-0.2157922,0.1311824,0.3887750,-0.0647810,0.2648803,-0.1781902,0.0032021,0.0185381,0.0618065,0.0485901,-0.0172580,0.0069705,0.0297856,0.0487085,0.2034501,0.6847692,0.8354416,0.1688180,0.2503887
12.132006113,1791080860.865579367,0,0,-0.0941439,-0.0020992,0.0000698,-10.6899366,-16.1712742,-12.0071020,-9.6951942,0.6315718,-0.7618604,-0.2131792,0.1281914,0.3842346,-0.0636092,0.2599348,-0.1783861,0.0031117,0.0185459,0.0620520,0.0485044,-0.0173026,0.0069806,0.0297615,0.0487567,0.2034017,0.6847483,0.8354425,0.1701241,0.2521000
12.152893544,1791080860.886466503,0,0,-0.0951369,-0.0019992,-0.0004272,-10.6975889,-16.1889381,-12.0363321,-9.7318506,0.6327056,-0.7593615,-0.2108435,0.1293915,0.3841623,-0.0643223,0.2561202,-0.1792410,0.0030434,0.0185194,0.0614732,0.0483439,-0.0173789,0.0070255,0.0298869,0.0488160,0.2033875,0.6847344,0.8354395,0.1700067,0.2529721
12.173951462,1791080860.907524347,0,0,-0.0952527,-0.0026947,-0.0011650,-10.7025805,-16.1907387,-12.0905724,-9.7510214,0.6316413,-0.7553625,-0.2073493,0.1280627,0.3790538,-0.0633952,0.2559878,-0.1843391,0.0029473,0.0185124,0.0606477,0.0482129,-0.0174874,0.0070642,0.0298119,0.0488824,0.2033617,0.6847194,0.8354346,0.1703227,0.2536452
12.192196560,1791080860.925769806,0,0,-0.0964110,-0.0025632,-0.0005689,-10.6852198,-16.1636829,-12.0850849,-9.7537279,0.6320728,-0.7540562,-0.2051965,0.1280111,0.3758039,-0.0628177,0.2530075,-0.1889445,0.0028401,0.0184954,0.0600593,0.0480823,-0.0176129,0.0071046,0.0298999,0.0489682,0.2033342,0.6847040,0.8354296,0.1705853,0.2543588
12.211233603,1791080860.944806576,0,0,-0.0971632,-0.0028548,-0.0009287,-10.6803560,-16.1676502,-12.0766115,-9.7606153,0.6325623,-0.7542315,-0.2049359,0.1298296,0.3781798,-0.0639559,0.2506033,-0.1941273,0.0027750,0.0184946,0.0596667,0.0479514,-0.0177330,0.0071449,0.0297995,0.0490471,0.2033237,0.6846889,0.8354256,0.1715603,0.2545025
12.234051753,1791080860.967624903,0,0,-0.0972839,-0.0023470,-0.0010932,-10.6934805,-16.1768322,-12.0992079,-9.7679749,0.6309733,-0.7536843,-0.2030905,0.1310972,0.3783486,-0.0635430,0.2451993,-0.1933234,0.0027052,0.0184912,0.0593763,0.0478252,-0.0178544,0.0071862,0.0297543,0.0491328,0.2033145,0.6846734,0.8354214,0.1724984,0.2546273
12.252344921,1791080860.985918045,0,0,-0.0981563,-0.0026659,-0.0007161,-10.6845179,-16.1863270,-12.0926208,-9.7809448,0.6265920,-0.7546802,-0.2039164,0.1324646,0.3809147,-0.0636885,0.2450930,-0.1926976,0.0025961,0.0184337,0.0588888,0.0476707,-0.0179780,0.0072452,0.0301143,0.0492212,0.2032975,0.6846599,0.8354157,0.1724410,0.2551175
12.273919892,1791080861.007492781,0,0,-0.0974807,-0.0037057,-0.0016176,-10.6855516,-16.1961308,-12.1163874,-9.8015032,0.6293619,-0.7573782,-0.2010002,0.1313300,0.3819695,-0.0637621,0.2426319,-0.1977435,0.0025055,0.0183689,0.0580946,0.0475154,-0.0181105,0.0073110,0.0304833,0.0493386,0.2032197,0.6846465,0.8354102,0.1725132,0.2559021
12.294116697,1791080861.027689695,0,0,-0.0975460,-0.0036401,-0.0020995,-10.6841440,-16.1976376,-12.1524220,-9.8155785,0.6337610,-0.7612351,-0.1993453,0.1321029,0.3849646,-0.0641094,0.2405111,-0.2010222,0.0024061,0.0182997,0.0575191,0.0473624,-0.0182444,0.0073770,0.0308686,0.0494609,0.2031430,0.6846330,0.8354048,0.1726033,0.2567421
12.313842148,1791080861.047415018,0,0,-0.0978146,-0.0033301,-0.0029244,-10.6610775,-16.1746044,-12.1142673,-9.7950783,0.6350170,-0.7622882,-0.2008908,0.1324103,0.3854395,-0.0646076,0.2400786,-0.2041325,0.0023853,0.0181914,0.0577273,0.0472862,-0.0183534,0.0074578,0.0313791,0.0495925,0.2030037,0.6846230,0.8354005,0.1729471,0.2574102
12.332793550,1791080861.066366673,0,0,-0.0986337,-0.0029208,-0.0027873,-10.6669722,-16.1841717,-12.1045504,-9.7864370,0.6345317,-0.7644113,-0.2010445,0.1334797,0.3900566,-0.0655963,0.2368219,-0.2031086,0.0023642,0.0180941,0.0578673,0.0472040,-0.0184542,0.0075393,0.0316862,0.0497060,0.2028696,0.6846133,0.8353961,0.1733758,0.2580879
12.354887583,1791080861.088460207,0,0,-0.0987040,-0.0025640,-0.0025555,-10.6617489,-16.1763058,-12.0719233,-9.8060045,0.6338130,-0.7677864,-0.2016866,0.1342658,0.3951527,-0.0671069,0.2317574,-0.2049761,0.0023589,0.0179648,0.0576922,0.0470799,-0.0185641,0.0076414,0.0319998,0.0498667,0.2026777,0.6846076,0.8353918,0.1734431,0.2587402
12.372796264,1791080861.106369257,0,0,-0.0983222,-0.0036436,-0.0031646,-10.6663599,-16.1906490,-12.1397238,-9.8371210,0.6353118,-0.7684062,-0.2003890,0.1328887,0.3992021,-0.0688801,0.2331554,-0.2086589,0.0023589,0.0177860,0.0575135,0.0469446,-0.0186588,0.0077515,0.0326194,0.0500702,0.2024469,0.6846043,0.8353856,0.1728087,0.2595190
12.392258034,1791080861.125831127,0,0,-0.0978958,-0.0034922,-0.0029362,-10.6722651,-16.1985321,-12.1870766,-9.8616867,0.6377499,-0.7692193,-0.2020137,0.1357969,0.4064796,-0.0720389,0.2294961,-0.2088492,0.0023541,0.0176124,0.0573734,0.0468073,-0.0187489,0.0078614,0.0331277,0.0502664,0.2022207,0.6846010,0.8353794,0.1722946,0.2602494
12.412422580,1791080861.145995855,0,0,-0.0992847,-0.0031663,-0.0032624,-10.6502733,-16.1951599,-12.1706486,-9.8541384,0.6385924,-0.7689186,-0.2019949,0.1361274,0.4102798,-0.0739300,0.2238954,-0.2122733,0.0023532,0.0174346,0.0569684,0.0466505,-0.0188356,0.0079712,0.0339260,0.0505161,0.2019032,0.6845959,0.8353733,0.1723309,0.2613309
12.435950869,1791080861.169523716,0,0,-0.0998478,-0.0038201,-0.0034087,-10.6508284,-16.1952152,-12.1897383,-9.8859444,0.6429736,-0.7687163,-0.2034380,0.1393798,0.4230506,-0.0794886,0.2239240,-0.2182467,0.0023438,0.0172595,0.0566665,0.0464946,-0.0189255,0.0080810,0.0345999,0.0507611,0.2015928,0.6845909,0.8353674,0.1723246,0.2624778
12.453453517,1791080861.187026739,0,0,-0.1000634,-0.0042142,-0.0041936,-10.6402159,-16.1973953,-12.2112474,-9.9149590,0.6455626,-0.7656361,-0.2040862,0.1430156,0.4330663,-0.0841263,0.2227610,-0.2206984,0.0023197,0.0171129,0.0563138,0.0463017,-0.0190254,0.0081876,0.0350351,0.0509633,0.2013670,0.6845897,0.8353621,0.1722694,0.2637375
12.474999705,1791080861.208572626,0,0,-0.1008300,-0.0044851,-0.0042302,-10.6390619,-16.1978569,-12.2196779,-9.9235392,0.6451601,-0.7618774,-0.2050240,0.1456342,0.4415162,-0.0883939,0.2189134,-0.2205085,0.0023112,0.0169747,0.0558746,0.0461419,-0.0191283,0.0082911,0.0354680,0.0511465,0.2011616,0.6845882,0.8353570,0.1722606,0.2648009
12.495553130,1791080861.229126453,0,0,-0.1011675,-0.0046088,-0.0036731,-10.6495619,-16.2263088,-12.2740622,-9.9747524,0.6471645,-0.7600638,-0.2067376,0.1501070,0.4561692,-0.0947203,0.2195533,-0.2224968,0.0022995,0.0168402,0.0555468,0.0459904,-0.0192273,0.0083943,0.0357936,0.0513234,0.2009581,0.6845866,0.8353519,0.1722599,0.2658544
12.514356739,1791080861.247929811,0,0,-0.1023929,-0.0049219,-0.0035563,-10.6318703,-16.2226639,-12.2698450,-9.9871483,0.6476686,-0.7576575,-0.2098829,0.1508160,0.4660409,-0.1000879,0.2208362,-0.2292026,0.0022918,0.0166669,0.0547919,0.0457763,-0.0193033,0.0085068,0.0363683,0.0515357,0.2007149,0.6845897,0.8353456,0.1723853,0.2668199
12.534941624,1791080861.268514872,0,0,-0.1025445,-0.0050138,-0.0032700,-10.6330872,-16.2184505,-12.2939377,-10.0122747,0.6488476,-0.7560072,-0.2130666,0.1537125,0.4779729,-0.1060262,0.2236505,-0.2351781,0.0022732,0.0164911,0.0542422,0.0455689,-0.0193811,0.0086191,0.0369204,0.0517509,0.2004733,0.6845928,0.8353393,0.1724776,0.2678318
12.557987038,1791080861.291560173,0,0,-0.1034692,-0.0047495,-0.0024467,-10.6249409,-16.2356701,-12.3125753,-10.0246077,0.6501660,-0.7544261,-0.2179166,0.1589788,0.4920476,-0.1115481,0.2239388,-0.2350626,0.0021967,0.0163320,0.0538274,0.0453260,-0.0194572,0.0087224,0.0373922,0.0519498,0.2002596,0.6845958,0.8353327,0.1727157,0.2689410
12.574225113,1791080861.307798386,0,0,-0.1032976,-0.0051678,-0.0026000,-10.6283674,-16.2565804,-12.3346910,-10.0406809,0.6499684,-0.7508715,-0.2212187,0.1602965,0.5004140,-0.1161266,0.2301946,-0.2368144,0.0021120,0.0161891,0.0534932,0.0451185,-0.0195470,0.0088204,0.0378430,0.0521545,0.2000262,0.6845883,0.8353261,0.1725946,0.2700840
12.593816371,1791080861.327389479,0,0,-0.1035205,-0.0050685,-0.0022395,-10.6362257,-16.2491360,-12.3243904,-10.0427742,0.6494942,-0.7488277,-0.2273766,0.1629179,0.5116893,-0.1216912,0.2337230,-0.2364301,0.0020230,0.0160466,0.0532481,0.0449194,-0.0196374,0.0089184,0.0382170,0.0523578,0.1997945,0.6845806,0.8353196,0.1724763,0.2711948
12.614318750,1791080861.347891808,0,0,-0.1043609,-0.0053846,-0.0022818,-10.6187735,-16.2462826,-12.3312101,-10.0632668,0.6507462,-0.7492443,-0.2329424,0.1668834,0.5262799,-0.1282388,0.2382460,-0.2438527,0.0019143,0.0159231,0.0532366,0.0447389,-0.0197336,0.0090112,0.0381357,0.0525006,0.1996514,0.6845749,0.8353126,0.1718337,0.2721748
12.634119538,1791080861.367693424,0,0,-0.1048682,-0.0055912,-0.0030098,-10.6215677,-16.2507458,-12.3514814,-10.0702448,0.6499664,-0.7496214,-0.2411988,0.1735770,0.5417070,-0.1348056,0.2442903,-0.2469368,0.0018036,0.0157955,0.0532468,0.0445721,-0.0198334,0.0091036,0.0380966,0.0526459,0.1995093,0.6845691,0.8353056,0.1712352,0.2730809
12.656507590,1791080861.390080452,0,0,-0.1046698,-0.0054351,-0.0027523,-10.6202383,-16.2451878,-12.3406935,-10.0869188,0.6506701,-0.7532549,-0.2501273,0.1779287,0.5565485,-0.1406413,0.2490084,-0.2522538,0.0016374,0.0156874,0.0530246,0.0442282,-0.0199701,0.0091858,0.0381141,0.0527662,0.1994531,0.6845652,0.8352984,0.1703246,0.2738441
12.674769212,1791080861.408342123,0,0,-0.1050732,-0.0060593,-0.0034202,-10.6175203,-16.2449512,-12.3626204,-10.0939093,0.6518230,-0.7573424,-0.2593763,0.1822672,0.5745912,-0.1472034,0.2571554,-0.2529783,0.0015109,0.0155752,0.0530488,0.0440758,-0.0201301,0.0092684,0.0380210,0.0529262,0.1993349,0.6845552,0.8352915,0.1690754,0.2750074
12.693813394,1791080861.427386045,0,0,-0.1056762,-0.0063794,-0.0041212,-10.6079197,-16.2189083,-12.3354197,-10.0877447,0.6515328,-0.7617388,-0.2735085,0.1917135,0.5936370,-0.1548710,0.2663025,-0.2572761,0.0013876,0.0154654,0.0530798,0.0439379,-0.0202862,0.0093501,0.0378698,0.0530793,0.1992162,0.6845451,0.8352846,0.1679329,0.2761369
12.716402175,1791080861.449975491,0,0,-0.1048723,-0.0064386,-0.0053276,-10.6248922,-16.2279587,-12.3821096,-10.1134844,0.6496976,-0.7673212,-0.2848595,0.2001398,0.6099752,-0.1609594,0.2780313,-0.2607737,0.0012652,0.0153314,0.0533562,0.0438692,-0.0204158,0.0094310,0.0378412,0.0532431,0.1990697,0.6845387,0.8352769,0.1671330,0.2771931
12.734219774,1791080861.467792749,0,0,-0.1046555,-0.0065319,-0.0056923,-10.6278124,-16.2236576,-12.3694096,-10.0959883,0.6460696,-0.7711304,-0.2993699,0.2078544,0.6247734,-0.1671149,0.2860757,-0.2609231,0.0011446,0.0151991,0.0535858,0.0438030,-0.0205334,0.0095113,0.0377630,0.0534010,0.1989245,0.6845323,0.8352693,0.1664329,0.2781588
12.754276914,1791080861.487849712,0,0,-0.1052023,-0.0064788,-0.0046695,-10.6322966,-16.2162819,-12.3388319,-10.0922861,0.6464847,-0.7783626,-0.3136210,0.2140695,0.6411517,-0.1724404,0.2925870,-0.2557191,0.0010482,0.0150615,0.0536830,0.0437948,-0.0206172,0.0095960,0.0378471,0.0535869,0.1986976,0.6845220,0.8352629,0.1667465,0.2791077
12.773862763,1791080861.507435799,0,0,-0.1055184,-0.0067729,-0.0054716,-10.6174250,-16.1980362,-12.3406477,-10.0894861,0.6467476,-0.7854935,-0.3242914,0.2173978,0.6529267,-0.1764602,0.3023188,-0.2596738,0.0009321,0.0149033,0.0539421,0.0437749,-0.0206995,0.0096818,0.0379070,0.0537706,0.1984761,0.6845152,0.8352548,0.1665274,0.2799627
12.796225533,1791080861.529798508,0,0,-0.1051232,-0.0070402,-0.0058006,-10.6204805,-16.1554470,-12.3016224,-10.0695143,0.6481732,-0.7920773,-0.3392907,0.2219093,0.6668816,-0.1820988,0.3090780,-0.2595719,0.0008114,0.0147444,0.0541527,0.0437522,-0.0207805,0.0097670,0.0379687,0.0539545,0.1982569,0.6845085,0.8352468,0.1663169,0.2808233
12.815951207,1791080861.549524307,0,0,-0.1059896,-0.0067221,-0.0062973,-10.6246204,-16.1200619,-12.2790442,-10.0588598,0.6475956,-0.7984226,-0.3554910,0.2314160,0.6829854,-0.1888196,0.3154355,-0.2618424,0.0006941,0.0146016,0.0545154,0.0437716,-0.0208708,0.0098496,0.0378871,0.0541104,0.1980673,0.6844985,0.8352392,0.1657593,0.2818273
12.833864274,1791080861.567437649,0,0,-0.1061049,-0.0070291,-0.0073393,-10.6332788,-16.0947208,-12.2586565,-10.0570116,0.6475546,-0.8034634,-0.3691924,0.2361166,0.6980566,-0.1954399,0.3239976,-0.2628273,0.0005620,0.0144566,0.0547830,0.0438209,-0.0209644,0.0099301,0.0377280,0.0542991,0.1977933,0.6844851,0.8352312,0.1652229,0.2830628
12.856287787,1791080861.589860678,0,0,-0.1071125,-0.0070668,-0.0071842,-10.6334352,-16.0467587,-12.2337713,-10.0576277,0.6478969,-0.8110237,-0.3841949,0.2414852,0.7151732,-0.2022737,0.3298553,-0.2656087,0.0004248,0.0143085,0.0550101,0.0438665,-0.0210615,0.0100104,0.0376488,0.0544922,0.1975213,0.6844715,0.8352233,0.1647063,0.2842621
12.874331461,1791080861.607904196,0,0,-0.1085049,-0.0066671,-0.0077574,-10.6331940,-15.9920559,-12.2023420,-10.0504990,0.6454467,-0.8171339,-0.4009158,0.2461383,0.7293572,-0.2086671,0.3353754,-0.2702948,0.0002807,0.0141334,0.0553673,0.0438824,-0.0211529,0.0101046,0.0375612,0.0547058,0.1972171,0.6844563,0.8352158,0.1635125,0.2854130
12.894993636,1791080861.628566504,0,0,-0.1075227,-0.0075439,-0.0086006,-10.6495943,-15.9790220,-12.2180319,-10.0686102,0.6436691,-0.8242439,-0.4100889,0.2452103,0.7424415,-0.2134958,0.3390799,-0.2745386,0.0001406,0.0139659,0.0556633,0.0439046,-0.0212396,0.0101966,0.0373758,0.0549095,0.1969173,0.6844412,0.8352084,0.1624609,0.2865061
12.918359185,1791080861.651932240,0,0,-0.1074624,-0.0081469,-0.0077908,-10.6618719,-15.9513893,-12.2462568,-10.0873270,0.6443801,-0.8303389,-0.4238631,0.2459770,0.7572277,-0.2199023,0.3493001,-0.2716934,0.0000105,0.0138038,0.0558219,0.0439461,-0.0213186,0.0102838,0.0371498,0.0550991,0.1966446,0.6844279,0.8352008,0.1620415,0.2873619
12.935866281,1791080861.669439077,0,0,-0.1081312,-0.0081778,-0.0087961,-10.6436243,-15.9062986,-12.2107515,-10.0815010,0.6459833,-0.8346134,-0.4366756,0.2465488,0.7698950,-0.2263351,0.3551327,-0.2777347,-0.0001169,0.0136771,0.0558234,0.0439723,-0.0214048,0.0103645,0.0368516,0.0552617,0.1964219,0.6844130,0.8351945,0.1617239,0.2884454
12.956031403,1791080861.689604044,0,0,-0.1088268,-0.0078344,-0.0089276,-10.6506777,-15.8506327,-12.1972313,-10.0702620,0.6471968,-0.8397828,-0.4511355,0.2453704,0.7827147,-0.2322621,0.3622060,-0.2776058,-0.0002449,0.0135510,0.0558292,0.0439955,-0.0214948,0.0104448,0.0365826,0.0554224,0.1962020,0.6843982,0.8351882,0.1614298,0.2895182
12.974391340,1791080861.707963943,0,0,-0.1093686,-0.0078227,-0.0102075,-10.6504898,-15.8123531,-12.1922846,-10.0678015,0.6441712,-0.8438469,-0.4667166,0.2452146,0.7961813,-0.2394465,0.3755415,-0.2829033,-0.0003755,0.0134222,0.0559724,0.0440086,-0.0216119,0.0105298,0.0361893,0.0555997,0.1959643,0.6843835,0.8351820,0.1605410,0.2907376
12.996178230,1791080861.729751110,0,0,-0.1089210,-0.0080079,-0.0103271,-10.6538954,-15.7732201,-12.1918459,-10.0712442,0.6411997,-0.8518875,-0.4804614,0.2443741,0.8118305,-0.2457466,0.3830388,-0.2865115,-0.0005043,0.0132940,0.0561008,0.0440265,-0.0217278,0.0106138,0.0358253,0.0557737,0.1957269,0.6843687,0.8351759,0.1597631,0.2918774
13.016355097,1791080861.749927998,0,0,-0.1087987,-0.0090151,-0.0100816,-10.6638660,-15.7316103,-12.2023859,-10.0735664,0.6417873,-0.8580877,-0.4962651,0.2431880,0.8280034,-0.2531365,0.3887357,-0.2850055,-0.0006648,0.0131579,0.0563038,0.0440428,-0.0218420,0.0106966,0.0354907,0.0559262,0.1955193,0.6843535,0.8351691,0.1589909,0.2927661
13.035993881,1791080861.769567013,0,0,-0.1091049,-0.0094275,-0.0110194,-10.6877089,-15.7004204,-12.2195120,-10.0834742,0.6421643,-0.8622841,-0.5068966,0.2451606,0.8408267,-0.2598995,0.3988666,-0.2851807,-0.0007766,0.0129746,0.0567080,0.0441899,-0.0218954,0.0107817,0.0352072,0.0561244,0.1952121,0.6843342,0.8351616,0.1589339,0.2933831
13.058120621,1791080861.791693926,0,0,-0.1088564,-0.0090385,-0.0120167,-10.6922197,-15.6568060,-12.2120104,-10.0879812,0.6414087,-0.8674209,-0.5184928,0.2487112,0.8536847,-0.2665728,0.4058992,-0.2857298,-0.0008895,0.0127972,0.0570415,0.0443272,-0.0219425,0.0108652,0.0348849,0.0563153,0.1949103,0.6843153,0.8351542,0.1589149,0.2939994
13.077098171,1791080861.810671091,0,0,-0.1097534,-0.0096201,-0.0115797,-10.6752863,-15.6020670,-12.1862383,-10.0617733,0.6419837,-0.8710429,-0.5324171,0.2474753,0.8661291,-0.2744558,0.4096803,-0.2882455,-0.0010236,0.0126873,0.0570248,0.0444159,-0.0220312,0.0109436,0.0340862,0.0564275,0.1947207,0.6842988,0.8351486,0.1591267,0.2944383
13.101032559,1791080861.834606171,0,0,-0.1099660,-0.0099425,-0.0113010,-10.6780767,-15.5677910,-12.1998892,-10.0590115,0.6425120,-0.8751212,-0.5394782,0.2499702,0.8788658,-0.2810023,0.4164682,-0.2851865,-0.0011597,0.0125688,0.0570310,0.0445026,-0.0221284,0.0110220,0.0335072,0.0565517,0.1945316,0.6842819,0.8351429,0.1592839,0.2947831
13.120849861,1791080861.854422569,0,0,-0.1100981,-0.0106099,-0.0121041,-10.6757727,-15.5213585,-12.1868629,-10.0490589,0.6424842,-0.8786290,-0.5501603,0.2506697,0.8908100,-0.2880656,0.4261982,-0.2837980,-0.0012909,0.0124678,0.0573853,0.0446303,-0.0222182,0.0110895,0.0332164,0.0566713,0.1943515,0.6842602,0.8351376,0.1594939,0.2953148
13.140019243,1791080861.873592138,0,0,-0.1097114,-0.0108216,-0.0123504,-10.6844072,-15.4963274,-12.1875525,-10.0410690,0.6420807,-0.8806126,-0.5553145,0.2496949,0.8985188,-0.2924784,0.4331090,-0.2826372,-0.0014247,0.0123211,0.0575396,0.0447409,-0.0223085,0.0111729,0.0329217,0.0568236,0.1940963,0.6842439,0.8351311,0.1594710,0.2958614
13.158804097,1791080861.892377138,0,0,-0.1091232,-0.0114457,-0.0123538,-10.6863356,-15.4519634,-12.1668653,-10.0429029,0.6426740,-0.8857236,-0.5633669,0.2487428,0.9082884,-0.2983941,0.4372555,-0.2894689,-0.0015602,0.0121731,0.0576690,0.0448483,-0.0224052,0.0112556,0.0327031,0.0569787,0.1938416,0.6842275,0.8351247,0.1594198,0.2964621
13.178159102,1791080861.911731958,0,0,-0.1095393,-0.0108097,-0.0122166,-10.6990929,-15.4211197,-12.1453314,-10.0281754,0.6404486,-0.8860006,-0.5717903,0.2499687,0.9131755,-0.3030866,0.4401657,-0.2888701,-0.0016958,0.0121023,0.0573380,0.0448750,-0.0225196,0.0113185,0.0323476,0.0570559,0.1937335,0.6842139,0.8351190,0.1598120,0.2970252
13.197747672,1791080861.931320667,0,0,-0.1096644,-0.0109603,-0.0118111,-10.7117500,-15.4012318,-12.1576815,-10.0337362,0.6393000,-0.8896310,-0.5782408,0.2516751,0.9232215,-0.3086841,0.4436402,-0.2851470,-0.0018364,0.0120197,0.0570763,0.0448963,-0.0226419,0.0113823,0.0322211,0.0571519,0.1936248,0.6842000,0.8351133,0.1601272,0.2975367
13.219670611,1791080861.953243971,0,0,-0.1107118,-0.0105159,-0.0121253,-10.7059689,-15.3609066,-12.0855331,-9.9951239,0.6359709,-0.8914461,-0.5880879,0.2534007,0.9299303,-0.3119591,0.4415527,-0.2818523,-0.0020373,0.0118862,0.0564500,0.0447854,-0.0227821,0.0114528,0.0329664,0.0573562,0.1933744,0.6841853,0.8351063,0.1600072,0.2986917
13.239405919,1791080861.972978830,0,0,-0.1099232,-0.0107304,-0.0129820,-10.7197800,-15.3618584,-12.1226254,-10.0120497,0.6346577,-0.8979447,-0.5896641,0.2548087,0.9400652,-0.3158740,0.4526142,-0.2817021,-0.0022474,0.0116526,0.0562646,0.0447472,-0.0229338,0.0115497,0.0339310,0.0576755,0.1929218,0.6841754,0.8350978,0.1588137,0.3001382
13.260272791,1791080861.993845701,0,0,-0.1089084,-0.0116712,-0.0133658,-10.7014837,-15.3363647,-12.1034880,-9.9873075,0.6356083,-0.9037345,-0.5979183,0.2522967,0.9470895,-0.3188465,0.4544453,-0.2879977,-0.0024457,0.0114305,0.0560989,0.0447129,-0.0230724,0.0116447,0.0346415,0.0579807,0.1924720,0.6841657,0.8350895,0.1577448,0.3015918
13.279584252,1791080862.013157129,0,0,-0.1092401,-0.0116958,-0.0133603,-10.7027969,-15.3020191,-12.0619345,-9.9476919,0.6363794,-0.9066282,-0.6062711,0.2526727,0.9514735,-0.3203641,0.4498782,-0.2893564,-0.0026354,0.0111985,0.0561585,0.0445840,-0.0231523,0.0117344,0.0357585,0.0583038,0.1921021,0.6841581,0.8350804,0.1560702,0.3027029
13.302825062,1791080862.036398411,0,0,-0.1092442,-0.0113220,-0.0138713,-10.7182617,-15.2972670,-12.0708914,-9.9402056,0.6350969,-0.9073945,-0.6090676,0.2582980,0.9564165,-0.3230346,0.4534018,-0.2808782,-0.0028156,0.0109713,0.0561914,0.0444619,-0.0232170,0.0118233,0.0366812,0.0586170,0.1917433,0.6841509,0.8350714,0.1546524,0.3037637
13.325984167,1791080862.059557199,0,0,-0.1083484,-0.0116067,-0.0133492,-10.7079821,-15.3031826,-12.0962753,-9.9736042,0.6386517,-0.9117911,-0.6041620,0.2607826,0.9614055,-0.3255659,0.4565884,-0.2847985,-0.0029847,0.0107825,0.0559433,0.0442470,-0.0232961,0.0119085,0.0377191,0.0589312,0.1914400,0.6841468,0.8350629,0.1532941,0.3049064
13.344979204,1791080862.078552008,0,0,-0.1094097,-0.0117835,-0.0126346,-10.6767197,-15.2620049,-12.0698290,-9.9519386,0.6426277,-0.9137032,-0.6079922,0.2618156,0.9645995,-0.3284827,0.4589102,-0.2869696,-0.0031244,0.0106177,0.0559470,0.0440734,-0.0233968,0.0119905,0.0384318,0.0591842,0.1912125,0.6841413,0.8350555,0.1516930,0.3063026
13.364916303,1791080862.098489285,0,0,-0.1104259,-0.0113519,-0.0128323,-10.6680727,-15.2422199,-12.0446167,-9.9199715,0.6423562,-0.9154432,-0.6108493,0.2649773,0.9681246,-0.3310446,0.4556611,-0.2913183,-0.0032547,0.0104578,0.0559417,0.0439100,-0.0234925,0.0120722,0.0389723,0.0594256,0.1909907,0.6841360,0.8350481,0.1502844,0.3076419
13.386312419,1791080862.119885683,0,0,-0.1095297,-0.0119446,-0.0128897,-10.6715994,-15.2331905,-12.0400476,-9.9118195,0.6413356,-0.9187046,-0.6117220,0.2677713,0.9756346,-0.3349162,0.4558567,-0.2948321,-0.0033473,0.0102979,0.0561092,0.0437678,-0.0235399,0.0121541,0.0391904,0.0596529,0.1907995,0.6841274,0.8350413,0.1489502,0.3086724
13.404563498,1791080862.138136387,0,0,-0.1085973,-0.0126970,-0.0127751,-10.6976709,-15.2491150,-12.0943098,-9.9371243,0.6430227,-0.9207678,-0.6073779,0.2657450,0.9808835,-0.3379800,0.4619447,-0.2921503,-0.0034743,0.0101049,0.0564715,0.0436112,-0.0235590,0.0122398,0.0395753,0.0598817,0.1906172,0.6841210,0.8350337,0.1477195,0.3093583
13.426056841,1791080862.159629822,0,0,-0.1092992,-0.0118314,-0.0124330,-10.6907473,-15.2237387,-12.0896921,-9.9356184,0.6412836,-0.9194674,-0.6087966,0.2695960,0.9808133,-0.3395844,0.4540905,-0.2935034,-0.0035964,0.0099177,0.0567530,0.0434658,-0.0235746,0.0123252,0.0398290,0.0600996,0.1904393,0.6841145,0.8350263,0.1466587,0.3100263
13.444943002,1791080862.178515911,0,0,-0.1085713,-0.0119227,-0.0124338,-10.7113771,-15.2348003,-12.1291838,-9.9761858,0.6434674,-0.9209206,-0.6042208,0.2763782,0.9854613,-0.3448403,0.4585764,-0.2951663,-0.0037663,0.0098160,0.0569183,0.0431873,-0.0236787,0.0123967,0.0394725,0.0602124,0.1904181,0.6841019,0.8350201,0.1452622,0.3102170
13.466029034,1791080862.199601889,0,0,-0.1093526,-0.0116045,-0.0121021,-10.6965923,-15.2150116,-12.1153536,-9.9643784,0.6458066,-0.9201603,-0.6028357,0.2783491,0.9869052,-0.3474998,0.4568365,-0.2967351,-0.0039379,0.0097002,0.0570668,0.0429255,-0.0238018,0.0124694,0.0393487,0.0603424,0.1903952,0.6840890,0.8350139,0.1439483,0.3103141
13.486861180,1791080862.220434427,0,0,-0.1100345,-0.0114611,-0.0140562,-10.6789217,-15.2065945,-12.1171999,-9.9543715,0.6464582,-0.9202942,-0.5946597,0.2829386,0.9888079,-0.3491692,0.4512742,-0.2992767,-0.0041550,0.0095739,0.0574538,0.0426793,-0.0239307,0.0125304,0.0394754,0.0604525,0.1904052,0.6840768,0.8350065,0.1419906,0.3103508
13.507584546,1791080862.241157532,0,0,-0.1098994,-0.0119050,-0.0143548,-10.6656370,-15.1899891,-12.1055593,-9.9531851,0.6481401,-0.9214391,-0.5889342,0.2868716,0.9918882,-0.3522755,0.4514916,-0.3037319,-0.0043734,0.0094500,0.0578472,0.0424619,-0.0240609,0.0125925,0.0395028,0.0605515,0.1904193,0.6840627,0.8349994,0.1398018,0.3104999
13.528145397,1791080862.261718750,0,0,-0.1103756,-0.0121258,-0.0137410,-10.6525526,-15.1715088,-12.0985928,-9.9475946,0.6487074,-0.9243070,-0.5861655,0.2919761,0.9963562,-0.3555955,0.4555857,-0.3115266,-0.0045846,0.0093263,0.0581855,0.0422706,-0.0241937,0.0126541,0.0395300,0.0606483,0.1904317,0.6840486,0.8349923,0.1378170,0.3106619
13.549764067,1791080862.283337355,0,0,-0.1101080,-0.0122477,-0.0132323,-10.6492224,-15.1801128,-12.1211004,-9.9688234,0.6497198,-0.9270437,-0.5838355,0.2934964,0.9986451,-0.3570757,0.4571713,-0.3197493,-0.0047765,0.0091772,0.0587479,0.0421739,-0.0243067,0.0127156,0.0398987,0.0607578,0.1904240,0.6840364,0.8349838,0.1360739,0.3108530
13.566751127,1791080862.300324202,0,0,-0.1108288,-0.0125924,-0.0129098,-10.6238356,-15.1683264,-12.0966091,-9.9634390,0.6504810,-0.9280362,-0.5830297,0.2945036,0.9997992,-0.3586782,0.4533654,-0.3269749,-0.0049594,0.0090358,0.0592005,0.0420889,-0.0244061,0.0127768,0.0401430,0.0608558,0.1904164,0.6840244,0.8349754,0.1345082,0.3110513
13.587001542,1791080862.320574760,0,0,-0.1111196,-0.0133296,-0.0132604,-10.6259108,-15.1692801,-12.1043949,-9.9521399,0.6498877,-0.9262414,-0.5753549,0.2982357,1.0004200,-0.3607177,0.4541514,-0.3264817,-0.0051515,0.0088996,0.0594407,0.0419963,-0.0245020,0.0128404,0.0403040,0.0609583,0.1903986,0.6840104,0.8349674,0.1329485,0.3111916
13.607001432,1791080862.340574503,0,0,-0.1113149,-0.0140693,-0.0129144,-10.6118870,-15.1710510,-12.0972528,-9.9495049,0.6504668,-0.9258235,-0.5707127,0.2965724,1.0002354,-0.3615021,0.4606275,-0.3255809,-0.0053473,0.0087643,0.0596906,0.0418368,-0.0246101,0.0129037,0.0403835,0.0610418,0.1904265,0.6839964,0.8349594,0.1312218,0.3109008
13.628045572,1791080862.361618519,0,0,-0.1110388,-0.0140065,-0.0125785,-10.6171026,-15.1713095,-12.1140642,-9.9513531,0.6497150,-0.9249189,-0.5676699,0.2975629,0.9999180,-0.3627555,0.4626601,-0.3268201,-0.0055389,0.0086255,0.0599035,0.0416924,-0.0247195,0.0129666,0.0405165,0.0611295,0.1904536,0.6839823,0.8349515,0.1296373,0.3105693
13.649542147,1791080862.383115053,0,0,-0.1105399,-0.0147511,-0.0128172,-10.6088772,-15.1760921,-12.1467505,-9.9555578,0.6494415,-0.9258193,-0.5666075,0.2998192,1.0013680,-0.3641630,0.4714205,-0.3301705,-0.0057490,0.0084726,0.0599285,0.0416089,-0.0248281,0.0130298,0.0407316,0.0612504,0.1904326,0.6839701,0.8349435,0.1286911,0.3104455
13.670852109,1791080862.404424667,0,0,-0.1101755,-0.0141857,-0.0128004,-10.6138325,-15.1674147,-12.1359243,-9.9525194,0.6484945,-0.9245443,-0.5672753,0.3035598,1.0013356,-0.3645445,0.4727404,-0.3259152,-0.0059614,0.0083204,0.0602037,0.0415352,-0.0249366,0.0130909,0.0410103,0.0613721,0.1904175,0.6839589,0.8349352,0.1272932,0.3103330
13.690349093,1791080862.423922062,0,0,-0.1105345,-0.0142169,-0.0123600,-10.6168451,-15.1584177,-12.1064110,-9.9427366,0.6494585,-0.9214245,-0.5676693,0.3009394,1.0003406,-0.3659692,0.4730137,-0.3227232,-0.0061662,0.0081707,0.0604216,0.0414682,-0.0250413,0.0131522,0.0412644,0.0614926,0.1904021,0.6839479,0.8349270,0.1260050,0.3101932
13.710258860,1791080862.443831921,0,0,-0.1106116,-0.0141863,-0.0122980,-10.6030817,-15.1504383,-12.1226206,-9.9569588,0.6513411,-0.9226843,-0.5637509,0.2995239,1.0014968,-0.3671443,0.4764136,-0.3241421,-0.0063451,0.0080433,0.0607491,0.0413802,-0.0251412,0.0132106,0.0412558,0.0615703,0.1904247,0.6839356,0.8349196,0.1245907,0.3097483
13.730653004,1791080862.464225769,0,0,-0.1104719,-0.0144153,-0.0127802,-10.6108828,-15.1548223,-12.1590853,-9.9694033,0.6507507,-0.9229666,-0.5607808,0.3005069,1.0031072,-0.3693762,0.4819161,-0.3256625,-0.0065193,0.0079150,0.0610292,0.0413042,-0.0252427,0.0132687,0.0412799,0.0616501,0.1904473,0.6839232,0.8349122,0.1232911,0.3092851
13.749801915,1791080862.483374834,0,0,-0.1103561,-0.0144470,-0.0125781,-10.6042585,-15.1460600,-12.1476164,-9.9566822,0.6511292,-0.9222351,-0.5599780,0.3007870,1.0019447,-0.3697080,0.4828496,-0.3272366,-0.0066990,0.0078040,0.0606513,0.0412310,-0.0253534,0.0133240,0.0411910,0.0617225,0.1905055,0.6839095,0.8349054,0.1224442,0.3091208
13.768298463,1791080862.501871347,0,0,-0.1102343,-0.0146997,-0.0133960,-10.6134691,-15.1559067,-12.1716528,-9.9604893,0.6490039,-0.9235449,-0.5543048,0.3004284,1.0025947,-0.3700036,0.4829985,-0.3276041,-0.0068681,0.0076681,0.0606099,0.0411479,-0.0254452,0.0133863,0.0412681,0.0618050,0.1905517,0.6838966,0.8348984,0.1214126,0.3084849
13.789138002,1791080862.522710800,0,0,-0.1099551,-0.0150184,-0.0130465,-10.6270180,-15.1571798,-12.1886482,-9.9676294,0.6482041,-0.9239514,-0.5524768,0.3050320,1.0036314,-0.3704726,0.4865219,-0.3231076,-0.0070311,0.0075362,0.0605690,0.0410751,-0.0255287,0.0134484,0.0413046,0.0618827,0.1905976,0.6838838,0.8348913,0.1205090,0.3078294
13.809875386,1791080862.543448210,0,0,-0.1109354,-0.0144733,-0.0125597,-10.6130381,-15.1394320,-12.1589346,-9.9736414,0.6475197,-0.9247808,-0.5548254,0.3104581,1.0044211,-0.3707891,0.4891787,-0.3243736,-0.0071946,0.0073757,0.0606321,0.0409527,-0.0256136,0.0135235,0.0415293,0.0620329,0.1905819,0.6838737,0.8348840,0.1199193,0.3072073
13.830313534,1791080862.563886642,0,0,-0.1104930,-0.0148357,-0.0131273,-10.6028442,-15.1474743,-12.1699381,-9.9792967,0.6478047,-0.9264075,-0.5532558,0.3116078,1.0060761,-0.3716233,0.4925973,-0.3287796,-0.0073531,0.0072166,0.0606845,0.0408429,-0.0256940,0.0135976,0.0417384,0.0621814,0.1905668,0.6838636,0.8348769,0.1193785,0.3066474
13.850872369,1791080862.584445238,0,0,-0.1103990,-0.0156191,-0.0126047,-10.5967112,-15.1328716,-12.1474428,-9.9631004,0.6467384,-0.9283854,-0.5587453,0.3085906,1.0075552,-0.3716900,0.4978831,-0.3303705,-0.0075030,0.0070670,0.0607613,0.0408672,-0.0257783,0.0136672,0.0419291,0.0622946,0.1905690,0.6838542,0.8348699,0.1182138,0.3066363
13.870377002,1791080862.603949785,0,0,-0.1102841,-0.0153129,-0.0120650,-10.6108198,-15.1353092,-12.1570845,-9.9652433,0.6456710,-0.9292598,-0.5653139,0.3107311,1.0098468,-0.3721930,0.4990641,-0.3241085,-0.0076704,0.0069683,0.0606019,0.0408621,-0.0258562,0.0137211,0.0419652,0.0623615,0.1906127,0.6838414,0.8348638,0.1166586,0.3072652
13.890024211,1791080862.623597145,0,0,-0.1109819,-0.0151484,-0.0121920,-10.5969400,-15.1314106,-12.1348619,-9.9524202,0.6459070,-0.9302083,-0.5666686,0.3117929,1.0100461,-0.3710656,0.4954148,-0.3247444,-0.0078344,0.0068700,0.0604720,0.0408654,-0.0259349,0.0137745,0.0420107,0.0624292,0.1906562,0.6838287,0.8348578,0.1152336,0.3078659
13.910020036,1791080862.643593073,0,0,-0.1116028,-0.0150421,-0.0117064,-10.5995245,-15.1352997,-12.1329622,-9.9482632,0.6458836,-0.9314447,-0.5682845,0.3120026,1.0109906,-0.3706621,0.4955217,-0.3252651,-0.0080131,0.0067801,0.0596760,0.0409407,-0.0259930,0.0138195,0.0422222,0.0624881,0.1907262,0.6838166,0.8348524,0.1133520,0.3096702
13.929296610,1791080862.662869692,0,0,-0.1106514,-0.0153938,-0.0121646,-10.6109419,-15.1502380,-12.1601362,-9.9630575,0.6450368,-0.9320446,-0.5697563,0.3095075,1.0112501,-0.3703618,0.5009491,-0.3240800,-0.0081863,0.0066992,0.0590376,0.0410213,-0.0260345,0.0138632,0.0422962,0.0625368,0.1907967,0.6838046,0.8348470,0.1116603,0.3113648
13.952679933,1791080862.686252832,0,0,-0.1107849,-0.0147323,-0.0119906,-10.6136589,-15.1436615,-12.1464453,-9.9421396,0.6445776,-0.9293784,-0.5743710,0.3108053,1.0083778,-0.3695727,0.4965719,-0.3223433,-0.0083182,0.0066060,0.0589040,0.0411239,-0.0260782,0.0139203,0.0424846,0.0626363,0.1907758,0.6837949,0.8348419,0.1096980,0.3133961
13.970805205,1791080862.704378128,0,0,-0.1105287,-0.0148265,-0.0117011,-10.6155748,-15.1463699,-12.1449442,-9.9374056,0.6454944,-0.9278715,-0.5774939,0.3066505,1.0073951,-0.3687707,0.5005575,-0.3168631,-0.0084039,0.0065581,0.0585536,0.0412561,-0.0261037,0.0139700,0.0422172,0.0626679,0.1907876,0.6837825,0.8348379,0.1076882,0.3158627
13.990216771,1791080862.723789930,0,0,-0.1099090,-0.0147539,-0.0116128,-10.6153650,-15.1390524,-12.1490469,-9.9401426,0.6478324,-0.9259773,-0.5772437,0.3044343,1.0049932,-0.3679115,0.5028268,-0.3144610,-0.0084910,0.0065154,0.0582813,0.0413848,-0.0261236,0.0140192,0.0419205,0.0626951,0.1907992,0.6837701,0.8348337,0.1058975,0.3181972
14.011633081,1791080862.745206356,0,0,-0.1105125,-0.0147026,-0.0109925,-10.6203718,-15.1292028,-12.1480589,-9.9462357,0.6475906,-0.9229095,-0.5801913,0.3046384,1.0018463,-0.3675091,0.5080621,-0.3114952,-0.0086287,0.0064593,0.0581721,0.0415356,-0.0261288,0.0140693,0.0420008,0.0627425,0.1908138,0.6837599,0.8348297,0.1038775,0.3208054
14.030167169,1791080862.763739824,0,0,-0.1099237,-0.0154142,-0.0107292,-10.6058435,-15.1285086,-12.1831923,-9.9654160,0.6485143,-0.9231240,-0.5774684,0.3020651,0.9992154,-0.3666124,0.5131691,-0.3208843,-0.0087622,0.0064174,0.0580851,0.0416872,-0.0261275,0.0141175,0.0419233,0.0627753,0.1908273,0.6837498,0.8348257,0.1020337,0.3234066
14.049823403,1791080862.783395767,0,0,-0.1097953,-0.0150183,-0.0105944,-10.6214323,-15.1505356,-12.2217875,-9.9881525,0.6487606,-0.9199187,-0.5706576,0.3043081,0.9953318,-0.3656165,0.5135570,-0.3218625,-0.0088926,0.0063597,0.0581470,0.0418737,-0.0260950,0.0141628,0.0418703,0.0627844,0.1908585,0.6837394,0.8348213,0.1008862,0.3255326
14.067866458,1791080862.801439047,0,0,-0.1109106,-0.0150899,-0.0093946,-10.6135540,-15.1530590,-12.2218313,-9.9856825,0.6496867,-0.9135455,-0.5643728,0.3023892,0.9896395,-0.3658252,0.5144387,-0.3163944,-0.0090449,0.0062993,0.0581697,0.0421075,-0.0260491,0.0142065,0.0418875,0.0628158,0.1908575,0.6837293,0.8348169,0.0998038,0.3279142
14.088019710,1791080862.821592093,0,0,-0.1124224,-0.0152785,-0.0081164,-10.6056185,-15.1564989,-12.2316694,-10.0049810,0.6488938,-0.9089807,-0.5570189,0.3025449,0.9851500,-0.3656384,0.5173576,-0.3179750,-0.0091965,0.0062406,0.0581742,0.0423268,-0.0260033,0.0142503,0.0418899,0.0628470,0.1908559,0.6837194,0.8348126,0.0987973,0.3302254
14.107921668,1791080862.841494083,0,0,-0.1115659,-0.0164453,-0.0090371,-10.6075096,-15.1944809,-12.2958574,-10.0313082,0.6498075,-0.9037523,-0.5398149,0.3021958,0.9786215,-0.3642767,0.5231029,-0.3212577,-0.0093377,0.0061883,0.0578124,0.0425398,-0.0259468,0.0142927,0.0417100,0.0628371,0.1909064,0.6837089,0.8348087,0.0979083,0.3322634
14.130252389,1791080862.863825321,0,0,-0.1123527,-0.0167085,-0.0091603,-10.5928841,-15.1958637,-12.3059950,-10.0430002,0.6470481,-0.8972820,-0.5250712,0.3033571,0.9709458,-0.3635104,0.5309123,-0.3269865,-0.0094789,0.0061396,0.0575521,0.0427432,-0.0258945,0.0143346,0.0415133,0.0628251,0.1909561,0.6836985,0.8348048,0.0970790,0.3342782
14.152394448,1791080862.885967731,0,0,-0.1126325,-0.0170094,-0.0084867,-10.5838413,-15.2121181,-12.3284121,-10.0607252,0.6475317,-0.8904420,-0.5120397,0.3049428,0.9639819,-0.3639385,0.5302749,-0.3302458,-0.0096508,0.0061028,0.0570666,0.0428411,-0.0258839,0.0143783,0.0413158,0.0628570,0.1909553,0.6836881,0.8348015,0.0962891,0.3366818
14.169109892,1791080862.902682781,0,0,-0.1134851,-0.0166070,-0.0083202,-10.5906973,-15.2332468,-12.3426275,-10.0807962,0.6452925,-0.8834475,-0.4960497,0.3065431,0.9566352,-0.3633761,0.5322208,-0.3318035,-0.0098383,0.0060732,0.0566528,0.0429265,-0.0258721,0.0144153,0.0415405,0.0628784,0.1909870,0.6836792,0.8347985,0.0951739,0.3398568
14.189250342,1791080862.922823191,0,0,-0.1138973,-0.0173583,-0.0076745,-10.5765982,-15.2577705,-12.4126310,-10.1241045,0.6449705,-0.8801180,-0.4760609,0.3051969,0.9532061,-0.3640683,0.5381432,-0.3390047,-0.0100208,0.0060535,0.0563396,0.0430189,-0.0258544,0.0144511,0.0416087,0.0628876,0.1910179,0.6836705,0.8347955,0.0941426,0.3430447
14.210296466,1791080862.943869114,0,0,-0.1133923,-0.0171999,-0.0078162,-10.5901699,-15.3012238,-12.4855499,-10.1838064,0.6445909,-0.8744575,-0.4581404,0.3045730,0.9463121,-0.3629015,0.5457171,-0.3423871,-0.0101545,0.0059940,0.0567302,0.0430998,-0.0258618,0.0145034,0.0414561,0.0629463,0.1910037,0.6836647,0.8347914,0.0934611,0.3444470
14.229899542,1791080862.963472366,0,0,-0.1147365,-0.0179720,-0.0070976,-10.5463037,-15.3036919,-12.4882822,-10.1817284,0.6421752,-0.8702385,-0.4466373,0.2984936,0.9399738,-0.3628481,0.5520898,-0.3552747,-0.0102901,0.0059265,0.0570118,0.0431718,-0.0258785,0.0145559,0.0414844,0.0630136,0.1909873,0.6836587,0.8347874,0.0927428,0.3459111
14.250831060,1791080862.984403610,0,0,-0.1148175,-0.0180565,-0.0068100,-10.5530910,-15.3323326,-12.5319166,-10.2062740,0.6415680,-0.8666954,-0.4323774,0.2990780,0.9351816,-0.3620071,0.5554215,-0.3582609,-0.0104160,0.0058737,0.0575266,0.0433093,-0.0258629,0.0146024,0.0414844,0.0630356,0.1909946,0.6836515,0.8347837,0.0918131,0.3476422
14.270784288,1791080863.004357338,0,0,-0.1154834,-0.0181742,-0.0064013,-10.5476761,-15.3442793,-12.5513735,-10.2204123,0.6392536,-0.8592249,-0.4213811,0.3018949,0.9298215,-0.3630650,0.5574665,-0.3623847,-0.0105242,0.0058440,0.0575480,0.0434419,-0.0258527,0.0146422,0.0414953,0.0630245,0.1910408,0.6836456,0.8347803,0.0912087,0.3496084
14.291199935,1791080863.024773359,0,0,-0.1154734,-0.0188516,-0.0059457,-10.5408821,-15.3731298,-12.5950308,-10.2524958,0.6405600,-0.8540081,-0.4037166,0.3015969,0.9249672,-0.3633592,0.5614519,-0.3680912,-0.0106316,0.0058139,0.0575581,0.0435735,-0.0258429,0.0146817,0.0415383,0.0630128,0.1910865,0.6836397,0.8347769,0.0906253,0.3515786
14.310268826,1791080863.043842316,0,0,-0.1160609,-0.0192082,-0.0056785,-10.5019789,-15.3751583,-12.6081724,-10.2522163,0.6412237,-0.8505043,-0.3898307,0.2957582,0.9177336,-0.3610760,0.5617138,-0.3789862,-0.0107651,0.0057995,0.0568158,0.0436516,-0.0258220,0.0147111,0.0419312,0.0629820,0.1911647,0.6836330,0.8347740,0.0903649,0.3544347
14.330841754,1791080863.064414978,0,0,-0.1164777,-0.0194341,-0.0054123,-10.4978018,-15.4001665,-12.6634102,-10.2754145,0.6426432,-0.8482484,-0.3749906,0.2966214,0.9135218,-0.3607944,0.5618507,-0.3912267,-0.0108965,0.0057900,0.0563132,0.0437269,-0.0257965,0.0147398,0.0422121,0.0629441,0.1912422,0.6836264,0.8347712,0.0901088,0.3573156
14.352346014,1791080863.085919142,0,0,-0.1167121,-0.0196772,-0.0057628,-10.5059576,-15.4444208,-12.7267675,-10.3086176,0.6410167,-0.8424751,-0.3559774,0.2985097,0.9082233,-0.3603141,0.5674165,-0.3937080,-0.0110205,0.0058078,0.0556089,0.0438708,-0.0257590,0.0147601,0.0422736,0.0628634,0.1913506,0.6836172,0.8347687,0.0895221,0.3606013
14.369945434,1791080863.103518486,0,0,-0.1176020,-0.0198711,-0.0048114,-10.4940653,-15.4401035,-12.7330637,-10.3258257,0.6391008,-0.8333603,-0.3424379,0.2985364,0.9010350,-0.3608155,0.5690250,-0.3963691,-0.0111030,0.0057529,0.0569519,0.0439566,-0.0257062,0.0147933,0.0423736,0.0628080,0.1914236,0.6836117,0.8347644,0.0897625,0.3614015
14.390480405,1791080863.124053240,0,0,-0.1178037,-0.0196668,-0.0045120,-10.5010290,-15.4860430,-12.8032103,-10.3728790,0.6381044,-0.8269486,-0.3222488,0.3032362,0.8950692,-0.3608154,0.5707483,-0.4004336,-0.0111844,0.0056940,0.0578291,0.0440455,-0.0256504,0.0148275,0.0425683,0.0627581,0.1914966,0.6836063,0.8347603,0.0900016,0.3622532
14.410213177,1791080863.143785954,0,0,-0.1182028,-0.0204270,-0.0041910,-10.4737043,-15.4924517,-12.8154192,-10.3897142,0.6391805,-0.8198186,-0.3061851,0.3043162,0.8884972,-0.3615749,0.5722709,-0.4102293,-0.0113088,0.0056519,0.0580095,0.0441099,-0.0256248,0.0148621,0.0427023,0.0627134,0.1915898,0.6836014,0.8347566,0.0894228,0.3636394
14.430793561,1791080863.164366245,0,0,-0.1189114,-0.0214522,-0.0038335,-10.4477043,-15.5056915,-12.8499813,-10.4014025,0.6416589,-0.8128055,-0.2890015,0.3002922,0.8804054,-0.3603994,0.5746320,-0.4217395,-0.0114285,0.0056098,0.0581334,0.0441742,-0.0256110,0.0148966,0.0428876,0.0626709,0.1916810,0.6835966,0.8347530,0.0888040,0.3650447
14.452388263,1791080863.185961485,0,0,-0.1194800,-0.0213531,-0.0034555,-10.4415932,-15.5077381,-12.8628874,-10.3966217,0.6415957,-0.8047761,-0.2768254,0.2974707,0.8717870,-0.3590966,0.5717188,-0.4285566,-0.0115438,0.0055546,0.0577536,0.0442496,-0.0255910,0.0149331,0.0433321,0.0626571,0.1917316,0.6835917,0.8347499,0.0886453,0.3672327
14.472207988,1791080863.205780983,0,0,-0.1186337,-0.0217454,-0.0034881,-10.4502420,-15.5536022,-12.9282846,-10.4334764,0.6428230,-0.7969284,-0.2580939,0.2967386,0.8644091,-0.3574561,0.5738742,-0.4290518,-0.0116268,0.0054940,0.0583335,0.0442873,-0.0255693,0.0149745,0.0435454,0.0626245,0.1917898,0.6835908,0.8347463,0.0883634,0.3685862
14.491095068,1791080863.224667788,0,0,-0.1196298,-0.0213979,-0.0024545,-10.4351206,-15.5666752,-12.9413662,-10.4458447,0.6424661,-0.7894999,-0.2481164,0.2970379,0.8562488,-0.3554322,0.5761623,-0.4289425,-0.0117082,0.0054315,0.0586952,0.0443243,-0.0255518,0.0150169,0.0438253,0.0625968,0.1918467,0.6835898,0.8347428,0.0881180,0.3699422
14.512279742,1791080863.245852470,0,0,-0.1204374,-0.0213764,-0.0011076,-10.4302187,-15.5852890,-12.9373894,-10.4576826,0.6412786,-0.7834851,-0.2397849,0.2923439,0.8467078,-0.3518868,0.5712590,-0.4364246,-0.0117831,0.0053687,0.0578099,0.0442942,-0.0255447,0.0150535,0.0442547,0.0625380,0.1919650,0.6835898,0.8347393,0.0886483,0.3712955
14.532990124,1791080863.266563177,0,0,-0.1212257,-0.0214472,-0.0013557,-10.4258366,-15.6255369,-12.9908695,-10.4872160,0.6396448,-0.7782505,-0.2239917,0.2933996,0.8389592,-0.3484505,0.5714637,-0.4444626,-0.0118553,0.0053033,0.0572170,0.0442697,-0.0255385,0.0150901,0.0447051,0.0624821,0.1920837,0.6835898,0.8347359,0.0891033,0.3727389
14.552940295,1791080863.286513329,0,0,-0.1210228,-0.0215405,-0.0006284,-10.4199772,-15.6499748,-13.0095568,-10.5150852,0.6407577,-0.7719482,-0.2164895,0.2915670,0.8307539,-0.3451559,0.5740030,-0.4451956,-0.0119059,0.0052523,0.0573902,0.0443611,-0.0254860,0.0151265,0.0450637,0.0624295,0.1921507,0.6835876,0.8347331,0.0891192,0.3749634
14.572312068,1791080863.305884838,0,0,-0.1218181,-0.0213394,-0.0001542,-10.4142590,-15.6670532,-12.9999790,-10.5167589,0.6428840,-0.7640063,-0.2130607,0.2904061,0.8212730,-0.3418154,0.5721264,-0.4455513,-0.0119615,0.0052358,0.0568601,0.0445042,-0.0254024,0.0151554,0.0452017,0.0623307,0.1922616,0.6835849,0.8347306,0.0891556,0.3777557
14.596329978,1791080863.329903126,0,0,-0.1225432,-0.0211832,0.0009457,-10.4109735,-15.6660671,-12.9778585,-10.5224552,0.6432602,-0.7567304,-0.2134687,0.2858900,0.8127828,-0.3391866,0.5759564,-0.4471084,-0.0120178,0.0052262,0.0565489,0.0446347,-0.0253291,0.0151842,0.0452859,0.0622314,0.1923709,0.6835821,0.8347282,0.0891623,0.3805403
14.614522198,1791080863.348095417,0,0,-0.1221736,-0.0215920,0.0009539,-10.3956146,-15.6867199,-13.0041771,-10.5397987,0.6453755,-0.7521386,-0.2062476,0.2833849,0.8050929,-0.3354611,0.5769129,-0.4548776,-0.0120610,0.0052051,0.0562345,0.0447131,-0.0252758,0.0152139,0.0453237,0.0621306,0.1924733,0.6835781,0.8347257,0.0897528,0.3827532
14.634142030,1791080863.367715120,0,0,-0.1223743,-0.0219713,0.0015996,-10.3929291,-15.7020206,-13.0335283,-10.5457907,0.6452691,-0.7452265,-0.2026415,0.2804990,0.7965963,-0.3322705,0.5778067,-0.4570910,-0.0121058,0.0051868,0.0560422,0.0447822,-0.0252271,0.0152439,0.0453659,0.0620321,0.1925737,0.6835740,0.8347232,0.0902459,0.3849719
14.656043165,1791080863.389616489,0,0,-0.1236581,-0.0210289,0.0028318,-10.3884821,-15.7275314,-13.0658655,-10.5620661,0.6446246,-0.7376339,-0.1955635,0.2846420,0.7881529,-0.3293794,0.5737288,-0.4574637,-0.0121862,0.0051657,0.0561103,0.0448533,-0.0251946,0.0152821,0.0453401,0.0619875,0.1926351,0.6835689,0.8347208,0.0897187,0.3872861
14.674008161,1791080863.407580853,0,0,-0.1244798,-0.0207526,0.0029739,-10.3988218,-15.7415829,-13.0694876,-10.5759439,0.6413355,-0.7296308,-0.1910727,0.2861728,0.7812381,-0.3275624,0.5808446,-0.4546773,-0.0122280,0.0051451,0.0560668,0.0448583,-0.0252084,0.0153220,0.0450525,0.0619253,0.1927161,0.6835641,0.8347180,0.0898980,0.3885845
14.694192534,1791080863.427765131,0,0,-0.1244736,-0.0210254,0.0030193,-10.4008799,-15.7657242,-13.0812616,-10.5965471,0.6397036,-0.7224836,-0.1855246,0.2825900,0.7744392,-0.3255666,0.5853454,-0.4566139,-0.0122724,0.0051188,0.0560462,0.0448657,-0.0252367,0.0153618,0.0449601,0.0618733,0.1927959,0.6835591,0.8347152,0.0899741,0.3899081
14.714648424,1791080863.448221445,0,0,-0.1241914,-0.0210141,0.0030279,-10.4014788,-15.7827168,-13.0974836,-10.6073046,0.6372286,-0.7171700,-0.1779556,0.2804917,0.7674025,-0.3225946,0.5829235,-0.4612974,-0.0123334,0.0050645,0.0569634,0.0448564,-0.0252281,0.0154071,0.0452030,0.0618717,0.1928240,0.6835541,0.8347120,0.0896082,0.3909481
14.734511482,1791080863.468084574,0,0,-0.1237061,-0.0207994,0.0040773,-10.4039145,-15.7947674,-13.1105642,-10.6259584,0.6374127,-0.7133932,-0.1769667,0.2784665,0.7616198,-0.3201864,0.5845098,-0.4649476,-0.0123898,0.0050173,0.0574789,0.0448524,-0.0252127,0.0154520,0.0453544,0.0618642,0.1928511,0.6835492,0.8347089,0.0893075,0.3919734
14.752374034,1791080863.485946894,0,0,-0.1239080,-0.0211673,0.0042158,-10.3939505,-15.8184872,-13.1181345,-10.6222982,0.6382549,-0.7082292,-0.1752181,0.2724600,0.7544476,-0.3167683,0.5865991,-0.4660916,-0.0124461,0.0049805,0.0569843,0.0448811,-0.0251911,0.0154907,0.0455622,0.0618462,0.1929009,0.6835439,0.8347059,0.0895611,0.3932313
14.774510236,1791080863.508082867,0,0,-0.1242779,-0.0207514,0.0043317,-10.3943815,-15.8127422,-13.1152401,-10.6207285,0.6394681,-0.7012864,-0.1732349,0.2710051,0.7470421,-0.3140733,0.5881349,-0.4638900,-0.0124710,0.0049583,0.0565418,0.0449374,-0.0252158,0.0155326,0.0453076,0.0617951,0.1929557,0.6835375,0.8347033,0.0897967,0.3943297
14.794582084,1791080863.528154850,0,0,-0.1239550,-0.0207513,0.0045557,-10.3885527,-15.8274002,-13.1199789,-10.6333170,0.6392900,-0.6974727,-0.1712744,0.2682334,0.7418022,-0.3118190,0.5951798,-0.4643243,-0.0124964,0.0049366,0.0562944,0.0449905,-0.0252512,0.0155742,0.0451238,0.0617477,0.1930094,0.6835311,0.8347006,0.0899555,0.3954074
14.814501309,1791080863.548074484,0,0,-0.1241920,-0.0207350,0.0044448,-10.3719587,-15.8323231,-13.1060686,-10.6184101,0.6363568,-0.6929351,-0.1694344,0.2654487,0.7347453,-0.3086192,0.5958958,-0.4683830,-0.0125453,0.0049036,0.0566242,0.0451069,-0.0252491,0.0156131,0.0451882,0.0617328,0.1930348,0.6835249,0.8346976,0.0901334,0.3964891
14.834382736,1791080863.567955732,0,0,-0.1246559,-0.0208656,0.0046612,-10.3842220,-15.8693399,-13.1313477,-10.6202574,0.6335948,-0.6877722,-0.1661357,0.2644901,0.7264326,-0.3039041,0.5938008,-0.4678768,-0.0125922,0.0048746,0.0567900,0.0452209,-0.0252430,0.0156517,0.0452180,0.0617157,0.1930606,0.6835188,0.8346947,0.0902795,0.3975713
14.854405044,1791080863.587978125,0,0,-0.1246483,-0.0204492,0.0054695,-10.3877325,-15.9026918,-13.1747961,-10.6533003,0.6335944,-0.6835926,-0.1593109,0.2655887,0.7198636,-0.3001169,0.5954868,-0.4685886,-0.0126158,0.0048172,0.0572700,0.0452950,-0.0252358,0.0157033,0.0450258,0.0617155,0.1930506,0.6835119,0.8346915,0.0911531,0.3974130
14.872347125,1791080863.605919838,0,0,-0.1245323,-0.0200666,0.0062179,-10.3913927,-15.9127703,-13.1700602,-10.6497030,0.6324519,-0.6792035,-0.1643586,0.2690515,0.7130474,-0.2967310,0.5927249,-0.4665529,-0.0126874,0.0047862,0.0569264,0.0453460,-0.0252501,0.0157474,0.0448792,0.0617194,0.1930721,0.6835045,0.8346887,0.0914234,0.3978598
14.894085011,1791080863.627658129,0,0,-0.1239823,-0.0198093,0.0057919,-10.4044657,-15.9436054,-13.1869822,-10.6477385,0.6316543,-0.6737375,-0.1671849,0.2686786,0.7035006,-0.2914454,0.5888798,-0.4640653,-0.0127552,0.0047536,0.0567245,0.0453955,-0.0252711,0.0157910,0.0447932,0.0617278,0.1930940,0.6834971,0.8346860,0.0916405,0.3982473
14.912425759,1791080863.645998955,0,0,-0.1243244,-0.0196493,0.0067247,-10.3912992,-15.9315052,-13.1573257,-10.6310167,0.6316026,-0.6707306,-0.1747686,0.2646429,0.6959295,-0.2867991,0.5862546,-0.4655193,-0.0128249,0.0047477,0.0564250,0.0455158,-0.0252948,0.0158261,0.0447230,0.0617206,0.1931098,0.6834896,0.8346837,0.0913472,0.3998004
14.934402871,1791080863.667975664,0,0,-0.1235292,-0.0198169,0.0061949,-10.3880796,-15.9607191,-13.1718903,-10.6276560,0.6325957,-0.6677776,-0.1756294,0.2649412,0.6892847,-0.2825291,0.5851218,-0.4659304,-0.0128907,0.0047499,0.0562395,0.0456351,-0.0253144,0.0158602,0.0445438,0.0617064,0.1931262,0.6834822,0.8346813,0.0911025,0.4013015
14.956204924,1791080863.689778090,0,0,-0.1239217,-0.0193918,0.0072815,-10.3891630,-15.9360847,-13.1378298,-10.5903482,0.6314374,-0.6645950,-0.1896183,0.2627731,0.6829590,-0.2788925,0.5772409,-0.4621770,-0.0129359,0.0046947,0.0567492,0.0456815,-0.0253829,0.0159203,0.0443058,0.0618026,0.1930325,0.6834775,0.8346782,0.0913651,0.4012488
14.974004749,1791080863.707577705,0,0,-0.1239770,-0.0188156,0.0077874,-10.4029579,-15.9568596,-13.1258650,-10.5866804,0.6321965,-0.6629041,-0.2010115,0.2634833,0.6772153,-0.2744441,0.5714446,-0.4559017,-0.0129658,0.0046196,0.0575039,0.0457957,-0.0254210,0.0159807,0.0441941,0.0618714,0.1929718,0.6834729,0.8346749,0.0916331,0.4009059
14.994006830,1791080863.727579832,0,0,-0.1232046,-0.0186022,0.0068172,-10.4097452,-15.9712486,-13.0992327,-10.5664434,0.6295660,-0.6601151,-0.2132497,0.2625222,0.6691988,-0.2687631,0.5695173,-0.4510765,-0.0129906,0.0045460,0.0579638,0.0459065,-0.0254553,0.0160408,0.0440793,0.0619374,0.1929130,0.6834683,0.8346716,0.0919103,0.4005389
15.015172334,1791080863.748745203,0,0,-0.1219306,-0.0185269,0.0072611,-10.4264727,-15.9832878,-13.0925379,-10.5646610,0.6294040,-0.6596788,-0.2248724,0.2610250,0.6624864,-0.2636423,0.5614698,-0.4484693,-0.0130319,0.0044936,0.0576823,0.0459615,-0.0254861,0.0160916,0.0439430,0.0619751,0.1929233,0.6834635,0.8346685,0.0916398,0.4004448
15.035996969,1791080863.769570112,0,0,-0.1213208,-0.0176530,0.0077787,-10.4331055,-15.9938812,-13.0812626,-10.5772314,0.6337143,-0.6595155,-0.2360375,0.2646932,0.6550757,-0.2576441,0.5501561,-0.4423116,-0.0130706,0.0044397,0.0575299,0.0460181,-0.0255193,0.0161415,0.0438662,0.0620141,0.1929343,0.6834586,0.8346654,0.0914201,0.4003576
15.058237598,1791080863.791810513,0,0,-0.1201853,-0.0173294,0.0074341,-10.4428854,-16.0166740,-13.0764818,-10.5491877,0.6356145,-0.6549990,-0.2514334,0.2683887,0.6439788,-0.2507198,0.5464482,-0.4297195,-0.0131132,0.0043587,0.0573629,0.0460797,-0.0255583,0.0161976,0.0434852,0.0620500,0.1929509,0.6834524,0.8346616,0.0922927,0.3988202
15.074838796,1791080863.808412075,0,0,-0.1191055,-0.0165375,0.0082420,-10.4467249,-16.0102596,-13.0486765,-10.5216551,0.6367570,-0.6556115,-0.2658509,0.2705059,0.6341286,-0.2427502,0.5342849,-0.4193203,-0.0131339,0.0042603,0.0573287,0.0461532,-0.0256212,0.0162562,0.0435872,0.0621506,0.1928863,0.6834463,0.8346578,0.0931647,0.3978015
15.098220957,1791080863.831794262,0,0,-0.1179476,-0.0161657,0.0084123,-10.4392376,-16.0143452,-13.0353956,-10.5050592,0.6398021,-0.6548649,-0.2751980,0.2713090,0.6246256,-0.2356592,0.5294615,-0.4109106,-0.0131512,0.0041636,0.0573083,0.0462230,-0.0256767,0.0163142,0.0436697,0.0622492,0.1928228,0.6834404,0.8346540,0.0939346,0.3968480
15.116824966,1791080863.850398302,0,0,-0.1171478,-0.0159453,0.0079743,-10.4287834,-16.0187283,-13.0191698,-10.4731569,0.6404189,-0.6548233,-0.2835424,0.2737363,0.6131138,-0.2281107,0.5236918,-0.4083704,-0.0131442,0.0040739,0.0569311,0.0462736,-0.0257506,0.0163724,0.0436677,0.0623682,0.1927008,0.6834335,0.8346507,0.0945776,0.3965086
15.134371996,1791080863.867944956,0,0,-0.1156367,-0.0153482,0.0090467,-10.4369125,-16.0255413,-12.9835539,-10.4393091,0.6395878,-0.6560442,-0.2926857,0.2720170,0.6005756,-0.2195377,0.5118636,-0.4003572,-0.0131460,0.0039645,0.0566609,0.0463602,-0.0257882,0.0164302,0.0436281,0.0624774,0.1925960,0.6834272,0.8346471,0.0960363,0.3956325
15.156748832,1791080863.890322208,0,0,-0.1150335,-0.0152083,0.0095106,-10.4584627,-16.0640068,-12.9614668,-10.4232368,0.6400649,-0.6587338,-0.2959981,0.2693179,0.5912162,-0.2120529,0.4957043,-0.3925585,-0.0131488,0.0038513,0.0565001,0.0464364,-0.0258219,0.0164880,0.0436564,0.0625912,0.1924937,0.6834208,0.8346435,0.0973160,0.3947888
15.176996284,1791080863.910569429,0,0,-0.1150491,-0.0137606,0.0102646,-10.4754410,-16.0947933,-12.9380140,-10.4136801,0.6397190,-0.6609412,-0.2974783,0.2701193,0.5798556,-0.2034306,0.4789544,-0.3802839,-0.0131288,0.0037482,0.0565012,0.0465304,-0.0258514,0.0165475,0.0435529,0.0627117,0.1923685,0.6834149,0.8346401,0.0992329,0.3939715
15.195367627,1791080863.928940773,0,0,-0.1142653,-0.0137167,0.0092163,-10.4655523,-16.1303272,-12.9133196,-10.3917351,0.6388181,-0.6607323,-0.2948518,0.2640513,0.5664579,-0.1947142,0.4706303,-0.3703418,-0.0131105,0.0036434,0.0564938,0.0466165,-0.0258834,0.0166067,0.0435007,0.0628346,0.1922469,0.6834089,0.8346368,0.1009408,0.3932156
15.218502465,1791080863.952075481,0,0,-0.1132506,-0.0136141,0.0095030,-10.4441042,-16.1251717,-12.8206539,-10.3330622,0.6384315,-0.6632514,-0.2914884,0.2517237,0.5511624,-0.1853109,0.4514688,-0.3666157,-0.0130652,0.0035891,0.0560478,0.0467959,-0.0259043,0.0166522,0.0428769,0.0629219,0.1921623,0.6834016,0.8346337,0.1026305,0.3926370
15.236550126,1791080863.970123053,0,0,-0.1121133,-0.0137325,0.0092983,-10.4554596,-16.1619682,-12.8365507,-10.3117857,0.6420515,-0.6697170,-0.2841218,0.2427459,0.5409036,-0.1764897,0.4330862,-0.3602640,-0.0130722,0.0035306,0.0570211,0.0469609,-0.0259418,0.0166939,0.0423461,0.0630153,0.1921008,0.6833940,0.8346300,0.1033119,0.3914405
15.257251227,1791080863.990824223,0,0,-0.1107542,-0.0131022,0.0090479,-10.4621992,-16.1802006,-12.7806597,-10.2619781,0.6438016,-0.6694037,-0.2766530,0.2287147,0.5229395,-0.1657177,0.4161547,-0.3474032,-0.0130749,0.0034688,0.0577198,0.0471207,-0.0259850,0.0167350,0.0419364,0.0631140,0.1920400,0.6833861,0.8346263,0.1039008,0.3902106
15.276382214,1791080864.009955168,0,0,-0.1093974,-0.0122685,0.0084804,-10.4758234,-16.2027683,-12.7244005,-10.2166376,0.6434058,-0.6690582,-0.2685120,0.2140018,0.5040203,-0.1547235,0.3994979,-0.3322107,-0.0130457,0.0034749,0.0582481,0.0475228,-0.0259599,0.0167652,0.0413095,0.0631884,0.1919032,0.6833746,0.8346235,0.1024350,0.3915680
15.298432432,1791080864.032005787,0,0,-0.1081639,-0.0110026,0.0090780,-10.4710760,-16.2068958,-12.6599874,-10.1735191,0.6447838,-0.6714011,-0.2598740,0.1996248,0.4832617,-0.1431394,0.3827646,-0.3201766,-0.0130098,0.0034998,0.0586036,0.0479078,-0.0259164,0.0167939,0.0405051,0.0632465,0.1917678,0.6833632,0.8346205,0.1012548,0.3927228
15.317478472,1791080864.051051617,0,0,-0.1070103,-0.0102403,0.0088360,-10.4805765,-16.2143803,-12.6170521,-10.1387091,0.6421279,-0.6733173,-0.2494339,0.1840125,0.4590504,-0.1311390,0.3716620,-0.3137124,-0.0129248,0.0036160,0.0586161,0.0483055,-0.0259146,0.0168181,0.0391651,0.0632563,0.1916125,0.6833497,0.8346176,0.0995006,0.3943960
15.338257072,1791080864.071829796,0,0,-0.1063088,-0.0089039,0.0088787,-10.4832363,-16.1939335,-12.5706968,-10.1044264,0.6408330,-0.6754686,-0.2385780,0.1721897,0.4351036,-0.1196468,0.3577344,-0.3088255,-0.0127901,0.0038241,0.0585955,0.0484568,-0.0262026,0.0168681,0.0378220,0.0632561,0.1914416,0.6833364,0.8346133,0.0964362,0.3945568
15.360224658,1791080864.093797684,0,0,-0.1047699,-0.0083043,0.0094436,-10.5084925,-16.2013054,-12.5378904,-10.0556927,0.6406050,-0.6759872,-0.2281983,0.1559624,0.4073165,-0.1062816,0.3451502,-0.2939455,-0.0126459,0.0040269,0.0585984,0.0486176,-0.0264723,0.0169184,0.0366645,0.0632653,0.1912690,0.6833223,0.8346088,0.0937000,0.3943636
15.378351531,1791080864.111924410,0,0,-0.1034001,-0.0075125,0.0080557,-10.5179567,-16.1923351,-12.5114384,-9.9977942,0.6391330,-0.6761501,-0.2188448,0.1454502,0.3815807,-0.0935359,0.3346039,-0.2807987,-0.0124880,0.0043262,0.0585350,0.0485912,-0.0269137,0.0169670,0.0358711,0.0633066,0.1911417,0.6833138,0.8346049,0.0916709,0.3928638
15.398887867,1791080864.132460833,0,0,-0.1018028,-0.0063338,0.0075160,-10.5378113,-16.1566105,-12.4317007,-9.9150152,0.6334063,-0.6789883,-0.2129173,0.1330431,0.3514936,-0.0788433,0.3264473,-0.2718266,-0.0123195,0.0046082,0.0585515,0.0485713,-0.0273262,0.0170151,0.0353412,0.0633745,0.1910117,0.6833048,0.8346007,0.0896991,0.3913233
15.418950554,1791080864.152523279,0,0,-0.0999142,-0.0052558,0.0064882,-10.5357656,-16.1159401,-12.3632765,-9.8507395,0.6296001,-0.6888678,-0.2060497,0.1216740,0.3259515,-0.0635212,0.3152802,-0.2682894,-0.0121167,0.0049661,0.0577625,0.0482421,-0.0279050,0.0171005,0.0352008,0.0634562,0.1908062,0.6833000,0.8345992,0.0865615,0.3908572
15.437186335,1791080864.170759201,0,0,-0.0964804,-0.0054726,0.0055252,-10.5476074,-16.0867500,-12.3305273,-9.7915812,0.6297926,-0.6984674,-0.1986810,0.1098981,0.3040017,-0.0501344,0.3063911,-0.2620404,-0.0119023,0.0052989,0.0565681,0.0476509,-0.0284713,0.0171897,0.0353897,0.0635584,0.1905742,0.6832964,0.8345985,0.0838402,0.3897569
15.456499410,1791080864.190072298,0,0,-0.0955100,-0.0040165,0.0050811,-10.5705013,-16.0430946,-12.2636309,-9.7524748,0.6307048,-0.7107259,-0.1929220,0.1035643,0.2909945,-0.0410002,0.2948587,-0.2538179,-0.0116615,0.0056250,0.0557544,0.0471038,-0.0289756,0.0172793,0.0356392,0.0636673,0.1903465,0.6832927,0.8345979,0.0813875,0.3886202
15.476272979,1791080864.209846020,0,0,-0.0953629,-0.0033476,0.0040334,-10.5892849,-16.0072441,-12.1506090,-9.6811218,0.6307224,-0.7156730,-0.1882606,0.0974505,0.2797754,-0.0341379,0.2880839,-0.2408646,-0.0114268,0.0059183,0.0550318,0.0464165,-0.0294601,0.0174087,0.0362705,0.0638127,0.1901004,0.6832903,0.8345973,0.0788102,0.3878929
15.500256835,1791080864.233829737,0,0,-0.0935529,-0.0032787,0.0030014,-10.6107616,-15.9671307,-12.0566826,-9.6424761,0.6325691,-0.7279388,-0.1844133,0.0935463,0.2760258,-0.0295346,0.2820845,-0.2347642,-0.0111717,0.0062049,0.0544920,0.0457820,-0.0299149,0.0175399,0.0369046,0.0639561,0.1898648,0.6832880,0.8345967,0.0764931,0.3872780
15.519994497,1791080864.253566980,0,0,-0.0930160,-0.0026094,0.0024298,-10.6096325,-15.9092684,-11.9390402,-9.5891771,0.6347347,-0.7384599,-0.1829198,0.0908055,0.2743733,-0.0258403,0.2763911,-0.2302261,-0.0109108,0.0065324,0.0532600,0.0451638,-0.0306792,0.0177110,0.0379296,0.0641464,0.1896686,0.6832861,0.8345962,0.0743663,0.3862609
15.535458251,1791080864.269030333,0,0,-0.0920693,-0.0023119,0.0013456,-10.6075840,-15.8802319,-11.8665648,-9.5550594,0.6382865,-0.7500297,-0.1827621,0.0913997,0.2766118,-0.0232704,0.2704425,-0.2279240,-0.0106973,0.0068798,0.0526420,0.0443009,-0.0314079,0.0178727,0.0390001,0.0643022,0.1894390,0.6832839,0.8345961,0.0716446,0.3861246
15.555455939,1791080864.289028168,0,0,-0.0903618,-0.0026251,-0.0000858,-10.6309195,-15.8833590,-11.8297920,-9.5134315,0.6410311,-0.7573261,-0.1833246,0.0917065,0.2802084,-0.0214741,0.2682576,-0.2186492,-0.0104584,0.0072237,0.0521469,0.0434985,-0.0321030,0.0180363,0.0400282,0.0644525,0.1892173,0.6832818,0.8345960,0.0691401,0.3859652
15.575506273,1791080864.309078455,0,0,-0.0888988,-0.0018477,0.0007485,-10.6429739,-15.8538532,-11.7198095,-9.4728069,0.6449706,-0.7672767,-0.1867114,0.0924835,0.2850147,-0.0210059,0.2629292,-0.2080287,-0.0102439,0.0076234,0.0508264,0.0427187,-0.0329022,0.0182197,0.0412173,0.0646418,0.1890137,0.6832805,0.8345958,0.0656779,0.3851123
15.595513723,1791080864.329086065,0,0,-0.0877910,-0.0007781,-0.0011020,-10.6659412,-15.8655128,-11.6652899,-9.4602861,0.6465298,-0.7770855,-0.1892301,0.0948560,0.2911705,-0.0212574,0.2574415,-0.2031280,-0.0100024,0.0080033,0.0498930,0.0419837,-0.0337310,0.0184067,0.0425408,0.0648649,0.1888131,0.6832792,0.8345956,0.0623954,0.3842403
15.615501490,1791080864.349074125,0,0,-0.0861266,-0.0008496,-0.0029745,-10.6597958,-15.8701115,-11.6418638,-9.4423685,0.6501935,-0.7886552,-0.1926946,0.0986783,0.2989605,-0.0232351,0.2552295,-0.2014268,-0.0097126,0.0084982,0.0486116,0.0411890,-0.0347084,0.0186311,0.0439940,0.0650862,0.1885705,0.6832780,0.8345957,0.0590577,0.3835230
15.635475593,1791080864.369048119,0,0,-0.0845534,-0.0004895,-0.0047887,-10.6590281,-15.8593884,-11.5792246,-9.3915701,0.6520120,-0.7962641,-0.1954894,0.1003994,0.3045772,-0.0243140,0.2528363,-0.1980789,-0.0093327,0.0090616,0.0470721,0.0404231,-0.0359142,0.0188944,0.0454174,0.0652866,0.1883443,0.6832772,0.8345957,0.0549198,0.3819824
15.657155597,1791080864.390728712,0,0,-0.0833756,-0.0002815,-0.0062211,-10.6659498,-15.8568630,-11.5161247,-9.3484869,0.6546375,-0.8085749,-0.1993856,0.1037615,0.3149172,-0.0269705,0.2460816,-0.1934690,-0.0089169,0.0096120,0.0459336,0.0397009,-0.0370928,0.0191662,0.0468856,0.0655125,0.1881188,0.6832765,0.8345957,0.0510954,0.3803297
15.678345375,1791080864.411918163,0,0,-0.0821898,0.0002894,-0.0083029,-10.6805239,-15.8992233,-11.4655409,-9.3136492,0.6566880,-0.8189856,-0.2043700,0.1094785,0.3281275,-0.0307768,0.2408538,-0.1849923,-0.0084455,0.0101762,0.0454493,0.0388393,-0.0383107,0.0194303,0.0480882,0.0656762,0.1878988,0.6832760,0.8345961,0.0473722,0.3792090
15.697472639,1791080864.431045294,0,0,-0.0807308,0.0003056,-0.0097432,-10.6695623,-15.9124699,-11.4104109,-9.2709179,0.6588088,-0.8308968,-0.2089377,0.1127171,0.3414840,-0.0340080,0.2379434,-0.1797303,-0.0079476,0.0107590,0.0449908,0.0380475,-0.0394500,0.0197035,0.0491225,0.0658123,0.1876828,0.6832755,0.8345965,0.0442214,0.3781176
15.719602865,1791080864.453175783,0,0,-0.0795804,0.0002506,-0.0110155,-10.6493559,-15.9298019,-11.4041710,-9.2508764,0.6644405,-0.8459450,-0.2134037,0.1178457,0.3584002,-0.0381379,0.2334869,-0.1807643,-0.0074216,0.0112837,0.0449607,0.0372662,-0.0404213,0.0199830,0.0501496,0.0659431,0.1874674,0.6832749,0.8345968,0.0418334,0.3777792
15.738989003,1791080864.472561359,0,0,-0.0799010,0.0011623,-0.0113201,-10.6247663,-15.9483681,-11.3945608,-9.2129650,0.6694977,-0.8580436,-0.2188768,0.1247563,0.3765466,-0.0423135,0.2264031,-0.1785995,-0.0068602,0.0118337,0.0442824,0.0366815,-0.0414220,0.0202495,0.0510416,0.0660264,0.1872906,0.6832746,0.8345969,0.0401741,0.3768257
15.761160418,1791080864.494733572,0,0,-0.0802126,0.0012033,-0.0130449,-10.6142664,-15.9780178,-11.3739491,-9.1644773,0.6708409,-0.8635811,-0.2271879,0.1332752,0.3960856,-0.0474271,0.2262372,-0.1744592,-0.0062821,0.0123629,0.0438226,0.0361237,-0.0424240,0.0205290,0.0520645,0.0661464,0.1871149,0.6832743,0.8345972,0.0384942,0.3759480
15.779602683,1791080864.513175726,0,0,-0.0794716,0.0001090,-0.0151607,-10.6045694,-16.0014992,-11.3902121,-9.1502151,0.6723089,-0.8707755,-0.2339398,0.1405867,0.4169394,-0.0525362,0.2258583,-0.1729884,-0.0056561,0.0128435,0.0432968,0.0358000,-0.0433288,0.0208578,0.0530471,0.0663437,0.1869378,0.6832739,0.8345972,0.0376342,0.3743213
15.801101037,1791080864.534674644,0,0,-0.0784185,-0.0010596,-0.0170148,-10.5812216,-15.9994907,-11.4031649,-9.1416368,0.6753695,-0.8745751,-0.2415989,0.1473720,0.4348130,-0.0575687,0.2249309,-0.1747200,-0.0050433,0.0134178,0.0428694,0.0353680,-0.0442067,0.0211432,0.0538832,0.0664619,0.1867588,0.6832732,0.8345973,0.0363771,0.3730805
15.821202480,1791080864.554775238,0,0,-0.0769369,-0.0028708,-0.0184218,-10.5831423,-16.0149918,-11.4857817,-9.1612911,0.6809225,-0.8804696,-0.2498893,0.1544088,0.4547883,-0.0635773,0.2270920,-0.1825717,-0.0044018,0.0139960,0.0425745,0.0349545,-0.0450864,0.0214342,0.0547769,0.0665996,0.1865776,0.6832725,0.8345975,0.0350719,0.3720789
15.840377141,1791080864.573950052,0,0,-0.0754179,-0.0036639,-0.0209159,-10.5949841,-15.9786272,-11.5123119,-9.1441460,0.6841306,-0.8809843,-0.2521903,0.1544489,0.4582317,-0.0663932,0.2302903,-0.1902576,-0.0036135,0.0146935,0.0408670,0.0342794,-0.0466161,0.0218898,0.0559905,0.0667458,0.1863801,0.6832728,0.8345977,0.0318108,0.3697735
15.860644201,1791080864.594217062,0,0,-0.0749060,-0.0046653,-0.0219828,-10.6076708,-15.9501190,-11.5859461,-9.1490774,0.6888162,-0.8831427,-0.2578219,0.1591128,0.4690858,-0.0705139,0.2354194,-0.1968118,-0.0028027,0.0153597,0.0395547,0.0336346,-0.0481468,0.0223615,0.0573019,0.0669252,0.1861849,0.6832730,0.8345979,0.0287974,0.3675960
15.879609688,1791080864.613182783,0,0,-0.0757869,-0.0049863,-0.0225426,-10.5905704,-15.9244509,-11.6346846,-9.1408491,0.6922405,-0.8856946,-0.2621003,0.1638602,0.4777597,-0.0732157,0.2395135,-0.2002789,-0.0020262,0.0159797,0.0388839,0.0329242,-0.0494605,0.0228429,0.0583069,0.0670608,0.1859875,0.6832734,0.8345981,0.0261020,0.3671974
15.902969032,1791080864.636542320,0,0,-0.0766298,-0.0057903,-0.0215504,-10.5688066,-15.8896580,-11.6778498,-9.1542559,0.6944938,-0.8907717,-0.2664583,0.1679787,0.4869043,-0.0762713,0.2439847,-0.2089648,-0.0012520,0.0166255,0.0381940,0.0322828,-0.0506893,0.0233308,0.0590261,0.0671310,0.1857969,0.6832737,0.8345984,0.0240140,0.3669816
15.923184119,1791080864.656757355,0,0,-0.0749646,-0.0070710,-0.0215952,-10.5863905,-15.9004688,-11.8117313,-9.1954031,0.6959172,-0.8915393,-0.2660993,0.1682919,0.4883156,-0.0771927,0.2475249,-0.2179296,-0.0004225,0.0174203,0.0364905,0.0316467,-0.0521479,0.0239455,0.0599705,0.0672273,0.1855800,0.6832742,0.8345986,0.0208174,0.3655009
15.942616181,1791080864.676189184,0,0,-0.0751948,-0.0090605,-0.0204095,-10.5881681,-15.8850908,-11.9267282,-9.2272367,0.7009414,-0.8958119,-0.2658275,0.1681418,0.4929867,-0.0790590,0.2484836,-0.2253825,0.0004185,0.0183144,0.0353763,0.0311202,-0.0535684,0.0245383,0.0608338,0.0672695,0.1853427,0.6832746,0.8345988,0.0172970,0.3634256
15.964286585,1791080864.697859287,0,0,-0.0749159,-0.0094399,-0.0210197,-10.6344280,-15.8863497,-12.0594378,-9.2321844,0.7010083,-0.8932555,-0.2662172,0.1700663,0.4913458,-0.0787509,0.2498218,-0.2222525,0.0013041,0.0192076,0.0345481,0.0306344,-0.0549456,0.0251478,0.0617396,0.0673329,0.1851034,0.6832749,0.8345991,0.0140734,0.3611907
15.983582506,1791080864.717155695,0,0,-0.0745929,-0.0098777,-0.0210005,-10.6525850,-15.8734035,-12.1540060,-9.2637548,0.7032310,-0.8956555,-0.2661322,0.1718089,0.4939340,-0.0793224,0.2494629,-0.2245736,0.0021849,0.0201302,0.0338410,0.0301573,-0.0562175,0.0257583,0.0625585,0.0674108,0.1848563,0.6832751,0.8345994,0.0111967,0.3592182
16.002362758,1791080864.735935688,0,0,-0.0738664,-0.0106906,-0.0211290,-10.6783218,-15.8665524,-12.2435846,-9.2784691,0.7079016,-0.8968460,-0.2636306,0.1713173,0.4911951,-0.0775741,0.2471213,-0.2260225,0.0031021,0.0210734,0.0332760,0.0297238,-0.0574302,0.0263813,0.0633004,0.0674712,0.1846092,0.6832752,0.8345997,0.0086976,0.3572254
16.021364985,1791080864.754938364,0,0,-0.0738138,-0.0110228,-0.0221442,-10.7006636,-15.8322086,-12.3408155,-9.2915945,0.7100287,-0.8958617,-0.2579001,0.1688379,0.4798579,-0.0743897,0.2474138,-0.2331329,0.0040399,0.0220254,0.0328616,0.0293854,-0.0586026,0.0270258,0.0638682,0.0674933,0.1843622,0.6832753,0.8346000,0.0062066,0.3556841
16.040898434,1791080864.774471521,0,0,-0.0734751,-0.0116003,-0.0213816,-10.6982546,-15.7654247,-12.3713503,-9.2995310,0.7112193,-0.8965971,-0.2517608,0.1624936,0.4635134,-0.0693388,0.2454302,-0.2416215,0.0049569,0.0229397,0.0326817,0.0290868,-0.0596073,0.0276685,0.0646138,0.0675480,0.1841314,0.6832754,0.8346003,0.0043662,0.3547214
16.060178866,1791080864.793751240,0,0,-0.0728045,-0.0112940,-0.0202313,-10.7353277,-15.7637949,-12.5478601,-9.3694067,0.7166110,-0.9011091,-0.2452804,0.1602469,0.4560949,-0.0656903,0.2421013,-0.2493761,0.0058751,0.0238546,0.0325493,0.0288281,-0.0605618,0.0283196,0.0652931,0.0675830,0.1839054,0.6832755,0.8346006,0.0028413,0.3538570
16.080934936,1791080864.814508200,0,0,-0.0735176,-0.0112328,-0.0194602,-10.7262640,-15.7326460,-12.5855398,-9.3964548,0.7203858,-0.9046757,-0.2412796,0.1587577,0.4509915,-0.0628707,0.2357160,-0.2556631,0.0067348,0.0246840,0.0328996,0.0284170,-0.0615045,0.0289354,0.0656519,0.0675131,0.1836947,0.6832757,0.8346009,0.0017938,0.3542391
16.101324344,1791080864.834897757,0,0,-0.0741792,-0.0119479,-0.0187039,-10.7359495,-15.7435760,-12.6929617,-9.4363089,0.7221631,-0.9082122,-0.2375661,0.1597224,0.4508311,-0.0612175,0.2317587,-0.2586112,0.0075061,0.0256122,0.0333068,0.0279874,-0.0623867,0.0294510,0.0656985,0.0673563,0.1834732,0.6832754,0.8346012,0.0005770,0.3555996
16.120183037,1791080864.853755474,0,0,-0.0740019,-0.0126223,-0.0185717,-10.7501335,-15.7806110,-12.8170443,-9.4773836,0.7254666,-0.9095604,-0.2345445,0.1626219,0.4542954,-0.0607621,0.2279255,-0.2590964,0.0082924,0.0265481,0.0336440,0.0275965,-0.0632517,0.0299791,0.0657909,0.0672049,0.1832488,0.6832751,0.8346015,-0.0004348,0.3567742
16.140167284,1791080864.873739481,0,0,-0.0739843,-0.0128936,-0.0184473,-10.7678356,-15.7992239,-12.9406576,-9.4977245,0.7273561,-0.9075625,-0.2288155,0.1612251,0.4479521,-0.0580957,0.2226607,-0.2539113,0.0091705,0.0276397,0.0337532,0.0274339,-0.0640750,0.0305642,0.0658340,0.0670177,0.1830047,0.6832751,0.8346018,-0.0027949,0.3545564
16.161171283,1791080864.894743919,0,0,-0.0737184,-0.0134311,-0.0176767,-10.8011713,-15.8039856,-12.9918242,-9.4992771,0.7289451,-0.9029216,-0.2257632,0.1599242,0.4400406,-0.0554499,0.2177379,-0.2433668,0.0100855,0.0287119,0.0339430,0.0272763,-0.0648623,0.0311648,0.0660247,0.0668876,0.1827581,0.6832750,0.8346022,-0.0050207,0.3520109
16.184604778,1791080864.918177843,0,0,-0.0735584,-0.0132083,-0.0183533,-10.8184557,-15.8129292,-13.0206060,-9.4880667,0.7308092,-0.9006354,-0.2240427,0.1610742,0.4388947,-0.0538129,0.2106719,-0.2336298,0.0110858,0.0297997,0.0339837,0.0272379,-0.0656679,0.0318285,0.0662189,0.0667931,0.1824997,0.6832750,0.8346026,-0.0065001,0.3481897
16.203031682,1791080864.936604977,0,0,-0.0734197,-0.0124145,-0.0190788,-10.8109903,-15.8150845,-13.0426207,-9.4853821,0.7348402,-0.9006427,-0.2237139,0.1630689,0.4438209,-0.0537478,0.2013252,-0.2261749,0.0119439,0.0308008,0.0349454,0.0270250,-0.0662682,0.0323502,0.0663383,0.0666727,0.1822741,0.6832747,0.8346030,-0.0080069,0.3462745
16.222212776,1791080864.955785751,0,0,-0.0736094,-0.0116702,-0.0201303,-10.8084888,-15.8359900,-13.0435095,-9.4898577,0.7385632,-0.8998385,-0.2266094,0.1672484,0.4510006,-0.0556780,0.1974126,-0.2238993,0.0128182,0.0318214,0.0357438,0.0268315,-0.0668437,0.0328752,0.0663552,0.0665083,0.1820530,0.6832744,0.8346034,-0.0091817,0.3443294
16.242171708,1791080864.975744724,0,0,-0.0740980,-0.0116575,-0.0194265,-10.7846127,-15.8182144,-13.0151043,-9.4847012,0.7416945,-0.8983507,-0.2291593,0.1676368,0.4540282,-0.0572889,0.1936622,-0.2257152,0.0138453,0.0329037,0.0357726,0.0268409,-0.0674572,0.0335297,0.0664580,0.0663707,0.1818189,0.6832744,0.8346039,-0.0104031,0.3405567
16.262385355,1791080864.995958567,0,0,-0.0758052,-0.0108238,-0.0191894,-10.7969551,-15.8325329,-13.0024443,-9.4652758,0.7411774,-0.8927795,-0.2339671,0.1717103,0.4575109,-0.0597580,0.1945018,-0.2206804,0.0148778,0.0339479,0.0358745,0.0268423,-0.0680342,0.0341928,0.0666396,0.0662655,0.1815903,0.6832744,0.8346044,-0.0115475,0.3368367
16.281079755,1791080865.014652491,0,0,-0.0760624,-0.0104869,-0.0192633,-10.7894468,-15.8690214,-12.9982910,-9.4706097,0.7421401,-0.8877295,-0.2411239,0.1776015,0.4662544,-0.0634039,0.1975674,-0.2192579,0.0158893,0.0350039,0.0359325,0.0267445,-0.0686114,0.0348455,0.0667800,0.0661235,0.1813678,0.6832744,0.8346048,-0.0129709,0.3333489
16.302632377,1791080865.036205292,0,0,-0.0762981,-0.0098954,-0.0199015,-10.7938490,-15.9094172,-12.9991169,-9.4703627,0.7423400,-0.8784602,-0.2509915,0.1863251,0.4754286,-0.0692736,0.2055781,-0.2144055,0.0169111,0.0360454,0.0360082,0.0266520,-0.0691548,0.0355050,0.0669227,0.0659783,0.1811499,0.6832744,0.8346053,-0.0142017,0.3298426
16.322524680,1791080865.056097746,0,0,-0.0769585,-0.0102431,-0.0181914,-10.7876177,-15.9220867,-12.9427385,-9.4112644,0.7396252,-0.8678042,-0.2600033,0.1887832,0.4759029,-0.0724464,0.2145471,-0.2031266,0.0180225,0.0370569,0.0358745,0.0266054,-0.0697054,0.0362247,0.0670442,0.0658567,0.1809330,0.6832744,0.8346058,-0.0144635,0.3255006
16.341334768,1791080865.074908018,0,0,-0.0744941,-0.0100523,-0.0165952,-10.8332262,-15.9647188,-12.9858484,-9.4205542,0.7398980,-0.8572665,-0.2693004,0.1936073,0.4766344,-0.0749799,0.2290153,-0.1905154,0.0190027,0.0380238,0.0358869,0.0264730,-0.0700874,0.0369095,0.0673848,0.0657301,0.1807235,0.6832744,0.8346062,-0.0149808,0.3231597
16.361498713,1791080865.095071793,0,0,-0.0742103,-0.0091520,-0.0142952,-10.8207073,-16.0108700,-12.9705238,-9.4351549,0.7418213,-0.8472592,-0.2857583,0.2048355,0.4868796,-0.0811258,0.2445089,-0.1776330,0.0199715,0.0389965,0.0358090,0.0263520,-0.0704584,0.0375980,0.0675958,0.0655475,0.1805222,0.6832743,0.8346066,-0.0152741,0.3207761
16.384518803,1791080865.118091583,0,0,-0.0741049,-0.0093614,-0.0116073,-10.8192816,-16.0341644,-12.9368677,-9.4247484,0.7458656,-0.8375134,-0.3002053,0.2125919,0.4943386,-0.0867392,0.2605746,-0.1639886,0.0210530,0.0399732,0.0354251,0.0263333,-0.0710157,0.0383508,0.0676470,0.0653485,0.1803161,0.6832743,0.8346071,-0.0152456,0.3168230
16.402477993,1791080865.136050701,0,0,-0.0735222,-0.0092905,-0.0103992,-10.8371515,-16.0388622,-12.9565411,-9.4268532,0.7461838,-0.8305818,-0.3134652,0.2220025,0.5044598,-0.0929000,0.2752005,-0.1559237,0.0221090,0.0408992,0.0353424,0.0263075,-0.0714574,0.0390796,0.0677671,0.0651904,0.1801171,0.6832743,0.8346075,-0.0153842,0.3129635
16.422472834,1791080865.156045675,0,0,-0.0734793,-0.0095887,-0.0084441,-10.8544874,-16.0452080,-12.9895945,-9.4523258,0.7473707,-0.8253845,-0.3299360,0.2334445,0.5186092,-0.1007097,0.2949101,-0.1495429,0.0231675,0.0418145,0.0352709,0.0262831,-0.0718637,0.0398036,0.0678646,0.0650174,0.1799212,0.6832743,0.8346080,-0.0155382,0.3093474
16.441446137,1791080865.175019264,0,0,-0.0735329,-0.0102740,-0.0073868,-10.8579111,-16.0121479,-12.9845247,-9.4704008,0.7475298,-0.8226345,-0.3460513,0.2437670,0.5324706,-0.1085364,0.3066730,-0.1520249,0.0241349,0.0426987,0.0355928,0.0261641,-0.0721515,0.0404519,0.0680341,0.0648647,0.1797390,0.6832741,0.8346085,-0.0156846,0.3067427
16.462294275,1791080865.195867300,0,0,-0.0735870,-0.0106109,-0.0068636,-10.8863230,-15.9995747,-13.0205507,-9.5061283,0.7494137,-0.8176453,-0.3616964,0.2544786,0.5458022,-0.1163821,0.3188053,-0.1451676,0.0250942,0.0435719,0.0358316,0.0260538,-0.0724232,0.0410944,0.0681684,0.0646897,0.1795605,0.6832739,0.8346089,-0.0158350,0.3040912
16.481661088,1791080865.215234280,0,0,-0.0735675,-0.0110738,-0.0069306,-10.8976612,-15.9932241,-13.0937586,-9.5540876,0.7489341,-0.8138583,-0.3752047,0.2672308,0.5602836,-0.1244923,0.3309330,-0.1423752,0.0260295,0.0444910,0.0357314,0.0258866,-0.0726943,0.0417315,0.0683245,0.0644605,0.1793760,0.6832737,0.8346093,-0.0168744,0.3025421
16.504310583,1791080865.237884760,0,0,-0.0737356,-0.0121032,-0.0062416,-10.9092407,-15.9839020,-13.1831799,-9.6069384,0.7485391,-0.8117930,-0.3903292,0.2814511,0.5775213,-0.1340226,0.3442761,-0.1413242,0.0269491,0.0453964,0.0355894,0.0257333,-0.0729543,0.0423686,0.0684583,0.0642123,0.1791927,0.6832736,0.8346096,-0.0177149,0.3008939
16.525494113,1791080865.259067535,0,0,-0.0754631,-0.0121208,-0.0055752,-10.8978415,-15.9363108,-13.1755486,-9.6217070,0.7461992,-0.8079723,-0.4048524,0.2923991,0.5886484,-0.1415509,0.3547983,-0.1407219,0.0278123,0.0461747,0.0358425,0.0256206,-0.0731979,0.0430194,0.0686106,0.0639647,0.1790282,0.6832734,0.8346100,-0.0178394,0.2996132
16.543017773,1791080865.276591063,0,0,-0.0750557,-0.0136141,-0.0046546,-10.9207335,-15.9019585,-13.2592478,-9.6932535,0.7467416,-0.8078958,-0.4238263,0.3080939,0.6091201,-0.1523591,0.3760287,-0.1408802,0.0286766,0.0469005,0.0361785,0.0256095,-0.0733208,0.0436874,0.0686857,0.0637370,0.1788637,0.6832734,0.8346104,-0.0168465,0.2976986
16.562775984,1791080865.296348810,0,0,-0.0758842,-0.0141823,-0.0034351,-10.9143553,-15.8427286,-13.3022089,-9.7311172,0.7490358,-0.8066862,-0.4423792,0.3234276,0.6260419,-0.1625429,0.3915020,-0.1406970,0.0295120,0.0476131,0.0363259,0.0256018,-0.0734402,0.0443495,0.0687290,0.0634888,0.1787036,0.6832733,0.8346108,-0.0159894,0.2959683
16.582090695,1791080865.315663815,0,0,-0.0769099,-0.0146058,-0.0029093,-10.9412813,-15.7955399,-13.3472853,-9.7475204,0.7503990,-0.7993366,-0.4584138,0.3317584,0.6367793,-0.1719375,0.4040684,-0.1319098,0.0303234,0.0483038,0.0357654,0.0255032,-0.0736686,0.0450337,0.0688094,0.0632147,0.1785509,0.6832731,0.8346111,-0.0156180,0.2951733
16.602814054,1791080865.336387396,0,0,-0.0789017,-0.0145586,-0.0016730,-10.9529409,-15.7238340,-13.3729258,-9.7922630,0.7502276,-0.7933234,-0.4814102,0.3453178,0.6510674,-0.1833849,0.4227900,-0.1308415,0.0311001,0.0489652,0.0352250,0.0254113,-0.0738944,0.0457109,0.0688929,0.0629393,0.1784022,0.6832730,0.8346114,-0.0152716,0.2944966
16.623335281,1791080865.356908798,0,0,-0.0790608,-0.0157338,-0.0018847,-10.9649172,-15.6749134,-13.4577398,-9.8501148,0.7487316,-0.7866919,-0.4994799,0.3522161,0.6620561,-0.1938648,0.4451801,-0.1339607,0.0318413,0.0496408,0.0348819,0.0253408,-0.0741549,0.0463510,0.0689370,0.0626760,0.1782486,0.6832728,0.8346117,-0.0145854,0.2933314
16.644215070,1791080865.377787828,0,0,-0.0796362,-0.0161758,-0.0002358,-10.9799852,-15.6237850,-13.5453215,-9.9090872,0.7490097,-0.7813351,-0.5147104,0.3574576,0.6711239,-0.2025824,0.4590013,-0.1359609,0.0325206,0.0502959,0.0347112,0.0252498,-0.0742728,0.0469633,0.0690597,0.0624123,0.1780912,0.6832725,0.8346119,-0.0142376,0.2937172
16.664511892,1791080865.398085356,0,0,-0.0801327,-0.0166498,0.0007433,-11.0014181,-15.5924053,-13.5846367,-9.9346609,0.7481642,-0.7718934,-0.5312675,0.3602891,0.6769155,-0.2101518,0.4740430,-0.1259169,0.0331873,0.0509598,0.0343953,0.0251644,-0.0743925,0.0475675,0.0690830,0.0621068,0.1779355,0.6832723,0.8346121,-0.0138063,0.2939385
16.682879441,1791080865.416452885,0,0,-0.0802817,-0.0172391,0.0019547,-11.0398550,-15.5677767,-13.6626863,-9.9752226,0.7475317,-0.7630354,-0.5453348,0.3618014,0.6823145,-0.2170983,0.4958530,-0.1155557,0.0338353,0.0517058,0.0338250,0.0250435,-0.0746365,0.0481344,0.0691129,0.0617596,0.1777799,0.6832721,0.8346124,-0.0144025,0.2931300
16.703225548,1791080865.436798811,0,0,-0.0805386,-0.0176527,0.0030556,-11.0554333,-15.5249252,-13.7035723,-9.9849520,0.7492194,-0.7539662,-0.5582845,0.3638608,0.6834601,-0.2221777,0.5126426,-0.1068257,0.0344836,0.0524290,0.0334033,0.0249251,-0.0748971,0.0486994,0.0692413,0.0614613,0.1776220,0.6832718,0.8346127,-0.0150317,0.2921963
16.723184929,1791080865.456758022,0,0,-0.0806387,-0.0177957,0.0032909,-11.0817156,-15.4782228,-13.7353783,-10.0139666,0.7498894,-0.7439687,-0.5750282,0.3686745,0.6847212,-0.2282320,0.5341966,-0.1009944,0.0352253,0.0530929,0.0327027,0.0248893,-0.0751950,0.0493672,0.0693986,0.0612146,0.1774627,0.6832717,0.8346130,-0.0149652,0.2901065
16.744293092,1791080865.477865934,0,0,-0.0813344,-0.0174058,0.0041737,-11.0904312,-15.4412289,-13.7371321,-10.0177202,0.7486435,-0.7348970,-0.5931056,0.3753258,0.6867653,-0.2335606,0.5576866,-0.0900246,0.0359570,0.0537113,0.0325494,0.0249903,-0.0754429,0.0500031,0.0693717,0.0609595,0.1773073,0.6832715,0.8346134,-0.0145194,0.2873571
16.764598075,1791080865.498171329,0,0,-0.0812474,-0.0178744,0.0052772,-11.1092825,-15.4006834,-13.7596998,-10.0284185,0.7476625,-0.7290277,-0.6109518,0.3774453,0.6907419,-0.2390202,0.5767382,-0.0840298,0.0366871,0.0543192,0.0324523,0.0250837,-0.0756551,0.0506292,0.0693440,0.0607061,0.1771529,0.6832713,0.8346137,-0.0141881,0.2846072
16.783732577,1791080865.517305851,0,0,-0.0822210,-0.0179454,0.0060764,-11.1258421,-15.3471088,-13.7417402,-10.0107107,0.7462934,-0.7218826,-0.6282514,0.3785525,0.6928042,-0.2431721,0.5904928,-0.0755084,0.0374202,0.0549189,0.0327742,0.0252751,-0.0757167,0.0512270,0.0692350,0.0604432,0.1769998,0.6832713,0.8346141,-0.0141348,0.2812884
16.803239563,1791080865.536812544,0,0,-0.0818115,-0.0181104,0.0063885,-11.1507082,-15.3236618,-13.8000631,-10.0486946,0.7465788,-0.7201637,-0.6443437,0.3839614,0.6992239,-0.2482628,0.6105304,-0.0702094,0.0380641,0.0555295,0.0339619,0.0253655,-0.0756997,0.0516529,0.0689817,0.0601691,0.1768406,0.6832709,0.8346146,-0.0132486,0.2788229
16.822910053,1791080865.556482792,0,0,-0.0811254,-0.0180617,0.0069200,-11.1426249,-15.2959213,-13.7947664,-10.0465498,0.7460868,-0.7170011,-0.6587685,0.3863831,0.7012686,-0.2515293,0.6249456,-0.0697720,0.0387202,0.0561437,0.0349761,0.0254540,-0.0756833,0.0520700,0.0687402,0.0598958,0.1766788,0.6832705,0.8346151,-0.0125019,0.2763790
16.843094288,1791080865.576667070,0,0,-0.0813142,-0.0184221,0.0073064,-11.1652746,-15.2576694,-13.8151655,-10.0542021,0.7461994,-0.7185031,-0.6763691,0.3912918,0.7092873,-0.2570044,0.6388124,-0.0698932,0.0394554,0.0567649,0.0352308,0.0255970,-0.0757915,0.0525545,0.0685264,0.0595974,0.1765207,0.6832702,0.8346155,-0.0125706,0.2734070
16.864781099,1791080865.598353863,0,0,-0.0818274,-0.0189737,0.0072576,-11.1666069,-15.2202024,-13.7913809,-10.0510187,0.7473288,-0.7181749,-0.6890269,0.3917911,0.7149166,-0.2608165,0.6484030,-0.0661361,0.0401782,0.0573627,0.0354905,0.0257296,-0.0758879,0.0530372,0.0683626,0.0593174,0.1763630,0.6832699,0.8346160,-0.0126466,0.2704458
16.885189227,1791080865.618762255,0,0,-0.0823112,-0.0190210,0.0072110,-11.1906137,-15.1833706,-13.8258257,-10.0604219,0.7475872,-0.7200426,-0.7013454,0.3971262,0.7227145,-0.2648067,0.6609678,-0.0576385,0.0408731,0.0579022,0.0364081,0.0258843,-0.0758401,0.0534900,0.0682529,0.0590976,0.1762082,0.6832694,0.8346165,-0.0115527,0.2675295
16.904359189,1791080865.637932301,0,0,-0.0817585,-0.0194989,0.0067416,-11.1880865,-15.1516361,-13.8164129,-10.0535097,0.7488110,-0.7195553,-0.7124176,0.3955941,0.7280493,-0.2679884,0.6690977,-0.0534531,0.0415828,0.0584702,0.0367313,0.0260064,-0.0758163,0.0539542,0.0681016,0.0588173,0.1760506,0.6832692,0.8346170,-0.0111679,0.2646243
16.925341452,1791080865.658914566,0,0,-0.0813527,-0.0195924,0.0062523,-11.2106924,-15.1217957,-13.8407774,-10.0407057,0.7482736,-0.7191178,-0.7214759,0.3961531,0.7322069,-0.2705361,0.6767724,-0.0485560,0.0422812,0.0590219,0.0370374,0.0261223,-0.0757896,0.0544171,0.0679887,0.0585501,0.1758935,0.6832690,0.8346175,-0.0108420,0.2617169
16.943250877,1791080865.676824093,0,0,-0.0813047,-0.0194667,0.0063880,-11.2235880,-15.0954857,-13.8732824,-10.0472116,0.7453580,-0.7225796,-0.7306197,0.4005478,0.7389213,-0.2731752,0.6861960,-0.0457911,0.0429391,0.0596015,0.0371952,0.0263162,-0.0757641,0.0548601,0.0677666,0.0582633,0.1757228,0.6832685,0.8346180,-0.0106562,0.2584204
16.964423239,1791080865.697996140,0,0,-0.0817404,-0.0190805,0.0063866,-11.2378778,-15.0782986,-13.8890133,-10.0554152,0.7432021,-0.7241843,-0.7374059,0.4058191,0.7445213,-0.2749190,0.6936746,-0.0370669,0.0436032,0.0601717,0.0374040,0.0265010,-0.0757441,0.0552962,0.0675793,0.0579928,0.1755506,0.6832681,0.8346186,-0.0104938,0.2551037
16.985120643,1791080865.718693733,0,0,-0.0816619,-0.0195673,0.0062177,-11.2312670,-15.0582924,-13.8827639,-10.0707960,0.7425472,-0.7284168,-0.7435712,0.4096444,0.7519926,-0.2775837,0.6939778,-0.0373479,0.0442789,0.0607629,0.0374013,0.0266904,-0.0757683,0.0557654,0.0674673,0.0576957,0.1753777,0.6832679,0.8346191,-0.0108262,0.2514034
17.004293229,1791080865.737866163,0,0,-0.0811605,-0.0206326,0.0049591,-11.2605639,-15.0495014,-13.9207649,-10.0917349,0.7442675,-0.7322231,-0.7472149,0.4104733,0.7601411,-0.2813183,0.7018172,-0.0345937,0.0449828,0.0613318,0.0373377,0.0268219,-0.0757418,0.0562500,0.0674545,0.0574208,0.1752131,0.6832677,0.8346196,-0.0111407,0.2481193
17.027080113,1791080865.760653734,0,0,-0.0826652,-0.0204030,0.0053884,-11.2505169,-15.0068150,-13.8809958,-10.0603914,0.7437339,-0.7341766,-0.7512040,0.4125185,0.7640651,-0.2832544,0.7003776,-0.0301794,0.0456692,0.0618874,0.0373070,0.0269390,-0.0757132,0.0567313,0.0674294,0.0571372,0.1750511,0.6832675,0.8346201,-0.0113706,0.2448946
17.044352773,1791080865.777925730,0,0,-0.0841610,-0.0204742,0.0039911,-11.2440138,-14.9831810,-13.8547068,-10.0458326,0.7419049,-0.7368118,-0.7548575,0.4171899,0.7713028,-0.2865550,0.7037636,-0.0321166,0.0463928,0.0624312,0.0369452,0.0271230,-0.0757429,0.0572830,0.0674616,0.0568498,0.1748883,0.6832674,0.8346205,-0.0118555,0.2414566
17.066051841,1791080865.799624681,0,0,-0.0841125,-0.0207481,0.0044956,-11.2498894,-14.9747496,-13.8540211,-10.0293865,0.7387836,-0.7377802,-0.7572463,0.4154679,0.7761626,-0.2879591,0.7064654,-0.0224341,0.0470948,0.0629577,0.0366545,0.0272909,-0.0757479,0.0578346,0.0674987,0.0565647,0.1747274,0.6832673,0.8346210,-0.0122801,0.2379182
17.085022936,1791080865.818596363,0,0,-0.0872392,-0.0189427,0.0035651,-11.2399759,-14.8776741,-13.7113981,-10.0242834,0.7165244,-0.7377188,-0.7728545,0.4319038,0.7830015,-0.2934179,0.7182904,-0.0262850,0.0477019,0.0634815,0.0365739,0.0273624,-0.0757263,0.0583270,0.0675512,0.0562858,0.1745684,0.6832671,0.8346214,-0.0122830,0.2350331
17.103472445,1791080865.837045670,0,0,-0.0879276,-0.0184469,-0.0007702,-11.2066317,-15.0004778,-13.5585699,-10.0473070,0.6703693,-0.7279648,-0.7648520,0.4712621,0.7613024,-0.2847474,0.7334437,-0.0655678,0.0483757,0.0640098,0.0362804,0.0275893,-0.0757698,0.0588572,0.0675197,0.0559779,0.1743986,0.6832669,0.8346218,-0.0121620,0.2321988
17.124454772,1791080865.858027935,0,0,-0.0793800,-0.0189091,-0.0014127,-11.2480259,-15.2803936,-13.6587477,-10.0943213,0.6316860,-0.7175390,-0.7297259,0.5229847,0.7199590,-0.2599706,0.7377926,-0.1007864,0.0490459,0.0645431,0.0360475,0.0278313,-0.0758210,0.0593878,0.0674990,0.0556644,0.1742216,0.6832667,0.8346223,-0.0119294,0.2300211
17.143606524,1791080865.877179384,0,0,-0.0693622,-0.0225354,0.0018778,-11.2319927,-15.4851933,-13.7477703,-10.0492144,0.6282192,-0.7127566,-0.6749170,0.5265673,0.6658892,-0.2242792,0.7294038,-0.1398295,0.0496925,0.0650104,0.0362199,0.0279278,-0.0758305,0.0599127,0.0674232,0.0553622,0.1740525,0.6832666,0.8346228,-0.0115990,0.2299819
17.164343932,1791080865.897917271,0,0,-0.0702179,-0.0238264,0.0051123,-11.1687460,-15.6534472,-13.6432762,-9.8909292,0.6325511,-0.7038588,-0.6069103,0.5067294,0.5879170,-0.1829313,0.6838910,-0.1784571,0.0502961,0.0654737,0.0363251,0.0280113,-0.0758638,0.0604170,0.0672401,0.0549909,0.1738888,0.6832665,0.8346233,-0.0111446,0.2307970
17.182890858,1791080865.916464567,0,0,-0.0721567,-0.0295270,-0.0008152,-11.0854111,-15.6614990,-13.5646181,-9.7707930,0.6184344,-0.6903713,-0.5676432,0.5043725,0.5422869,-0.1642459,0.6516597,-0.2212510,0.0507898,0.0658915,0.0375294,0.0280827,-0.0759527,0.0607483,0.0668585,0.0546244,0.1737374,0.6832660,0.8346240,-0.0099213,0.2313981
17.203627850,1791080865.937201262,0,0,-0.0735898,-0.0321002,0.0023303,-11.0764952,-15.7759209,-13.7037897,-9.8318834,0.6023477,-0.6759501,-0.5236836,0.5010867,0.5103897,-0.1498296,0.6241119,-0.2326397,0.0512730,0.0663011,0.0385396,0.0281616,-0.0760442,0.0610691,0.0665090,0.0542651,0.1735847,0.6832655,0.8346247,-0.0088817,0.2324365
17.224393677,1791080865.957966805,0,0,-0.0722050,-0.0348551,0.0019894,-11.1058636,-15.9923983,-13.9024191,-9.9101839,0.5695268,-0.6484324,-0.4731131,0.4732777,0.4758726,-0.1356139,0.5982877,-0.2173217,0.0518460,0.0666987,0.0383356,0.0285109,-0.0759324,0.0614557,0.0659080,0.0538657,0.1734332,0.6832650,0.8346252,-0.0077054,0.2342507
17.242844722,1791080865.976417780,0,0,-0.0702096,-0.0381373,0.0019849,-11.1543627,-16.1596146,-14.2289667,-9.9344234,0.5418032,-0.6155407,-0.4184247,0.4231985,0.4275420,-0.1168542,0.5663233,-0.1941635,0.0524340,0.0670431,0.0404924,0.0288681,-0.0753018,0.0617084,0.0650387,0.0533659,0.1733165,0.6832644,0.8346259,-0.0082993,0.2355861
17.264840106,1791080865.998413086,0,0,-0.0701208,-0.0380437,0.0057658,-11.1936140,-16.3056259,-14.3601656,-9.8979673,0.5262594,-0.5877827,-0.3723187,0.3675121,0.3849205,-0.0971571,0.5309565,-0.1481612,0.0529964,0.0674005,0.0422103,0.0291996,-0.0746671,0.0619590,0.0640919,0.0528107,0.1732030,0.6832639,0.8346266,-0.0085662,0.2359032
17.286284830,1791080866.019857168,0,0,-0.0706359,-0.0343209,0.0083199,-11.2433844,-16.3732109,-14.2760458,-9.8596201,0.5067297,-0.5592756,-0.3455036,0.3355669,0.3547941,-0.0890500,0.4961779,-0.1114315,0.0536099,0.0679005,0.0403703,0.0295264,-0.0744340,0.0623733,0.0632578,0.0522924,0.1730760,0.6832632,0.8346270,-0.0105196,0.2367509
17.304943912,1791080866.038516760,0,0,-0.0732345,-0.0300902,0.0113256,-11.2867527,-16.4128132,-14.2197523,-9.8403311,0.4920867,-0.5273060,-0.3235264,0.3110014,0.3349893,-0.0900442,0.4716297,-0.0930477,0.0540095,0.0682447,0.0409871,0.0298520,-0.0741159,0.0626736,0.0625937,0.0518683,0.1729711,0.6832619,0.8346278,-0.0112663,0.2349137
17.324580393,1791080866.058153391,0,0,-0.0768397,-0.0277953,0.0142593,-11.2640657,-16.4345188,-14.2910795,-9.8951750,0.5080978,-0.5046645,-0.2922230,0.2923339,0.3304939,-0.0930844,0.4604521,-0.0739953,0.0544117,0.0685877,0.0415191,0.0301749,-0.0737868,0.0629607,0.0619027,0.0514223,0.1728669,0.6832607,0.8346286,-0.0118669,0.2327167
17.345107866,1791080866.078680992,0,0,-0.0753500,-0.0242217,0.0173122,-11.2552547,-16.4587555,-14.2184982,-9.8396988,0.5016999,-0.4781312,-0.2740085,0.2613019,0.2963675,-0.0793485,0.4480032,-0.0617716,0.0549634,0.0688062,0.0407277,0.0305731,-0.0738789,0.0634141,0.0613928,0.0511666,0.1726875,0.6832594,0.8346292,-0.0105962,0.2272707
17.366669415,1791080866.100242615,0,0,-0.0747203,-0.0201933,0.0199579,-11.2964468,-16.4545555,-14.1556320,-9.8019924,0.4938430,-0.4564914,-0.2627351,0.2259960,0.2625997,-0.0671500,0.4321706,-0.0601045,0.0555034,0.0689880,0.0401604,0.0309306,-0.0739284,0.0638480,0.0610038,0.0509797,0.1725098,0.6832582,0.8346298,-0.0097345,0.2217309
17.386208224,1791080866.119781494,0,0,-0.0747570,-0.0176342,0.0224601,-11.3304853,-16.5197430,-14.1735811,-9.7971992,0.4794258,-0.4376125,-0.2512604,0.2040883,0.2356130,-0.0525110,0.4235227,-0.0634362,0.0560720,0.0691253,0.0397468,0.0314379,-0.0737397,0.0641821,0.0601521,0.0507869,0.1723672,0.6832563,0.8346297,-0.0080278,0.2161066
17.406626279,1791080866.140199184,0,0,-0.0751093,-0.0171272,0.0229955,-11.3138723,-16.5379467,-14.2014704,-9.7894878,0.4750674,-0.4418713,-0.2379448,0.1875328,0.2144895,-0.0367269,0.4071504,-0.0789595,0.0569328,0.0692577,0.0397443,0.0326968,-0.0735097,0.0646063,0.0600080,0.0505843,0.1722741,0.6832567,0.8346298,-0.0092410,0.2097127
17.428602010,1791080866.162174940,0,0,-0.0750541,-0.0162061,0.0232785,-11.3317404,-16.5111656,-14.1433744,-9.7520170,0.4660257,-0.4343840,-0.2290386,0.1715525,0.1922687,-0.0234663,0.3886614,-0.0849106,0.0577718,0.0694025,0.0397570,0.0338620,-0.0732282,0.0650290,0.0597260,0.0502936,0.1721853,0.6832572,0.8346298,-0.0101878,0.2033929
17.446151168,1791080866.179724455,0,0,-0.0752779,-0.0155517,0.0246826,-11.3774204,-16.4933357,-14.0936337,-9.7501230,0.4654994,-0.4333736,-0.2209284,0.1584712,0.1810652,-0.0163060,0.3702362,-0.0875688,0.0590709,0.0694563,0.0393640,0.0345215,-0.0726635,0.0654693,0.0587996,0.0499892,0.1720837,0.6832575,0.8346291,-0.0093145,0.1996235
17.466814045,1791080866.200387001,0,0,-0.0756104,-0.0152421,0.0233187,-11.4558935,-16.4987431,-14.0932598,-9.7726259,0.4591767,-0.4294425,-0.2118746,0.1493999,0.1736972,-0.0102259,0.3630127,-0.0856932,0.0602923,0.0694931,0.0390385,0.0351400,-0.0720536,0.0659133,0.0579337,0.0496746,0.1719839,0.6832578,0.8346284,-0.0084794,0.1959258
17.486608684,1791080866.220181465,0,0,-0.0769364,-0.0157052,0.0242590,-11.4749250,-16.4305553,-14.0512686,-9.7894201,0.4602264,-0.4285713,-0.2020311,0.1402365,0.1683279,-0.0066371,0.3526835,-0.0873172,0.0615692,0.0694228,0.0402444,0.0357862,-0.0706101,0.0660308,0.0572266,0.0494968,0.1720291,0.6832617,0.8346283,-0.0072789,0.1920646
17.505513580,1791080866.239086628,0,0,-0.0778756,-0.0170154,0.0233126,-11.4876461,-16.3802567,-14.0513582,-9.8098669,0.4622167,-0.4244980,-0.1921593,0.1328014,0.1636640,-0.0027636,0.3454833,-0.0943280,0.0625729,0.0692477,0.0404031,0.0366250,-0.0692710,0.0663040,0.0574493,0.0493986,0.1720145,0.6832650,0.8346258,-0.0079325,0.1852787
17.528670569,1791080866.262244463,0,0,-0.0774866,-0.0173522,0.0234698,-11.5138636,-16.3277302,-14.0394907,-9.8283510,0.4672928,-0.4216446,-0.1848796,0.1283752,0.1614088,-0.0000320,0.3385912,-0.0961370,0.0635702,0.0690816,0.0405623,0.0374246,-0.0679675,0.0665798,0.0576154,0.0492763,0.1720006,0.6832684,0.8346232,-0.0085224,0.1786700
17.545891089,1791080866.279464483,0,0,-0.0772795,-0.0177368,0.0226024,-11.5337076,-16.3078365,-14.0452528,-9.8371229,0.4706844,-0.4147745,-0.1768651,0.1230164,0.1584072,0.0014693,0.3289071,-0.0914749,0.0649546,0.0688858,0.0407648,0.0373698,-0.0659242,0.0665593,0.0571822,0.0490864,0.1719654,0.6832737,0.8346193,-0.0052716,0.1767912
17.566279638,1791080866.299852848,0,0,-0.0808555,-0.0179143,0.0245245,-11.5276318,-16.2571526,-14.0506487,-9.8497334,0.4754576,-0.4067366,-0.1667861,0.1176442,0.1533065,0.0016898,0.3159988,-0.0934815,0.0662826,0.0686867,0.0409314,0.0373113,-0.0639118,0.0665489,0.0567904,0.0489022,0.1719310,0.6832791,0.8346156,-0.0023341,0.1751050
17.586728512,1791080866.320301294,0,0,-0.0824338,-0.0183048,0.0245386,-11.5269403,-16.2599735,-14.1132193,-9.8885984,0.4759622,-0.3932008,-0.1583416,0.1163339,0.1487916,0.0019310,0.3140294,-0.0941103,0.0674058,0.0684781,0.0428739,0.0378364,-0.0616910,0.0665099,0.0566041,0.0486483,0.1719360,0.6832906,0.8346015,-0.0008109,0.1716753
17.606972247,1791080866.340544939,0,0,-0.0834540,-0.0185487,0.0247260,-11.5191288,-16.2459259,-14.1502857,-9.9018202,0.4668813,-0.3682309,-0.1511599,0.1142143,0.1413856,0.0030019,0.3187196,-0.0974843,0.0680378,0.0686591,0.0446963,0.0379902,-0.0588284,0.0664776,0.0571641,0.0484785,0.1718685,0.6832929,0.8345875,0.0014642,0.1723911
17.628596843,1791080866.362169743,0,0,-0.0849801,-0.0191379,0.0267826,-11.5419836,-16.2496662,-14.2159758,-9.9582853,0.4633617,-0.3487338,-0.1401491,0.1102725,0.1360385,0.0033471,0.3187941,-0.0944423,0.0684554,0.0687666,0.0463623,0.0381511,-0.0560926,0.0664556,0.0578314,0.0483932,0.1717954,0.6832951,0.8345746,0.0033701,0.1728351
17.650500759,1791080866.384074211,0,0,-0.0905483,-0.0192063,0.0263177,-11.5225420,-16.2462063,-14.2577524,-9.9699373,0.4598929,-0.3229104,-0.1273085,0.1085113,0.1293746,0.0033303,0.3198311,-0.0922146,0.0672463,0.0703129,0.0555483,0.0386019,-0.0507676,0.0661153,0.0601345,0.0482881,0.1717962,0.6832914,0.8345711,0.0008260,0.1945020
17.668705880,1791080866.402278900,0,0,-0.0982438,-0.0204042,0.0279960,-11.4689093,-16.2263184,-14.2868443,-10.0093012,0.4443063,-0.2822277,-0.1064809,0.1092870,0.1191668,0.0030887,0.3253211,-0.0966451,0.0655234,0.0719765,0.0625682,0.0390564,-0.0458412,0.0657673,0.0607786,0.0479899,0.1718000,0.6832886,0.8345670,-0.0011183,0.2139565
17.688350874,1791080866.421923876,0,0,-0.1111005,-0.0213655,0.0339110,-11.3876200,-16.1478081,-14.1934547,-10.0248747,0.4279543,-0.2361418,-0.0826818,0.1115221,0.1074695,0.0025012,0.3289919,-0.1051013,0.0636757,0.0723387,0.0665483,0.0398138,-0.0419189,0.0655552,0.0600171,0.0478743,0.1718788,0.6832877,0.8345602,-0.0012925,0.2257353
17.709765338,1791080866.443337917,0,0,-0.1178680,-0.0249690,0.0349989,-11.3104305,-16.1404400,-14.2929020,-10.1136150,0.4073297,-0.1707278,-0.0465620,0.1126512,0.0930839,0.0045845,0.3446753,-0.1227834,0.0624558,0.0721723,0.0692214,0.0417309,-0.0389557,0.0655601,0.0594875,0.0479337,0.1717878,0.6832925,0.8345284,0.0036937,0.2257400
17.728735616,1791080866.462308645,0,0,-0.1225437,-0.0271289,0.0372384,-11.2311888,-16.1532803,-14.3996840,-10.1646395,0.3861535,-0.1095097,-0.0145847,0.1170039,0.0804444,0.0049540,0.3548387,-0.1334696,0.0612276,0.0719244,0.0709364,0.0435462,-0.0361156,0.0655737,0.0592634,0.0480676,0.1716905,0.6832973,0.8345008,0.0081523,0.2260934
17.747583514,1791080866.481156349,0,0,-0.1272028,-0.0284372,0.0393142,-11.1515446,-16.1786919,-14.4114046,-10.1858664,0.3674379,-0.0449491,0.0166766,0.1167138,0.0661463,0.0052316,0.3591179,-0.1454790,0.0596149,0.0722545,0.0473702,0.0438689,-0.0316643,0.0657033,0.0554575,0.0481809,0.1712305,0.6832940,0.8344985,0.0165673,0.2393605
17.769977362,1791080866.503551006,0,0,-0.1323270,-0.0296218,0.0426776,-11.1027384,-16.2560635,-14.5493174,-10.2308750,0.3497909,0.0143109,0.0529078,0.1179678,0.0546065,0.0075579,0.3709276,-0.1580163,0.0577307,0.0725377,0.0413774,0.0441080,-0.0273445,0.0658089,0.0517792,0.0483549,0.1707266,0.6832905,0.8344959,0.0238690,0.2533467
17.787682790,1791080866.521256208,0,0,-0.1407636,-0.0298402,0.0473243,-11.0271225,-16.3916893,-14.6386538,-10.2186804,0.3318360,0.0774071,0.0829563,0.1291407,0.0456970,0.0142464,0.4077403,-0.1634739,0.0566758,0.0724551,0.0331940,0.0419406,-0.0258238,0.0660616,0.0484271,0.0487414,0.1702270,0.6832878,0.8344945,0.0373994,0.2640212
17.809194416,1791080866.542767286,0,0,-0.1467580,-0.0294814,0.0537009,-10.9296188,-16.5158787,-14.5957823,-10.1659803,0.3134188,0.1347998,0.0974993,0.1497794,0.0391228,0.0238091,0.4547784,-0.1658973,0.0561251,0.0723818,0.0252884,0.0394170,-0.0236528,0.0663085,0.0449351,0.0490025,0.1697237,0.6832853,0.8344942,0.0507583,0.2762828
17.828463120,1791080866.562036514,0,0,-0.1527147,-0.0286663,0.0594241,-10.8699417,-16.6384258,-14.4220524,-10.0747719,0.2974885,0.1883418,0.0982561,0.1726373,0.0330440,0.0344256,0.5016239,-0.1672176,0.0555434,0.0722240,0.0231649,0.0370926,-0.0216328,0.0665467,0.0416258,0.0492418,0.1692192,0.6832830,0.8344939,0.0618743,0.2890379
17.852324780,1791080866.585897684,0,0,-0.1579752,-0.0275734,0.0649068,-10.8014002,-16.7138672,-14.2301474,-9.9604139,0.2878394,0.2400841,0.0904324,0.1977868,0.0263931,0.0469288,0.5550572,-0.1719970,0.0550337,0.0719456,0.0221328,0.0348924,-0.0194127,0.0667279,0.0378480,0.0493130,0.1687579,0.6832804,0.8344938,0.0692418,0.3071843
17.869225367,1791080866.602798223,0,0,-0.1634747,-0.0246136,0.0681798,-10.7493238,-16.7871799,-14.0716877,-9.8472414,0.2861706,0.2879825,0.0636811,0.2357663,0.0215482,0.0635004,0.6284051,-0.1693366,0.0545305,0.0716299,0.0299755,0.0329143,-0.0177606,0.0668688,0.0355828,0.0493464,0.1684709,0.6832774,0.8344939,0.0761547,0.3248879
17.892464188,1791080866.626036882,0,0,-0.1656584,-0.0205164,0.0696234,-10.6792574,-16.8171692,-13.8932810,-9.7723131,0.2829212,0.3329003,0.0275726,0.2851358,0.0150873,0.0801983,0.7106551,-0.1637771,0.0540457,0.0713633,0.0279471,0.0313085,-0.0164541,0.0670040,0.0331509,0.0493573,0.1681879,0.6832742,0.8344939,0.0822457,0.3414576
17.908946434,1791080866.642519236,0,0,-0.1692153,-0.0153609,0.0695238,-10.6494513,-16.7917995,-13.6913767,-9.6927299,0.2806595,0.3644828,-0.0239640,0.3524570,0.0050989,0.0964523,0.8123685,-0.1606382,0.0534025,0.0712300,0.0306358,0.0320817,-0.0151984,0.0670932,0.0302162,0.0492037,0.1679082,0.6832715,0.8344935,0.0809488,0.3575186
17.930903091,1791080866.664475918,0,0,-0.1706371,-0.0116660,0.0676272,-10.6136770,-16.7035866,-13.4502153,-9.6016817,0.2715138,0.3859610,-0.0764794,0.4210310,-0.0074877,0.1095586,0.9097800,-0.1622284,0.0527925,0.0710625,0.0308567,0.0327263,-0.0143310,0.0671737,0.0281281,0.0490977,0.1676195,0.6832687,0.8344930,0.0798401,0.3720502
17.950632925,1791080866.684206247,0,0,-0.1714742,-0.0080777,0.0669319,-10.5810385,-16.6420593,-13.2758017,-9.5631065,0.2687710,0.3977922,-0.1278199,0.4822900,-0.0178904,0.1164231,0.9875776,-0.1620673,0.0520487,0.0706769,0.0390270,0.0344838,-0.0131354,0.0671801,0.0273195,0.0491990,0.1673717,0.6832666,0.8344819,0.0776062,0.3756025
17.968967337,1791080866.702539921,0,0,-0.1714341,-0.0027258,0.0651213,-10.5468149,-16.5948181,-13.1425676,-9.5566893,0.2697985,0.4019458,-0.1920690,0.5419242,-0.0256937,0.1183146,1.0643991,-0.1570688,0.0513528,0.0702301,0.0439460,0.0360178,-0.0120420,0.0671875,0.0271160,0.0493602,0.1671322,0.6832649,0.8344728,0.0755719,0.3785779
17.990791534,1791080866.724364281,0,0,-0.1659801,0.0026198,0.0620289,-10.5523081,-16.5911255,-13.0993824,-9.6052074,0.2708288,0.4015183,-0.2542927,0.5916120,-0.0290833,0.1162148,1.1367146,-0.1377289,0.0503788,0.0698285,0.0543165,0.0383752,-0.0103563,0.0670598,0.0290971,0.0493168,0.1670424,0.6832665,0.8344659,0.0697793,0.3775489
18.011115085,1791080866.744688272,0,0,-0.1623701,0.0077580,0.0612927,-10.5618687,-16.5858860,-13.0081472,-9.6498375,0.2745972,0.3886974,-0.3048678,0.6274678,-0.0249831,0.1027539,1.1935691,-0.1091768,0.0491547,0.0685213,0.0715491,0.0427869,-0.0086973,0.0669512,0.0317531,0.0492761,0.1670417,0.6832767,0.8344604,0.0639959,0.3780243
18.030228799,1791080866.763801575,0,0,-0.1595754,0.0108994,0.0608426,-10.5617113,-16.5391159,-12.9464178,-9.7338467,0.2783424,0.3683380,-0.3258554,0.6508524,-0.0109846,0.0766469,1.2463983,-0.0744754,0.0479829,0.0674658,0.0802297,0.0460903,-0.0071773,0.0668566,0.0339117,0.0491014,0.1670492,0.6832857,0.8344564,0.0592422,0.3772620
18.052803784,1791080866.786376715,0,0,-0.1572949,0.0114545,0.0618437,-10.5769377,-16.4645405,-12.9095068,-9.8401384,0.2793186,0.3414598,-0.3127978,0.6646860,0.0138184,0.0384570,1.2860864,-0.0417586,0.0463800,0.0672014,0.0795015,0.0472865,-0.0063293,0.0667128,0.0365939,0.0490830,0.1669192,0.6832879,0.8344497,0.0561639,0.3713399
18.071110578,1791080866.804683208,0,0,-0.1559375,0.0120164,0.0600261,-10.5995684,-16.3901939,-12.9129763,-9.9759054,0.2886895,0.3109310,-0.2963450,0.6652623,0.0493660,-0.0010333,1.3181212,-0.0159130,0.0455813,0.0669625,0.0758851,0.0476363,-0.0071011,0.0667386,0.0389407,0.0491360,0.1668396,0.6832889,0.8344480,0.0513203,0.3660967
18.090901441,1791080866.824474573,0,0,-0.1537252,0.0123575,0.0534665,-10.5820761,-16.2791424,-12.8740053,-10.0627480,0.2930738,0.2782320,-0.2886788,0.6581452,0.0932663,-0.0388484,1.3490554,-0.0030054,0.0448512,0.0667237,0.0732192,0.0479448,-0.0078879,0.0667604,0.0412809,0.0492736,0.1667565,0.6832901,0.8344464,0.0466387,0.3608380
18.112153459,1791080866.845726728,0,0,-0.1508718,0.0115142,0.0470335,-10.5647898,-16.1409149,-12.8365030,-10.1280031,0.2966202,0.2411055,-0.2809116,0.6472892,0.1398706,-0.0770777,1.3802987,0.0021553,0.0449336,0.0666250,0.0683675,0.0455789,-0.0080625,0.0665348,0.0415482,0.0489764,0.1662475,0.6832898,0.8344463,0.0425107,0.3624220
18.132591196,1791080866.866164684,0,0,-0.1481835,0.0095381,0.0442691,-10.4949989,-16.0315857,-12.7879353,-10.1347380,0.2982255,0.2067540,-0.2678822,0.6391476,0.1775673,-0.1083315,1.3943913,-0.0076382,0.0450837,0.0666045,0.0650275,0.0434878,-0.0082554,0.0663026,0.0417940,0.0486555,0.1657086,0.6832895,0.8344463,0.0389988,0.3640446
18.154335002,1791080866.887907743,0,0,-0.1467280,0.0073528,0.0423739,-10.4404926,-15.9637899,-12.8021803,-10.1254148,0.2987525,0.1774719,-0.2464744,0.6455080,0.2077875,-0.1303524,1.4007537,-0.0197355,0.0455209,0.0667053,0.0581703,0.0425522,-0.0100893,0.0660328,0.0418665,0.0484077,0.1653202,0.6832896,0.8344464,0.0366025,0.3552966
18.174235122,1791080866.907808065,0,0,-0.1449049,0.0037533,0.0383822,-10.3929873,-15.9414349,-12.8564939,-10.1073418,0.2924401,0.1434961,-0.2247912,0.6662114,0.2388431,-0.1408544,1.4216115,-0.0349796,0.0455728,0.0667407,0.0524085,0.0416488,-0.0137769,0.0661156,0.0422845,0.0481539,0.1649950,0.6832899,0.8344466,0.0318874,0.3445755
18.192649766,1791080866.926222324,0,0,-0.1421050,0.0001508,0.0362833,-10.3389645,-15.8752728,-12.7955542,-9.9941416,0.2887260,0.1114192,-0.2305610,0.6731937,0.2625894,-0.1433375,1.4266746,-0.0435710,0.0457297,0.0668024,0.0479521,0.0408042,-0.0172450,0.0661898,0.0426576,0.0479024,0.1646694,0.6832901,0.8344469,0.0273204,0.3345120
18.212687211,1791080866.946259975,0,0,-0.1380884,-0.0021881,0.0341576,-10.3364840,-15.8585243,-12.7859697,-9.8770018,0.2853115,0.0768306,-0.2579930,0.6806581,0.2835567,-0.1383278,1.4201614,-0.0467931,0.0458492,0.0668763,0.0445756,0.0398795,-0.0204231,0.0662372,0.0427899,0.0476758,0.1643648,0.6832900,0.8344473,0.0232606,0.3257537
18.233089553,1791080866.966662407,0,0,-0.1334022,-0.0041485,0.0328392,-10.3469591,-15.8274174,-12.7132902,-9.7171488,0.2842262,0.0399071,-0.3071442,0.6784328,0.3047573,-0.1322103,1.4080492,-0.0369702,0.0460584,0.0669652,0.0418474,0.0390191,-0.0234089,0.0662763,0.0429246,0.0474426,0.1640658,0.6832899,0.8344478,0.0193818,0.3173623
18.252712753,1791080866.986285686,0,0,-0.1281503,-0.0055443,0.0324093,-10.3716822,-15.7903433,-12.6304159,-9.5778170,0.2896635,0.0040450,-0.3600076,0.6743876,0.3252602,-0.1250483,1.3908570,-0.0187467,0.0463252,0.0669960,0.0404789,0.0384824,-0.0258952,0.0662904,0.0429852,0.0472936,0.1638697,0.6832896,0.8344483,0.0183716,0.3104490
18.273013133,1791080867.006585836,0,0,-0.1222073,-0.0052537,0.0333187,-10.4235401,-15.7764101,-12.5781336,-9.4737043,0.2966328,-0.0264285,-0.4199014,0.6700132,0.3388841,-0.1173308,1.3584718,0.0014876,0.0466990,0.0669388,0.0392588,0.0378166,-0.0281635,0.0663499,0.0434890,0.0472000,0.1636775,0.6832896,0.8344487,0.0169688,0.3039970
18.292632191,1791080867.026204824,0,0,-0.1165530,-0.0054864,0.0333138,-10.4702806,-15.7627926,-12.5128527,-9.3845911,0.3057051,-0.0558117,-0.4799753,0.6633272,0.3511075,-0.1109755,1.3253698,0.0200988,0.0470793,0.0669082,0.0381264,0.0371899,-0.0302402,0.0664162,0.0438628,0.0470398,0.1635010,0.6832896,0.8344491,0.0157377,0.2980631
18.312497285,1791080867.046070337,0,0,-0.1106865,-0.0050423,0.0336289,-10.5515022,-15.7452135,-12.4759674,-9.3167238,0.3110746,-0.0862647,-0.5363782,0.6582761,0.3668220,-0.1092625,1.2923915,0.0495383,0.0474728,0.0668720,0.0364091,0.0365029,-0.0323829,0.0665863,0.0444950,0.0469135,0.1633149,0.6832896,0.8344495,0.0144479,0.2926328
18.332684647,1791080867.066257954,0,0,-0.1076028,-0.0034140,0.0353732,-10.5853529,-15.7067051,-12.3756952,-9.2456312,0.3204048,-0.1220448,-0.5908909,0.6467392,0.3803019,-0.1094777,1.2431722,0.0746444,0.0478563,0.0668331,0.0350647,0.0358571,-0.0343593,0.0667662,0.0451034,0.0467768,0.1631447,0.6832896,0.8344498,0.0132858,0.2874279
18.352763711,1791080867.086336851,0,0,-0.1010708,-0.0037054,0.0342807,-10.6317024,-15.7378407,-12.3385973,-9.2238712,0.3329330,-0.1587241,-0.6180079,0.6326356,0.3938629,-0.1140772,1.1972100,0.0929825,0.0481638,0.0668172,0.0342661,0.0352077,-0.0360909,0.0669158,0.0456515,0.0466006,0.1629872,0.6832894,0.8344501,0.0117966,0.2830487
18.371340537,1791080867.104913235,0,0,-0.0953516,-0.0030512,0.0337936,-10.6676321,-15.7525530,-12.3653860,-9.2133799,0.3454776,-0.1894272,-0.6394281,0.6197430,0.4051639,-0.1189580,1.1538880,0.1120772,0.0484747,0.0667742,0.0341288,0.0346187,-0.0376266,0.0670499,0.0461513,0.0464498,0.1628471,0.6832892,0.8344504,0.0107682,0.2787068
18.392120428,1791080867.125693321,0,0,-0.0920968,-0.0025783,0.0335905,-10.7009954,-15.7785759,-12.3367796,-9.1958065,0.3546096,-0.2239769,-0.6513332,0.6097282,0.4179833,-0.1264722,1.1070740,0.1290997,0.0487937,0.0667502,0.0340362,0.0340716,-0.0390757,0.0671900,0.0465785,0.0462736,0.1627150,0.6832891,0.8344507,0.0099113,0.2743785
18.412717424,1791080867.146290541,0,0,-0.0867848,-0.0031970,0.0310316,-10.7692404,-15.8634138,-12.4313250,-9.2289610,0.3598198,-0.2566038,-0.6418247,0.6056567,0.4315661,-0.1346876,1.0614958,0.1468378,0.0490543,0.0667130,0.0339125,0.0335251,-0.0403843,0.0673226,0.0471771,0.0461283,0.1625935,0.6832888,0.8344510,0.0096473,0.2706724
18.432256827,1791080867.165829897,0,0,-0.0837549,-0.0046033,0.0293043,-10.7977781,-15.9311409,-12.4916706,-9.2484283,0.3683785,-0.2895592,-0.6246890,0.5987684,0.4454164,-0.1430421,1.0148445,0.1655426,0.0493128,0.0666846,0.0338497,0.0330135,-0.0416203,0.0674632,0.0477525,0.0459823,0.1624765,0.6832885,0.8344513,0.0094026,0.2669368
18.453215037,1791080867.186788082,0,0,-0.0831804,-0.0057390,0.0273659,-10.8041201,-15.9744015,-12.4764128,-9.2573576,0.3770551,-0.3204848,-0.6037797,0.5912469,0.4562395,-0.1517792,0.9671081,0.1783140,0.0496836,0.0666370,0.0331198,0.0327544,-0.0430633,0.0676837,0.0482152,0.0458057,0.1623581,0.6832884,0.8344515,0.0100704,0.2619447
18.473084324,1791080867.206657171,0,0,-0.0830017,-0.0067444,0.0254081,-10.8191643,-16.0141106,-12.4761744,-9.2643709,0.3854802,-0.3531281,-0.5776901,0.5808133,0.4660033,-0.1591186,0.9134227,0.1899401,0.0500098,0.0665569,0.0328734,0.0323363,-0.0443193,0.0679266,0.0487756,0.0457072,0.1622389,0.6832881,0.8344517,0.0112369,0.2592230
18.492433375,1791080867.226006031,0,0,-0.0818753,-0.0089432,0.0217516,-10.8185282,-16.0883312,-12.5264711,-9.2807560,0.3960949,-0.3839067,-0.5460575,0.5660874,0.4765750,-0.1639427,0.8655053,0.1939868,0.0503265,0.0664968,0.0326294,0.0319507,-0.0454732,0.0681732,0.0491933,0.0455619,0.1621234,0.6832878,0.8344520,0.0124284,0.2567247
18.512974270,1791080867.246547222,0,0,-0.0821111,-0.0101367,0.0186777,-10.8158827,-16.1150913,-12.5315733,-9.2808580,0.4043833,-0.4132614,-0.5185639,0.5511678,0.4886305,-0.1687390,0.8185930,0.1974410,0.0505590,0.0664459,0.0322326,0.0315510,-0.0466192,0.0684092,0.0495838,0.0453976,0.1620170,0.6832874,0.8344522,0.0132149,0.2542458
18.534280925,1791080867.267853975,0,0,-0.0824553,-0.0116295,0.0162275,-10.8127584,-16.1397858,-12.5428104,-9.3056746,0.4162535,-0.4420023,-0.4913635,0.5325669,0.5011020,-0.1745713,0.7716738,0.1903744,0.0507847,0.0663902,0.0319793,0.0311738,-0.0477658,0.0686453,0.0500067,0.0452516,0.1619119,0.6832870,0.8344523,0.0138802,0.2521199
18.554667759,1791080867.288240671,0,0,-0.0835377,-0.0133480,0.0127428,-10.8047361,-16.1669712,-12.5779181,-9.3169737,0.4224418,-0.4686945,-0.4665123,0.5171426,0.5144951,-0.1785337,0.7337177,0.1782796,0.0509914,0.0664181,0.0305416,0.0307067,-0.0492154,0.0689165,0.0507174,0.0450853,0.1618048,0.6832867,0.8344525,0.0139932,0.2495396
18.573706256,1791080867.307279825,0,0,-0.0848078,-0.0143825,0.0101901,-10.8273935,-16.1753540,-12.6234579,-9.3345823,0.4282854,-0.4937148,-0.4444473,0.5009526,0.5256864,-0.1809628,0.6895892,0.1685891,0.0511693,0.0664303,0.0294195,0.0301993,-0.0506903,0.0691871,0.0516104,0.0449962,0.1616997,0.6832864,0.8344526,0.0141636,0.2477041
18.592730576,1791080867.326303482,0,0,-0.0850172,-0.0149292,0.0072669,-10.8490763,-16.2389584,-12.6709204,-9.3698597,0.4332300,-0.5158720,-0.4195315,0.4796034,0.5305965,-0.1774427,0.6456893,0.1586915,0.0513542,0.0664379,0.0285260,0.0297186,-0.0521178,0.0694572,0.0524628,0.0449122,0.1615945,0.6832861,0.8344527,0.0143013,0.2460237
18.613630157,1791080867.347203016,0,0,-0.0864806,-0.0158115,0.0044803,-10.8334131,-16.2677383,-12.6945181,-9.3622065,0.4351821,-0.5328560,-0.4018872,0.4583926,0.5324649,-0.1736501,0.6107953,0.1469088,0.0515866,0.0664306,0.0274936,0.0291774,-0.0536172,0.0697524,0.0531495,0.0448101,0.1614908,0.6832859,0.8344528,0.0150941,0.2450546
18.632890912,1791080867.366463661,0,0,-0.0856900,-0.0165716,0.0027966,-10.8400297,-16.3119774,-12.7368307,-9.3379946,0.4386199,-0.5476490,-0.3878941,0.4351405,0.5299773,-0.1659260,0.5848708,0.1410065,0.0518177,0.0664271,0.0265841,0.0286640,-0.0550554,0.0700495,0.0537588,0.0446884,0.1613877,0.6832857,0.8344529,0.0158683,0.2443021
18.654697770,1791080867.388271093,0,0,-0.0844224,-0.0155068,0.0021761,-10.8467093,-16.3601170,-12.6969242,-9.2829599,0.4400984,-0.5560962,-0.3763064,0.4074049,0.5179788,-0.1543834,0.5527092,0.1387528,0.0520338,0.0664684,0.0256307,0.0281691,-0.0565421,0.0703587,0.0543203,0.0445305,0.1612769,0.6832854,0.8344530,0.0161343,0.2431196
18.674280888,1791080867.407853603,0,0,-0.0832736,-0.0153233,0.0017930,-10.8443041,-16.4521866,-12.6877966,-9.2193842,0.4415860,-0.5609179,-0.3586268,0.3754758,0.4994434,-0.1390944,0.5200245,0.1409938,0.0521875,0.0665673,0.0251322,0.0277093,-0.0578543,0.0705841,0.0548271,0.0443471,0.1611668,0.6832849,0.8344532,0.0169160,0.2421358
18.694586020,1791080867.428158998,0,0,-0.0825365,-0.0148659,0.0019750,-10.8344011,-16.5199814,-12.6388559,-9.1252489,0.4436277,-0.5679789,-0.3408433,0.3404156,0.4747587,-0.1201628,0.4900502,0.1318157,0.0523478,0.0666556,0.0248138,0.0272684,-0.0591588,0.0708110,0.0553806,0.0442005,0.1610546,0.6832845,0.8344533,0.0175928,0.2412555
18.713549854,1791080867.447122574,0,0,-0.0810154,-0.0141760,0.0009740,-10.8344126,-16.5725994,-12.5952978,-9.0489435,0.4450655,-0.5761488,-0.3228122,0.3075430,0.4441473,-0.0998701,0.4624895,0.1210203,0.0525458,0.0667319,0.0247002,0.0267760,-0.0604446,0.0710090,0.0558785,0.0440762,0.1609491,0.6832840,0.8344535,0.0181104,0.2401865
18.733395747,1791080867.466968536,0,0,-0.0788182,-0.0136034,0.0011224,-10.8403769,-16.6076851,-12.5521593,-8.9545679,0.4488111,-0.5858402,-0.3027118,0.2735010,0.4030768,-0.0745618,0.4388021,0.1071280,0.0527495,0.0668127,0.0246320,0.0263102,-0.0616744,0.0712070,0.0563317,0.0439451,0.1608435,0.6832836,0.8344536,0.0186246,0.2392787
18.754171894,1791080867.487744331,0,0,-0.0763910,-0.0133374,0.0005613,-10.8431978,-16.6129971,-12.5412693,-8.8774147,0.4513766,-0.5940230,-0.2841322,0.2439902,0.3613667,-0.0502894,0.4190527,0.0923874,0.0529223,0.0669424,0.0241131,0.0258102,-0.0628405,0.0714237,0.0567961,0.0437979,0.1607219,0.6832832,0.8344538,0.0193229,0.2384450
18.774585482,1791080867.508157969,0,0,-0.0765455,-0.0132331,0.0000271,-10.8590555,-16.5494957,-12.4637012,-8.8311129,0.4530190,-0.6044732,-0.2654991,0.2196991,0.3307994,-0.0341793,0.3938188,0.0742522,0.0531488,0.0670507,0.0237833,0.0251983,-0.0639022,0.0715800,0.0572086,0.0436691,0.1606051,0.6832827,0.8344539,0.0200325,0.2379796
18.796374962,1791080867.529947996,0,0,-0.0773128,-0.0138171,-0.0014330,-10.9100580,-16.4817867,-12.4567785,-8.8388720,0.4540487,-0.6154920,-0.2475115,0.2024693,0.3122502,-0.0238360,0.3760062,0.0567588,0.0533783,0.0671593,0.0235465,0.0246205,-0.0649269,0.0717363,0.0576002,0.0435434,0.1604888,0.6832823,0.8344540,0.0207120,0.2377950
18.812930210,1791080867.546502829,0,0,-0.0782562,-0.0147385,-0.0018653,-10.9463272,-16.3616924,-12.4369612,-8.8555880,0.4545139,-0.6280808,-0.2301257,0.1863329,0.2986903,-0.0171439,0.3569379,0.0397144,0.0536751,0.0672982,0.0232850,0.0240990,-0.0659599,0.0718742,0.0578878,0.0434113,0.1603640,0.6832819,0.8344541,0.0221824,0.2368405
18.834866935,1791080867.568439722,0,0,-0.0789422,-0.0150167,-0.0035464,-10.9980011,-16.2723732,-12.4279890,-8.8933277,0.4562581,-0.6438063,-0.2157031,0.1759102,0.2934982,-0.0125535,0.3407796,0.0240359,0.0539717,0.0674299,0.0231383,0.0236007,-0.0669452,0.0720142,0.0582039,0.0433056,0.1602387,0.6832815,0.8344541,0.0235701,0.2360123
18.854624148,1791080867.588197231,0,0,-0.0786348,-0.0165198,-0.0067289,-11.0565338,-16.2216206,-12.4420347,-8.8849277,0.4545135,-0.6556962,-0.2070514,0.1682433,0.2923149,-0.0094598,0.3258485,0.0169528,0.0543736,0.0675268,0.0231736,0.0231434,-0.0675965,0.0720499,0.0581877,0.0431622,0.1601360,0.6832811,0.8344540,0.0249610,0.2358862
18.874571873,1791080867.608144522,0,0,-0.0786837,-0.0167700,-0.0076706,-11.1222200,-16.1559200,-12.4234819,-8.8789644,0.4558265,-0.6627191,-0.2016438,0.1622739,0.2938380,-0.0049419,0.3193034,0.0179898,0.0547764,0.0675405,0.0229217,0.0225915,-0.0679156,0.0720973,0.0579497,0.0430514,0.1600379,0.6832806,0.8344539,0.0267892,0.2367115
18.894457385,1791080867.628030539,0,0,-0.0786258,-0.0162126,-0.0088639,-11.1584520,-16.0870228,-12.3791418,-8.8840141,0.4543605,-0.6713446,-0.1995752,0.1600664,0.2975156,-0.0009069,0.3117867,0.0133788,0.0551769,0.0675592,0.0227114,0.0220754,-0.0682281,0.0721453,0.0576884,0.0429298,0.1599407,0.6832802,0.8344538,0.0285505,0.2375088
18.916521000,1791080867.650094032,0,0,-0.0782569,-0.0158497,-0.0097909,-11.1834736,-16.0475864,-12.3726320,-8.8922968,0.4542567,-0.6814981,-0.1988371,0.1585813,0.3004834,0.0006397,0.3051489,0.0043264,0.0556468,0.0675409,0.0220800,0.0216272,-0.0683576,0.0720530,0.0570659,0.0426983,0.1598508,0.6832793,0.8344536,0.0300910,0.2424711
18.936398799,1791080867.669972181,0,0,-0.0785470,-0.0155644,-0.0100493,-11.1931810,-16.0068302,-12.3618498,-8.8851137,0.4548826,-0.6909744,-0.1989723,0.1566275,0.3056628,0.0031365,0.3037779,-0.0035013,0.0561043,0.0675317,0.0214787,0.0212056,-0.0684811,0.0719620,0.0564190,0.0424529,0.1597599,0.6832784,0.8344534,0.0315509,0.2473699
18.956716348,1791080867.690289497,0,0,-0.0790954,-0.0151151,-0.0102712,-11.2238607,-15.9608669,-12.3504457,-8.8829851,0.4553891,-0.6988384,-0.1999925,0.1564180,0.3095858,0.0044562,0.3030304,-0.0103999,0.0565717,0.0673875,0.0219993,0.0212606,-0.0682073,0.0715999,0.0556682,0.0422326,0.1599730,0.6832734,0.8344522,0.0357021,0.2506110
18.976903581,1791080867.710476637,0,0,-0.0799094,-0.0146653,-0.0093377,-11.2213192,-15.9061022,-12.2668657,-8.8747606,0.4530484,-0.7067358,-0.2008998,0.1531969,0.3092865,0.0043219,0.2964216,-0.0220676,0.0569592,0.0671938,0.0224466,0.0213925,-0.0675054,0.0713449,0.0547600,0.0420585,0.1602029,0.6832689,0.8344487,0.0407946,0.2489012
18.996837577,1791080867.730410337,0,0,-0.0794919,-0.0145817,-0.0088164,-11.2632475,-15.9024887,-12.3377695,-8.9175959,0.4501208,-0.7132188,-0.2002084,0.1507208,0.3100995,0.0043601,0.2951011,-0.0325820,0.0573134,0.0669857,0.0228808,0.0215170,-0.0668235,0.0710915,0.0538924,0.0418850,0.1604278,0.6832647,0.8344454,0.0452548,0.2473901
19.017548631,1791080867.751121998,0,0,-0.0795862,-0.0142715,-0.0095025,-11.2972689,-15.8905525,-12.3891573,-8.9502773,0.4431911,-0.7173336,-0.1984681,0.1484549,0.3088795,0.0043192,0.2899772,-0.0420719,0.0574767,0.0666687,0.0254470,0.0218792,-0.0658652,0.0707638,0.0530719,0.0416859,0.1608696,0.6832567,0.8344402,0.0511392,0.2475710
19.037820319,1791080867.771393776,0,0,-0.0804145,-0.0142850,-0.0093208,-11.3333349,-15.8948240,-12.4260216,-8.9783955,0.4375399,-0.7194041,-0.1948590,0.1454827,0.3069612,0.0043376,0.2840096,-0.0461118,0.0575771,0.0663724,0.0279790,0.0222545,-0.0648994,0.0704095,0.0520082,0.0414618,0.1613881,0.6832488,0.8344360,0.0578145,0.2482323
19.056828669,1791080867.790401936,0,0,-0.0821167,-0.0139363,-0.0087251,-11.3520670,-15.8897915,-12.4768772,-9.0252371,0.4316164,-0.7209659,-0.1894370,0.1427301,0.3045880,0.0043522,0.2767572,-0.0502905,0.0576174,0.0660668,0.0299150,0.0226159,-0.0639708,0.0700654,0.0509692,0.0412432,0.1619048,0.6832414,0.8344319,0.0637893,0.2488922
19.078496091,1791080867.812069178,0,0,-0.0838843,-0.0140075,-0.0088095,-11.3503618,-15.8547649,-12.5075102,-9.0484715,0.4260109,-0.7202619,-0.1849132,0.1391121,0.3008458,0.0046158,0.2752745,-0.0607268,0.0576277,0.0657715,0.0343620,0.0231134,-0.0629726,0.0697429,0.0496624,0.0410006,0.1624309,0.6832317,0.8344287,0.0707360,0.2498014
19.099252108,1791080867.832825422,0,0,-0.0846409,-0.0143847,-0.0095960,-11.3615351,-15.8178625,-12.5287390,-9.0744057,0.4168130,-0.7184781,-0.1783101,0.1348101,0.2962784,0.0050327,0.2685003,-0.0673404,0.0575910,0.0654831,0.0373797,0.0235999,-0.0620035,0.0694276,0.0482725,0.0407343,0.1629630,0.6832228,0.8344254,0.0771181,0.2508396
19.119905685,1791080867.853478909,0,0,-0.0858818,-0.0155930,-0.0094934,-11.3661346,-15.7812843,-12.5864191,-9.1122322,0.4123031,-0.7198170,-0.1687796,0.1290078,0.2906388,0.0049100,0.2570342,-0.0795286,0.0576230,0.0652068,0.0424447,0.0241898,-0.0609930,0.0691434,0.0468107,0.0403875,0.1635034,0.6832122,0.8344240,0.0838327,0.2517946
19.138562325,1791080867.872135162,0,0,-0.0880021,-0.0166471,-0.0087529,-11.3764753,-15.7000599,-12.5758801,-9.0931988,0.4102732,-0.7162012,-0.1598422,0.1196358,0.2865436,0.0088707,0.2431027,-0.0862372,0.0575672,0.0646471,0.0442547,0.0253975,-0.0598242,0.0690219,0.0454774,0.0399279,0.1639950,0.6832061,0.8344233,0.0872540,0.2577479
19.158911140,1791080867.892484188,0,0,-0.0893790,-0.0179443,-0.0077048,-11.4125566,-15.6821766,-12.6850462,-9.1651125,0.4026472,-0.7055485,-0.1493376,0.1140812,0.2777982,0.0101792,0.2363994,-0.0979406,0.0574233,0.0641447,0.0449095,0.0265529,-0.0586586,0.0689086,0.0436346,0.0394288,0.1644937,0.6832007,0.8344225,0.0906861,0.2635891
19.178149014,1791080867.911721706,0,0,-0.0930171,-0.0185861,-0.0036136,-11.4020529,-15.6663580,-12.7406683,-9.2396879,0.3967657,-0.6909513,-0.1363364,0.1101184,0.2695827,0.0123680,0.2293354,-0.1080443,0.0571708,0.0636949,0.0451696,0.0275433,-0.0575783,0.0688001,0.0417042,0.0390055,0.1648902,0.6831943,0.8344214,0.0942372,0.2682480
19.200785285,1791080867.934358597,0,0,-0.0963697,-0.0194585,-0.0015648,-11.4195471,-15.6644459,-12.8537140,-9.3165846,0.3860756,-0.6653188,-0.1233511,0.1074380,0.2595009,0.0153566,0.2268132,-0.1172806,0.0568762,0.0632497,0.0452149,0.0285108,-0.0565462,0.0686965,0.0398888,0.0386018,0.1652933,0.6831881,0.8344203,0.0975155,0.2728328
19.219451399,1791080867.953024864,0,0,-0.0998389,-0.0201700,0.0007639,-11.4049978,-15.6498852,-12.9203863,-9.3794527,0.3777978,-0.6376234,-0.1098149,0.1038206,0.2468033,0.0169689,0.2182676,-0.1266856,0.0564734,0.0626384,0.0493552,0.0291951,-0.0557288,0.0686577,0.0382720,0.0384729,0.1654194,0.6831821,0.8344156,0.1011184,0.2723436
19.240816683,1791080867.974390268,0,0,-0.1027697,-0.0199378,0.0028700,-11.3984575,-15.6477404,-12.9697285,-9.4495592,0.3728465,-0.6090293,-0.0977098,0.1008508,0.2347015,0.0181058,0.2121231,-0.1357197,0.0560790,0.0619845,0.0523955,0.0298456,-0.0550152,0.0686325,0.0370862,0.0383645,0.1655456,0.6831766,0.8344107,0.1040888,0.2714098
19.260196777,1791080867.993769646,0,0,-0.1047562,-0.0198005,0.0057221,-11.3942957,-15.6601791,-13.0404959,-9.5247717,0.3679332,-0.5775684,-0.0898103,0.0975100,0.2225363,0.0193047,0.2125787,-0.1455696,0.0556835,0.0613450,0.0539978,0.0304806,-0.0543375,0.0686091,0.0360104,0.0382569,0.1656687,0.6831715,0.8344064,0.1067888,0.2706271
19.280252377,1791080868.013825655,0,0,-0.1050020,-0.0196670,0.0078471,-11.4013901,-15.6774826,-13.1323595,-9.5824099,0.3614523,-0.5412990,-0.0847395,0.0955996,0.2118651,0.0219014,0.2189998,-0.1550695,0.0552770,0.0607222,0.0546031,0.0310530,-0.0536950,0.0685930,0.0350383,0.0381315,0.1658112,0.6831667,0.8344022,0.1090851,0.2693868
19.300514102,1791080868.034087181,0,0,-0.1049267,-0.0189845,0.0113423,-11.4195089,-15.7213430,-13.1963167,-9.6548014,0.3553810,-0.5068699,-0.0816952,0.0939364,0.2015357,0.0239232,0.2240974,-0.1595111,0.0548641,0.0601035,0.0549411,0.0316052,-0.0530786,0.0685765,0.0341818,0.0380127,0.1659514,0.6831620,0.8343983,0.1112020,0.2681665
19.320743441,1791080868.054316759,0,0,-0.1049171,-0.0186309,0.0148078,-11.4206066,-15.7829161,-13.2755880,-9.7109623,0.3579491,-0.4734699,-0.0790980,0.0923445,0.1913904,0.0254784,0.2327995,-0.1645432,0.0544441,0.0594597,0.0553984,0.0321643,-0.0524706,0.0685700,0.0333188,0.0378977,0.1660677,0.6831576,0.8343943,0.1131719,0.2664075
19.340684565,1791080868.074257612,0,0,-0.1070102,-0.0177112,0.0173249,-11.4097795,-15.7787123,-13.2108240,-9.6867409,0.3540771,-0.4315179,-0.0790558,0.0887963,0.1798345,0.0277560,0.2404836,-0.1679332,0.0539919,0.0588060,0.0553839,0.0326902,-0.0518930,0.0685626,0.0326835,0.0378322,0.1661730,0.6831529,0.8343905,0.1147778,0.2653189
19.362743071,1791080868.096316099,0,0,-0.1066312,-0.0179338,0.0209573,-11.4230871,-15.8155642,-13.2576742,-9.7059612,0.3527112,-0.3992329,-0.0801446,0.0863275,0.1701414,0.0285527,0.2539270,-0.1729484,0.0535397,0.0581610,0.0553422,0.0331979,-0.0513330,0.0685538,0.0320677,0.0377645,0.1662773,0.6831483,0.8343868,0.1162437,0.2642948
19.380155004,1791080868.113728285,0,0,-0.1055405,-0.0169866,0.0256671,-11.4455891,-15.8727751,-13.2928324,-9.7398043,0.3560129,-0.3674535,-0.0833688,0.0845134,0.1611151,0.0291249,0.2637812,-0.1722750,0.0530913,0.0575759,0.0552153,0.0336821,-0.0507988,0.0685336,0.0314372,0.0376738,0.1664017,0.6831435,0.8343838,0.1178474,0.2634939
19.400364885,1791080868.133937836,0,0,-0.1048705,-0.0156609,0.0287147,-11.4688101,-15.9261274,-13.2738924,-9.7705317,0.3584202,-0.3308735,-0.0868201,0.0820039,0.1501034,0.0291942,0.2727183,-0.1708522,0.0526392,0.0569959,0.0551305,0.0341411,-0.0502828,0.0685122,0.0308380,0.0375859,0.1665248,0.6831387,0.8343809,0.1193200,0.2626900
19.420829442,1791080868.154402494,0,0,-0.1037891,-0.0154978,0.0308748,-11.4949179,-15.9770145,-13.3070965,-9.7753973,0.3645466,-0.2904511,-0.0863106,0.0802636,0.1410238,0.0304556,0.2813859,-0.1658039,0.0521768,0.0563582,0.0558251,0.0345764,-0.0497805,0.0684985,0.0303831,0.0375203,0.1666195,0.6831343,0.8343773,0.1202391,0.2614861
19.444831110,1791080868.178404093,0,0,-0.1031465,-0.0151206,0.0351346,-11.5130186,-16.0041199,-13.3299322,-9.7940931,0.3696671,-0.2541597,-0.0871169,0.0799768,0.1328359,0.0316682,0.2895269,-0.1635984,0.0517242,0.0557067,0.0560393,0.0350067,-0.0492837,0.0684871,0.0299317,0.0374526,0.1667149,0.6831303,0.8343738,0.1212335,0.2601856
19.463616495,1791080868.197189093,0,0,-0.1019375,-0.0152416,0.0367638,-11.5097933,-16.0701561,-13.4397593,-9.8373461,0.3739527,-0.2132600,-0.0846810,0.0808418,0.1219520,0.0314571,0.3029820,-0.1646565,0.0512691,0.0550608,0.0561949,0.0354258,-0.0487961,0.0684735,0.0295321,0.0373885,0.1668102,0.6831263,0.8343704,0.1221597,0.2589383
19.486223333,1791080868.219795942,0,0,-0.1003973,-0.0147865,0.0411465,-11.5038576,-16.1184120,-13.4883204,-9.8625870,0.3809242,-0.1695606,-0.0834803,0.0817771,0.1108382,0.0310620,0.3149557,-0.1599540,0.0507897,0.0545055,0.0555656,0.0357665,-0.0483416,0.0684425,0.0291756,0.0372868,0.1669479,0.6831219,0.8343677,0.1227311,0.2582122
19.504655282,1791080868.238228559,0,0,-0.0964835,-0.0172164,0.0468229,-11.5022993,-16.1578293,-13.6388159,-9.8819494,0.4022191,-0.1424695,-0.0770407,0.0767566,0.1092589,0.0345947,0.3254445,-0.1499357,0.0502959,0.0539289,0.0555511,0.0361380,-0.0478731,0.0684113,0.0288807,0.0371884,0.1670793,0.6831172,0.8343646,0.1234736,0.2569631
19.525152802,1791080868.258725882,0,0,-0.0916775,-0.0191395,0.0508328,-11.5090189,-16.1406822,-13.8399096,-9.8839417,0.4255410,-0.1291485,-0.0743832,0.0769691,0.1194641,0.0438515,0.3433280,-0.1380421,0.0497900,0.0533476,0.0555396,0.0365075,-0.0473913,0.0683762,0.0285774,0.0370824,0.1672119,0.6831124,0.8343614,0.1241456,0.2555642
22.174908169,1791080870.908482313,0,0,0.0902335,-0.1024963,-0.1105091,-4.0671930,-3.7470326,-2.2581439,-2.8240709,0.7705052,0.5351259,-0.1109153,-0.0243223,0.2167769,0.0329376,0.1032027,-0.1442922,0.1207616,0.0496086,0.1495839,0.0218781,-0.0092180,0.0329824,0.0052746,0.0048483,0.0584890,0.8233231,0.9043765,0.0129683,-0.0116021
22.195080703,1791080870.928654671,0,0,0.0834152,-0.0908317,-0.1278463,-3.9251029,-3.4168797,-2.0934749,-2.8054161,0.7788796,0.5055738,-0.1087640,0.0379774,0.2912700,0.0250220,0.1644266,-0.1569311,0.1279934,0.0572415,0.0241738,0.0244924,-0.0088698,0.0361088,0.0057465,0.0042868,0.0615093,0.8328016,0.9196042,0.0230230,-0.0196540
22.218802154,1791080870.952375650,0,0,0.0272105,-0.1160339,-0.1146891,-4.7177448,-5.1103520,-4.5387964,-6.2069707,0.6525000,0.4872379,-0.0292585,0.0168285,0.2129904,-0.0559997,0.0991102,-0.1580670,0.1305725,0.0654583,0.0322130,0.0270338,-0.0070847,0.0385781,0.0058653,0.0026029,0.0631347,0.8344650,0.9755511,0.0205250,-0.0292144
22.234630291,1791080870.968203545,0,0,0.0473652,-0.0960176,-0.1187099,-6.3879385,-6.9523082,-7.6365376,-9.2726288,0.5724580,0.5839550,0.0384541,-0.0249415,0.0357824,-0.0984152,-0.0358864,-0.0372405,0.1314974,0.0705281,0.0373771,0.0298803,-0.0055685,0.0408359,0.0051952,-0.0001505,0.0672190,0.8363972,0.9971206,0.0161400,-0.0333847
22.254784775,1791080870.988358259,0,0,0.1155678,-0.0701449,-0.1356807,-8.2113638,-8.6119862,-9.5313730,-10.4566822,0.5476665,0.6210150,0.0486152,-0.0055230,0.0544857,-0.0791904,-0.0322773,-0.0072670,0.1314096,0.0742045,0.0435680,0.0312844,-0.0037782,0.0428605,0.0044357,-0.0040040,0.0732251,0.8381228,0.9992356,0.0114598,-0.0374341
22.274898224,1791080871.008471251,0,0,0.0841243,-0.0972486,-0.1475142,-8.9692078,-9.1696806,-9.8299913,-10.6548929,0.5577635,0.5604811,0.0678479,-0.0036845,0.0588614,-0.0440517,-0.0200794,0.0048096,0.1324583,0.0770492,0.0522116,0.0275704,-0.0020966,0.0436979,0.0038111,-0.0048995,0.0770952,0.8393131,0.9080471,0.0071667,-0.0432325
22.296663190,1791080871.030236244,0,0,0.0870523,-0.1082102,-0.1959680,-9.8004475,-9.9647532,-10.0057268,-10.2795401,0.5797895,0.5208766,0.0792123,0.0043074,0.0675720,-0.0026363,-0.0089275,0.0326675,0.1329925,0.0798906,0.0608937,0.0245270,-0.0003538,0.0440779,0.0030246,-0.0058661,0.0806386,0.8400245,0.8783323,0.0061804,-0.0484236
22.314999645,1791080871.048572779,0,0,0.0265285,-0.1247253,-0.1734334,-9.2373667,-9.1356440,-8.2991076,-8.6551971,0.5749578,0.4682902,0.0625024,-0.0050631,0.0708901,0.0046729,-0.0032407,0.0099204,0.1311955,0.0818509,0.0815920,0.0247053,0.0020735,0.0440525,0.0017665,-0.0080436,0.0859652,0.8396531,0.9662837,0.0101732,-0.0569599
22.336890955,1791080871.070463896,0,0,-0.0615359,-0.1522820,-0.1078811,-9.3312006,-8.7254906,-7.2562385,-7.5205436,0.5683197,0.4228050,0.0694660,-0.0106204,0.0849625,0.0076850,0.0057359,-0.0054987,0.1300361,0.0831858,0.0851922,0.0264697,0.0039773,0.0441925,0.0009672,-0.0088340,0.0874356,0.8395666,0.9728308,0.0116806,-0.0619356
22.354790453,1791080871.088363886,0,0,-0.0497713,-0.0972751,-0.0895511,-11.1778231,-9.9795170,-7.4834838,-7.1560626,0.5601560,0.3565110,0.0718271,-0.0081107,0.0417372,0.0204317,0.0258819,0.0071400,0.1292959,0.0840888,0.0849060,0.0275145,0.0055309,0.0442715,0.0018365,-0.0089066,0.0881820,0.8394108,0.9743689,0.0121106,-0.0666575
22.377753129,1791080871.111326218,0,0,-0.0501887,0.0216289,-0.0820990,-11.3188066,-10.4030886,-7.1952929,-7.1020856,0.5058566,0.1653658,0.0851421,-0.0324673,-0.0451443,-0.0054579,0.0162838,-0.0137219,0.1290081,0.0847112,0.0845965,0.0278538,0.0065862,0.0441592,0.0036798,-0.0088082,0.0887863,0.8393264,0.9745230,0.0152782,-0.0683740
22.395341663,1791080871.128914595,0,0,0.0148127,0.0271507,-0.1039875,-11.1342974,-12.5093422,-8.9403009,-8.2147188,0.4451469,0.3161991,0.0797221,-0.0306956,-0.0163458,-0.0513360,-0.0010666,-0.0352528,0.1279092,0.0854872,0.0847096,0.0281919,0.0082920,0.0439635,0.0049895,-0.0089890,0.0898435,0.8391973,0.9746543,0.0158512,-0.0651880
22.416777040,1791080871.150349855,0,0,0.0169154,0.0132904,-0.1190009,-10.4608240,-11.6795855,-9.5411930,-8.4155636,0.3918124,0.3460347,0.0742822,-0.0281673,0.0058916,-0.0688946,-0.0062220,-0.0392478,0.1267132,0.0862706,0.0865202,0.0282312,0.0099984,0.0436792,0.0050867,-0.0093934,0.0912808,0.8390508,0.9750230,0.0165599,-0.0635481
22.436870665,1791080871.170443773,0,0,0.0727641,0.0158273,-0.1728319,-10.1105499,-10.6212702,-10.6903763,-9.1648951,0.3582507,0.3252830,0.0682506,-0.0209226,0.0018194,-0.0714686,-0.0042465,-0.0450534,0.1252226,0.0870615,0.0867543,0.0279737,0.0114306,0.0432843,0.0046084,-0.0100576,0.0932475,0.8389099,0.9757910,0.0164950,-0.0594659
22.458922849,1791080871.192495584,0,0,0.1493896,0.0311908,-0.2879142,-9.8948765,-10.6498861,-11.7266798,-9.8295002,0.3835257,0.1412829,0.1146014,-0.0168137,-0.0153837,-0.0710296,0.0064964,-0.0492682,0.1234132,0.0881512,0.0865338,0.0275342,0.0121957,0.0426600,0.0045783,-0.0103867,0.0946023,0.8388221,0.9742423,0.0143138,-0.0541677
22.478612672,1791080871.212185621,0,0,0.1976640,0.0128408,-0.4077522,-9.3513527,-11.3777733,-11.9548655,-9.4659157,0.4299496,-0.0308325,0.1274883,-0.0092585,-0.0025246,-0.0251985,-0.0421964,-0.0383836,0.1205830,0.0890923,0.0855523,0.0279737,0.0131196,0.0421017,0.0031434,-0.0113859,0.0962046,0.8385922,0.9744757,0.0138559,-0.0473879
22.500936330,1791080871.234508991,0,0,0.0803123,-0.0128934,-0.3868127,-9.5621529,-11.7768850,-11.5358610,-8.8150406,0.4449140,0.0280973,0.0895804,-0.0109198,-0.0109567,0.0138649,-0.0553520,-0.0153660,0.1186284,0.0897714,0.0851014,0.0282692,0.0137503,0.0417288,0.0031980,-0.0116203,0.0975329,0.8382975,0.9747189,0.0129733,-0.0440335
22.520653963,1791080871.254226923,0,0,-0.1757171,-0.0426865,-0.2517442,-9.4428129,-11.2060213,-10.8954287,-8.3039427,0.5920813,0.1022396,0.1716867,-0.0254312,-0.0446916,0.0492024,-0.0533896,-0.0113249,0.1169949,0.0902532,0.0849621,0.0281904,0.0137701,0.0413965,0.0046294,-0.0113581,0.0980808,0.8380746,0.9748243,0.0163536,-0.0408557
22.539570551,1791080871.273143530,0,0,-0.1728089,-0.0324245,-0.1836088,-9.8196373,-11.3880730,-10.3496027,-8.0952969,0.6389165,0.1426615,0.1481635,-0.0279208,-0.0660819,0.0357073,-0.0275894,0.0131411,0.1159979,0.0905942,0.0845222,0.0280912,0.0139793,0.0410139,0.0055738,-0.0110500,0.0984064,0.8378347,0.9748991,0.0217326,-0.0391678
22.562995785,1791080871.296568632,0,0,-0.0830860,-0.0104995,-0.1985046,-9.9293137,-11.8362370,-11.4550552,-8.1304131,0.6278188,0.0955005,0.1182270,-0.0256667,-0.0749139,-0.0057645,0.0014922,0.0458898,0.1150357,0.0908623,0.0842880,0.0280401,0.0143537,0.0405281,0.0060181,-0.0107317,0.0987825,0.8376024,0.9749396,0.0263025,-0.0366007
22.582323760,1791080871.315896749,0,0,-0.0491296,-0.0228662,-0.2156216,-9.8497887,-12.2826195,-10.9535599,-7.5128613,0.5829344,0.1698135,0.0830049,-0.0265960,-0.0575971,-0.0170426,0.0009989,0.0197333,0.1144779,0.0910689,0.0833477,0.0279238,0.0146388,0.0401240,0.0062615,-0.0105615,0.0989649,0.8374482,0.9750407,0.0308591,-0.0350170
22.600764030,1791080871.334336996,0,0,-0.0192268,-0.0374520,-0.2221010,-10.2696142,-13.1240425,-11.3674383,-7.8276591,0.5243198,0.3157002,0.0654425,-0.0187010,-0.0205461,-0.0351917,-0.0063412,-0.0004400,0.1138230,0.0910549,0.0827267,0.0281354,0.0148266,0.0397461,0.0067296,-0.0103387,0.0992818,0.8372570,0.9752200,0.0340044,-0.0317549
22.623933151,1791080871.357506275,0,0,0.0044651,-0.0696888,-0.2176348,-10.1665077,-13.8124208,-11.3068438,-8.0341282,0.5118442,0.2668014,0.0688222,-0.0132309,-0.0004264,-0.0431930,-0.0001070,-0.0029192,0.1128073,0.0912447,0.0817338,0.0282364,0.0149032,0.0394595,0.0064535,-0.0104820,0.0996818,0.8369510,0.9755462,0.0355327,-0.0237713
22.642820137,1791080871.376392841,0,0,-0.0161027,-0.0791119,-0.2757595,-10.3691263,-13.9864540,-11.5757151,-7.9128051,0.5539393,-0.1606209,0.0888787,-0.0240459,0.0365322,-0.0573833,0.0653040,0.0718583,0.1116777,0.0915155,0.0806611,0.0286490,0.0142708,0.0391540,0.0057628,-0.0105037,0.1000316,0.8366338,0.9756414,0.0352210,-0.0163891
22.664825183,1791080871.398398161,0,0,-0.0321123,-0.0670526,-0.2842215,-10.5680771,-13.7476101,-12.9371204,-8.1646700,0.5993923,-0.5808127,0.1016272,-0.0695676,0.1778641,0.0009961,0.0659536,0.1127492,0.1107843,0.0916742,0.0798214,0.0289410,0.0134483,0.0388339,0.0049532,-0.0104639,0.1004072,0.8362871,0.9757088,0.0342301,-0.0102474
22.681618529,1791080871.415191412,0,0,-0.0653990,-0.0351925,-0.2284335,-10.3259592,-13.7964659,-12.9052839,-8.5469408,0.7077159,-0.6177802,0.0672040,-0.0890067,0.2002470,0.0243238,-0.0194327,0.0971857,0.1100182,0.0918011,0.0787077,0.0290053,0.0125389,0.0385861,0.0042387,-0.0104088,0.1007065,0.8360491,0.9757385,0.0316416,-0.0012575
22.703400744,1791080871.436973810,0,0,-0.0884755,-0.0158789,-0.1981265,-10.3321838,-14.6584148,-13.8022203,-9.1536293,0.7164949,-0.6657506,0.0420761,-0.0880008,0.2505315,0.0014430,0.0133441,0.0560669,0.1093478,0.0919278,0.0780227,0.0291070,0.0115815,0.0383094,0.0036841,-0.0103586,0.1010199,0.8357232,0.9758195,0.0322202,0.0070413
22.722857272,1791080871.456430435,0,0,-0.0834697,-0.0031298,-0.1638545,-10.7685308,-15.5840302,-15.7434273,-10.2552767,0.6929893,-0.6458207,0.0437384,-0.1133188,0.2534927,-0.0230426,0.1117603,-0.0192166,0.1086541,0.0920753,0.0771316,0.0292513,0.0106124,0.0380430,0.0031201,-0.0102923,0.1013289,0.8354385,0.9758716,0.0324064,0.0150550
22.743122236,1791080871.476695776,0,0,-0.0843690,0.0066385,-0.1366282,-11.2686415,-15.7851868,-17.0815887,-10.6374493,0.6839435,-0.5902525,0.0938744,-0.1351533,0.1957929,-0.0139366,0.2215007,-0.0403102,0.1079850,0.0922099,0.0759914,0.0292970,0.0093797,0.0378337,0.0024956,-0.0101845,0.1015598,0.8352306,0.9759068,0.0309306,0.0221129
22.764965479,1791080871.498538733,0,0,-0.0865849,0.0093397,-0.1146485,-11.3839445,-16.1910076,-16.8189793,-10.3646698,0.6563745,-0.5180472,0.1082333,-0.1213834,0.1748781,-0.0075992,0.2525991,-0.0006584,0.1073531,0.0923038,0.0750161,0.0294695,0.0082086,0.0376281,0.0019452,-0.0100587,0.1018389,0.8350211,0.9759399,0.0295831,0.0278711
22.785156966,1791080871.518730402,0,0,-0.0917438,0.0065717,-0.0994779,-11.2207298,-15.5621300,-15.6971159,-9.5991926,0.6384665,-0.5949296,0.1683584,-0.1225703,0.2031616,0.0159112,0.1919819,0.0796255,0.1066108,0.0923897,0.0743073,0.0296986,0.0070431,0.0374232,0.0014612,-0.0099508,0.1021027,0.8348055,0.9759749,0.0286954,0.0331193
22.802952266,1791080871.536525249,0,0,-0.1059323,0.0031019,-0.0925362,-11.1838598,-15.4710379,-15.3041382,-9.2564392,0.6001396,-0.6663494,0.1630921,-0.1030339,0.2356166,0.0145760,0.1220422,0.0927484,0.1058348,0.0924883,0.0735996,0.0299801,0.0060901,0.0372266,0.0011026,-0.0098883,0.1024028,0.8345940,0.9760007,0.0272159,0.0389184
22.824897308,1791080871.558470249,0,0,-0.1172133,-0.0028483,-0.0975946,-11.0501146,-15.3979015,-15.0671473,-9.0597010,0.6214010,-0.7488748,0.2092765,-0.0661147,0.2875879,0.0267036,0.0737175,0.0756101,0.1051174,0.0925761,0.0731034,0.0303005,0.0052568,0.0370309,0.0007427,-0.0098212,0.1027442,0.8343759,0.9760297,0.0262354,0.0433355
22.841549685,1791080871.575122595,0,0,-0.1141428,-0.0024402,-0.1003735,-11.0438461,-15.5714293,-14.6177769,-8.8186531,0.6057333,-0.6953540,0.1699419,-0.0478338,0.2605675,0.0223093,0.0876937,0.0701530,0.1044078,0.0926674,0.0728816,0.0305937,0.0045160,0.0368389,0.0004077,-0.0097224,0.1031164,0.8341456,0.9760658,0.0262712,0.0460369
22.861602732,1791080871.595175743,0,0,-0.1128895,-0.0029062,-0.0957161,-10.8880529,-15.4901876,-14.3101139,-8.5443134,0.6212890,-0.7072097,0.1520219,-0.0474894,0.2676668,0.0207931,0.1124494,0.0810422,0.1037125,0.0927529,0.0726540,0.0308762,0.0038283,0.0366545,0.0000655,-0.0096179,0.1034879,0.8339267,0.9761017,0.0265754,0.0479593
22.881424147,1791080871.614997149,0,0,-0.1136302,-0.0050368,-0.0912649,-10.8377829,-15.4592247,-13.9313211,-8.2458553,0.6307575,-0.7205539,0.1343738,-0.0356562,0.2791519,0.0193056,0.1164349,0.1040190,0.1031412,0.0927828,0.0720038,0.0310969,0.0031078,0.0365079,-0.0003942,-0.0095194,0.1038047,0.8337452,0.9761283,0.0266185,0.0489853
22.902623764,1791080871.636196852,0,0,-0.1171266,-0.0068495,-0.0894011,-10.8122358,-15.4604321,-13.5881500,-8.0696726,0.6258954,-0.7016521,0.1159814,-0.0293620,0.2708444,0.0196340,0.1124428,0.1122407,0.1025723,0.0927885,0.0714631,0.0312711,0.0024345,0.0363701,-0.0007869,-0.0094010,0.1041219,0.8335634,0.9761572,0.0267381,0.0493506
22.924863257,1791080871.658436298,0,0,-0.1241539,-0.0046263,-0.0814529,-10.7093592,-15.4234648,-13.1339693,-7.8666549,0.6315731,-0.6919568,0.1015531,-0.0245873,0.2683035,0.0188033,0.1132234,0.1235989,0.1020546,0.0927780,0.0711368,0.0313697,0.0018836,0.0362209,-0.0011643,-0.0092681,0.1044683,0.8333896,0.9761885,0.0262469,0.0484316
22.942924590,1791080871.676497698,0,0,-0.1277473,-0.0019319,-0.0709586,-10.6354427,-15.4918880,-12.8327436,-7.7311120,0.6277152,-0.6859893,0.0796379,-0.0226759,0.2674226,0.0114542,0.1199333,0.1312175,0.1015279,0.0927729,0.0713414,0.0317237,0.0015412,0.0360472,-0.0013719,-0.0091125,0.1049066,0.8331301,0.9762478,0.0296404,0.0479804
22.963456995,1791080871.697029829,0,0,-0.1266626,0.0011482,-0.0614587,-10.6120329,-15.5856981,-12.5972605,-7.6755190,0.6170506,-0.6768029,0.0604147,-0.0262258,0.2663903,0.0065441,0.1263748,0.1268138,0.1010206,0.0927733,0.0715405,0.0320409,0.0012294,0.0358757,-0.0015983,-0.0089710,0.1053444,0.8328955,0.9763033,0.0327897,0.0473987
22.982919955,1791080871.716493130,0,0,-0.1242200,0.0009728,-0.0513082,-10.5796356,-15.6229496,-12.4613676,-7.6346941,0.6203005,-0.6682337,0.0372537,-0.0333264,0.2669382,0.0017967,0.1388906,0.1164232,0.1005470,0.0927638,0.0717261,0.0322454,0.0009698,0.0357163,-0.0017901,-0.0088270,0.1058175,0.8326693,0.9763562,0.0357617,0.0473127
23.004680569,1791080871.738253832,0,0,-0.1234223,0.0013158,-0.0440822,-10.5433617,-15.6991205,-12.3219585,-7.5966702,0.6229032,-0.6588852,0.0186914,-0.0326141,0.2688963,-0.0027458,0.1440897,0.1011270,0.1000790,0.0927531,0.0718847,0.0324174,0.0007078,0.0355591,-0.0019775,-0.0086832,0.1062828,0.8324610,0.9764068,0.0385242,0.0474047
23.022660073,1791080871.756233215,0,0,-0.1245283,0.0018090,-0.0362793,-10.5074663,-15.7869778,-12.2167969,-7.5951509,0.6263732,-0.6469212,0.0030067,-0.0266496,0.2760747,-0.0084681,0.1474199,0.0920473,0.0997111,0.0927355,0.0718790,0.0325233,0.0003929,0.0354351,-0.0023194,-0.0085197,0.1067012,0.8322886,0.9764532,0.0402346,0.0467839
23.042737985,1791080871.776311159,0,0,-0.1259688,0.0017731,-0.0308031,-10.4205637,-15.8642836,-12.0896235,-7.5636716,0.6318915,-0.6447716,-0.0105350,-0.0184000,0.2943935,-0.0155392,0.1456940,0.0862806,0.0993566,0.0926975,0.0719216,0.0326744,0.0001771,0.0353057,-0.0025953,-0.0083546,0.1071534,0.8321008,0.9765010,0.0428389,0.0464091
23.064796665,1791080871.798370123,0,0,-0.1265153,0.0018865,-0.0268076,-10.3807402,-15.9790745,-11.9420090,-7.5642314,0.6345095,-0.6361900,-0.0245401,-0.0088524,0.3192044,-0.0280457,0.1465123,0.0821027,0.0990037,0.0926558,0.0719733,0.0328044,-0.0000398,0.0351769,-0.0028633,-0.0081927,0.1075989,0.8319235,0.9765480,0.0453097,0.0461934
23.082709541,1791080871.816281796,0,0,-0.1253215,0.0004822,-0.0210058,-10.3249235,-16.0313568,-11.8267889,-7.5671997,0.6335717,-0.6354467,-0.0383389,-0.0073740,0.3507438,-0.0429969,0.1534814,0.0704214,0.0986843,0.0926015,0.0719688,0.0328818,-0.0002264,0.0350405,-0.0031312,-0.0080385,0.1080862,0.8317487,0.9765940,0.0480720,0.0462228
23.100643186,1791080871.834215641,0,0,-0.1230897,-0.0009385,-0.0176028,-10.2982988,-16.0716076,-11.7794428,-7.5733924,0.6329946,-0.6426229,-0.0502404,-0.0075974,0.3839433,-0.0554130,0.1583576,0.0611300,0.0984318,0.0925312,0.0717715,0.0328646,-0.0004317,0.0349193,-0.0034970,-0.0078878,0.1085923,0.8315895,0.9766319,0.0503257,0.0461576
23.122227660,1791080871.855799913,0,0,-0.1206258,-0.0014114,-0.0175183,-10.2742395,-16.1041927,-11.7225027,-7.5654025,0.6356195,-0.6498250,-0.0606349,-0.0043845,0.4059013,-0.0624503,0.1592267,0.0560623,0.0981639,0.0924536,0.0715953,0.0328497,-0.0006290,0.0347957,-0.0038556,-0.0077369,0.1091006,0.8314324,0.9766706,0.0524804,0.0461242
23.143504882,1791080871.877077818,0,0,-0.1209029,-0.0013878,-0.0169217,-10.2305307,-16.1400757,-11.6080885,-7.5369582,0.6376957,-0.6549199,-0.0719395,0.0004699,0.4359592,-0.0724567,0.1631543,0.0568444,0.0979323,0.0923323,0.0713888,0.0327833,-0.0007441,0.0346855,-0.0042547,-0.0075925,0.1096076,0.8312775,0.9767072,0.0539960,0.0458595
23.163546247,1791080871.897119522,0,0,-0.1194783,-0.0019533,-0.0165624,-10.1694946,-16.1573124,-11.4976530,-7.4989891,0.6411914,-0.6508793,-0.0801097,0.0024456,0.4616498,-0.0821948,0.1811639,0.0638612,0.0976885,0.0922038,0.0711923,0.0327200,-0.0008627,0.0345744,-0.0046463,-0.0074475,0.1101097,0.8311244,0.9767441,0.0554715,0.0456386
23.186142723,1791080871.919715643,0,0,-0.1174586,-0.0024273,-0.0152045,-10.1346445,-16.1448002,-11.4182024,-7.4579158,0.6393300,-0.6495581,-0.0911858,0.0014552,0.4829003,-0.0900075,0.1986225,0.0746612,0.0974448,0.0920621,0.0710287,0.0327019,-0.0009307,0.0344523,-0.0050311,-0.0073001,0.1106351,0.8309644,0.9767816,0.0572868,0.0452335
23.204605938,1791080871.938178778,0,0,-0.1146722,-0.0028385,-0.0138099,-10.1191721,-16.1163464,-11.3043280,-7.3857250,0.6345670,-0.6449220,-0.1017150,-0.0073590,0.4832059,-0.0909404,0.2130919,0.0915569,0.0971869,0.0919247,0.0708886,0.0326705,-0.0010212,0.0343293,-0.0054234,-0.0071517,0.1111632,0.8308106,0.9768199,0.0589960,0.0446418
23.223515871,1791080871.957089186,0,0,-0.1112516,-0.0037209,-0.0141196,-10.0913916,-16.0961170,-11.2490959,-7.3486233,0.6357707,-0.6435875,-0.1092298,-0.0123503,0.4805698,-0.0906936,0.2256635,0.0934185,0.0969155,0.0917810,0.0707497,0.0326415,-0.0011004,0.0342026,-0.0058175,-0.0070072,0.1116915,0.8306587,0.9768584,0.0605894,0.0440748
23.244674877,1791080871.978247643,0,0,-0.1083675,-0.0042049,-0.0138617,-10.0796032,-16.0756016,-11.2037458,-7.3227849,0.6361051,-0.6482266,-0.1138422,-0.0138421,0.4865858,-0.0925591,0.2318457,0.0946822,0.0965694,0.0916613,0.0707507,0.0326670,-0.0012164,0.0340460,-0.0061589,-0.0068599,0.1122278,0.8305039,0.9769047,0.0624330,0.0433050
23.264762998,1791080871.998336077,0,0,-0.1055278,-0.0055520,-0.0143728,-10.0530338,-16.0687714,-11.2434626,-7.3268914,0.6392684,-0.6507419,-0.1086489,-0.0173677,0.4875759,-0.0934824,0.2424578,0.0822430,0.0962135,0.0915363,0.0707400,0.0326901,-0.0013371,0.0338839,-0.0065071,-0.0067158,0.1127571,0.8303522,0.9769501,0.0640547,0.0428846
23.286744946,1791080872.020318031,0,0,-0.1031563,-0.0062111,-0.0140246,-10.0394011,-16.0242596,-11.3121443,-7.3270354,0.6403620,-0.6540545,-0.0995440,-0.0193228,0.4790533,-0.0907642,0.2489169,0.0712385,0.0958077,0.0914043,0.0708972,0.0327599,-0.0013717,0.0337136,-0.0067871,-0.0065663,0.1133176,0.8301857,0.9770006,0.0660009,0.0428833
23.303275328,1791080872.036848307,0,0,-0.0995122,-0.0075212,-0.0142345,-10.0259705,-16.0004864,-11.4280281,-7.3564310,0.6434445,-0.6648939,-0.0855631,-0.0204941,0.4737719,-0.0879481,0.2450113,0.0623616,0.0953671,0.0912833,0.0710080,0.0329042,-0.0014825,0.0335468,-0.0071129,-0.0064165,0.1138235,0.8300337,0.9770486,0.0676014,0.0431377
23.326769431,1791080872.060342312,0,0,-0.0944666,-0.0089068,-0.0152389,-10.0662012,-15.9501762,-11.6102333,-7.3768387,0.6508960,-0.6772902,-0.0638402,-0.0238704,0.4472461,-0.0771694,0.2333121,0.0516186,0.0949094,0.0911592,0.0711105,0.0330606,-0.0015746,0.0333750,-0.0074408,-0.0062688,0.1143370,0.8298827,0.9770955,0.0690291,0.0435124
23.344606197,1791080872.078178883,0,0,-0.0871185,-0.0129263,-0.0142931,-10.0968599,-15.7975082,-11.8502026,-7.3242893,0.6589245,-0.7015412,-0.0438630,-0.0351398,0.4025166,-0.0561193,0.2228247,0.0428153,0.0944849,0.0910399,0.0712179,0.0331996,-0.0016323,0.0331946,-0.0078220,-0.0061254,0.1148907,0.8297281,0.9771493,0.0704716,0.0439304
23.365403527,1791080872.098976851,0,0,-0.0761972,-0.0149537,-0.0131484,-10.2100372,-15.5605202,-12.2490339,-7.2741542,0.6681725,-0.7339629,-0.0255461,-0.0466844,0.3372154,-0.0211254,0.2264427,0.0419008,0.0940284,0.0909186,0.0712879,0.0333884,-0.0016445,0.0330058,-0.0082244,-0.0059882,0.1154800,0.8295704,0.9772017,0.0717892,0.0443164
23.386752155,1791080872.120325089,0,0,-0.0711981,-0.0123840,-0.0113071,-10.3201790,-15.2641420,-12.5727873,-7.3315334,0.6783478,-0.7937664,-0.0115144,-0.0536240,0.3216612,0.0005480,0.2269152,0.0611481,0.0936104,0.0907764,0.0712199,0.0335982,-0.0015995,0.0328145,-0.0086642,-0.0058592,0.1160832,0.8294092,0.9772539,0.0732237,0.0442775
23.405154268,1791080872.138727188,0,0,-0.0702909,-0.0037630,-0.0094091,-10.3803949,-15.0665665,-12.5575037,-7.3517733,0.6777840,-0.9100513,-0.0109854,-0.0515618,0.3849980,0.0155446,0.2150269,0.1177023,0.0930389,0.0906397,0.0714394,0.0338850,-0.0014891,0.0325877,-0.0089098,-0.0057488,0.1167341,0.8292352,0.9773080,0.0751306,0.0442002
23.426901320,1791080872.160474300,0,0,-0.0727156,0.0047485,-0.0180536,-10.5144014,-14.9063740,-12.3774633,-7.3860202,0.6736516,-1.0140588,-0.0128187,-0.0517011,0.4737902,0.0283672,0.1963889,0.1770688,0.0924182,0.0905110,0.0716814,0.0342257,-0.0013023,0.0323572,-0.0091170,-0.0056417,0.1174321,0.8290561,0.9773596,0.0773798,0.0436832
23.444737510,1791080872.178310394,0,0,-0.0776423,0.0113782,-0.0350832,-10.6059389,-14.5452995,-11.8813210,-7.3608117,0.6749411,-1.0936577,-0.0103811,-0.0415564,0.5210109,0.0285045,0.1415390,0.2167654,0.0916461,0.0903937,0.0717466,0.0345314,-0.0010104,0.0321299,-0.0092813,-0.0055530,0.1182647,0.8288830,0.9773983,0.0798277,0.0429644
23.466923853,1791080872.200496912,0,0,-0.0962812,0.0149358,-0.0660041,-10.7084026,-14.0984793,-10.9928293,-7.2624884,0.6761496,-1.0640782,0.0034797,-0.0324074,0.4527942,0.0184975,0.0792623,0.2184045,0.0908375,0.0902793,0.0719131,0.0348399,-0.0006450,0.0318974,-0.0092758,-0.0054597,0.1190789,0.8287150,0.9774399,0.0826819,0.0418414
23.487169022,1791080872.220741987,0,0,-0.1122949,0.0204561,-0.0970554,-10.7965059,-13.6598711,-9.7973890,-7.0642743,0.6733966,-0.9975235,0.0340564,-0.0332864,0.3459120,0.0021479,0.0155542,0.2111987,0.0898122,0.0900694,0.0716762,0.0349786,-0.0000619,0.0316591,-0.0089530,-0.0053661,0.1198439,0.8285840,0.9774662,0.0851287,0.0395651
23.504824817,1791080872.238397598,0,0,-0.1267360,0.0246012,-0.1242759,-10.5444984,-13.1253920,-8.8201656,-6.7800021,0.6660240,-0.8954854,0.0650908,-0.0353275,0.2461034,-0.0145733,-0.0373729,0.1867702,0.0892673,0.0899288,0.0719085,0.0350912,0.0005937,0.0313642,-0.0084493,-0.0052381,0.1206320,0.8284786,0.9774954,0.0864270,0.0355454
23.526695813,1791080872.260267973,0,0,-0.1406195,0.0277571,-0.1427431,-10.1081171,-12.6643505,-8.2748556,-6.4685321,0.6664866,-0.7858647,0.0865922,-0.0331484,0.1819924,-0.0299529,-0.0765606,0.1510048,0.0887374,0.0897994,0.0720017,0.0351103,0.0013233,0.0310622,-0.0078655,-0.0051434,0.1213606,0.8283879,0.9775254,0.0878042,0.0309805
23.545657128,1791080872.279229879,0,0,-0.1519463,0.0259743,-0.1555271,-9.6391182,-12.2914305,-7.9613109,-6.2149696,0.6640218,-0.7020799,0.1012594,-0.0300801,0.1539474,-0.0463590,-0.0978082,0.1226418,0.0882289,0.0896843,0.0727943,0.0350360,0.0021718,0.0307115,-0.0069263,-0.0050574,0.1225002,0.8282976,0.9775481,0.0895266,0.0253869
23.567204936,1791080872.300777435,0,0,-0.1596145,0.0240819,-0.1666484,-9.3473434,-12.0796108,-7.9423928,-6.1859770,0.6578090,-0.6279109,0.1175437,-0.0294128,0.1423694,-0.0706542,-0.0981238,0.1058811,0.0876526,0.0895520,0.0735018,0.0348770,0.0030586,0.0303605,-0.0060564,-0.0049865,0.1235591,0.8282150,0.9775714,0.0911249,0.0193393
23.590004052,1791080872.323576689,0,0,-0.1711512,0.0214793,-0.1705929,-9.1154661,-11.9065590,-8.0505953,-6.3039274,0.6539980,-0.5763447,0.1357564,-0.0298591,0.1458819,-0.0950150,-0.0892019,0.0965122,0.0875463,0.0893877,0.0740404,0.0347128,0.0041625,0.0300047,-0.0051235,-0.0048974,0.1247536,0.8281611,0.9775880,0.0903353,0.0136379
23.606623752,1791080872.340196133,0,0,-0.1789881,0.0192262,-0.1781654,-8.9488640,-11.8341045,-7.9757543,-6.4290071,0.6538016,-0.5668035,0.1486845,-0.0293647,0.1635645,-0.1076118,-0.0782095,0.0984823,0.0873541,0.0891803,0.0748085,0.0343504,0.0052581,0.0295511,-0.0038249,-0.0048680,0.1257908,0.8281380,0.9776033,0.0873555,0.0074137
23.626629290,1791080872.360202789,0,0,-0.1825036,0.0151561,-0.1780666,-8.8527737,-11.8442974,-8.0146694,-6.5601625,0.6590042,-0.5625367,0.1558300,-0.0299260,0.1584146,-0.1048599,-0.0599043,0.1014970,0.0870456,0.0889367,0.0755286,0.0339826,0.0063497,0.0290937,-0.0026593,-0.0048320,0.1267714,0.8281137,0.9776188,0.0846704,0.0015026
23.646870939,1791080872.380443573,0,0,-0.1780113,0.0092291,-0.1792248,-8.7948370,-11.9414921,-8.1312485,-6.6634030,0.6675049,-0.5689668,0.1546033,-0.0316109,0.1366702,-0.0877267,-0.0371780,0.1016435,0.0867768,0.0885203,0.0760144,0.0338636,0.0072693,0.0286661,-0.0010854,-0.0048475,0.1279059,0.8280718,0.9776399,0.0834407,-0.0033310
23.667572103,1791080872.401144981,0,0,-0.1741514,0.0058898,-0.1823360,-8.8429585,-12.0258942,-8.4850321,-6.7643533,0.6727947,-0.5680812,0.1535289,-0.0330464,0.1208836,-0.0758064,-0.0153574,0.1004164,0.0864379,0.0880882,0.0764696,0.0337216,0.0081688,0.0282324,0.0003107,-0.0048647,0.1289565,0.8280300,0.9776598,0.0819664,-0.0076879
23.688792755,1791080872.422365427,0,0,-0.1656753,-0.0023729,-0.1907867,-8.9993858,-12.3005047,-9.1312637,-6.9930825,0.6880054,-0.5672396,0.1512597,-0.0384739,0.1048234,-0.0574859,0.0376721,0.1117021,0.0855231,0.0874378,0.0770772,0.0341104,0.0090047,0.0278783,0.0018992,-0.0048677,0.1305135,0.8278575,0.9777093,0.0857993,-0.0107284
23.707140209,1791080872.440713167,0,0,-0.1563083,-0.0083003,-0.1909305,-9.2874575,-12.2280645,-10.0055742,-7.1279330,0.6864694,-0.5344517,0.1527621,-0.0484776,0.0617178,-0.0441381,0.0796688,0.1008344,0.0850684,0.0868609,0.0775861,0.0341915,0.0097552,0.0274418,0.0031729,-0.0048754,0.1316637,0.8277700,0.9777409,0.0866945,-0.0134567
23.726928166,1791080872.460501194,0,0,-0.1408763,-0.0071984,-0.1979951,-9.3765745,-12.3089008,-9.9989710,-7.2467375,0.6814007,-0.5444395,0.1486226,-0.0544329,0.0581849,-0.0332887,0.1107371,0.1015466,0.0845340,0.0862441,0.0780497,0.0342198,0.0104421,0.0269981,0.0042177,-0.0048697,0.1326895,0.8276789,0.9777737,0.0871455,-0.0153831
23.746679992,1791080872.480253220,0,0,-0.1226871,-0.0042173,-0.2071710,-9.4143887,-12.6018324,-10.3903608,-7.3174958,0.6711007,-0.5523638,0.1320175,-0.0573812,0.0767445,-0.0270998,0.1502590,0.1028468,0.0840100,0.0857190,0.0787260,0.0336970,0.0111082,0.0265309,0.0042390,-0.0047915,0.1333567,0.8276053,0.9778174,0.0841857,-0.0162827
23.768941028,1791080872.502513885,0,0,-0.1188296,-0.0053643,-0.2454472,-9.3646317,-12.5625067,-9.4091063,-6.5895443,0.6390668,-0.5455815,0.0877886,-0.0564948,0.1021568,-0.0105129,0.1889519,0.0851890,0.0835873,0.0851361,0.0789907,0.0329173,0.0114101,0.0260817,0.0039602,-0.0047008,0.1338552,0.8275216,0.9778715,0.0806789,-0.0158135
23.787061715,1791080872.520634890,0,0,-0.1064454,-0.0236684,-0.2654117,-9.1358347,-13.1950417,-9.7577944,-6.1511502,0.6755065,-0.4313205,0.0685113,-0.0459472,0.1441545,0.0156915,0.2246200,0.0543028,0.0825403,0.0843420,0.0786702,0.0317485,0.0114027,0.0257219,0.0035189,-0.0045996,0.1339474,0.8274559,0.9778512,0.0778064,-0.0124946
23.807034163,1791080872.540606976,0,0,-0.1216338,-0.0346964,-0.2301831,-8.9741840,-13.4336872,-9.8309059,-6.1623425,0.7409206,-0.2219598,0.0517660,-0.0269215,0.1589363,0.0405092,0.3020840,0.0175521,0.0817904,0.0838401,0.0785953,0.0312113,0.0113992,0.0253345,0.0030994,-0.0044632,0.1341818,0.8272873,0.9780236,0.0777358,-0.0084121
23.826750916,1791080872.560323954,0,0,-0.1408841,-0.0479672,-0.2069512,-9.0105076,-13.8426418,-10.2824907,-6.3347979,0.7746481,0.0698098,0.0440082,0.0215237,0.1191869,0.0506647,0.3853359,-0.0112474,0.0811896,0.0833323,0.0784833,0.0307045,0.0113128,0.0249792,0.0025979,-0.0043385,0.1343927,0.8271070,0.9782048,0.0771610,-0.0035948
23.846981236,1791080872.580554247,0,0,-0.1607432,-0.0516645,-0.1421587,-9.1461411,-14.3395376,-10.2075968,-6.8167491,0.8147593,0.3170404,0.0444448,0.0505338,0.0575612,0.0475320,0.4374812,-0.0347376,0.0806667,0.0829218,0.0784144,0.0303333,0.0109127,0.0247560,0.0020047,-0.0041849,0.1344891,0.8269565,0.9783811,0.0751922,0.0023903
23.867123294,1791080872.600696087,0,0,-0.1794077,-0.0394441,-0.0398150,-9.3974543,-15.0472965,-10.3104782,-7.3977547,0.8774251,0.4738795,0.0355386,0.0639425,0.0054803,0.0313743,0.4111248,-0.0465002,0.0802410,0.0825532,0.0785493,0.0301201,0.0105004,0.0245474,0.0015603,-0.0040152,0.1346039,0.8268149,0.9785081,0.0735443,0.0080681
23.889686844,1791080872.623259306,0,0,-0.1829810,-0.0322231,0.0323737,-9.9109831,-15.7688856,-11.1207218,-8.1206722,0.9072145,0.5647031,0.0376809,0.0596859,-0.0220717,0.0138974,0.3495711,-0.0695672,0.0799536,0.0822480,0.0785141,0.0299462,0.0102172,0.0243911,0.0011021,-0.0038523,0.1348125,0.8266917,0.9785774,0.0731152,0.0136251
23.909411373,1791080872.642984390,0,0,-0.1792905,-0.0245659,0.0832200,-10.4152231,-16.4216499,-12.3801680,-9.1035004,0.9600452,0.5216585,0.0380191,0.0647077,-0.0235669,0.0076562,0.2919135,-0.0744008,0.0796335,0.0818566,0.0782395,0.0298337,0.0099691,0.0242986,0.0006565,-0.0036607,0.1350383,0.8265491,0.9786150,0.0717761,0.0180015
23.929070778,1791080872.662643909,0,0,-0.1766721,-0.0168104,0.1011738,-10.7950516,-16.8326836,-12.9890594,-9.6920919,0.9845675,0.4806059,0.0476352,0.0724097,-0.0201100,0.0122861,0.2522586,-0.0705746,0.0793017,0.0814857,0.0780372,0.0298179,0.0097913,0.0242038,0.0002727,-0.0034683,0.1353131,0.8264092,0.9786449,0.0709493,0.0213440
23.949907919,1791080872.683480501,0,0,-0.1598706,-0.0084212,0.1016955,-11.0240479,-16.8864326,-13.1242170,-9.9385157,0.9946977,0.5020069,0.0465651,0.0484906,-0.0171027,0.0194693,0.2555334,-0.0464755,0.0788928,0.0811105,0.0779651,0.0299425,0.0096686,0.0240973,-0.0000806,-0.0032912,0.1355746,0.8262931,0.9786660,0.0702761,0.0241008
23.970897037,1791080872.704469681,0,0,-0.1424653,-0.0012847,0.0891467,-11.1049643,-17.0133762,-12.9533577,-9.9250984,0.9729606,0.5552294,0.0147968,0.0549599,-0.0143191,0.0306077,0.2576575,-0.0342838,0.0784555,0.0807412,0.0779283,0.0301090,0.0095921,0.0239850,-0.0004307,-0.0031105,0.1358818,0.8261769,0.9786851,0.0699112,0.0257708
23.989552797,1791080872.723125696,0,0,-0.1325010,0.0014860,0.0829784,-11.0245485,-16.9890575,-12.8529482,-9.7664566,0.9923519,0.5631388,-0.0099249,0.0559295,-0.0090261,0.0356050,0.2685801,-0.0185546,0.0780036,0.0804627,0.0779966,0.0303025,0.0094302,0.0238821,-0.0008227,-0.0029078,0.1361345,0.8260563,0.9787074,0.0690908,0.0261336
24.011728516,1791080872.745301247,0,0,-0.1239874,0.0061444,0.0777680,-10.8622341,-16.8289356,-12.5043383,-9.4890251,0.9876870,0.5798095,-0.0401438,0.0533502,-0.0051532,0.0392165,0.2965232,0.0035934,0.0776394,0.0801106,0.0779493,0.0304705,0.0093091,0.0237781,-0.0012110,-0.0027201,0.1364239,0.8259452,0.9787273,0.0674068,0.0255474
24.031916337,1791080872.765488863,0,0,-0.1186841,0.0116777,0.0744093,-10.7183867,-16.7677231,-12.0970249,-9.2720108,0.9781910,0.5794892,-0.0689032,0.0594342,-0.0016001,0.0430247,0.3200439,0.0233137,0.0772675,0.0797641,0.0779032,0.0306378,0.0092088,0.0236786,-0.0015711,-0.0025243,0.1367215,0.8258305,0.9787478,0.0660772,0.0244779
24.054839589,1791080872.788412809,0,0,-0.1175217,0.0131425,0.0778235,-10.5525770,-16.5930443,-11.7238503,-9.0468206,0.9860064,0.5308425,-0.0898861,0.0653602,0.0039557,0.0408670,0.3292887,0.0207975,0.0768304,0.0794667,0.0780986,0.0310177,0.0092563,0.0235394,-0.0016973,-0.0023210,0.1371015,0.8256487,0.9787805,0.0674921,0.0233544
24.073420752,1791080872.806993484,0,0,-0.1176810,0.0122271,0.0781157,-10.4236135,-16.4872608,-11.5379267,-8.8935518,0.9806332,0.5037729,-0.0957920,0.0692598,0.0059914,0.0390915,0.3459831,0.0082532,0.0763573,0.0792065,0.0785143,0.0312919,0.0092983,0.0233422,-0.0018101,-0.0021286,0.1374814,0.8255157,0.9788147,0.0686227,0.0223865
24.094302760,1791080872.827875853,0,0,-0.1184471,0.0088793,0.0773649,-10.3095655,-16.4631004,-11.6251564,-8.8108282,0.9748908,0.4789010,-0.0934139,0.0821839,0.0069012,0.0393407,0.3657780,-0.0160905,0.0758810,0.0789464,0.0788858,0.0315702,0.0093378,0.0231441,-0.0019211,-0.0019273,0.1378617,0.8253825,0.9788488,0.0696571,0.0216839
24.113743720,1791080872.847316504,0,0,-0.1193961,0.0060937,0.0799293,-10.2451582,-16.4063950,-11.6933069,-8.7863760,0.9703140,0.4525288,-0.0947383,0.0898357,0.0068395,0.0379817,0.3789030,-0.0419496,0.0755089,0.0786704,0.0791312,0.0318012,0.0094013,0.0229400,-0.0019668,-0.0017356,0.1383098,0.8252329,0.9788856,0.0705785,0.0210178
24.132735404,1791080872.866308451,0,0,-0.1204754,0.0026162,0.0778123,-10.2263346,-16.4597740,-11.8987017,-8.8788118,0.9619050,0.4364747,-0.0850456,0.0958831,0.0034827,0.0353448,0.3799478,-0.0751311,0.0751426,0.0784003,0.0793525,0.0320232,0.0094605,0.0227339,-0.0020298,-0.0015424,0.1387554,0.8250849,0.9789217,0.0713264,0.0207152
24.154705990,1791080872.888278723,0,0,-0.1227252,-0.0004865,0.0760674,-10.1918774,-16.4622383,-12.0397520,-8.9034538,0.9565973,0.4286883,-0.0728307,0.0989193,0.0005380,0.0324409,0.3734897,-0.0965421,0.0747726,0.0781398,0.0795657,0.0322207,0.0094934,0.0225269,-0.0021107,-0.0013448,0.1391844,0.8249481,0.9789586,0.0717600,0.0207123
24.172595463,1791080872.906167984,0,0,-0.1231718,-0.0030542,0.0754552,-10.1869993,-16.4330597,-12.1653700,-8.9266911,0.9546552,0.4179461,-0.0599541,0.0933920,-0.0015124,0.0283890,0.3572339,-0.1132144,0.0743872,0.0779029,0.0798021,0.0324445,0.0095012,0.0223224,-0.0022371,-0.0011347,0.1395701,0.8248180,0.9789937,0.0724537,0.0212065
24.193565924,1791080872.927139044,0,0,-0.1234750,-0.0024825,0.0751115,-10.1886129,-16.4092674,-12.2145081,-8.9186668,0.9516063,0.4078309,-0.0561460,0.0871397,-0.0012671,0.0271036,0.3513567,-0.1225459,0.0740085,0.0776692,0.0800020,0.0326543,0.0094980,0.0221183,-0.0023531,-0.0009224,0.1399547,0.8246877,0.9790291,0.0730454,0.0218338
24.214759823,1791080872.948332787,0,0,-0.1219348,0.0000692,0.0750051,-10.2334490,-16.4459057,-12.2526140,-8.9247694,0.9492331,0.3962952,-0.0552585,0.0816969,0.0002330,0.0257475,0.3470159,-0.1198200,0.0735861,0.0774392,0.0802020,0.0328918,0.0094849,0.0219128,-0.0024404,-0.0007029,0.1402936,0.8245595,0.9790627,0.0733813,0.0224868
24.234996479,1791080872.968569040,0,0,-0.1210494,0.0022100,0.0735789,-10.2694864,-16.4881954,-12.2304354,-8.9050350,0.9471485,0.3898377,-0.0559624,0.0767012,0.0024697,0.0252722,0.3481985,-0.1107079,0.0731673,0.0772117,0.0803785,0.0331215,0.0094721,0.0217089,-0.0025199,-0.0004806,0.1406353,0.8244291,0.9790968,0.0736696,0.0230834
24.255492223,1791080872.989064932,0,0,-0.1200932,0.0037996,0.0730199,-10.2612886,-16.4761372,-12.1542158,-8.8696947,0.9458449,0.3789729,-0.0560454,0.0713712,0.0040512,0.0233051,0.3425508,-0.1038294,0.0727615,0.0769830,0.0805169,0.0333080,0.0094457,0.0215030,-0.0026124,-0.0002533,0.1409917,0.8243095,0.9791314,0.0735244,0.0234650
24.277067490,1791080873.010640621,0,0,-0.1203538,0.0054126,0.0739268,-10.2426453,-16.4345455,-12.0595522,-8.8215122,0.9452759,0.3635522,-0.0567644,0.0654599,0.0057393,0.0214375,0.3331109,-0.0985207,0.0723799,0.0767612,0.0806003,0.0334692,0.0094044,0.0213097,-0.0027257,-0.0000302,0.1413416,0.8241838,0.9791674,0.0734868,0.0237436
24.297162173,1791080873.030735254,0,0,-0.1200302,0.0064348,0.0743511,-10.2566214,-16.4273376,-12.0441675,-8.8196449,0.9470381,0.3499740,-0.0582606,0.0609568,0.0072376,0.0195241,0.3278472,-0.0945261,0.0720062,0.0765417,0.0806783,0.0336218,0.0093655,0.0211177,-0.0028307,0.0001931,0.1416938,0.8240561,0.9792043,0.0734708,0.0239746
24.317116881,1791080873.050689936,0,0,-0.1193563,0.0072214,0.0725007,-10.2637768,-16.4258270,-12.0318422,-8.8196859,0.9474216,0.3430692,-0.0586215,0.0586483,0.0077394,0.0176761,0.3250617,-0.0938080,0.0716790,0.0763112,0.0807124,0.0337989,0.0093731,0.0209312,-0.0028971,0.0004121,0.1421088,0.8239028,0.9792436,0.0739091,0.0241018
24.337036386,1791080873.070609093,0,0,-0.1197458,0.0075556,0.0720622,-10.2417669,-16.3877468,-11.9802141,-8.7980433,0.9464643,0.3356431,-0.0608051,0.0561572,0.0077926,0.0163328,0.3239937,-0.0984654,0.0713611,0.0760858,0.0807308,0.0339516,0.0093729,0.0207457,-0.0029787,0.0006271,0.1425177,0.8237516,0.9792836,0.0743045,0.0243189
24.357423822,1791080873.090996742,0,0,-0.1188633,0.0077468,0.0719011,-10.2461729,-16.3724937,-11.9861994,-8.8116217,0.9440148,0.3246989,-0.0641810,0.0555986,0.0081763,0.0148859,0.3233597,-0.1034781,0.0710453,0.0758732,0.0808239,0.0340578,0.0093277,0.0205583,-0.0031040,0.0008457,0.1428725,0.8236204,0.9793224,0.0741125,0.0245913
24.376668376,1791080873.110241175,0,0,-0.1186534,0.0073987,0.0712978,-10.2418432,-16.3804512,-12.0082712,-8.8242493,0.9432434,0.3146667,-0.0649023,0.0566655,0.0090277,0.0137996,0.3238395,-0.1079165,0.0707089,0.0756613,0.0809283,0.0341855,0.0093185,0.0203686,-0.0031741,0.0010667,0.1432545,0.8234705,0.9793640,0.0743955,0.0248868
24.397451579,1791080873.131024599,0,0,-0.1183084,0.0063833,0.0722662,-10.2405462,-16.3719616,-12.0523405,-8.8259802,0.9432271,0.3014861,-0.0660381,0.0557923,0.0102075,0.0126987,0.3212020,-0.1110695,0.0703807,0.0754535,0.0810243,0.0343056,0.0093116,0.0201798,-0.0032423,0.0012866,0.1436359,0.8233199,0.9794060,0.0746391,0.0251547
24.418674262,1791080873.152246952,0,0,-0.1185238,0.0063141,0.0717346,-10.2411852,-16.3641834,-12.0315886,-8.8016415,0.9419100,0.2879164,-0.0678777,0.0562979,0.0114944,0.0109916,0.3135407,-0.1110513,0.0700481,0.0752524,0.0811013,0.0344283,0.0092885,0.0199899,-0.0032881,0.0015072,0.1439995,0.8231742,0.9794474,0.0748266,0.0255052
24.437040623,1791080873.170613527,0,0,-0.1185021,0.0060787,0.0704767,-10.2451305,-16.3601856,-12.0182362,-8.7904139,0.9419347,0.2777567,-0.0700819,0.0561308,0.0124227,0.0095287,0.3122143,-0.1137823,0.0697222,0.0750529,0.0811684,0.0345421,0.0092599,0.0198008,-0.0033284,0.0017287,0.1443608,0.8230276,0.9794894,0.0749789,0.0259022
24.458516249,1791080873.192088842,0,0,-0.1172737,0.0061464,0.0705412,-10.2618828,-16.3662930,-12.0365191,-8.8001423,0.9415895,0.2697286,-0.0722392,0.0550197,0.0141013,0.0086119,0.3152133,-0.1110624,0.0693829,0.0748469,0.0812469,0.0346422,0.0092311,0.0196156,-0.0033825,0.0019501,0.1447163,0.8228822,0.9795327,0.0748324,0.0261467
24.476906354,1791080873.210479259,0,0,-0.1165799,0.0069132,0.0707171,-10.2531233,-16.3710537,-12.0148449,-8.7809811,0.9416996,0.2594295,-0.0753729,0.0541468,0.0158247,0.0074354,0.3115184,-0.1064270,0.0690776,0.0746447,0.0812472,0.0347202,0.0092055,0.0194280,-0.0034163,0.0021702,0.1450929,0.8227362,0.9795758,0.0749755,0.0264515
24.497294494,1791080873.230867147,0,0,-0.1160864,0.0072578,0.0707367,-10.2562637,-16.3615170,-12.0005922,-8.7879162,0.9444918,0.2483782,-0.0778023,0.0539259,0.0175251,0.0056170,0.3099577,-0.1056620,0.0687777,0.0744435,0.0812535,0.0347963,0.0091802,0.0192409,-0.0034438,0.0023907,0.1454689,0.8225887,0.9796196,0.0751092,0.0267574
24.517358424,1791080873.250931501,0,0,-0.1164867,0.0080678,0.0706138,-10.2502108,-16.3473492,-11.9754562,-8.7731295,0.9461117,0.2384159,-0.0810371,0.0541092,0.0189948,0.0038283,0.3089253,-0.1052622,0.0684337,0.0742446,0.0813051,0.0349043,0.0091434,0.0190607,-0.0034637,0.0026095,0.1457997,0.8224360,0.9796646,0.0751360,0.0271723
24.537304682,1791080873.270877361,0,0,-0.1171724,0.0089309,0.0701575,-10.2334909,-16.3134403,-11.9198627,-8.7476645,0.9464030,0.2267426,-0.0842815,0.0528591,0.0204229,0.0023456,0.3055782,-0.1068095,0.0681015,0.0740492,0.0813439,0.0350000,0.0090989,0.0188821,-0.0034793,0.0028275,0.1461254,0.8222837,0.9797097,0.0751487,0.0276059
24.555848141,1791080873.289421082,0,0,-0.1164495,0.0090505,0.0701815,-10.2473392,-16.3256245,-11.9491396,-8.7668028,0.9468428,0.2154995,-0.0857582,0.0530997,0.0226895,0.0001199,0.3042252,-0.1070568,0.0678250,0.0738607,0.0813750,0.0350638,0.0090727,0.0186951,-0.0035010,0.0030463,0.1465149,0.8221324,0.9797571,0.0755335,0.0279432
24.577191983,1791080873.310764790,0,0,-0.1162870,0.0094653,0.0694890,-10.2400217,-16.3252430,-11.9622173,-8.7621469,0.9454588,0.2097833,-0.0869953,0.0532409,0.0240860,-0.0004680,0.3055937,-0.1070710,0.0675105,0.0736597,0.0814009,0.0351825,0.0090665,0.0185160,-0.0034952,0.0032669,0.1468822,0.8219682,0.9798033,0.0759508,0.0283512
24.596853266,1791080873.330426216,0,0,-0.1148929,0.0087080,0.0689653,-10.2388773,-16.3237343,-11.9793959,-8.7732038,0.9456633,0.1999948,-0.0881206,0.0528297,0.0260726,-0.0024722,0.3059114,-0.1076401,0.0671996,0.0734612,0.0814205,0.0352968,0.0090604,0.0183369,-0.0034979,0.0034870,0.1472478,0.8218038,0.9798499,0.0763338,0.0287724
24.617031026,1791080873.350604296,0,0,-0.1144672,0.0086015,0.0680786,-10.2542200,-16.3238983,-11.9771061,-8.7539997,0.9438114,0.1935959,-0.0883303,0.0516320,0.0273236,-0.0037063,0.3034177,-0.1070891,0.0669044,0.0732675,0.0814241,0.0353784,0.0090428,0.0181567,-0.0034981,0.0037052,0.1476164,0.8216432,0.9798974,0.0766725,0.0292527
24.639231653,1791080873.372805119,0,0,-0.1142395,0.0085988,0.0684933,-10.2523775,-16.3160820,-11.9894094,-8.7584686,0.9427436,0.1853631,-0.0896905,0.0518163,0.0287669,-0.0046884,0.3034443,-0.1082090,0.0666139,0.0730758,0.0814373,0.0354552,0.0090255,0.0179774,-0.0034948,0.0039238,0.1479838,0.8214815,0.9799454,0.0769849,0.0297101
24.656874388,1791080873.390447378,0,0,-0.1136201,0.0081845,0.0687596,-10.2415133,-16.3091850,-12.0030489,-8.7538004,0.9433797,0.1739568,-0.0905546,0.0504399,0.0309776,-0.0054615,0.3022208,-0.1071909,0.0663377,0.0728872,0.0814405,0.0355129,0.0090022,0.0177991,-0.0034990,0.0041436,0.1483459,0.8213214,0.9799930,0.0770060,0.0299220
24.679658729,1791080873.413231850,0,0,-0.1136598,0.0081860,0.0682838,-10.2337942,-16.2677803,-11.9897661,-8.7335501,0.9453396,0.1642757,-0.0909127,0.0481064,0.0320164,-0.0056383,0.2984988,-0.1087124,0.0660796,0.0727058,0.0814105,0.0355524,0.0089814,0.0176242,-0.0035036,0.0043607,0.1487220,0.8211489,0.9800431,0.0772883,0.0302374
24.700992331,1791080873.434565306,0,0,-0.1139480,0.0089744,0.0675170,-10.2319574,-16.2542667,-11.9677763,-8.7152233,0.9456811,0.1561706,-0.0936611,0.0480403,0.0335758,-0.0060788,0.2979285,-0.1069174,0.0658299,0.0725268,0.0813771,0.0355856,0.0089554,0.0174502,-0.0035088,0.0045761,0.1490914,0.8209772,0.9800934,0.0775399,0.0305539
24.722459604,1791080873.456032753,0,0,-0.1137155,0.0092443,0.0670484,-10.2317991,-16.2482681,-11.9533939,-8.7218981,0.9458765,0.1462384,-0.0952108,0.0478027,0.0356023,-0.0071059,0.2977029,-0.1074877,0.0655784,0.0723405,0.0814084,0.0356348,0.0089360,0.0172763,-0.0035323,0.0047910,0.1494523,0.8208081,0.9801449,0.0776320,0.0307645
24.741656796,1791080873.475229740,0,0,-0.1135112,0.0087069,0.0660504,-10.2286396,-16.2525368,-11.9770718,-8.7187862,0.9454839,0.1391033,-0.0949896,0.0480615,0.0378623,-0.0089002,0.2965900,-0.1072405,0.0653408,0.0721569,0.0814254,0.0357358,0.0089292,0.0171103,-0.0035562,0.0050043,0.1498193,0.8206229,0.9801992,0.0781028,0.0309653
24.760867845,1791080873.494440794,0,0,-0.1128111,0.0082791,0.0660924,-10.2298079,-16.2494354,-11.9881754,-8.7291174,0.9461188,0.1309938,-0.0942428,0.0471441,0.0399967,-0.0101287,0.2955544,-0.1053424,0.0651052,0.0719767,0.0814374,0.0358306,0.0089265,0.0169449,-0.0035873,0.0052161,0.1501847,0.8204380,0.9802538,0.0785363,0.0311279
24.780909181,1791080873.514482498,0,0,-0.1126189,0.0086164,0.0661023,-10.2294874,-16.2412071,-11.9689837,-8.7265635,0.9463664,0.1230643,-0.0969079,0.0469518,0.0419201,-0.0118840,0.2943302,-0.1046349,0.0648536,0.0718054,0.0814846,0.0358546,0.0088902,0.0167701,-0.0036139,0.0054323,0.1505125,0.8202817,0.9803041,0.0783992,0.0314401
24.802990057,1791080873.536563396,0,0,-0.1131632,0.0089536,0.0666277,-10.2171535,-16.2063522,-11.9205561,-8.7133474,0.9488552,0.1086225,-0.0993132,0.0458031,0.0444307,-0.0140718,0.2886700,-0.1094892,0.0646092,0.0716336,0.0815246,0.0358771,0.0088468,0.0165965,-0.0036226,0.0056492,0.1508354,0.8201236,0.9803549,0.0782672,0.0317920
24.822938620,1791080873.556511641,0,0,-0.1137124,0.0092936,0.0658201,-10.2348948,-16.2134609,-11.9429979,-8.7194815,0.9482791,0.1017568,-0.1010428,0.0466228,0.0466512,-0.0157609,0.2901162,-0.1096411,0.0643861,0.0714561,0.0815482,0.0359609,0.0088465,0.0164234,-0.0035891,0.0058586,0.1512018,0.8199369,0.9804121,0.0789084,0.0321228
24.843256644,1791080873.576829433,0,0,-0.1135955,0.0098360,0.0657797,-10.2186985,-16.2052517,-11.8897753,-8.7155333,0.9486121,0.0943523,-0.1039659,0.0472924,0.0495000,-0.0181830,0.2875359,-0.1055981,0.0641748,0.0712789,0.0815302,0.0359968,0.0088328,0.0162515,-0.0035724,0.0060670,0.1515580,0.8197634,0.9804664,0.0790442,0.0323222
24.861632413,1791080873.595205307,0,0,-0.1136333,0.0096837,0.0653004,-10.2249460,-16.2147026,-11.8880682,-8.7177324,0.9495651,0.0906355,-0.1051221,0.0470997,0.0516503,-0.0196416,0.2893955,-0.1020157,0.0639659,0.0711028,0.0815154,0.0360311,0.0088195,0.0160812,-0.0035531,0.0062759,0.1519122,0.8195885,0.9805208,0.0791538,0.0324880
24.883223630,1791080873.616796732,0,0,-0.1135659,0.0094041,0.0646765,-10.2147951,-16.2049923,-11.8766537,-8.7015371,0.9482026,0.0870045,-0.1069372,0.0461379,0.0535718,-0.0215930,0.2912976,-0.1024910,0.0637853,0.0709104,0.0814457,0.0360953,0.0088456,0.0159234,-0.0035555,0.0064810,0.1523142,0.8193818,0.9805804,0.0796134,0.0323302
24.903082939,1791080873.636656284,0,0,-0.1130762,0.0094631,0.0645931,-10.2040110,-16.1927433,-11.8768339,-8.6920576,0.9475611,0.0802551,-0.1079546,0.0473345,0.0557124,-0.0229906,0.2905530,-0.1025276,0.0636076,0.0707223,0.0813862,0.0361534,0.0088702,0.0157655,-0.0035718,0.0066825,0.1527115,0.8191769,0.9806402,0.0800606,0.0322092
24.923702069,1791080873.657275438,0,0,-0.1126871,0.0092723,0.0649851,-10.1966610,-16.1888809,-11.8896856,-8.7091427,0.9480805,0.0713849,-0.1086746,0.0478290,0.0588750,-0.0254848,0.2906297,-0.1050335,0.0633884,0.0705593,0.0813319,0.0361587,0.0088296,0.0156005,-0.0035703,0.0068869,0.1530264,0.8190063,0.9806920,0.0799651,0.0325295
24.942778102,1791080873.676351070,0,0,-0.1128279,0.0094016,0.0648846,-10.2056265,-16.1890259,-11.8814936,-8.6934156,0.9477959,0.0674787,-0.1105257,0.0470162,0.0609715,-0.0273905,0.2905849,-0.1035433,0.0631953,0.0703979,0.0813326,0.0361844,0.0087977,0.0154353,-0.0035751,0.0070914,0.1533537,0.8188274,0.9807481,0.0801586,0.0327788
24.964796254,1791080873.698368788,0,0,-0.1118782,0.0088211,0.0645917,-10.2166243,-16.1830215,-11.9208479,-8.7213888,0.9478312,0.0613867,-0.1118395,0.0468272,0.0635751,-0.0293973,0.2955464,-0.1054519,0.0630070,0.0702379,0.0813318,0.0362149,0.0087647,0.0152699,-0.0035855,0.0072942,0.1536789,0.8186471,0.9808044,0.0803106,0.0330695
24.983172984,1791080873.716746092,0,0,-0.1119583,0.0093498,0.0642071,-10.2117577,-16.1673622,-11.9040461,-8.7119122,0.9473720,0.0541935,-0.1145618,0.0464799,0.0657383,-0.0309711,0.2950357,-0.1055491,0.0627911,0.0700703,0.0813734,0.0362627,0.0087384,0.0151062,-0.0035840,0.0074981,0.1539955,0.8184663,0.9808590,0.0803012,0.0334145
25.002669617,1791080873.736243010,0,0,-0.1112885,0.0085842,0.0631808,-10.2133265,-16.1568985,-11.9383307,-8.7226667,0.9484698,0.0471590,-0.1134726,0.0467506,0.0681932,-0.0333532,0.2943757,-0.1111645,0.0625793,0.0699036,0.0814114,0.0363157,0.0087103,0.0149423,-0.0035827,0.0077016,0.1543097,0.8182840,0.9809139,0.0802857,0.0337936
25.023433810,1791080873.757006884,0,0,-0.1112735,0.0089105,0.0632874,-10.2254992,-16.1721573,-11.9735155,-8.7390814,0.9487408,0.0429943,-0.1142457,0.0483027,0.0709050,-0.0356319,0.2966388,-0.1082118,0.0623934,0.0697472,0.0814757,0.0363599,0.0086796,0.0147792,-0.0036011,0.0079060,0.1546387,0.8181027,0.9809711,0.0802430,0.0338866
25.043005999,1791080873.776579380,0,0,-0.1115118,0.0089191,0.0632372,-10.2028170,-16.1551704,-11.9485798,-8.7272615,0.9502211,0.0369269,-0.1142619,0.0476221,0.0735348,-0.0374068,0.2927867,-0.1070106,0.0622316,0.0695857,0.0814626,0.0364019,0.0086569,0.0146216,-0.0036155,0.0081041,0.1549573,0.8179084,0.9810293,0.0804177,0.0340762
25.063131340,1791080873.796704292,0,0,-0.1119874,0.0089795,0.0626351,-10.2109747,-16.1477737,-11.9778376,-8.7406769,0.9509661,0.0313088,-0.1154406,0.0492563,0.0769074,-0.0407626,0.2937275,-0.1082052,0.0620739,0.0694261,0.0814508,0.0364391,0.0086325,0.0144649,-0.0036317,0.0083005,0.1552711,0.8177148,0.9810874,0.0805747,0.0342904
25.083359247,1791080873.816932201,0,0,-0.1126154,0.0090596,0.0621416,-10.1817913,-16.1153450,-11.9454603,-8.7224283,0.9507859,0.0262574,-0.1154984,0.0476644,0.0784208,-0.0418944,0.2939208,-0.1128282,0.0618895,0.0692637,0.0814490,0.0364994,0.0086191,0.0143039,-0.0035934,0.0084944,0.1555854,0.8175121,0.9811473,0.0808771,0.0346295
25.106015452,1791080873.839588642,0,0,-0.1122234,0.0086130,0.0631215,-10.1961222,-16.1150246,-11.9625559,-8.7185898,0.9518243,0.0222553,-0.1162725,0.0471406,0.0813640,-0.0440170,0.2957086,-0.1096066,0.0617077,0.0691039,0.0814475,0.0365575,0.0086079,0.0141441,-0.0035560,0.0086879,0.1558968,0.8173090,0.9812068,0.0811299,0.0349211
25.122713173,1791080873.856286526,0,0,-0.1114381,0.0081622,0.0625039,-10.2084684,-16.1164474,-11.9723787,-8.7422056,0.9514050,0.0175871,-0.1185664,0.0480545,0.0854028,-0.0479972,0.2970598,-0.1085581,0.0615028,0.0689720,0.0815331,0.0365683,0.0085358,0.0139823,-0.0035714,0.0088897,0.1561402,0.8171430,0.9812602,0.0807429,0.0353361
25.142997787,1791080873.876570463,0,0,-0.1116078,0.0081117,0.0626180,-10.2014399,-16.1022682,-11.9427443,-8.7331648,0.9516264,0.0132661,-0.1205476,0.0474321,0.0876372,-0.0495102,0.2967108,-0.1069173,0.0613168,0.0688227,0.0815493,0.0365749,0.0084645,0.0138260,-0.0035743,0.0090906,0.1563937,0.8169733,0.9813132,0.0800987,0.0355598
25.163462540,1791080873.897035599,0,0,-0.1118751,0.0078725,0.0623185,-10.2101803,-16.0862389,-11.9436102,-8.7441359,0.9520331,0.0085457,-0.1225868,0.0469699,0.0901678,-0.0522955,0.2983935,-0.1102125,0.0611383,0.0686736,0.0815621,0.0365861,0.0083914,0.0136703,-0.0035720,0.0092903,0.1566435,0.8168019,0.9813666,0.0795209,0.0357959
25.183022504,1791080873.916595697,0,0,-0.1118160,0.0081637,0.0621520,-10.1964560,-16.0779686,-11.9223108,-8.7448168,0.9530770,0.0022865,-0.1239547,0.0465627,0.0925972,-0.0540206,0.2965257,-0.1111059,0.0609911,0.0685105,0.0814739,0.0366522,0.0083771,0.0135237,-0.0035507,0.0094848,0.1569453,0.8165872,0.9814256,0.0799646,0.0360074
25.202909688,1791080873.936482668,0,0,-0.1120358,0.0082782,0.0616939,-10.1957960,-16.0882187,-11.9316645,-8.7492170,0.9529088,-0.0009968,-0.1254840,0.0484959,0.0956166,-0.0564591,0.2990083,-0.1111138,0.0608461,0.0683509,0.0814025,0.0367124,0.0083685,0.0133774,-0.0035452,0.0096757,0.1572459,0.8163744,0.9814845,0.0803898,0.0361726
25.223099832,1791080873.956672907,0,0,-0.1117014,0.0076146,0.0619152,-10.1878672,-16.0759258,-11.9455404,-8.7582960,0.9546556,-0.0048905,-0.1275613,0.0482078,0.0988658,-0.0590556,0.3035711,-0.1124151,0.0607023,0.0681958,0.0814012,0.0367338,0.0083310,0.0132258,-0.0035533,0.0098672,0.1575294,0.8161877,0.9815415,0.0801148,0.0362719
25.243395647,1791080873.976968527,0,0,-0.1114487,0.0077161,0.0610717,-10.1843634,-16.0522366,-11.9344893,-8.7367172,0.9539551,-0.0087930,-0.1284776,0.0471988,0.0999355,-0.0594959,0.3033468,-0.1136183,0.0605648,0.0680500,0.0813870,0.0367537,0.0082811,0.0130777,-0.0035777,0.0100589,0.1577983,0.8159975,0.9815980,0.0800298,0.0365054
25.262966556,1791080873.996539354,0,0,-0.1109472,0.0077054,0.0613451,-10.1934233,-16.0415363,-11.9370022,-8.7535973,0.9551994,-0.0169385,-0.1294182,0.0471901,0.1027804,-0.0610708,0.3008769,-0.1149210,0.0604310,0.0679052,0.0813740,0.0367738,0.0082296,0.0129298,-0.0036003,0.0102495,0.1580635,0.8158063,0.9816547,0.0799486,0.0367735
25.282122163,1791080874.015695572,0,0,-0.1115659,0.0075068,0.0603474,-10.1947508,-16.0427227,-11.9502201,-8.7538443,0.9546936,-0.0173039,-0.1289557,0.0473221,0.1047525,-0.0629651,0.3033919,-0.1166185,0.0602963,0.0677600,0.0813572,0.0368002,0.0081870,0.0127836,-0.0036223,0.0104397,0.1583403,0.8156125,0.9817121,0.0800039,0.0369890
25.304928151,1791080874.038501024,0,0,-0.1110717,0.0070341,0.0607502,-10.1904612,-16.0322800,-11.9735031,-8.7762022,0.9552546,-0.0218405,-0.1292464,0.0475572,0.1082543,-0.0657620,0.3042594,-0.1158006,0.0601638,0.0676157,0.0813459,0.0368286,0.0081462,0.0126378,-0.0036438,0.0106289,0.1586145,0.8154176,0.9817699,0.0800634,0.0372004
25.324672376,1791080874.058245897,0,0,-0.1113829,0.0067188,0.0602942,-10.1895647,-16.0365715,-12.0165730,-8.7907896,0.9568805,-0.0239884,-0.1295348,0.0493593,0.1113961,-0.0687120,0.3067712,-0.1161265,0.0600280,0.0674822,0.0813701,0.0368584,0.0081036,0.0124857,-0.0036497,0.0108173,0.1588844,0.8152237,0.9818296,0.0803550,0.0374990
25.346707795,1791080874.080280542,0,0,-0.1117653,0.0072942,0.0598260,-10.1746387,-16.0067844,-11.9585524,-8.7658625,0.9562788,-0.0282726,-0.1320338,0.0484548,0.1130626,-0.0702972,0.3044444,-0.1180870,0.0599199,0.0673501,0.0813520,0.0368205,0.0080110,0.0123356,-0.0036885,0.0110055,0.1591145,0.8150570,0.9818835,0.0797464,0.0377324
25.364698294,1791080874.098271132,0,0,-0.1118519,0.0075186,0.0596478,-10.1940889,-16.0154934,-11.9858656,-8.7890425,0.9559437,-0.0326608,-0.1326570,0.0514518,0.1166573,-0.0727684,0.3073667,-0.1185473,0.0598143,0.0672161,0.0813514,0.0367956,0.0079224,0.0121862,-0.0037121,0.0111948,0.1593453,0.8148864,0.9819377,0.0792059,0.0379268
25.386036236,1791080874.119609833,0,0,-0.1115256,0.0068428,0.0604323,-10.1886053,-16.0062904,-11.9993277,-8.8051119,0.9569303,-0.0394620,-0.1321287,0.0512371,0.1217947,-0.0759421,0.3049569,-0.1178980,0.0597021,0.0670816,0.0814099,0.0368285,0.0078934,0.0120341,-0.0037105,0.0113824,0.1596320,0.8146881,0.9819992,0.0795683,0.0380155
25.409086814,1791080874.142660379,0,0,-0.1119819,0.0064749,0.0598672,-10.1948328,-16.0062866,-12.0115252,-8.8104219,0.9584019,-0.0404732,-0.1338057,0.0527869,0.1263020,-0.0800821,0.3055869,-0.1142002,0.0595758,0.0669399,0.0814696,0.0368860,0.0078795,0.0118860,-0.0036841,0.0115647,0.1598998,0.8144788,0.9820603,0.0799124,0.0381312
25.429041866,1791080874.162637234,0,0,-0.1119623,0.0063052,0.0594552,-10.1835814,-15.9823418,-11.9892035,-8.8106394,0.9598604,-0.0456714,-0.1357373,0.0515611,0.1290369,-0.0825860,0.3058556,-0.1193556,0.0594525,0.0668006,0.0815109,0.0369335,0.0078609,0.0117381,-0.0036651,0.0117453,0.1601610,0.8142726,0.9821208,0.0801993,0.0383254
25.449090971,1791080874.182663918,0,0,-0.1116824,0.0064453,0.0584893,-10.1894064,-15.9704561,-12.0021391,-8.8211946,0.9598159,-0.0498744,-0.1361453,0.0524947,0.1325535,-0.0857270,0.3058753,-0.1233510,0.0593659,0.0666725,0.0815047,0.0369212,0.0077846,0.0115974,-0.0037376,0.0119303,0.1603874,0.8140998,0.9821743,0.0798261,0.0385497
25.469022022,1791080874.202594995,0,0,-0.1125931,0.0061387,0.0587962,-10.1721392,-15.9469566,-11.9743128,-8.8082838,0.9610738,-0.0540614,-0.1358632,0.0504712,0.1357891,-0.0877566,0.3034286,-0.1247848,0.0592811,0.0665423,0.0815001,0.0369086,0.0077071,0.0114585,-0.0037946,0.0121160,0.1606100,0.8139253,0.9822286,0.0794936,0.0387576
25.488674593,1791080874.222246885,0,0,-0.1124365,0.0062458,0.0586703,-10.1856441,-15.9453621,-11.9932222,-8.8197365,0.9602683,-0.0571982,-0.1371479,0.0504250,0.1383493,-0.0895356,0.3018512,-0.1241778,0.0591977,0.0663830,0.0814370,0.0369484,0.0077029,0.0113217,-0.0037748,0.0122929,0.1608953,0.8137068,0.9822935,0.0798511,0.0387965
25.509151081,1791080874.242724419,0,0,-0.1122493,0.0060755,0.0578122,-10.1942921,-15.9480820,-12.0185661,-8.8520355,0.9593865,-0.0608475,-0.1363668,0.0518821,0.1418255,-0.0921783,0.3030618,-0.1288836,0.0591255,0.0662509,0.0814740,0.0369313,0.0076511,0.0111761,-0.0038105,0.0124716,0.1611406,0.8135256,0.9823520,0.0795870,0.0388761
25.529319841,1791080874.262892485,0,0,-0.1122582,0.0059664,0.0578307,-10.1872711,-15.9397535,-12.0149517,-8.8589525,0.9603121,-0.0638032,-0.1373802,0.0520433,0.1443904,-0.0944616,0.3035038,-0.1305106,0.0590546,0.0661177,0.0815072,0.0369166,0.0075980,0.0110312,-0.0038338,0.0126513,0.1613815,0.8133428,0.9824107,0.0793312,0.0389830
25.547220799,1791080874.280793667,0,0,-0.1133043,0.0056056,0.0580990,-10.1672249,-15.9154434,-11.9837570,-8.8226681,0.9591908,-0.0668115,-0.1376836,0.0503808,0.1457775,-0.0951145,0.2999405,-0.1327000,0.0589718,0.0659634,0.0814583,0.0369340,0.0075866,0.0108968,-0.0038111,0.0128269,0.1616519,0.8131274,0.9824716,0.0793573,0.0390347
25.569087025,1791080874.302659988,0,0,-0.1132014,0.0055565,0.0578260,-10.1761503,-15.9143715,-11.9735765,-8.8298426,0.9575889,-0.0698289,-0.1403852,0.0512929,0.1487098,-0.0972726,0.3008415,-0.1325832,0.0588910,0.0658127,0.0814140,0.0369476,0.0075764,0.0107633,-0.0037981,0.0129997,0.1619192,0.8129137,0.9825320,0.0793827,0.0390598
25.589844552,1791080874.323417425,0,0,-0.1125280,0.0054781,0.0583507,-10.1968412,-15.9324780,-12.0148916,-8.8507833,0.9569688,-0.0721918,-0.1402080,0.0513223,0.1519309,-0.0988328,0.3026966,-0.1282259,0.0588104,0.0656827,0.0814341,0.0369313,0.0075215,0.0106231,-0.0038064,0.0131753,0.1621445,0.8127331,0.9825864,0.0789472,0.0391014
25.612207637,1791080874.345781088,0,0,-0.1126549,0.0056461,0.0577598,-10.1884317,-15.9200945,-11.9876604,-8.8480911,0.9563669,-0.0727714,-0.1438053,0.0517673,0.1540971,-0.1009149,0.3037285,-0.1283357,0.0587139,0.0655475,0.0814868,0.0369687,0.0074882,0.0104808,-0.0037600,0.0133471,0.1623627,0.8125293,0.9826469,0.0790593,0.0393063
25.633191320,1791080874.366764307,0,0,-0.1123458,0.0050613,0.0569852,-10.1857357,-15.9205818,-11.9844341,-8.8505850,0.9563028,-0.0759794,-0.1434747,0.0507080,0.1565363,-0.1026008,0.3053582,-0.1322190,0.0586206,0.0654150,0.0815309,0.0370064,0.0074546,0.0103385,-0.0037229,0.0135168,0.1625794,0.8123255,0.9827067,0.0791219,0.0395485
25.652120621,1791080874.385692835,0,0,-0.1122181,0.0049795,0.0572221,-10.1903191,-15.9136009,-12.0289469,-8.8590050,0.9571760,-0.0791480,-0.1456327,0.0533545,0.1607412,-0.1057716,0.3073523,-0.1331578,0.0585337,0.0652912,0.0815900,0.0370124,0.0073900,0.0101973,-0.0037126,0.0136904,0.1627846,0.8121438,0.9827631,0.0786194,0.0396941
25.670034508,1791080874.403606415,0,0,-0.1114101,0.0046501,0.0571233,-10.1850805,-15.9138556,-12.0382957,-8.8533907,0.9593052,-0.0806195,-0.1462902,0.0502199,0.1614852,-0.1057092,0.3088269,-0.1317601,0.0584535,0.0651656,0.0816728,0.0370469,0.0073557,0.0100594,-0.0037110,0.0138644,0.1629955,0.8119399,0.9828216,0.0786124,0.0397450
25.690357963,1791080874.423930168,0,0,-0.1109149,0.0050725,0.0564714,-10.1924458,-15.8973589,-12.0260839,-8.8446398,0.9589845,-0.0827113,-0.1491257,0.0476622,0.1629028,-0.1067444,0.3075776,-0.1292672,0.0583766,0.0650423,0.0817422,0.0370772,0.0073232,0.0099221,-0.0037164,0.0140353,0.1632043,0.8117364,0.9828805,0.0786102,0.0397689
25.711018621,1791080874.444590807,0,0,-0.1106823,0.0048590,0.0569669,-10.1906519,-15.8948441,-12.0535383,-8.8761778,0.9601263,-0.0900331,-0.1508628,0.0473784,0.1673210,-0.1091570,0.3102614,-0.1351810,0.0582950,0.0649202,0.0817801,0.0370931,0.0072959,0.0097799,-0.0037093,0.0142059,0.1634228,0.8115366,0.9829388,0.0787142,0.0399176
25.730057176,1791080874.463629246,0,0,-0.1112001,0.0048004,0.0561499,-10.2009172,-15.8925056,-12.0821428,-8.8816862,0.9611043,-0.0906448,-0.1520799,0.0494063,0.1690069,-0.1105572,0.3143882,-0.1352840,0.0582151,0.0647982,0.0818174,0.0371090,0.0072683,0.0096385,-0.0036981,0.0143766,0.1636395,0.8113360,0.9829972,0.0787985,0.0400663
25.750059366,1791080874.483631849,0,0,-0.1110312,0.0046503,0.0563691,-10.1851921,-15.8789768,-12.0580282,-8.8722181,0.9627725,-0.0926896,-0.1520812,0.0486338,0.1701864,-0.1108058,0.3124427,-0.1340373,0.0581280,0.0646763,0.0818210,0.0371157,0.0072108,0.0095005,-0.0036676,0.0145489,0.1638168,0.8111495,0.9830514,0.0783292,0.0402773
25.770251071,1791080874.503823280,0,0,-0.1116902,0.0049486,0.0564064,-10.1915302,-15.8735733,-12.0727539,-8.8826132,0.9641714,-0.0967736,-0.1515444,0.0498511,0.1723230,-0.1113637,0.3107061,-0.1340159,0.0580401,0.0645516,0.0818465,0.0371402,0.0071900,0.0093622,-0.0036143,0.0147198,0.1640274,0.8109415,0.9831094,0.0783539,0.0403378
25.790805611,1791080874.524378777,0,0,-0.1120483,0.0051196,0.0552949,-10.1907864,-15.8700314,-12.0530043,-8.8736887,0.9636068,-0.0966655,-0.1525586,0.0517029,0.1741731,-0.1129167,0.3123554,-0.1326478,0.0579562,0.0644289,0.0818632,0.0371611,0.0071654,0.0092243,-0.0035727,0.0148881,0.1642335,0.8107351,0.9831669,0.0783740,0.0404528
25.812903402,1791080874.546476603,0,0,-0.1120771,0.0049652,0.0557657,-10.1859903,-15.8644323,-12.0578241,-8.8739815,0.9640819,-0.0987702,-0.1511271,0.0524420,0.1753801,-0.1130945,0.3101696,-0.1333088,0.0578677,0.0643022,0.0818301,0.0372000,0.0071286,0.0091003,-0.0035530,0.0150544,0.1644204,0.8105216,0.9832241,0.0782517,0.0406182
25.833108995,1791080874.566682100,0,0,-0.1124754,0.0047138,0.0569909,-10.1761293,-15.8597221,-12.0415306,-8.8644323,0.9636699,-0.1021626,-0.1536609,0.0513478,0.1777874,-0.1139031,0.3072394,-0.1296518,0.0577821,0.0641780,0.0818016,0.0372331,0.0070931,0.0089781,-0.0035296,0.0152198,0.1646049,0.8103090,0.9832810,0.0781453,0.0407143
25.854913970,1791080874.588486910,0,0,-0.1126465,0.0040660,0.0562265,-10.1826057,-15.8530750,-12.0320387,-8.8762589,0.9639652,-0.1053559,-0.1537457,0.0516935,0.1806025,-0.1158504,0.3045410,-0.1354750,0.0576893,0.0640640,0.0818205,0.0372411,0.0070556,0.0088405,-0.0034573,0.0153896,0.1647726,0.8101093,0.9833375,0.0780572,0.0408576
25.874760760,1791080874.608333588,0,0,-0.1120410,0.0035319,0.0561795,-10.1946573,-15.8441381,-12.0300636,-8.8674526,0.9642133,-0.1031030,-0.1526427,0.0462806,0.1784077,-0.1149709,0.3070606,-0.1356665,0.0576272,0.0639399,0.0817960,0.0372452,0.0070161,0.0087101,-0.0034311,0.0155557,0.1649505,0.8099089,0.9833930,0.0777181,0.0409077
25.892889251,1791080874.626461983,0,0,-0.1107545,0.0041638,0.0562755,-10.1942682,-15.8520050,-12.0616941,-8.8871660,0.9656176,-0.1037132,-0.1522593,0.0457995,0.1788093,-0.1150280,0.3066432,-0.1306444,0.0575662,0.0638172,0.0817817,0.0372556,0.0069821,0.0085795,-0.0034042,0.0157211,0.1651278,0.8097064,0.9834486,0.0774257,0.0409181
25.913077819,1791080874.646651030,0,0,-0.1113988,0.0049297,0.0561263,-10.1864443,-15.8664455,-12.0731945,-8.8829813,0.9657151,-0.1054021,-0.1529456,0.0499246,0.1803630,-0.1156558,0.3067889,-0.1284178,0.0574866,0.0636908,0.0817629,0.0372916,0.0069787,0.0084517,-0.0033438,0.0158857,0.1653226,0.8094835,0.9835037,0.0775013,0.0408508
25.933107915,1791080874.666681290,0,0,-0.1120589,0.0050504,0.0565065,-10.1707850,-15.8634729,-12.0478525,-8.8814135,0.9665658,-0.1078126,-0.1561619,0.0515340,0.1824645,-0.1167454,0.3079357,-0.1286035,0.0574095,0.0635671,0.0817381,0.0373212,0.0069735,0.0083247,-0.0032922,0.0160480,0.1655137,0.8092628,0.9835585,0.0775876,0.0408003
25.953687320,1791080874.687260628,0,0,-0.1115681,0.0043440,0.0563627,-10.1918201,-15.8616514,-12.0914106,-8.8874445,0.9679443,-0.1057898,-0.1543088,0.0503819,0.1829518,-0.1170984,0.3132303,-0.1279781,0.0573423,0.0634640,0.0817670,0.0373184,0.0069379,0.0081893,-0.0032561,0.0162110,0.1656889,0.8090630,0.9836134,0.0775730,0.0408715
25.972871323,1791080874.706444502,0,0,-0.1117133,0.0049609,0.0560059,-10.1764135,-15.8358698,-12.0591726,-8.8779783,0.9674273,-0.1065364,-0.1578761,0.0509784,0.1836678,-0.1180328,0.3118611,-0.1280960,0.0572623,0.0633550,0.0818084,0.0373505,0.0068944,0.0080595,-0.0032174,0.0163747,0.1658560,0.8088635,0.9836700,0.0774899,0.0409982
25.993783162,1791080874.727356195,0,0,-0.1113153,0.0043680,0.0557292,-10.1906557,-15.8329163,-12.0777807,-8.9016733,0.9682183,-0.1097040,-0.1586475,0.0503746,0.1852919,-0.1191346,0.3130432,-0.1329484,0.0571855,0.0632471,0.0818407,0.0373820,0.0068478,0.0079298,-0.0031805,0.0165378,0.1660206,0.8086641,0.9837263,0.0773848,0.0411787
26.013101956,1791080874.746674776,0,0,-0.1115294,0.0045333,0.0558596,-10.1965618,-15.8351202,-12.0721884,-8.8924370,0.9680228,-0.1069141,-0.1591542,0.0506437,0.1857324,-0.1198635,0.3162999,-0.1283858,0.0571021,0.0631398,0.0819139,0.0374097,0.0068216,0.0077998,-0.0031498,0.0167031,0.1661869,0.8084594,0.9837829,0.0774451,0.0412362
26.033569388,1791080874.767142057,0,0,-0.1110193,0.0044190,0.0560680,-10.1994257,-15.8333569,-12.0655355,-8.9005194,0.9682907,-0.1061427,-0.1597820,0.0506763,0.1862336,-0.1205336,0.3157064,-0.1242268,0.0570221,0.0630339,0.0819780,0.0374373,0.0067959,0.0076702,-0.0031202,0.0168672,0.1663513,0.8082550,0.9838395,0.0774988,0.0412869
26.055149679,1791080874.788722992,0,0,-0.1114898,0.0044173,0.0566031,-10.1966352,-15.8304424,-12.0508547,-8.8958902,0.9668967,-0.1084633,-0.1607905,0.0518804,0.1869563,-0.1204484,0.3134225,-0.1254191,0.0569503,0.0629317,0.0819180,0.0374509,0.0067423,0.0075494,-0.0030776,0.0170270,0.1664848,0.8080490,0.9838922,0.0774162,0.0414781
26.072771742,1791080874.806344509,0,0,-0.1117925,0.0042132,0.0559631,-10.1891756,-15.8415489,-12.0768270,-8.9138422,0.9672261,-0.1091413,-0.1603102,0.0556357,0.1888441,-0.1216852,0.3190257,-0.1285627,0.0568862,0.0628270,0.0818606,0.0374582,0.0066974,0.0074256,-0.0030143,0.0171856,0.1666285,0.8078401,0.9839455,0.0773165,0.0416592
26.094748854,1791080874.828321695,0,0,-0.1116711,0.0037514,0.0555458,-10.1755247,-15.8368950,-12.0537910,-8.8943806,0.9668249,-0.1080569,-0.1604075,0.0546821,0.1882776,-0.1214813,0.3206533,-0.1284872,0.0568248,0.0627231,0.0818033,0.0374663,0.0066510,0.0073022,-0.0029587,0.0173429,0.1667701,0.8076310,0.9839985,0.0772020,0.0418613
26.114054239,1791080874.847627163,0,0,-0.1107886,0.0034028,0.0564000,-10.1972208,-15.8374672,-12.0856285,-8.9093180,0.9682542,-0.1083873,-0.1611190,0.0544531,0.1887375,-0.1217533,0.3207163,-0.1261574,0.0567507,0.0626188,0.0818633,0.0375119,0.0066077,0.0071812,-0.0029473,0.0175030,0.1668985,0.8074305,0.9840499,0.0769155,0.0419744
26.135061411,1791080874.868634701,0,0,-0.1113865,0.0036894,0.0558354,-10.1868563,-15.8283911,-12.0872316,-8.9087019,0.9674213,-0.1089319,-0.1622591,0.0546766,0.1891085,-0.1222321,0.3190100,-0.1275526,0.0566800,0.0625153,0.0819138,0.0375538,0.0065614,0.0070614,-0.0029335,0.0176621,0.1670249,0.8072304,0.9841015,0.0766855,0.0420974
26.154050844,1791080874.887623310,0,0,-0.1104667,0.0030147,0.0556040,-10.2026730,-15.8411741,-12.1149111,-8.9336557,0.9690137,-0.1080444,-0.1597697,0.0528955,0.1889933,-0.1225623,0.3236921,-0.1289122,0.0566209,0.0624219,0.0819734,0.0375961,0.0065277,0.0069378,-0.0029081,0.0178211,0.1671648,0.8070182,0.9841571,0.0768816,0.0422905
26.173291425,1791080874.906864405,0,0,-0.1105641,0.0032359,0.0559400,-10.1942091,-15.8232832,-12.1325712,-8.9373455,0.9694017,-0.1079302,-0.1604774,0.0520935,0.1886284,-0.1231086,0.3255074,-0.1338023,0.0565530,0.0623287,0.0819839,0.0376400,0.0064857,0.0068183,-0.0028800,0.0179759,0.1672965,0.8068044,0.9842108,0.0769286,0.0425605
26.196830285,1791080874.930403233,0,0,-0.1114347,0.0038015,0.0560387,-10.1793690,-15.8172550,-12.1258249,-8.9311819,0.9694655,-0.1088586,-0.1603859,0.0532053,0.1885380,-0.1228881,0.3245772,-0.1348812,0.0564876,0.0622370,0.0819995,0.0376797,0.0064439,0.0066999,-0.0028483,0.0181301,0.1674276,0.8065909,0.9842643,0.0769781,0.0428005
26.215288297,1791080874.948861122,0,0,-0.1109793,0.0040995,0.0562934,-10.2001553,-15.8353844,-12.1436586,-8.9364576,0.9688156,-0.1071423,-0.1623205,0.0557706,0.1895105,-0.1235449,0.3269299,-0.1289411,0.0564460,0.0621356,0.0819512,0.0377046,0.0064124,0.0065792,-0.0028121,0.0182851,0.1675793,0.8063857,0.9843167,0.0769929,0.0428676
26.237279010,1791080874.970852375,0,0,-0.1107143,0.0042247,0.0568609,-10.1995697,-15.8326788,-12.1300707,-8.9540262,0.9688257,-0.1098464,-0.1621215,0.0547896,0.1900527,-0.1231308,0.3243985,-0.1304463,0.0564040,0.0620345,0.0819060,0.0377280,0.0063802,0.0064590,-0.0027756,0.0184402,0.1677280,0.8061803,0.9843693,0.0770148,0.0429592
26.255477040,1791080874.989050150,0,0,-0.1115969,0.0035662,0.0562055,-10.1921997,-15.8269081,-12.1583395,-8.9467859,0.9693993,-0.1105937,-0.1590438,0.0527810,0.1896863,-0.1228408,0.3226726,-0.1347598,0.0563629,0.0619417,0.0819682,0.0377391,0.0063442,0.0063367,-0.0027520,0.0185967,0.1678702,0.8059780,0.9844234,0.0769437,0.0430867
26.277143100,1791080875.010716200,0,0,-0.1115258,0.0031062,0.0560334,-10.1968517,-15.8217382,-12.1861811,-8.9430647,0.9689790,-0.1106041,-0.1585580,0.0546004,0.1895574,-0.1229771,0.3239152,-0.1350758,0.0563340,0.0618424,0.0819478,0.0377556,0.0062958,0.0062228,-0.0027578,0.0187484,0.1680089,0.8057817,0.9844761,0.0767411,0.0431991
26.297129799,1791080875.030702829,0,0,-0.1117418,0.0029778,0.0562643,-10.1756935,-15.8104153,-12.1614294,-8.9459486,0.9686403,-0.1150438,-0.1599901,0.0537190,0.1906868,-0.1229116,0.3220899,-0.1393503,0.0563068,0.0617434,0.0819260,0.0377679,0.0062447,0.0061099,-0.0027607,0.0188996,0.1681445,0.8055854,0.9845288,0.0765541,0.0433404
26.317444995,1791080875.051017523,0,0,-0.1113189,0.0028195,0.0558137,-10.1887512,-15.8174133,-12.1791687,-8.9522524,0.9699222,-0.1173684,-0.1572386,0.0524342,0.1913884,-0.1225744,0.3218248,-0.1391370,0.0562726,0.0616554,0.0818819,0.0377699,0.0061915,0.0059952,-0.0027382,0.0190495,0.1682663,0.8053817,0.9845802,0.0765511,0.0435718
26.336799950,1791080875.070372343,0,0,-0.1114398,0.0028300,0.0550946,-10.1852045,-15.8093948,-12.1619234,-8.9515486,0.9689908,-0.1161862,-0.1569797,0.0534007,0.1902753,-0.1223499,0.3195068,-0.1407319,0.0562407,0.0615676,0.0818409,0.0377723,0.0061372,0.0058809,-0.0027184,0.0191980,0.1683867,0.8051777,0.9846314,0.0765306,0.0438070
26.355860106,1791080875.089433193,0,0,-0.1107074,0.0020584,0.0552742,-10.1966343,-15.8302765,-12.1972103,-8.9535723,0.9706067,-0.1151647,-0.1530497,0.0519574,0.1895896,-0.1214300,0.3197798,-0.1367771,0.0561789,0.0614816,0.0818972,0.0378179,0.0061145,0.0057645,-0.0026817,0.0193506,0.1685140,0.8049616,0.9846819,0.0768448,0.0441711
26.376951724,1791080875.110524416,0,0,-0.1107602,0.0021572,0.0545071,-10.1897573,-15.8272314,-12.2112474,-8.9495544,0.9693831,-0.1149818,-0.1519814,0.0522166,0.1887051,-0.1211739,0.3198106,-0.1411982,0.0561687,0.0613951,0.0819025,0.0378335,0.0060547,0.0056542,-0.0027107,0.0194964,0.1686375,0.8047654,0.9847334,0.0765652,0.0442878
26.397074462,1791080875.130647659,0,0,-0.1111538,0.0026651,0.0550784,-10.1878443,-15.8321247,-12.2128572,-8.9399681,0.9696388,-0.1140720,-0.1516822,0.0513717,0.1878037,-0.1203616,0.3190555,-0.1378521,0.0561592,0.0613086,0.0819159,0.0378480,0.0059985,0.0055454,-0.0027286,0.0196425,0.1687600,0.8045684,0.9847850,0.0763329,0.0443487
26.418194466,1791080875.151767254,0,0,-0.1105405,0.0028913,0.0554563,-10.1854963,-15.8387680,-12.2117605,-8.9537086,0.9705327,-0.1136494,-0.1511191,0.0516890,0.1867718,-0.1195947,0.3203359,-0.1374058,0.0561332,0.0612177,0.0819126,0.0378757,0.0059687,0.0054345,-0.0027125,0.0197868,0.1688902,0.8043553,0.9848376,0.0764440,0.0445218
26.440706795,1791080875.174279690,0,0,-0.1112579,0.0030921,0.0559359,-10.1740675,-15.8271837,-12.1862488,-8.9388905,0.9715202,-0.1140568,-0.1510576,0.0503428,0.1860587,-0.1186050,0.3183793,-0.1367505,0.0561091,0.0611285,0.0819028,0.0378989,0.0059380,0.0053249,-0.0026987,0.0199295,0.1690179,0.8041436,0.9848898,0.0765435,0.0446936
26.458952191,1791080875.192525387,0,0,-0.1113948,0.0029133,0.0559658,-10.1642714,-15.8251305,-12.1955767,-8.9325933,0.9721080,-0.1127461,-0.1515089,0.0482431,0.1857365,-0.1186457,0.3182282,-0.1360004,0.0560946,0.0610491,0.0818521,0.0379009,0.0058890,0.0052134,-0.0026723,0.0200722,0.1691495,0.8039437,0.9849393,0.0766020,0.0448668
26.478676604,1791080875.212249517,0,0,-0.1111593,0.0033919,0.0555968,-10.1826677,-15.8375721,-12.2059193,-8.9343939,0.9719645,-0.1120300,-0.1519833,0.0502097,0.1856033,-0.1184069,0.3161426,-0.1316375,0.0560615,0.0609678,0.0818563,0.0379225,0.0058398,0.0051067,-0.0026518,0.0202156,0.1692504,0.8037384,0.9849905,0.0766147,0.0450163
26.498838800,1791080875.232411861,0,0,-0.1113085,0.0029736,0.0553786,-10.1831598,-15.8287296,-12.1890278,-8.9488745,0.9721800,-0.1162575,-0.1517091,0.0481231,0.1871105,-0.1190872,0.3124414,-0.1379414,0.0560314,0.0608880,0.0818493,0.0379410,0.0057862,0.0050002,-0.0026354,0.0203572,0.1693481,0.8035342,0.9850414,0.0765953,0.0452304
26.521086956,1791080875.254660130,0,0,-0.1110809,0.0026505,0.0544037,-10.1891842,-15.8217392,-12.2161779,-8.9512205,0.9729190,-0.1142949,-0.1481303,0.0466181,0.1857428,-0.1189328,0.3122840,-0.1406462,0.0560307,0.0608020,0.0817704,0.0379318,0.0057257,0.0048972,-0.0026445,0.0204978,0.1694682,0.8033385,0.9850888,0.0763040,0.0453980
26.541821212,1791080875.275393963,0,0,-0.1109061,0.0024082,0.0543415,-10.1872053,-15.8185291,-12.2546835,-8.9783001,0.9728575,-0.1140976,-0.1471791,0.0489160,0.1858640,-0.1197312,0.3129547,-0.1447742,0.0559961,0.0607161,0.0818785,0.0379728,0.0056998,0.0047823,-0.0026144,0.0206403,0.1695803,0.8031362,0.9851409,0.0764083,0.0456406
26.559541622,1791080875.293114901,0,0,-0.1107468,0.0028889,0.0545749,-10.1919069,-15.8385229,-12.2553921,-8.9817743,0.9731436,-0.1109715,-0.1459779,0.0500068,0.1845311,-0.1188644,0.3152856,-0.1381732,0.0559626,0.0606323,0.0819805,0.0380161,0.0056800,0.0046683,-0.0025853,0.0207819,0.1696932,0.8029333,0.9851924,0.0765201,0.0458221
26.579728330,1791080875.313301325,0,0,-0.1109245,0.0027853,0.0552378,-10.1856756,-15.8403416,-12.2443256,-8.9842606,0.9728975,-0.1100553,-0.1469884,0.0494099,0.1846396,-0.1192208,0.3154589,-0.1386721,0.0559348,0.0605500,0.0819841,0.0380486,0.0056573,0.0045641,-0.0025491,0.0209215,0.1698105,0.8027160,0.9852421,0.0765894,0.0459163
26.596667708,1791080875.330240250,0,0,-0.1105102,0.0025719,0.0554981,-10.1855192,-15.8273697,-12.2416563,-8.9837208,0.9742515,-0.1091349,-0.1477310,0.0497532,0.1839335,-0.1192344,0.3165258,-0.1409549,0.0559083,0.0604693,0.0819811,0.0380799,0.0056318,0.0044597,-0.0025201,0.0210592,0.1699257,0.8025001,0.9852915,0.0766521,0.0460685
26.618199157,1791080875.351771593,0,0,-0.1110182,0.0026214,0.0560630,-10.1717367,-15.8213577,-12.2309980,-8.9631605,0.9745001,-0.1095632,-0.1485799,0.0481981,0.1823426,-0.1180820,0.3132802,-0.1431166,0.0559103,0.0603866,0.0819017,0.0380649,0.0055863,0.0043506,-0.0024891,0.0211949,0.1700443,0.8023072,0.9853414,0.0765822,0.0463217
26.636640946,1791080875.370212793,0,0,-0.1115791,0.0031571,0.0561779,-10.1839609,-15.8312845,-12.2397785,-8.9796696,0.9750461,-0.1118823,-0.1480314,0.0495097,0.1824381,-0.1172821,0.3103781,-0.1430229,0.0558834,0.0603136,0.0818796,0.0380559,0.0055490,0.0042414,-0.0024214,0.0213361,0.1701507,0.8021015,0.9853882,0.0766455,0.0465573
26.656656766,1791080875.390229464,0,0,-0.1109277,0.0027079,0.0553093,-10.1906891,-15.8493032,-12.2617311,-8.9813728,0.9761660,-0.1066085,-0.1440987,0.0480550,0.1808154,-0.1169073,0.3130227,-0.1396632,0.0558578,0.0602418,0.0818568,0.0380541,0.0055172,0.0041326,-0.0023635,0.0214755,0.1702576,0.8018945,0.9854348,0.0766918,0.0467309
26.676657738,1791080875.410229921,0,0,-0.1111164,0.0030897,0.0555931,-10.1861429,-15.8382530,-12.2378378,-8.9754305,0.9766960,-0.1032803,-0.1447275,0.0476410,0.1792815,-0.1170237,0.3097597,-0.1352978,0.0558460,0.0601574,0.0818710,0.0380991,0.0054945,0.0040333,-0.0023511,0.0216107,0.1703711,0.8016827,0.9854841,0.0767532,0.0468295
26.696693239,1791080875.430265665,0,0,-0.1117657,0.0026755,0.0561560,-10.1799479,-15.8292389,-12.2210112,-8.9722824,0.9774389,-0.1040832,-0.1440220,0.0457955,0.1785696,-0.1167651,0.3069573,-0.1385752,0.0558352,0.0600752,0.0818774,0.0381344,0.0054693,0.0039349,-0.0023422,0.0217439,0.1704820,0.8014737,0.9855331,0.0768118,0.0469678
26.718236624,1791080875.451808929,0,0,-0.1119356,0.0035397,0.0564818,-10.1761560,-15.8283806,-12.2241297,-8.9742613,0.9778298,-0.1043893,-0.1448869,0.0483976,0.1789183,-0.1168356,0.3043607,-0.1377048,0.0558134,0.0599872,0.0818416,0.0381564,0.0054522,0.0038343,-0.0022929,0.0218751,0.1705925,0.8012628,0.9855827,0.0768993,0.0471485
26.738539659,1791080875.472113132,0,0,-0.1123140,0.0031529,0.0566572,-10.1716757,-15.8270741,-12.2140093,-8.9714575,0.9775386,-0.1051001,-0.1471045,0.0497137,0.1808647,-0.1180519,0.3038879,-0.1387461,0.0557832,0.0599163,0.0819124,0.0381731,0.0054033,0.0037357,-0.0022807,0.0220104,0.1706762,0.8010675,0.9856313,0.0766749,0.0472575
26.758796931,1791080875.492369890,0,0,-0.1111949,0.0031201,0.0560185,-10.2065916,-15.8487988,-12.2635202,-9.0039682,0.9782403,-0.1012225,-0.1454820,0.0520023,0.1807179,-0.1187923,0.3078064,-0.1370435,0.0557538,0.0598460,0.0819811,0.0381993,0.0053562,0.0036371,-0.0022654,0.0221462,0.1707602,0.8008704,0.9856796,0.0764681,0.0473482
26.778959607,1791080875.512532473,0,0,-0.1105200,0.0029213,0.0552949,-10.2033243,-15.8519077,-12.2680054,-9.0157766,0.9775938,-0.0986226,-0.1448236,0.0515558,0.1805678,-0.1199018,0.3083135,-0.1371298,0.0557350,0.0597627,0.0819628,0.0382339,0.0053561,0.0035399,-0.0022146,0.0222762,0.1708889,0.8006397,0.9857282,0.0766176,0.0473352
26.798881566,1791080875.532455444,0,0,-0.1103096,0.0022287,0.0559843,-10.1969528,-15.8411179,-12.2623911,-9.0053301,0.9785472,-0.0958055,-0.1441869,0.0488183,0.1777522,-0.1187740,0.3102404,-0.1382853,0.0557168,0.0596826,0.0819339,0.0382623,0.0053566,0.0034433,-0.0021780,0.0224029,0.1710160,0.8004114,0.9857764,0.0767299,0.0473295
26.818453492,1791080875.552026033,0,0,-0.1096628,0.0019610,0.0560653,-10.2049742,-15.8346443,-12.2932892,-9.0058641,0.9785408,-0.0928546,-0.1414415,0.0450970,0.1738024,-0.1168947,0.3072738,-0.1398809,0.0556905,0.0596171,0.0819215,0.0382677,0.0053382,0.0033371,-0.0021142,0.0225327,0.1711145,0.8002001,0.9858229,0.0769773,0.0475591
26.836698120,1791080875.570271015,0,0,-0.1104146,0.0024604,0.0571235,-10.1890612,-15.8256493,-12.2815571,-9.0044270,0.9787127,-0.0943355,-0.1410903,0.0444224,0.1725018,-0.1155738,0.3017665,-0.1394833,0.0556652,0.0595509,0.0819132,0.0382703,0.0053195,0.0032320,-0.0020399,0.0226636,0.1712111,0.7999884,0.9858695,0.0771869,0.0477580
26.856703539,1791080875.590276241,0,0,-0.1104383,0.0024727,0.0567962,-10.1972141,-15.8470020,-12.3163729,-9.0140238,0.9793031,-0.0896980,-0.1386669,0.0447542,0.1697682,-0.1142375,0.3069522,-0.1402879,0.0556575,0.0594816,0.0819151,0.0382928,0.0053014,0.0031335,-0.0020178,0.0227924,0.1713202,0.7997715,0.9859190,0.0774064,0.0478008
26.880871824,1791080875.614445210,0,0,-0.1101886,0.0025660,0.0573823,-10.1855211,-15.8332653,-12.2922478,-8.9963989,0.9793228,-0.0858233,-0.1382575,0.0422079,0.1663137,-0.1122681,0.3063556,-0.1392444,0.0556598,0.0594194,0.0819128,0.0382858,0.0052620,0.0030339,-0.0020219,0.0229237,0.1714211,0.7995767,0.9859638,0.0772494,0.0478894
26.899927468,1791080875.633500576,0,0,-0.1105927,0.0028785,0.0582676,-10.1955452,-15.8510761,-12.3098593,-9.0025148,0.9798183,-0.0856398,-0.1366533,0.0431551,0.1636644,-0.1098708,0.3035732,-0.1381151,0.0556580,0.0593513,0.0819888,0.0383168,0.0052485,0.0029332,-0.0020070,0.0230531,0.1715340,0.7993700,0.9860129,0.0773061,0.0477701
26.919380764,1791080875.652953863,0,0,-0.1116867,0.0029961,0.0585431,-10.1933298,-15.8499641,-12.2727022,-8.9888496,0.9796500,-0.0855272,-0.1389499,0.0436127,0.1624979,-0.1087947,0.3001686,-0.1377429,0.0556588,0.0592847,0.0820509,0.0383395,0.0052330,0.0028338,-0.0019940,0.0231802,0.1716445,0.7991654,0.9860619,0.0773679,0.0476618
26.939177021,1791080875.672749996,0,0,-0.1114795,0.0027332,0.0576275,-10.2073479,-15.8531771,-12.2833681,-9.0083590,0.9791390,-0.0845438,-0.1371643,0.0442834,0.1616133,-0.1085081,0.3000489,-0.1414311,0.0556623,0.0592240,0.0819968,0.0383139,0.0051803,0.0027346,-0.0019625,0.0233062,0.1717411,0.7989748,0.9861075,0.0770094,0.0477180
26.960494603,1791080875.694067717,0,0,-0.1109251,0.0025375,0.0574624,-10.2064342,-15.8511353,-12.3029003,-9.0359240,0.9796884,-0.0861724,-0.1356549,0.0448457,0.1625684,-0.1093770,0.2997832,-0.1453949,0.0556661,0.0591620,0.0819497,0.0382957,0.0051257,0.0026354,-0.0019251,0.0234331,0.1718350,0.7987818,0.9861531,0.0766672,0.0478214
26.977934870,1791080875.711507559,0,0,-0.1102413,0.0019249,0.0574548,-10.2014990,-15.8608017,-12.3434782,-9.0437231,0.9829137,-0.0861000,-0.1322177,0.0423111,0.1620016,-0.1088605,0.2966772,-0.1442985,0.0556476,0.0591039,0.0820053,0.0383184,0.0050900,0.0025387,-0.0018916,0.0235628,0.1719130,0.7985790,0.9861988,0.0765624,0.0480106
26.997763961,1791080875.731337070,0,0,-0.1105309,0.0021146,0.0568132,-10.1928854,-15.8561859,-12.3679533,-9.0365229,0.9838306,-0.0830900,-0.1318765,0.0412133,0.1597559,-0.1079214,0.2986118,-0.1429386,0.0556319,0.0590470,0.0820554,0.0383394,0.0050562,0.0024427,-0.0018617,0.0236905,0.1719909,0.7983766,0.9862443,0.0764681,0.0481723
27.021026056,1791080875.754602909,0,0,-0.1109645,0.0028781,0.0571754,-10.1854286,-15.8587189,-12.3555441,-9.0225458,0.9843621,-0.0818659,-0.1319468,0.0423794,0.1580694,-0.1063976,0.2979363,-0.1397557,0.0556115,0.0589881,0.0820858,0.0383656,0.0050375,0.0023474,-0.0018243,0.0238167,0.1720799,0.7981649,0.9862901,0.0766128,0.0482640
27.037732398,1791080875.771305323,0,0,-0.1109533,0.0025804,0.0571997,-10.1781778,-15.8539352,-12.3522549,-9.0316496,0.9847339,-0.0833183,-0.1311530,0.0432836,0.1580300,-0.1063414,0.2965245,-0.1456145,0.0556131,0.0589195,0.0820899,0.0384024,0.0050333,0.0022536,-0.0017926,0.0239377,0.1721824,0.7979437,0.9863372,0.0768904,0.0483516
27.056710855,1791080875.790283203,0,0,-0.1111030,0.0028215,0.0579742,-10.1816778,-15.8565598,-12.3701696,-9.0349083,0.9852363,-0.0832523,-0.1319183,0.0446241,0.1575864,-0.1058854,0.2957633,-0.1456964,0.0556139,0.0588529,0.0820967,0.0384350,0.0050302,0.0021603,-0.0017656,0.0240575,0.1722832,0.7977247,0.9863839,0.0771547,0.0484560
27.076700818,1791080875.810273647,0,0,-0.1106100,0.0030552,0.0570053,-10.1970682,-15.8835211,-12.3619566,-9.0304909,0.9838617,-0.0751513,-0.1304038,0.0457055,0.1540770,-0.1042866,0.2987998,-0.1399634,0.0556153,0.0587925,0.0821110,0.0384522,0.0050368,0.0020685,-0.0017600,0.0241793,0.1724063,0.7974992,0.9864336,0.0775787,0.0483745
27.097913434,1791080875.831485987,0,0,-0.1103210,0.0028026,0.0578791,-10.2023191,-15.8818979,-12.3478212,-9.0449381,0.9836743,-0.0754600,-0.1308648,0.0449968,0.1541511,-0.1045910,0.2944445,-0.1395595,0.0556165,0.0587338,0.0821177,0.0384661,0.0050408,0.0019770,-0.0017577,0.0242997,0.1725267,0.7972754,0.9864831,0.0779602,0.0483209
27.122491307,1791080875.856064796,0,0,-0.1108988,0.0027123,0.0576643,-10.2137794,-15.8795986,-12.3431416,-9.0425797,0.9842929,-0.0730836,-0.1291810,0.0437033,0.1522256,-0.1039752,0.2901664,-0.1400743,0.0556295,0.0586790,0.0821892,0.0384715,0.0050301,0.0018780,-0.0017662,0.0244229,0.1726350,0.7970790,0.9865295,0.0780336,0.0482835
27.140273735,1791080875.873847008,0,0,-0.1099355,0.0021729,0.0568780,-10.2178478,-15.8882675,-12.3838568,-9.0670023,0.9844540,-0.0692018,-0.1254373,0.0428445,0.1498464,-0.1035950,0.2910136,-0.1423461,0.0556364,0.0586338,0.0822151,0.0384553,0.0049892,0.0017784,-0.0017554,0.0245452,0.1727070,0.7968881,0.9865739,0.0779566,0.0485058
27.159022036,1791080875.892595291,0,0,-0.1103647,0.0019772,0.0579630,-10.1880970,-15.8698215,-12.3897943,-9.0650759,0.9858381,-0.0685332,-0.1246791,0.0423290,0.1484102,-0.1028975,0.2876742,-0.1451759,0.0556453,0.0585879,0.0822458,0.0384419,0.0049509,0.0016796,-0.0017331,0.0246677,0.1727785,0.7966954,0.9866184,0.0778815,0.0487017
27.180951776,1791080875.914524555,0,0,-0.1114601,0.0029229,0.0587073,-10.1895313,-15.8717289,-12.3802748,-9.0628643,0.9867398,-0.0685381,-0.1253933,0.0444385,0.1482298,-0.1025449,0.2832011,-0.1421510,0.0556579,0.0585293,0.0822217,0.0384180,0.0049147,0.0015931,-0.0017195,0.0247867,0.1728660,0.7964963,0.9866630,0.0773729,0.0486671
27.201823256,1791080875.935396433,0,0,-0.1121304,0.0030688,0.0585733,-10.1909952,-15.8841190,-12.3477144,-9.0541887,0.9859889,-0.0651118,-0.1258453,0.0439312,0.1472775,-0.1022978,0.2851544,-0.1425284,0.0556732,0.0584716,0.0821917,0.0383951,0.0048763,0.0015080,-0.0017083,0.0249040,0.1729521,0.7962980,0.9867071,0.0769112,0.0486138
27.222856311,1791080875.956429243,0,0,-0.1110731,0.0028633,0.0584125,-10.2119341,-15.8859921,-12.3672791,-9.0690756,0.9860610,-0.0610300,-0.1257966,0.0431593,0.1464061,-0.1030663,0.2872314,-0.1437777,0.0556954,0.0584173,0.0822498,0.0384095,0.0048479,0.0014173,-0.0017016,0.0250230,0.1730329,0.7960987,0.9867524,0.0767721,0.0485755
27.240780026,1791080875.974353075,0,0,-0.1101400,0.0025435,0.0582361,-10.2143545,-15.8925228,-12.3998308,-9.0782566,0.9850144,-0.0593275,-0.1244278,0.0407588,0.1442718,-0.1017259,0.2861745,-0.1454327,0.0557142,0.0583524,0.0822527,0.0384318,0.0048449,0.0013281,-0.0016578,0.0251359,0.1731331,0.7958838,0.9867993,0.0766480,0.0485004
27.260953262,1791080875.994526386,0,0,-0.1100449,0.0020693,0.0584282,-10.2263155,-15.9100475,-12.4579096,-9.0953836,0.9859830,-0.0582039,-0.1216850,0.0416324,0.1431057,-0.1009080,0.2858862,-0.1442950,0.0557318,0.0582901,0.0822635,0.0384534,0.0048486,0.0012398,-0.0016181,0.0252478,0.1732343,0.7956685,0.9868458,0.0765298,0.0483785
27.280723594,1791080876.014296532,0,0,-0.1097136,0.0023940,0.0580262,-10.2256460,-15.9265881,-12.4801302,-9.0992889,0.9872665,-0.0506692,-0.1199667,0.0425292,0.1393006,-0.0991166,0.2897599,-0.1399687,0.0557281,0.0582507,0.0823466,0.0384540,0.0048281,0.0011443,-0.0015812,0.0253650,0.1733027,0.7954668,0.9868896,0.0765062,0.0484227
27.298524399,1791080876.032096863,0,0,-0.1105724,0.0025632,0.0588589,-10.2004023,-15.8920364,-12.4298601,-9.0708685,0.9888600,-0.0487079,-0.1202261,0.0406488,0.1364851,-0.0975183,0.2868396,-0.1425445,0.0557269,0.0582102,0.0824063,0.0384491,0.0048008,0.0010499,-0.0015387,0.0254824,0.1733683,0.7952657,0.9869334,0.0764590,0.0485168
27.320649248,1791080876.054222107,0,0,-0.1103107,0.0029044,0.0594323,-10.2140913,-15.8921242,-12.4302511,-9.0839558,0.9892633,-0.0486394,-0.1212079,0.0418875,0.1354217,-0.0971932,0.2849109,-0.1443700,0.0557400,0.0581566,0.0823302,0.0384570,0.0047632,0.0009717,-0.0015431,0.0255994,0.1734368,0.7950668,0.9869737,0.0763321,0.0487770
27.340774642,1791080876.074347734,0,0,-0.1101943,0.0029938,0.0598870,-10.2189913,-15.8964119,-12.4576864,-9.1106968,0.9903891,-0.0465962,-0.1204010,0.0422214,0.1344217,-0.0966178,0.2872311,-0.1455514,0.0557560,0.0581104,0.0823484,0.0384605,0.0047297,0.0008849,-0.0015399,0.0257176,0.1735215,0.7948711,0.9870164,0.0761981,0.0488344
27.360027228,1791080876.093600035,0,0,-0.1101641,0.0031107,0.0600812,-10.2235241,-15.9148521,-12.4791498,-9.1107702,0.9902666,-0.0427691,-0.1194738,0.0422073,0.1324375,-0.0953126,0.2879623,-0.1428510,0.0557721,0.0580647,0.0823735,0.0384663,0.0047013,0.0007990,-0.0015362,0.0258350,0.1736066,0.7946744,0.9870592,0.0761050,0.0488330
27.380872721,1791080876.114445686,0,0,-0.1104662,0.0032688,0.0599959,-10.2275686,-15.9153290,-12.4736195,-9.1198931,0.9910146,-0.0408631,-0.1187056,0.0437839,0.1314248,-0.0952026,0.2856560,-0.1446549,0.0558066,0.0580126,0.0823788,0.0384507,0.0046714,0.0007152,-0.0015448,0.0259488,0.1736937,0.7944807,0.9871028,0.0758199,0.0487704
27.400872701,1791080876.134446144,0,0,-0.1109777,0.0028164,0.0599133,-10.2101583,-15.9093857,-12.4652605,-9.0984230,0.9911585,-0.0372581,-0.1166882,0.0424634,0.1284336,-0.0932836,0.2855385,-0.1461310,0.0558419,0.0579604,0.0823798,0.0384338,0.0046391,0.0006323,-0.0015530,0.0260615,0.1737795,0.7942873,0.9871462,0.0755435,0.0487427
27.422845831,1791080876.156418800,0,0,-0.1101525,0.0021325,0.0607901,-10.2146053,-15.9079132,-12.4966736,-9.1132231,0.9924577,-0.0374242,-0.1130608,0.0415069,0.1272368,-0.0921146,0.2838075,-0.1475523,0.0558682,0.0579003,0.0823618,0.0384472,0.0046209,0.0005488,-0.0015066,0.0261693,0.1738651,0.7940860,0.9871905,0.0752455,0.0486949
27.439821765,1791080876.173394918,0,0,-0.1104953,0.0021970,0.0606165,-10.2208824,-15.9211044,-12.5186071,-9.1185389,0.9924623,-0.0328905,-0.1117274,0.0426254,0.1254310,-0.0910270,0.2833436,-0.1441825,0.0559049,0.0578475,0.0823990,0.0384552,0.0046156,0.0004647,-0.0015167,0.0262809,0.1739502,0.7938828,0.9872361,0.0752953,0.0485151
27.460888292,1791080876.194461346,0,0,-0.1110270,0.0027872,0.0604515,-10.2118950,-15.9226313,-12.4915361,-9.1266441,0.9919001,-0.0315287,-0.1126262,0.0442901,0.1253375,-0.0917548,0.2840958,-0.1466019,0.0559422,0.0577952,0.0824297,0.0384608,0.0046074,0.0003808,-0.0015277,0.0263911,0.1740333,0.7936809,0.9872814,0.0753395,0.0483907
27.481124636,1791080876.214697361,0,0,-0.1105326,0.0028259,0.0600117,-10.2182522,-15.9247332,-12.5037174,-9.1267300,0.9924046,-0.0274477,-0.1122163,0.0438156,0.1233829,-0.0909078,0.2867096,-0.1466035,0.0559455,0.0577487,0.0824070,0.0384789,0.0045797,0.0003012,-0.0014801,0.0264988,0.1740886,0.7934737,0.9873222,0.0752413,0.0486489
27.499750472,1791080876.233323574,0,0,-0.1101549,0.0029492,0.0601796,-10.2221632,-15.9247761,-12.5085402,-9.1374559,0.9922754,-0.0262173,-0.1119248,0.0435579,0.1227122,-0.0911477,0.2851282,-0.1478234,0.0559491,0.0577032,0.0823875,0.0384968,0.0045525,0.0002219,-0.0014338,0.0266062,0.1741432,0.7932661,0.9873626,0.0751429,0.0488877
27.521770676,1791080876.255344152,0,0,-0.1100862,0.0026107,0.0610839,-10.2292452,-15.9298964,-12.5110321,-9.1331053,0.9922217,-0.0256280,-0.1117145,0.0414551,0.1219119,-0.0902552,0.2817208,-0.1455043,0.0559613,0.0576551,0.0823898,0.0385008,0.0045187,0.0001472,-0.0014467,0.0267145,0.1742050,0.7930694,0.9874047,0.0748240,0.0489273
27.540729840,1791080876.274302959,0,0,-0.1106538,0.0033786,0.0608001,-10.2391367,-15.9559479,-12.5416498,-9.1430988,0.9918540,-0.0233919,-0.1106258,0.0443816,0.1201360,-0.0884712,0.2816417,-0.1424852,0.0559529,0.0576174,0.0823870,0.0385190,0.0044881,0.0000668,-0.0013974,0.0268246,0.1742555,0.7928692,0.9874447,0.0749856,0.0491243
27.561947990,1791080876.295521021,0,0,-0.1102766,0.0027688,0.0610063,-10.2205238,-15.9381561,-12.5168018,-9.1461000,0.9932283,-0.0240302,-0.1106059,0.0412262,0.1185157,-0.0874161,0.2801668,-0.1462403,0.0559461,0.0575800,0.0823664,0.0385324,0.0044500,-0.0000139,-0.0013535,0.0269338,0.1743015,0.7926705,0.9874846,0.0750945,0.0494289
27.580870736,1791080876.314443827,0,0,-0.1111150,0.0030010,0.0607897,-10.2252979,-15.9274349,-12.5147982,-9.1209555,0.9936125,-0.0221407,-0.1106270,0.0406180,0.1165221,-0.0862369,0.2775946,-0.1463934,0.0559705,0.0575307,0.0823909,0.0385583,0.0044372,-0.0000934,-0.0013219,0.0270411,0.1743691,0.7924648,0.9875261,0.0751679,0.0495162
27.600564207,1791080876.334136724,0,0,-0.1113937,0.0037819,0.0610581,-10.2191782,-15.9395208,-12.5008516,-9.1237764,0.9927243,-0.0194683,-0.1111132,0.0417352,0.1152102,-0.0850871,0.2782383,-0.1428718,0.0559949,0.0574833,0.0824232,0.0385830,0.0044317,-0.0001718,-0.0012946,0.0271466,0.1744385,0.7922596,0.9875674,0.0752763,0.0495249
27.620534522,1791080876.354106903,0,0,-0.1103917,0.0029116,0.0612173,-10.2318001,-15.9625368,-12.5448351,-9.1436357,0.9931647,-0.0167790,-0.1076380,0.0408465,0.1143747,-0.0841943,0.2801211,-0.1415854,0.0560189,0.0574344,0.0824302,0.0386210,0.0044360,-0.0002478,-0.0012796,0.0272478,0.1745218,0.7920454,0.9876114,0.0755491,0.0494405
27.641698333,1791080876.375270605,0,0,-0.1100266,0.0024960,0.0603918,-10.2298450,-15.9464769,-12.5343943,-9.1381884,0.9931612,-0.0131241,-0.1090458,0.0404082,0.1122258,-0.0836970,0.2804405,-0.1431170,0.0560190,0.0573963,0.0824193,0.0386362,0.0044182,-0.0003278,-0.0012478,0.0273528,0.1745884,0.7918479,0.9876509,0.0757495,0.0498165
27.660536340,1791080876.394109011,0,0,-0.1098794,0.0023269,0.0611016,-10.2279558,-15.9349041,-12.5335093,-9.1387930,0.9945503,-0.0152193,-0.1078277,0.0390445,0.1111254,-0.0824411,0.2775540,-0.1467706,0.0560189,0.0573576,0.0824096,0.0386505,0.0043974,-0.0004073,-0.0012076,0.0274592,0.1746541,0.7916501,0.9876904,0.0759193,0.0502055
27.680504223,1791080876.414076328,0,0,-0.1097187,0.0022842,0.0611350,-10.2332506,-15.9469805,-12.5514965,-9.1440821,0.9949189,-0.0135337,-0.1076031,0.0386100,0.1101245,-0.0818463,0.2792863,-0.1464494,0.0560354,0.0573113,0.0823477,0.0386607,0.0043798,-0.0004809,-0.0011736,0.0275628,0.1747264,0.7914470,0.9877300,0.0758532,0.0503255
27.700524012,1791080876.434096575,0,0,-0.1097387,0.0025553,0.0611478,-10.2231369,-15.9495621,-12.5724287,-9.1409559,0.9953119,-0.0119292,-0.1070814,0.0387074,0.1091301,-0.0809110,0.2807019,-0.1453849,0.0560516,0.0572657,0.0822973,0.0386719,0.0043663,-0.0005539,-0.0011436,0.0276654,0.1747986,0.7912435,0.9877696,0.0758129,0.0503895
27.720524697,1791080876.454097509,0,0,-0.1098146,0.0026484,0.0605360,-10.2207232,-15.9488659,-12.5557957,-9.1288185,0.9953561,-0.0092745,-0.1046469,0.0370102,0.1060574,-0.0781697,0.2792212,-0.1466372,0.0560629,0.0572183,0.0823077,0.0387008,0.0043756,-0.0006266,-0.0011324,0.0277624,0.1748723,0.7910169,0.9878133,0.0761436,0.0504055
27.740513702,1791080876.474086046,0,0,-0.1091223,0.0025681,0.0608726,-10.2384157,-15.9630966,-12.5936480,-9.1378660,0.9967533,-0.0059284,-0.1043777,0.0386850,0.1054312,-0.0780457,0.2800074,-0.1421160,0.0560630,0.0571808,0.0823228,0.0387234,0.0043568,-0.0007023,-0.0011131,0.0278610,0.1749276,0.7908162,0.9878531,0.0760923,0.0505906
27.760609623,1791080876.494182348,0,0,-0.1100019,0.0032094,0.0617115,-10.2172050,-15.9603367,-12.5604782,-9.1344194,0.9965799,-0.0073110,-0.1037883,0.0398239,0.1042616,-0.0762140,0.2772476,-0.1430397,0.0560631,0.0571424,0.0823408,0.0387452,0.0043373,-0.0007768,-0.0010816,0.0279613,0.1749828,0.7906145,0.9878929,0.0760615,0.0507381
27.780667750,1791080876.514240026,0,0,-0.1111957,0.0031477,0.0618211,-10.2050209,-15.9591694,-12.5483055,-9.1231861,0.9973218,-0.0065983,-0.1029740,0.0388886,0.1029224,-0.0749218,0.2744702,-0.1440306,0.0560720,0.0571104,0.0823641,0.0387447,0.0043118,-0.0008484,-0.0010891,0.0280666,0.1750336,0.7904181,0.9879305,0.0760475,0.0508640
27.800520876,1791080876.534093857,0,0,-0.1099748,0.0025402,0.0614519,-10.2161169,-15.9593163,-12.5690966,-9.1244898,0.9980397,-0.0043050,-0.1003482,0.0370943,0.1011393,-0.0732945,0.2715274,-0.1417317,0.0560809,0.0570786,0.0823853,0.0387489,0.0042908,-0.0009199,-0.0010941,0.0281713,0.1750850,0.7902204,0.9879683,0.0760342,0.0509433
27.822155238,1791080876.555728436,0,0,-0.1102952,0.0025666,0.0608827,-10.2119579,-15.9604511,-12.5903149,-9.1335287,0.9990318,-0.0006600,-0.0979965,0.0369233,0.0994531,-0.0724851,0.2728503,-0.1420381,0.0560838,0.0570377,0.0824129,0.0387817,0.0042986,-0.0009934,-0.0010492,0.0282664,0.1751429,0.7899965,0.9880090,0.0763526,0.0511344
27.840524230,1791080876.574096680,0,0,-0.1099153,0.0022748,0.0608720,-10.2114553,-15.9643269,-12.5808773,-9.1182146,0.9989761,0.0043188,-0.0971427,0.0357720,0.0973834,-0.0711541,0.2729266,-0.1382524,0.0560941,0.0570012,0.0824210,0.0387938,0.0043044,-0.0010715,-0.0009887,0.0283610,0.1752159,0.7897874,0.9880471,0.0764747,0.0512990
27.861628391,1791080876.595201015,0,0,-0.1094319,0.0024746,0.0612729,-10.2217245,-15.9781408,-12.5815563,-9.1218758,0.9982540,0.0074528,-0.0959943,0.0363443,0.0959002,-0.0700235,0.2712980,-0.1357739,0.0561019,0.0569646,0.0824378,0.0388085,0.0043148,-0.0011489,-0.0009259,0.0284564,0.1752902,0.7895771,0.9880851,0.0765958,0.0514052
27.880521919,1791080876.614094257,0,0,-0.1100807,0.0034891,0.0623211,-10.2240601,-15.9863434,-12.5742550,-9.1401653,0.9989682,0.0078464,-0.0965634,0.0376077,0.0949432,-0.0691296,0.2686899,-0.1349604,0.0561077,0.0569229,0.0824065,0.0388094,0.0043052,-0.0012145,-0.0009170,0.0285517,0.1753548,0.7893738,0.9881243,0.0762405,0.0513100
27.900512332,1791080876.634084940,0,0,-0.1093859,0.0028925,0.0617462,-10.2347155,-15.9969196,-12.5910473,-9.1412172,0.9997585,0.0125284,-0.0959315,0.0366034,0.0929856,-0.0682674,0.2694696,-0.1356824,0.0561141,0.0568816,0.0823715,0.0388120,0.0042910,-0.0012801,-0.0009068,0.0286471,0.1754176,0.7891705,0.9881631,0.0758839,0.0512428
27.924757248,1791080876.658330917,0,0,-0.1092646,0.0029344,0.0621808,-10.2345438,-15.9944534,-12.6112890,-9.1390905,0.9993585,0.0150850,-0.0954812,0.0351993,0.0902973,-0.0663100,0.2674558,-0.1373649,0.0561196,0.0568468,0.0823698,0.0388156,0.0042837,-0.0013534,-0.0008527,0.0287435,0.1754792,0.7889647,0.9881996,0.0758437,0.0513637
27.944610374,1791080876.678183079,0,0,-0.1102719,0.0042194,0.0635063,-10.2262545,-15.9805288,-12.5432768,-9.1314278,0.9993399,0.0130190,-0.0990313,0.0352507,0.0887554,-0.0642328,0.2640740,-0.1358492,0.0561404,0.0568128,0.0824594,0.0388545,0.0042985,-0.0014281,-0.0008489,0.0288420,0.1755545,0.7887571,0.9882416,0.0763839,0.0512445
27.963009671,1791080876.696582317,0,0,-0.1101919,0.0035371,0.0629205,-10.2421808,-15.9966764,-12.5714560,-9.1451225,1.0008415,0.0159289,-0.0969729,0.0349973,0.0875149,-0.0634524,0.2651257,-0.1374196,0.0561601,0.0567803,0.0825350,0.0388902,0.0043145,-0.0015025,-0.0008522,0.0289391,0.1756291,0.7885509,0.9882835,0.0768493,0.0511684
27.983749239,1791080876.717322350,0,0,-0.1103806,0.0042182,0.0624265,-10.2329626,-15.9913702,-12.5556536,-9.1475840,1.0007299,0.0198081,-0.0963000,0.0370141,0.0854694,-0.0620514,0.2641513,-0.1355818,0.0561725,0.0567602,0.0825647,0.0388826,0.0042752,-0.0015720,-0.0008521,0.0290366,0.1756604,0.7883635,0.9883201,0.0765954,0.0513251
28.002766197,1791080876.736338854,0,0,-0.1099228,0.0037475,0.0630228,-10.2320013,-15.9903183,-12.5596762,-9.1446676,1.0011419,0.0204986,-0.0946680,0.0351257,0.0842719,-0.0608086,0.2625629,-0.1361466,0.0561859,0.0567389,0.0825841,0.0388789,0.0042339,-0.0016407,-0.0008442,0.0291348,0.1756902,0.7881745,0.9883567,0.0763451,0.0514929
28.024911207,1791080876.758484125,0,0,-0.1093391,0.0034163,0.0627953,-10.2422047,-16.0019455,-12.5981789,-9.1523046,1.0006405,0.0215781,-0.0944534,0.0351706,0.0831472,-0.0598348,0.2619549,-0.1366131,0.0561754,0.0567001,0.0825376,0.0389212,0.0042506,-0.0017023,-0.0007879,0.0292272,0.1757453,0.7879453,0.9883924,0.0765929,0.0516904
28.042528068,1791080876.776100874,0,0,-0.1096838,0.0037578,0.0626018,-10.2322092,-16.0059128,-12.5730257,-9.1450510,1.0006714,0.0239593,-0.0936540,0.0353633,0.0813533,-0.0578028,0.2613634,-0.1340743,0.0561873,0.0566772,0.0825658,0.0389377,0.0042453,-0.0017725,-0.0007759,0.0293217,0.1757981,0.7877457,0.9884294,0.0768491,0.0518073
28.062861408,1791080876.796434164,0,0,-0.1103734,0.0036636,0.0625273,-10.2389345,-16.0094929,-12.5647259,-9.1408300,1.0007930,0.0297190,-0.0928456,0.0352331,0.0792976,-0.0571645,0.2635623,-0.1358893,0.0561982,0.0566527,0.0825870,0.0389506,0.0042345,-0.0018420,-0.0007599,0.0294172,0.1758489,0.7875468,0.9884663,0.0770609,0.0519936
28.085590605,1791080876.819163561,0,0,-0.1097174,0.0038459,0.0635877,-10.2347450,-16.0064697,-12.5562143,-9.1467905,1.0008225,0.0292235,-0.0947131,0.0359886,0.0789141,-0.0568408,0.2620189,-0.1355954,0.0561987,0.0566117,0.0825528,0.0389954,0.0042765,-0.0019100,-0.0006875,0.0295052,0.1759306,0.7873082,0.9885054,0.0777305,0.0520973
28.104894201,1791080876.838467121,0,0,-0.1094687,0.0036755,0.0637406,-10.2425547,-16.0198669,-12.5665007,-9.1463642,1.0012723,0.0319906,-0.0945295,0.0356661,0.0770777,-0.0551195,0.2609769,-0.1339730,0.0561978,0.0565747,0.0825221,0.0390343,0.0043199,-0.0019777,-0.0006325,0.0295904,0.1760125,0.7870731,0.9885439,0.0783342,0.0521883
28.124806978,1791080876.858379841,0,0,-0.1101398,0.0036094,0.0633345,-10.2389135,-16.0206776,-12.5414362,-9.1348152,1.0004959,0.0361378,-0.0942394,0.0353340,0.0752742,-0.0537349,0.2611180,-0.1331863,0.0562085,0.0565379,0.0824673,0.0390337,0.0043245,-0.0020382,-0.0006322,0.0296764,0.1760728,0.7868632,0.9885815,0.0782691,0.0522218
28.147399593,1791080876.880972147,0,0,-0.1091869,0.0032633,0.0634542,-10.2544489,-16.0291882,-12.5800648,-9.1623621,1.0006276,0.0380100,-0.0919791,0.0357015,0.0742557,-0.0532884,0.2613714,-0.1350462,0.0562149,0.0565041,0.0824379,0.0390433,0.0043216,-0.0021003,-0.0006209,0.0297646,0.1761362,0.7866589,0.9886182,0.0780536,0.0522377
28.162412203,1791080876.895984411,0,0,-0.1100006,0.0039448,0.0642079,-10.2230797,-16.0078392,-12.5555544,-9.1485891,1.0006880,0.0366644,-0.0926210,0.0347964,0.0728524,-0.0515062,0.2584435,-0.1377616,0.0562228,0.0564702,0.0824092,0.0390498,0.0043125,-0.0021620,-0.0006056,0.0298525,0.1761969,0.7864551,0.9886548,0.0778735,0.0522942
28.182965618,1791080876.916538477,0,0,-0.1095808,0.0035637,0.0634207,-10.2493134,-16.0371361,-12.6335764,-9.1811590,1.0026205,0.0410158,-0.0903057,0.0359009,0.0716476,-0.0507974,0.2618449,-0.1371323,0.0562237,0.0564422,0.0823026,0.0390270,0.0042971,-0.0022224,-0.0005527,0.0299425,0.1762475,0.7862468,0.9886891,0.0777414,0.0525667
28.207073152,1791080876.940645933,0,0,-0.1097951,0.0036835,0.0635709,-10.2305002,-16.0395203,-12.6263857,-9.1585550,1.0008579,0.0428598,-0.0901298,0.0350172,0.0702339,-0.0490099,0.2609995,-0.1353478,0.0562256,0.0564137,0.0822094,0.0390066,0.0042820,-0.0022820,-0.0005018,0.0300319,0.1762980,0.7860370,0.9887232,0.0776200,0.0527814
28.224698717,1791080876.958271742,0,0,-0.1093354,0.0032401,0.0633919,-10.2439623,-16.0404587,-12.6602526,-9.1776266,1.0014175,0.0446078,-0.0889166,0.0342770,0.0693125,-0.0483948,0.2626616,-0.1369993,0.0562166,0.0563901,0.0822402,0.0390149,0.0042657,-0.0023458,-0.0004839,0.0301208,0.1763492,0.7858327,0.9887582,0.0775351,0.0529480
28.245019353,1791080876.978592157,0,0,-0.1081979,0.0031853,0.0638852,-10.2489996,-16.0357990,-12.6700640,-9.1858063,1.0030847,0.0453583,-0.0885663,0.0326578,0.0679953,-0.0471723,0.2613089,-0.1378023,0.0562196,0.0563579,0.0822406,0.0390530,0.0042622,-0.0024025,-0.0004762,0.0302046,0.1763949,0.7856107,0.9887951,0.0774993,0.0530581
28.263954515,1791080876.997527599,0,0,-0.1087762,0.0030499,0.0638236,-10.2310972,-16.0275269,-12.6753073,-9.1589041,1.0050062,0.0471503,-0.0883751,0.0313482,0.0655543,-0.0447788,0.2606108,-0.1385923,0.0562237,0.0563281,0.0822297,0.0390818,0.0042585,-0.0024585,-0.0004740,0.0302864,0.1764398,0.7853910,0.9888316,0.0774501,0.0531667
28.287148097,1791080877.020720959,0,0,-0.1089730,0.0035677,0.0644751,-10.2384319,-16.0312042,-12.6736879,-9.1423912,1.0051051,0.0491424,-0.0886461,0.0312930,0.0636418,-0.0421389,0.2598341,-0.1350504,0.0562315,0.0563079,0.0822239,0.0390857,0.0042455,-0.0025176,-0.0004671,0.0303713,0.1764746,0.7851792,0.9888664,0.0774509,0.0532483
28.305149179,1791080877.038722038,0,0,-0.1082202,0.0035723,0.0640872,-10.2435646,-16.0456085,-12.6919909,-9.1595650,1.0057636,0.0508939,-0.0863206,0.0322291,0.0624865,-0.0405268,0.2593075,-0.1332655,0.0562231,0.0562907,0.0822524,0.0391000,0.0042249,-0.0025822,-0.0004351,0.0304565,0.1765151,0.7849785,0.9889015,0.0772733,0.0533642
28.325989650,1791080877.059562922,0,0,-0.1088838,0.0035426,0.0648678,-10.2333612,-16.0217171,-12.6571884,-9.1558714,1.0062855,0.0519013,-0.0868499,0.0310994,0.0612149,-0.0397459,0.2570475,-0.1349359,0.0562166,0.0562730,0.0822634,0.0391099,0.0041981,-0.0026462,-0.0003990,0.0305420,0.1765525,0.7847781,0.9889365,0.0770968,0.0535361
28.346788903,1791080877.080362082,0,0,-0.1093434,0.0039342,0.0643949,-10.2470007,-16.0423088,-12.6929827,-9.1734743,1.0074030,0.0551604,-0.0846393,0.0320482,0.0598518,-0.0384205,0.2596054,-0.1357243,0.0562305,0.0562519,0.0822998,0.0391407,0.0042077,-0.0027126,-0.0003522,0.0306265,0.1766075,0.7845540,0.9889727,0.0774560,0.0536204
28.365034348,1791080877.098607302,0,0,-0.1088386,0.0039292,0.0641735,-10.2442999,-16.0619087,-12.7083168,-9.1738014,1.0070002,0.0595025,-0.0825623,0.0322410,0.0582574,-0.0365300,0.2588063,-0.1329964,0.0562427,0.0562330,0.0823458,0.0391717,0.0042264,-0.0027788,-0.0003178,0.0307086,0.1766645,0.7843300,0.9890087,0.0777959,0.0536411
28.385206821,1791080877.118779898,0,0,-0.1093716,0.0050528,0.0646347,-10.2514486,-16.0689869,-12.6934042,-9.1801386,1.0056170,0.0600978,-0.0846440,0.0349278,0.0572696,-0.0352365,0.2571918,-0.1284230,0.0562424,0.0562143,0.0823339,0.0391766,0.0042188,-0.0028402,-0.0002848,0.0307908,0.1767122,0.7841231,0.9890443,0.0776441,0.0536442
28.403776568,1791080877.137349606,0,0,-0.1099577,0.0047273,0.0655459,-10.2340021,-16.0545502,-12.6154776,-9.1527967,1.0063932,0.0596580,-0.0854966,0.0322954,0.0561402,-0.0334298,0.2528366,-0.1282052,0.0562432,0.0561947,0.0823031,0.0391742,0.0042033,-0.0029001,-0.0002457,0.0308743,0.1767571,0.7839172,0.9890795,0.0774769,0.0536675
28.426853842,1791080877.160426855,0,0,-0.1091743,0.0036675,0.0648126,-10.2558413,-16.0599766,-12.6760683,-9.1806955,1.0064744,0.0642421,-0.0838221,0.0314495,0.0553224,-0.0338528,0.2581424,-0.1319680,0.0562553,0.0561796,0.0824238,0.0392120,0.0042006,-0.0029639,-0.0002492,0.0309617,0.1768002,0.7837129,0.9891155,0.0775603,0.0536717
28.445883513,1791080877.179456472,0,0,-0.1087863,0.0035344,0.0644842,-10.2444506,-16.0547237,-12.6797905,-9.1803741,1.0064752,0.0667905,-0.0826521,0.0310141,0.0538275,-0.0327036,0.2573330,-0.1333715,0.0562578,0.0561611,0.0824034,0.0392114,0.0041863,-0.0030236,-0.0002169,0.0310418,0.1768293,0.7835055,0.9891488,0.0772808,0.0538972
28.468686695,1791080877.202259541,0,0,-0.1089832,0.0035352,0.0650104,-10.2352877,-16.0448818,-12.6468115,-9.1519623,1.0080752,0.0677238,-0.0828866,0.0289405,0.0520924,-0.0304299,0.2535908,-0.1320368,0.0562616,0.0561424,0.0823786,0.0392093,0.0041720,-0.0030820,-0.0001793,0.0311221,0.1768589,0.7832978,0.9891818,0.0770128,0.0540699
28.489008455,1791080877.222581148,0,0,-0.1086175,0.0037480,0.0651056,-10.2680273,-16.0768814,-12.6824102,-9.1559248,1.0079846,0.0700617,-0.0820054,0.0294676,0.0517308,-0.0298056,0.2530649,-0.1267721,0.0562683,0.0561302,0.0824112,0.0392056,0.0041438,-0.0031421,-0.0001952,0.0312069,0.1768914,0.7831076,0.9892161,0.0767328,0.0540432
28.508749518,1791080877.242322683,0,0,-0.1080613,0.0038195,0.0646258,-10.2704964,-16.0914574,-12.7014933,-9.1780176,1.0085441,0.0748384,-0.0805892,0.0304695,0.0504959,-0.0289205,0.2555410,-0.1253721,0.0562712,0.0561160,0.0824883,0.0392389,0.0041590,-0.0032048,-0.0001675,0.0312915,0.1769489,0.7828837,0.9892529,0.0770593,0.0539237
28.528857540,1791080877.262430191,0,0,-0.1089807,0.0045997,0.0649903,-10.2504606,-16.0748386,-12.6620455,-9.1564112,1.0070953,0.0756782,-0.0813012,0.0310854,0.0489700,-0.0276634,0.2531512,-0.1282148,0.0562761,0.0561036,0.0825532,0.0392649,0.0041714,-0.0032678,-0.0001525,0.0313724,0.1770050,0.7826630,0.9892896,0.0773909,0.0538568
28.548848118,1791080877.282421589,0,0,-0.1088588,0.0044781,0.0659682,-10.2583027,-16.0878410,-12.7008448,-9.1724329,1.0080024,0.0765301,-0.0806959,0.0315119,0.0480337,-0.0264390,0.2525972,-0.1283557,0.0562857,0.0560938,0.0825866,0.0392551,0.0041581,-0.0033317,-0.0001358,0.0314557,0.1770469,0.7824656,0.9893240,0.0772736,0.0539075
28.570891394,1791080877.304464340,0,0,-0.1088933,0.0045111,0.0661753,-10.2668924,-16.0968056,-12.6964359,-9.1655569,1.0070662,0.0820578,-0.0806808,0.0303647,0.0464537,-0.0246949,0.2553379,-0.1246397,0.0562949,0.0560824,0.0826215,0.0392485,0.0041478,-0.0033943,-0.0001096,0.0315409,0.1770893,0.7822663,0.9893584,0.0771599,0.0538909
28.589831013,1791080877.323403597,0,0,-0.1081583,0.0042028,0.0659988,-10.2818127,-16.1146870,-12.7302885,-9.1983519,1.0083429,0.0838157,-0.0808408,0.0315683,0.0465633,-0.0251199,0.2560247,-0.1218844,0.0562975,0.0560736,0.0826304,0.0392723,0.0041598,-0.0034509,-0.0000832,0.0316248,0.1771215,0.7820411,0.9893917,0.0774775,0.0538746
28.608855884,1791080877.342428684,0,0,-0.1084211,0.0046883,0.0655541,-10.2746344,-16.0898857,-12.7047758,-9.1857367,1.0083039,0.0855152,-0.0802974,0.0309315,0.0447245,-0.0235580,0.2537592,-0.1235397,0.0562983,0.0560462,0.0826204,0.0393352,0.0041968,-0.0035090,0.0000017,0.0316914,0.1771552,0.7817985,0.9894266,0.0777991,0.0540435
28.629267600,1791080877.362840414,0,0,-0.1076920,0.0043284,0.0661216,-10.2692022,-16.0741405,-12.6959066,-9.1885309,1.0092713,0.0848216,-0.0802051,0.0286578,0.0435834,-0.0222759,0.2533600,-0.1261516,0.0562978,0.0560220,0.0825899,0.0393884,0.0042315,-0.0035666,0.0000731,0.0317570,0.1771864,0.7815598,0.9894607,0.0780441,0.0542593
28.651164086,1791080877.384737253,0,0,-0.1081819,0.0042010,0.0660469,-10.2763720,-16.0761261,-12.7649374,-9.2066498,1.0104166,0.0846422,-0.0790093,0.0284983,0.0425768,-0.0212033,0.2545963,-0.1296860,0.0563057,0.0560109,0.0825810,0.0394016,0.0042434,-0.0036269,0.0000929,0.0318342,0.1772366,0.7813479,0.9894946,0.0782531,0.0543866
28.671166184,1791080877.404739618,0,0,-0.1076076,0.0040173,0.0652997,-10.2844028,-16.0832119,-12.8032904,-9.2258043,1.0102453,0.0866506,-0.0774282,0.0294225,0.0420425,-0.0207099,0.2549192,-0.1286801,0.0563119,0.0559990,0.0825843,0.0394178,0.0042569,-0.0036870,0.0001167,0.0319126,0.1772878,0.7811338,0.9895286,0.0784422,0.0544793
28.691838103,1791080877.425410986,0,0,-0.1088171,0.0047048,0.0662515,-10.2660761,-16.0617352,-12.7580214,-9.2085543,1.0104953,0.0867872,-0.0785293,0.0299562,0.0413663,-0.0199930,0.2526404,-0.1285415,0.0563085,0.0559873,0.0825703,0.0394187,0.0042460,-0.0037430,0.0001133,0.0319919,0.1773238,0.7809345,0.9895615,0.0783743,0.0547030
28.712851670,1791080877.446424246,0,0,-0.1085960,0.0047241,0.0662133,-10.2730341,-16.0638447,-12.7645388,-9.2238760,1.0124416,0.0865019,-0.0768074,0.0289531,0.0405087,-0.0186119,0.2530426,-0.1300704,0.0563315,0.0559744,0.0825766,0.0393967,0.0042155,-0.0038008,0.0001140,0.0320710,0.1773559,0.7807487,0.9895939,0.0778185,0.0547974
28.731936576,1791080877.465509415,0,0,-0.1086285,0.0042535,0.0660609,-10.2625151,-16.0644932,-12.8167734,-9.2489176,1.0139416,0.0858632,-0.0747511,0.0296628,0.0406073,-0.0191374,0.2523167,-0.1347848,0.0563558,0.0559606,0.0825886,0.0393833,0.0041870,-0.0038584,0.0001205,0.0321500,0.1773875,0.7805604,0.9896263,0.0773189,0.0548960
28.753605083,1791080877.487178564,0,0,-0.1092378,0.0037799,0.0659640,-10.2486925,-16.0557442,-12.7850580,-9.2268744,1.0151528,0.0883048,-0.0747412,0.0295376,0.0402058,-0.0194236,0.2503850,-0.1337110,0.0563758,0.0559366,0.0825229,0.0393904,0.0041861,-0.0039074,0.0001317,0.0322253,0.1774315,0.7803492,0.9896585,0.0771922,0.0549973
28.772885550,1791080877.506458521,0,0,-0.1095336,0.0035760,0.0664960,-10.2551966,-16.0541611,-12.7861300,-9.2202129,1.0163834,0.0897146,-0.0746303,0.0287353,0.0398525,-0.0192339,0.2486021,-0.1333405,0.0563814,0.0559178,0.0824652,0.0393952,0.0041939,-0.0039560,0.0001563,0.0322952,0.1774799,0.7801217,0.9896919,0.0771994,0.0550479
28.795138275,1791080877.528711319,0,0,-0.1094512,0.0041102,0.0662524,-10.2726841,-16.0746479,-12.8029432,-9.2141924,1.0159174,0.0941514,-0.0745158,0.0288845,0.0395465,-0.0189417,0.2507570,-0.1292991,0.0563871,0.0559008,0.0824210,0.0394015,0.0042015,-0.0040044,0.0001753,0.0323638,0.1775289,0.7798955,0.9897250,0.0772128,0.0550748
28.813989090,1791080877.547561884,0,0,-0.1084038,0.0043002,0.0652787,-10.2789955,-16.0960960,-12.8280935,-9.2479372,1.0143809,0.0991234,-0.0738878,0.0306624,0.0390269,-0.0193327,0.2550511,-0.1299961,0.0563953,0.0558795,0.0824446,0.0394089,0.0042088,-0.0040615,0.0002148,0.0324343,0.1775698,0.7796881,0.9897585,0.0769347,0.0551363
28.835880232,1791080877.569453239,0,0,-0.1075657,0.0043807,0.0663344,-10.2773294,-16.0963612,-12.8149872,-9.2449732,1.0141321,0.0995215,-0.0732213,0.0303916,0.0389552,-0.0189165,0.2517442,-0.1268843,0.0564027,0.0558579,0.0824662,0.0394204,0.0042190,-0.0041181,0.0002617,0.0325065,0.1776107,0.7794784,0.9897918,0.0766754,0.0551433
28.854913551,1791080877.588486671,0,0,-0.1086133,0.0049258,0.0673428,-10.2697878,-16.0966225,-12.7833004,-9.2340536,1.0143660,0.0995367,-0.0754930,0.0303859,0.0386135,-0.0185236,0.2506020,-0.1254739,0.0564066,0.0558548,0.0825105,0.0394332,0.0042012,-0.0041702,0.0002730,0.0325844,0.1776322,0.7792768,0.9898221,0.0765870,0.0552051
28.875090601,1791080877.608663559,0,0,-0.0581753,0.0164903,0.0771062,-10.5658197,-16.1038036,-12.0620308,-9.1754303,0.9950811,0.0353749,-0.1786417,0.0044355,0.0425743,-0.0232129,0.2541616,-0.1038279,0.0564194,0.0558547,0.0826407,0.0395458,0.0042639,-0.0042514,0.0003625,0.0326553,0.1776313,0.7790428,0.9898624,0.0769226,0.0549141
28.895063641,1791080877.628636599,0,0,0.0237012,0.0174027,0.0482769,-11.5440207,-16.2431927,-11.4561443,-8.5744524,0.9691067,-0.0563609,-0.2055765,-0.0070523,0.0607626,-0.0237389,0.1951811,-0.0926142,0.0563723,0.0558770,0.0830713,0.0400164,0.0044598,-0.0043743,0.0003416,0.0326891,0.1776191,0.7787194,0.9899182,0.0773418,0.0542662
28.917405235,1791080877.650978088,0,0,0.0489219,0.0210687,0.0353140,-12.3825712,-16.3908253,-11.0986643,-8.3785524,0.9541998,-0.1709363,-0.2484890,0.0056205,0.0971448,-0.0198827,0.1947694,-0.1190683,0.0563141,0.0559199,0.0836722,0.0404186,0.0046860,-0.0045396,0.0002839,0.0327089,0.1776116,0.7783650,0.9899947,0.0777622,0.0539092
28.934965593,1791080877.668538570,0,0,0.0402600,0.0208499,0.0264037,-12.8119078,-16.3036098,-10.8868599,-8.1284828,0.9521461,-0.2260356,-0.2865685,0.0475826,0.1427170,-0.0195095,0.2872751,-0.1316170,0.0562853,0.0559570,0.0841644,0.0407560,0.0049433,-0.0047099,0.0002167,0.0327369,0.1776395,0.7779652,0.9900949,0.0786013,0.0534368
28.958759282,1791080877.692332029,0,0,0.0227865,0.0193042,0.0125602,-12.9973345,-16.1842918,-10.1366568,-7.8166070,0.9250069,-0.1940900,-0.3059274,0.0786875,0.1741435,-0.0112227,0.3489991,-0.1015871,0.0560340,0.0559478,0.0834868,0.0410859,0.0052536,-0.0048527,0.0001665,0.0327826,0.1777028,0.7775471,0.9901947,0.0799039,0.0534587
28.977107356,1791080877.710680246,0,0,0.0349377,0.0144094,-0.0047156,-13.1711874,-16.2814178,-9.3033609,-7.5481887,0.8844864,-0.1242164,-0.2715217,0.0626481,0.1571198,-0.0163784,0.3420433,-0.0455764,0.0558001,0.0559755,0.0822482,0.0412132,0.0054459,-0.0049554,-0.0001043,0.0328445,0.1776716,0.7771755,0.9902884,0.0800551,0.0536207
28.998918397,1791080877.732491255,0,0,0.0471752,0.0137306,-0.0176052,-13.2458239,-16.2671185,-8.4974718,-7.3529754,0.8344012,-0.0668373,-0.2448188,0.0517516,0.1507932,-0.0159030,0.3274915,-0.0068007,0.0555728,0.0560137,0.0811848,0.0412301,0.0056177,-0.0050520,-0.0003002,0.0329325,0.1776037,0.7767877,0.9904033,0.0798909,0.0533849
29.016065906,1791080877.749639273,0,0,0.0671778,0.0139730,-0.0330477,-13.1277676,-16.1224689,-7.9514098,-7.2420917,0.7875694,-0.0281633,-0.2401190,0.0555532,0.1647565,-0.0104092,0.3260859,0.0320184,0.0557426,0.0561328,0.0800108,0.0408241,0.0055505,-0.0050891,-0.0008493,0.0330166,0.1773859,0.7765269,0.9905262,0.0770256,0.0516372
29.037150483,1791080877.770723581,0,0,0.0906354,0.0116898,-0.0473168,-13.1179876,-16.0002747,-7.6166973,-7.2682867,0.7407414,0.0033974,-0.2282256,0.0589640,0.1800942,-0.0102771,0.3114905,0.0724115,0.0559284,0.0562707,0.0789653,0.0403729,0.0055276,-0.0051174,-0.0013381,0.0331087,0.1771023,0.7762507,0.9906702,0.0740286,0.0490444
29.056778261,1791080877.790351391,0,0,0.1297605,0.0088278,-0.0645974,-13.2257032,-15.8661022,-7.6266727,-7.5364537,0.7042348,-0.0068607,-0.2599429,0.0806330,0.2232465,-0.0094604,0.3334027,0.1036509,0.0560804,0.0564638,0.0785414,0.0399681,0.0056383,-0.0052160,-0.0018287,0.0332318,0.1767069,0.7759482,0.9908834,0.0730486,0.0444504
29.078758686,1791080877.812331438,0,0,0.1608060,0.0009105,-0.0724794,-13.3004923,-15.9173546,-8.2244272,-8.3022203,0.6900005,-0.0472350,-0.2151924,0.0748699,0.1882073,-0.0277291,0.3104843,0.1189716,0.0564106,0.0566485,0.0784594,0.0396689,0.0059727,-0.0053608,-0.0022359,0.0333207,0.1765200,0.7754993,0.9911495,0.0743974,0.0403402
29.098797074,1791080877.832369804,0,0,0.2038169,-0.0035458,-0.0743664,-13.3563471,-15.9839611,-8.9319944,-9.2597818,0.6887593,-0.0900210,-0.1715293,0.0606989,0.1596615,-0.0438345,0.2848448,0.1121773,0.0567345,0.0568603,0.0783807,0.0393264,0.0063746,-0.0055168,-0.0027785,0.0333602,0.1763622,0.7750085,0.9914392,0.0750999,0.0362781
29.118079844,1791080877.851652622,0,0,0.2439506,0.0010052,-0.0818262,-13.3564844,-15.9584007,-9.4169130,-10.3284779,0.6882089,-0.1615428,-0.1254970,0.0390141,0.1413422,-0.0568341,0.2509227,0.0890270,0.0575945,0.0571183,0.0771824,0.0382601,0.0066121,-0.0056307,-0.0040508,0.0332997,0.1760129,0.7746629,0.9916362,0.0719946,0.0313450
29.136823263,1791080877.870396137,0,0,0.2241906,0.0000122,-0.0948431,-13.3095970,-15.7804642,-9.8713217,-10.7684374,0.7075756,-0.2692978,-0.1102464,0.0283721,0.1442057,-0.0633706,0.2433702,0.0770839,0.0584438,0.0572996,0.0762593,0.0372162,0.0067712,-0.0057369,-0.0050668,0.0333102,0.1756860,0.7742691,0.9918719,0.0690050,0.0273466
29.159126870,1791080877.892699242,0,0,0.2621735,0.0038954,-0.1114026,-13.2543201,-15.7302818,-10.7594213,-11.5014257,0.7155625,-0.3589027,-0.0993693,0.0151611,0.1438339,-0.0607807,0.2407283,0.0474968,0.0594225,0.0574646,0.0754568,0.0359627,0.0074379,-0.0058660,-0.0060685,0.0333681,0.1759307,0.7736642,0.9921507,0.0653992,0.0218645
29.174572031,1791080877.908144474,0,0,0.3361272,0.0183920,-0.1290924,-13.0189524,-16.0836582,-11.9769983,-12.5968161,0.7461342,-0.4719577,-0.1053333,0.0132252,0.1784314,-0.0566916,0.2294834,0.0202141,0.0599005,0.0577622,0.0747475,0.0353391,0.0075688,-0.0060861,-0.0072275,0.0332424,0.1761004,0.7731704,0.9924199,0.0623430,0.0189468
29.194811740,1791080877.928384304,0,0,0.3271427,0.0212096,-0.1549936,-12.5066671,-16.2320004,-13.1793413,-13.0208626,0.8012521,-0.6218616,-0.1560004,0.0260634,0.3420003,-0.0719142,0.1911141,0.0339713,0.0604482,0.0580471,0.0740894,0.0347862,0.0076435,-0.0063389,-0.0082121,0.0330968,0.1762898,0.7726266,0.9927124,0.0592797,0.0166944
29.214598789,1791080877.948171377,0,0,0.3248703,0.0203395,-0.1861482,-11.8483915,-15.9816761,-14.4216404,-13.7077074,0.8483368,-0.6978856,-0.2176068,0.0273739,0.6550215,-0.1262316,0.1308356,0.1144755,0.0611748,0.0581622,0.0739035,0.0343954,0.0075172,-0.0065915,-0.0089823,0.0331129,0.1760813,0.7719808,0.9930035,0.0582153,0.0147487
29.234595478,1791080877.968167782,0,0,0.3373388,0.0247855,-0.2034165,-11.1183662,-15.5008392,-15.4220943,-14.7862673,0.8925141,-0.7627770,-0.1662460,-0.0362883,0.8841169,-0.1834965,0.0621680,0.1895873,0.0619136,0.0582591,0.0736331,0.0342157,0.0073873,-0.0068333,-0.0096584,0.0330849,0.1759660,0.7713389,0.9932424,0.0566322,0.0129582
29.257082934,1791080877.990656137,0,0,0.3526940,0.0416921,-0.2058940,-10.0976057,-15.4910583,-16.0802345,-15.5090113,0.9127241,-0.7479402,0.2123387,-0.0450121,0.9418576,-0.2368154,-0.0459363,0.2007888,0.0628833,0.0583047,0.0729206,0.0339703,0.0070336,-0.0070184,-0.0106676,0.0328831,0.1757827,0.7708853,0.9933666,0.0539565,0.0113814
29.275973348,1791080878.009546757,0,0,0.3539816,0.0447852,-0.2012110,-9.3355169,-15.5273733,-17.0654049,-15.8086243,0.9005567,-0.6563091,0.5396667,-0.0616786,0.8555479,-0.2207146,-0.1479509,0.2430668,0.0628892,0.0584550,0.0716416,0.0368095,0.0062897,-0.0068575,-0.0116749,0.0326014,0.1754019,0.7704765,0.9934805,0.0502690,0.0077093
29.297098829,1791080878.030672312,0,0,0.3292724,0.0274449,-0.1707317,-9.4605942,-15.4536915,-18.1771030,-15.2482576,0.8913465,-0.5885139,0.6614015,-0.0638480,0.7309304,-0.1776569,-0.1805203,0.3001473,0.0634703,0.0586762,0.0709678,0.0386263,0.0057793,-0.0068288,-0.0122143,0.0323676,0.1751738,0.7700257,0.9936178,0.0466074,0.0027932
29.317209165,1791080878.050782204,0,0,0.3091810,0.0140424,-0.1531875,-9.8167658,-15.0700245,-18.9880486,-14.5252447,0.8783975,-0.5388327,0.5778499,0.0301454,0.5251430,-0.1151960,-0.1794713,0.3610861,0.0648553,0.0586665,0.0705250,0.0396312,0.0057874,-0.0064678,-0.0121785,0.0322454,0.1750563,0.7697335,0.9936537,0.0422533,-0.0036302
29.337071682,1791080878.070645571,0,0,0.3146093,0.0066540,-0.1277104,-9.7961922,-14.6115875,-19.8720379,-13.5003843,0.8757687,-0.5950176,0.4011419,0.0800794,0.4102982,-0.0501917,-0.1563485,0.3996184,0.0662320,0.0587756,0.0702516,0.0402728,0.0061532,-0.0060262,-0.0118305,0.0320371,0.1749456,0.7694708,0.9936902,0.0381262,-0.0120057
29.358734850,1791080878.092308283,0,0,0.3360580,-0.0182338,-0.1351474,-9.3195696,-14.2605228,-20.8182926,-12.1983232,0.8527958,-0.6165163,0.3922446,0.1101947,0.3901413,-0.0169694,-0.1143350,0.4400441,0.0675046,0.0588669,0.0697411,0.0442526,0.0073254,-0.0058617,-0.0112022,0.0312403,0.1753129,0.7698788,0.9937649,0.0400624,-0.0209180
29.376989428,1791080878.110562563,0,0,0.3396515,-0.0591781,-0.1001489,-9.4402399,-13.7027969,-21.3981342,-12.0925512,0.8537381,-0.6635109,0.4214139,0.1064244,0.3707404,0.0124774,-0.0775208,0.5535473,0.0680466,0.0590520,0.0696390,0.0472308,0.0082134,-0.0056197,-0.0111315,0.0304624,0.1755387,0.7699437,0.9938151,0.0394559,-0.0287179
29.396881963,1791080878.130454779,0,0,0.3159288,-0.0619243,-0.0419058,-9.7862577,-13.3875656,-22.2721786,-11.9290342,0.8899783,-0.7064297,0.3804449,0.1239219,0.3486729,0.0283902,-0.0523326,0.5680574,0.0690357,0.0591662,0.0695009,0.0484282,0.0089088,-0.0055204,-0.0113398,0.0297436,0.1757192,0.7699957,0.9938576,0.0391589,-0.0339346
29.416996522,1791080878.150569439,0,0,0.3216040,-0.0511695,-0.0119256,-9.8459635,-13.3605413,-21.4981289,-11.7728214,0.8918643,-0.6187705,0.3853197,0.1289743,0.3015361,0.0326677,-0.0102893,0.5358156,0.0703666,0.0589283,0.0691490,0.0489167,0.0094556,-0.0047853,-0.0114435,0.0289949,0.1758179,0.7700068,0.9938655,0.0381085,-0.0370689
29.439261251,1791080878.172834396,0,0,0.3241325,-0.0375270,0.0188949,-10.3613272,-13.7836781,-21.2351456,-11.9414883,0.8789992,-0.5700354,0.3223599,0.1320639,0.2745144,0.0327184,0.0158156,0.4867875,0.0704923,0.0587059,0.0688839,0.0507853,0.0098843,-0.0039524,-0.0107542,0.0280617,0.1759828,0.7700512,0.9938686,0.0372258,-0.0395706
29.457326990,1791080878.190900326,0,0,0.3207964,-0.0279339,0.0390567,-11.2486792,-14.3809729,-21.1895924,-12.1971626,0.8750149,-0.4696295,0.2017439,0.1078946,0.1939017,0.0260407,0.0495527,0.4023233,0.0706456,0.0584009,0.0686929,0.0518018,0.0104240,-0.0031291,-0.0102663,0.0271874,0.1761895,0.7700940,0.9938685,0.0365986,-0.0413555
29.476779026,1791080878.210352182,0,0,0.3201903,-0.0202032,0.0467641,-11.9497795,-14.7951689,-21.1094761,-12.5922174,0.8621597,-0.3660488,0.0993356,0.0809918,0.1268604,0.0225668,0.0671640,0.3170808,0.0703570,0.0580725,0.0686445,0.0518543,0.0110584,-0.0021838,-0.0098643,0.0264632,0.1763606,0.7701121,0.9938657,0.0357011,-0.0427970
29.496739115,1791080878.230312347,0,0,0.3329328,-0.0133198,0.0289569,-12.1877794,-15.2768116,-20.9014244,-13.0675182,0.8230376,-0.1559002,0.0641527,0.0712605,0.0608986,0.0180060,0.0718170,0.2377134,0.0697451,0.0577079,0.0686089,0.0519783,0.0117500,-0.0011650,-0.0094806,0.0257333,0.1765500,0.7701271,0.9938642,0.0348616,-0.0441636
29.517041778,1791080878.250640154,0,0,0.3415850,-0.0196645,0.0177393,-12.2818956,-15.5392780,-20.4633217,-13.2624540,0.7743614,0.0956484,0.0754032,0.0713388,0.0199263,0.0176686,0.0531606,0.2049122,0.0683652,0.0573576,0.0682788,0.0505832,0.0118907,0.0000876,-0.0091784,0.0248712,0.1766356,0.7701163,0.9938608,0.0334791,-0.0437829
29.538834551,1791080878.272407532,0,0,0.3454494,-0.0352111,0.0173149,-12.3753042,-15.4764633,-19.8996086,-13.3543024,0.7346494,0.3523587,0.0975539,0.0700764,0.0018702,0.0277814,0.0593330,0.1894383,0.0677983,0.0568262,0.0677666,0.0495189,0.0121190,0.0010706,-0.0087793,0.0239194,0.1769137,0.7701360,0.9938623,0.0328386,-0.0425063
29.556949924,1791080878.290522814,0,0,0.3497383,-0.0478671,0.0246371,-12.3923397,-15.6376762,-18.9187241,-13.2360020,0.6561404,0.6944775,0.1274539,0.0962862,-0.0422994,0.0533103,0.0983607,0.1545509,0.0672258,0.0563036,0.0672859,0.0485042,0.0123969,0.0020102,-0.0083628,0.0229386,0.1771933,0.7701516,0.9938653,0.0319345,-0.0409004
29.578773323,1791080878.312346458,0,0,0.3376431,-0.0397838,0.0061427,-12.4683180,-15.3696070,-17.2846603,-12.4401331,0.5603578,0.9002131,0.1091810,0.1261052,-0.0879418,0.0611287,0.1046813,0.0970227,0.0648197,0.0555923,0.0658473,0.0448341,0.0127539,0.0039397,-0.0069646,0.0221522,0.1775523,0.7701496,0.9938204,0.0300631,-0.0403500
29.596844534,1791080878.330417395,0,0,0.3506296,-0.0272744,0.0918161,-13.0947523,-15.3188076,-15.8211145,-13.7379894,0.6140656,0.7546916,0.0858258,0.1018586,-0.0353051,0.0366573,0.1067162,0.0252829,0.0635925,0.0546477,0.0644098,0.0431557,0.0130209,0.0056467,-0.0055823,0.0214742,0.1779603,0.7701452,0.9937615,0.0280697,-0.0392085
29.615650175,1791080878.349223375,0,0,0.4013770,-0.0188525,0.1598195,-12.8852701,-15.6240978,-15.3758316,-15.0032024,0.6869398,0.4694490,0.1761376,0.0666030,-0.0016902,0.0040368,0.1170675,-0.0499017,0.0622915,0.0536790,0.0623014,0.0469963,0.0123764,0.0076477,-0.0047883,0.0198460,0.1786795,0.7701439,0.9937648,0.0263112,-0.0360249
29.636727207,1791080878.370299816,0,0,0.3642294,0.0048521,0.1158036,-12.9430990,-16.2291374,-13.4490118,-15.5557613,0.6450740,0.4273012,0.2597159,0.0627640,0.0075335,-0.0291300,0.1166652,-0.0873388,0.0609206,0.0525406,0.0605492,0.0502650,0.0117387,0.0097480,-0.0041337,0.0185366,0.1792760,0.7701436,0.9937680,0.0246206,-0.0331517
29.657926195,1791080878.391499519,0,0,0.3272285,0.0334440,0.1318358,-12.5277147,-15.8694839,-15.6404095,-16.1132755,0.8290252,0.3551599,0.1713319,0.0968813,0.0004444,0.0073814,0.1361806,-0.0932089,0.0596505,0.0512354,0.0596983,0.0528263,0.0111916,0.0113627,-0.0034407,0.0180485,0.1796510,0.7701457,0.9937702,0.0240451,-0.0299131
29.676931685,1791080878.410504818,0,0,0.3274742,0.0342851,0.1400962,-12.6781225,-15.2731638,-15.8942327,-16.7755508,0.9336469,0.2898895,0.1939368,0.0746152,0.0114730,-0.0201466,0.1329541,-0.1234619,0.0601062,0.0500203,0.0591238,0.0535762,0.0111130,0.0123871,-0.0032832,0.0174271,0.1799784,0.7701501,0.9937742,0.0243303,-0.0256458
29.696857309,1791080878.430430174,0,0,0.3381394,0.0495290,0.1329783,-12.6635103,-15.1862812,-15.2842102,-16.9006615,0.9452543,0.3952119,0.3058351,0.0937902,0.0175218,-0.0752989,0.1544502,-0.1585587,0.0599078,0.0488869,0.0586502,0.0534321,0.0110833,0.0134915,-0.0030672,0.0167988,0.1802799,0.7701551,0.9937791,0.0246615,-0.0215960
29.717103202,1791080878.450676203,0,0,0.3406099,0.0508500,0.1443885,-12.9795265,-14.7514362,-14.2921333,-17.3804874,0.9431688,0.4764134,0.3572565,0.1532628,0.0056431,-0.1263771,0.1564756,-0.1646474,0.0591961,0.0475072,0.0580872,0.0530056,0.0110352,0.0148164,-0.0028216,0.0162283,0.1806114,0.7701622,0.9937831,0.0248954,-0.0171750
29.738703199,1791080878.472275972,0,0,0.3427510,0.0552752,0.1475845,-13.6093702,-14.5014477,-13.1430349,-17.6119595,0.9713478,0.5569966,0.3370477,0.1991600,-0.0322125,-0.1640586,0.1264749,-0.1265718,0.0562830,0.0459472,0.0573867,0.0526836,0.0105266,0.0164244,-0.0020686,0.0159287,0.1808475,0.7701715,0.9937776,0.0249106,-0.0144117
29.755949064,1791080878.489521980,0,0,0.3446410,0.0626652,0.1663453,-13.9066820,-14.2649841,-12.7662621,-18.0836163,0.9911144,0.5524994,0.3154154,0.1505820,-0.0269870,-0.1728043,0.1165397,-0.0704550,0.0542903,0.0444882,0.0567525,0.0521353,0.0101583,0.0180086,-0.0013344,0.0155788,0.1810711,0.7701809,0.9937751,0.0250190,-0.0120123
29.776775781,1791080878.510348797,0,0,0.3461828,0.0648201,0.1959369,-14.1070662,-14.5442019,-12.8107052,-18.7505760,0.9855269,0.5576275,0.4254216,0.1379438,-0.0396935,-0.1912056,0.0850320,0.0243699,0.0532362,0.0430682,0.0559545,0.0502766,0.0101863,0.0199685,-0.0003840,0.0152622,0.1811028,0.7701874,0.9937559,0.0251238,-0.0104977
29.797758280,1791080878.531331539,0,0,0.3462570,0.0646878,0.2279774,-14.2118502,-15.0067940,-13.3381701,-19.5018311,0.9939008,0.5405679,0.4666882,0.0779740,-0.0150286,-0.1733168,0.0571396,0.1229809,0.0530844,0.0416110,0.0552592,0.0496762,0.0102510,0.0218497,0.0005437,0.0150605,0.1811346,0.7701948,0.9937426,0.0252557,-0.0094291
29.817400916,1791080878.550973892,0,0,0.3323271,0.0631667,0.2497148,-14.4576902,-15.5310860,-13.2875137,-19.7005348,0.9926631,0.6581033,0.3348828,0.1444189,-0.0471301,-0.1636753,0.1219135,0.1748961,0.0528713,0.0404827,0.0546784,0.0500620,0.0101099,0.0237503,0.0013754,0.0148023,0.1811349,0.7701961,0.9937398,0.0252750,-0.0093373
29.839658188,1791080878.573231220,0,0,0.2872315,0.0525872,0.2592914,-14.6003780,-15.7355213,-14.6699114,-19.7053032,0.9846817,0.8477811,0.1178314,0.0588938,-0.0520903,-0.1095773,0.1886752,0.2412981,0.0535686,0.0393691,0.0543101,0.0503472,0.0101422,0.0255685,0.0021018,0.0146302,0.1811042,0.7701975,0.9937360,0.0253072,-0.0094551
29.858903240,1791080878.592476368,0,0,0.2349844,0.0616096,0.2985222,-14.5740499,-15.6859131,-13.9118166,-18.9561367,0.9218592,0.9752035,0.0204338,-0.0223535,-0.0444045,-0.0377782,0.2194265,0.1701087,0.0542090,0.0380561,0.0539612,0.0505172,0.0100169,0.0274175,0.0027780,0.0147053,0.1810883,0.7701982,0.9937248,0.0252858,-0.0091904
29.877406853,1791080878.610979795,0,0,0.2604666,0.0992995,0.3686844,-14.0482302,-16.5412216,-12.7343683,-19.3510857,0.8504741,0.9649369,0.0399701,0.0512220,-0.0256595,0.0218109,0.2048303,0.1400833,0.0568465,0.0363186,0.0532357,0.0503055,0.0101878,0.0302694,0.0039750,0.0152452,0.1809813,0.7701952,0.9936913,0.0249974,-0.0126010
29.897672427,1791080878.631245375,0,0,0.3322331,0.0967567,0.4947760,-13.5300884,-17.8695354,-13.7528868,-20.0970383,0.7415674,0.6254899,0.2260168,0.1014587,0.0332265,0.0255764,0.1343806,0.2305713,0.0616434,0.0347614,0.0524439,0.0512398,0.0106765,0.0336546,0.0058077,0.0158864,0.1807847,0.7701985,0.9936792,0.0244853,-0.0199989
29.917836364,1791080878.651409626,0,0,0.3146618,0.0178696,0.5327638,-13.5676355,-17.7578621,-21.0364151,-19.1839752,0.8619614,0.1577197,0.2715928,0.0780128,0.1057860,-0.0191988,0.0293274,0.3560663,0.0699032,0.0351021,0.0523140,0.0530959,0.0120058,0.0352849,0.0073859,0.0149068,0.1805550,0.7701964,0.9936699,0.0232341,-0.0299789
29.936933058,1791080878.670506239,0,0,0.2876378,0.0193894,0.5141198,-13.7315493,-17.5150223,-18.7614613,-19.0882797,0.8404400,0.2169652,0.2155998,0.1516819,0.1206249,-0.0292479,0.0544403,0.4898690,0.0757331,0.0353337,0.0521497,0.0553475,0.0133539,0.0369558,0.0086486,0.0138572,0.1803646,0.7701956,0.9936637,0.0223974,-0.0395409
29.959417987,1791080878.692991018,0,0,0.3370981,0.0281422,0.5243072,-12.8011045,-17.0349903,-17.3073158,-18.8525734,0.7880863,0.3636355,0.4805650,0.3748815,0.1361129,-0.1015934,0.0120412,0.6092510,0.0765442,0.0343410,0.0514564,0.0521879,0.0153011,0.0393374,0.0103939,0.0112284,0.1808452,0.7702095,0.9936547,0.0206699,-0.0495361
29.978682144,1791080878.712255001,0,0,0.3208816,0.0107296,0.5021698,-13.3585653,-16.4540710,-15.4341135,-17.5919075,0.8174601,0.4554352,0.4112301,0.8045893,0.0741619,-0.1832241,-0.1459812,0.6393565,0.0715092,0.0351790,0.0513337,0.0565822,0.0157177,0.0402608,0.0108765,0.0099827,0.1809200,0.7702114,0.9936547,0.0193845,-0.0546889
30.000592522,1791080878.734165192,0,0,0.2948619,-0.0167069,0.4736946,-13.6649017,-15.8088112,-13.8962975,-16.1483517,0.7978398,0.4544722,0.1821388,0.9941555,0.0554672,-0.2231124,-0.2378443,0.6152059,0.0675101,0.0359195,0.0512414,0.0597615,0.0162611,0.0409658,0.0113003,0.0089337,0.1809696,0.7702128,0.9936546,0.0180730,-0.0589464
30.018288101,1791080878.751861334,0,0,0.2958245,-0.0160551,0.4248909,-13.1708164,-15.6329117,-12.9650087,-15.4611063,0.8054916,0.4345729,0.1066389,1.2518765,0.0630892,-0.2766050,-0.2410181,0.5971016,0.0606665,0.0404908,0.0512907,0.0613676,0.0176271,0.0404484,0.0118185,0.0082690,0.1808073,0.7702120,0.9936539,0.0160311,-0.0659602
30.038693809,1791080878.772266865,0,0,0.3005818,-0.0250878,0.3627292,-12.0900030,-15.2549419,-11.3684034,-14.5101871,0.7971620,0.5372189,0.1670543,1.1895612,-0.0242955,-0.2939185,-0.0494815,0.6114194,0.0543900,0.0441604,0.0513203,0.0637952,0.0189754,0.0397893,0.0122627,0.0076971,0.1806995,0.7702110,0.9936535,0.0141121,-0.0720446
30.060690142,1791080878.794263124,0,0,0.2805468,-0.0684773,0.3297589,-11.3888330,-14.5829277,-12.5440559,-13.8805027,0.8080655,0.6027702,0.1252688,0.8242185,-0.0799819,-0.2310360,0.1902348,0.6106642,0.0559769,0.0461463,0.0507432,0.0700617,0.0198353,0.0399652,0.0131386,0.0061584,0.1810320,0.7702084,0.9936537,0.0107663,-0.0803779
30.077895910,1791080878.811468363,0,0,0.2717327,-0.0974178,0.3305799,-10.8281984,-14.9313602,-13.6365623,-14.5637236,0.8128085,0.5937655,0.1132353,0.5742397,-0.0123130,-0.1509687,0.3510847,0.6166078,0.0586473,0.0467186,0.0502225,0.0731381,0.0209092,0.0395804,0.0138477,0.0044367,0.1814384,0.7702084,0.9936539,0.0084424,-0.0849265
30.097831422,1791080878.831403971,0,0,0.2839390,-0.0759005,0.3205580,-10.1322699,-15.3737926,-12.6553497,-14.8598452,0.8009794,0.5985891,0.1383178,0.4217612,0.0175351,-0.0386438,0.3782613,0.6725674,0.0615489,0.0477424,0.0497210,0.0744030,0.0220248,0.0393385,0.0145129,0.0026490,0.1819136,0.7702086,0.9936545,0.0060505,-0.0910138
30.118507989,1791080878.852081060,0,0,0.2835019,-0.0446427,0.2985922,-9.5780420,-12.4446459,-11.9430847,-15.5517216,0.7620260,0.7215101,0.2034050,0.3807078,0.0065501,-0.0404794,0.3553725,0.5491649,0.0692620,0.0486014,0.0490239,0.0745929,0.0235149,0.0401757,0.0153728,0.0014362,0.1822621,0.7702028,0.9936553,0.0035780,-0.0984070
30.138945890,1791080878.872519016,0,0,0.1478625,-0.0467637,0.1989631,-10.1680479,-8.6259060,-10.7273197,-13.4321489,0.7787009,0.5626733,0.2478233,0.1488052,0.0774791,-0.1145863,0.1547012,0.2448346,0.0777102,0.0493785,0.0485157,0.0761360,0.0254711,0.0407330,0.0162973,0.0003019,0.1826062,0.7701991,0.9936559,0.0018189,-0.1069630
30.159692955,1791080878.893265724,0,0,0.0480914,-0.0489106,0.0929562,-10.0825853,-2.4912961,-9.5409040,-8.2705870,0.7312257,0.3891231,0.1500942,0.0813459,0.0517887,-0.1209878,0.0452228,0.0993556,0.0828671,0.0493684,0.0484796,0.0748139,0.0279419,0.0415489,0.0171300,-0.0003165,0.1825442,0.7701995,0.9936550,0.0006188,-0.1164921
30.181678376,1791080878.915251255,0,0,0.2034245,-0.0665424,0.1392408,-10.7009325,-5.9616780,-12.4504452,-10.1757154,0.7040002,0.4355335,0.2035737,0.1112939,0.0304859,-0.1084056,0.0542829,0.0903689,0.0738923,0.0537780,0.0520745,0.0691873,0.0333304,0.0384403,0.0168428,-0.0013249,0.1820861,0.7701754,0.9936501,0.0006939,-0.1379721
30.196417898,1791080878.929989815,0,0,0.2776204,-0.0765866,0.1491999,-12.1028624,-6.0835600,-15.2181740,-10.9278440,0.7296839,0.1521772,0.1168329,0.1634028,0.0620426,-0.0179580,0.0373300,0.1325195,0.0619538,0.0594127,0.0572868,0.0639784,0.0384972,0.0360377,0.0165650,-0.0021791,0.1813406,0.7701627,0.9936460,0.0009838,-0.1639451
30.216420037,1791080878.949992418,0,0,0.3804380,-0.0784824,0.1156348,-11.8846960,-5.9127159,-18.7203960,-11.3675299,0.7237878,-0.0985765,0.0260616,0.2763076,0.1063544,0.1140523,-0.1411338,0.1343476,0.0570625,0.0629889,0.0599557,0.0690996,0.0396564,0.0355153,0.0161928,-0.0041241,0.1814980,0.7701637,0.9936464,-0.0012383,-0.1741164
30.236388926,1791080878.969960928,0,0,0.3019346,-0.0625798,0.0834151,-12.5649176,-7.7156510,-18.4779530,-10.8131361,0.7234560,-0.0350219,-0.1102059,0.3671661,0.1778785,0.1854522,-0.2126165,0.1593817,0.0519594,0.0636631,0.0614449,0.0718457,0.0407653,0.0350054,0.0154491,-0.0055637,0.1815797,0.7701645,0.9936468,-0.0026495,-0.1819266
30.256613506,1791080878.990185738,0,0,0.3302612,-0.0752999,0.0703229,-11.8622675,-4.8249850,-18.9667511,-12.0307884,0.6398373,0.0932303,0.0064135,0.1797626,0.0097330,0.1134269,-0.2182777,0.0384213,0.0305363,0.0635321,0.0621817,0.0680836,0.0415780,0.0350386,0.0146648,-0.0062461,0.1813991,0.7701637,0.9936471,-0.0055662,-0.1868372
30.276391329,1791080879.009963512,0,0,0.2625034,-0.0469499,0.0929858,-12.5407581,-5.2195959,-18.5608292,-11.6571856,0.5576702,0.0888357,-0.0336060,0.1065938,0.0003457,0.0880526,-0.2766223,-0.0197035,0.0258428,0.0604616,0.0622841,0.0675536,0.0412409,0.0359230,0.0139076,-0.0063151,0.1812877,0.7701626,0.9936473,-0.0069203,-0.1890632
30.296396968,1791080879.029969215,0,0,0.3025666,-0.0559474,0.0185678,-12.4919653,-4.5885801,-18.5231552,-12.2081718,0.4865112,-0.1138500,0.0155521,0.0725449,0.0164708,0.0778563,-0.3337130,-0.0994972,0.0150600,0.0562897,0.0625658,0.0651606,0.0399004,0.0377883,0.0132617,-0.0060820,0.1811167,0.7701613,0.9936478,-0.0097230,-0.1901263
30.316425009,1791080879.049997568,0,0,0.2874880,-0.0191772,0.0006738,-12.9823141,-5.1969953,-17.5159397,-11.2573557,0.4762102,-0.1620996,-0.0083374,0.0548404,0.0449401,0.0741118,-0.3632672,-0.1143774,0.0122305,0.0516389,0.0633381,0.0598902,0.0395037,0.0380829,0.0132555,-0.0047141,0.1808159,0.7701582,0.9936466,-0.0098024,-0.1897820
30.336422232,1791080879.069994211,0,0,0.3127926,-0.0147668,-0.0146781,-12.7207098,-4.8525724,-18.2931118,-12.5825510,0.5014551,-0.2446039,0.1165906,0.0421565,0.0525270,0.0629427,-0.2589844,-0.0729378,0.0048882,0.0465698,0.0643248,0.0542024,0.0385907,0.0386845,0.0132831,-0.0031737,0.1805365,0.7701551,0.9936464,-0.0103492,-0.1880107
30.359482230,1791080879.093055248,0,0,0.3200514,-0.0086691,0.0262020,-12.4523764,-5.2558136,-19.4287968,-12.1383257,0.4392729,-0.0871777,0.2143511,0.0196417,0.0169528,0.0157679,-0.2050158,-0.0360581,0.0016021,0.0400923,0.0656751,0.0544819,0.0364991,0.0392686,0.0128262,-0.0015939,0.1802767,0.7701551,0.9936481,-0.0133105,-0.1869926
30.380919700,1791080879.114492655,0,0,0.3345256,-0.0219786,0.0089312,-11.8971224,-5.2945251,-18.5590706,-11.6465607,0.4875124,-0.0504425,0.2780964,0.0413426,0.0363665,-0.0356796,-0.1595008,-0.0844377,-0.0016080,0.0328198,0.0682863,0.0521565,0.0347555,0.0377794,0.0119455,0.0008246,0.1798953,0.7701531,0.9936515,-0.0124058,-0.1820777
30.400931612,1791080879.134504557,0,0,0.3204916,-0.0446233,0.0448019,-11.1601324,-5.5171328,-19.1845150,-11.9402800,0.4526672,0.1739602,0.4550607,0.0966979,0.0773352,-0.1973061,-0.0632862,-0.1125739,-0.0001279,0.0267434,0.0706600,0.0497321,0.0329710,0.0358607,0.0110998,0.0032348,0.1794933,0.7701496,0.9936545,-0.0117571,-0.1749509
30.422660006,1791080879.156233072,0,0,0.3497714,-0.0360626,0.0671381,-10.2952509,-6.4186859,-18.1719799,-11.6068754,0.5546558,0.2962242,0.5675312,0.2426871,0.0216972,-0.3121364,-0.0492784,-0.1030520,0.0038672,0.0216442,0.0729174,0.0483344,0.0305183,0.0330219,0.0101638,0.0061366,0.1790343,0.7701412,0.9936544,-0.0062276,-0.1625337
30.439216072,1791080879.172788620,0,0,0.3477048,-0.0351415,0.0440404,-7.7400179,-6.9589219,-17.4184322,-11.8364973,0.5250779,0.3584972,0.5913244,0.3616723,0.0137543,-0.4196885,0.1508953,-0.1288780,0.0029443,0.0196654,0.0744978,0.0468586,0.0282386,0.0299404,0.0103760,0.0091605,0.1785986,0.7701339,0.9936525,-0.0010593,-0.1454659
30.462821083,1791080879.196393967,0,0,0.3146237,-0.0099679,-0.0423113,-4.7819271,-7.5350323,-15.7898111,-10.5792942,0.6241696,0.4330796,0.3684024,0.6403155,0.0892875,-0.5038030,0.2274926,-0.1741432,0.0063135,0.0181679,0.0757139,0.0462105,0.0261352,0.0268948,0.0104514,0.0116380,0.1782867,0.7701240,0.9936506,0.0043985,-0.1268694
30.479753515,1791080879.213326454,0,0,0.3034954,-0.0033153,-0.1103671,-2.7842207,-8.1692171,-15.3978739,-9.6664648,0.5964157,0.3503963,0.3349695,0.7871922,0.1678884,-0.5397055,0.3651857,-0.1988439,0.0035739,0.0194179,0.0768960,0.0435220,0.0246103,0.0234016,0.0100136,0.0138672,0.1779497,0.7701107,0.9936504,0.0094384,-0.1077130
30.500748249,1791080879.234321117,0,0,0.2752633,-0.0686790,-0.2600937,-0.1840360,-9.7306633,-16.3244190,-7.3844752,0.6163528,0.2920398,0.0734878,0.7237004,0.3111606,-0.5694132,0.4237630,-0.0599404,-0.0048230,0.0187817,0.0773963,0.0408845,0.0226719,0.0211041,0.0096267,0.0166306,0.1775278,0.7701013,0.9936521,0.0101384,-0.0927987
30.522010353,1791080879.255583286,0,0,0.2369822,-0.1080289,-0.4047108,-1.6635728,-10.9945478,-14.9796658,-6.1316094,0.5046881,0.4780778,0.0080201,0.4215252,0.0969191,-0.4019134,0.4076718,0.1105705,-0.0120762,0.0148573,0.0776580,0.0365653,0.0216489,0.0196685,0.0085833,0.0198431,0.1770671,0.7700940,0.9936664,0.0091067,-0.0832374
30.542836664,1791080879.276409626,1,0,0.2479847,-0.1188588,-0.4836573,-2.6327977,-12.8711014,-13.7798691,-6.7779121,0.4151599,0.5276223,0.0462646,0.0654573,0.0477281,-0.1337318,0.1341182,0.0942374,-0.0222840,0.0163908,0.0809468,0.0290954,0.0280620,0.0139223,0.0095608,0.0265662,0.1761214,0.7700825,0.9938507,0.0119046,-0.0945878
30.560986456,1791080879.294559240,1,0,0.2834439,-0.1377800,-0.5636222,2.8284924,-13.8444271,-15.3408012,-7.0721951,0.5261956,0.5011619,0.0869242,0.0491893,0.0310712,-0.0748300,0.1044917,0.1250561,-0.0292343,0.0168473,0.0854782,0.0221075,0.0343487,0.0096370,0.0102397,0.0332088,0.1749290,0.7700745,0.9943460,0.0137622,-0.1098430
30.580681267,1791080879.314253807,1,0,0.3280432,-0.1347436,-0.6403752,6.2374678,-14.7725182,-14.6249800,-8.9104214,0.6259459,0.3769928,0.1103348,0.0526198,0.0134617,0.0037231,0.1017661,0.1595548,-0.0276216,0.0167201,0.0945841,0.0156073,0.0396265,0.0085356,0.0136660,0.0407533,0.1733214,0.7700580,0.9945389,0.0145295,-0.1189805
30.602742890,1791080879.336315632,1,0,0.3422434,-0.0926588,-0.6543458,8.1674128,-14.3990479,-14.9572191,-9.0749626,0.6937967,0.2737117,0.1101916,0.0727934,0.0206475,0.0313712,0.0660685,0.1738111,-0.0290785,0.0155596,0.0886784,0.0115182,0.0400628,0.0085735,0.0160346,0.0445700,0.1720011,0.7700434,0.9947136,0.0174495,-0.1162961
30.624538487,1791080879.358111143,1,0,0.3440387,-0.0476616,-0.6230935,8.4719515,-12.7757511,-13.4158554,-9.3079863,0.6783779,0.1726777,0.1330506,0.0658755,0.0209602,-0.0255857,0.0958996,0.1364436,-0.0226349,0.0122968,0.0909888,0.0071041,0.0396923,0.0054044,0.0160528,0.0452612,0.1711256,0.7700272,0.9947144,0.0214306,-0.0985564
30.640291545,1791080879.373863697,1,0,0.2815429,0.0044071,-0.5768971,8.0718765,-11.8375015,-11.9891138,-8.6847200,0.6441208,0.1721204,0.1290687,0.0417029,0.0228635,-0.0497188,0.1385459,0.1066277,-0.0305009,0.0109203,0.0787563,0.0052835,0.0371920,0.0040599,0.0171020,0.0460540,0.1703600,0.7700154,0.9947705,0.0229206,-0.0813623
30.660339298,1791080879.393911839,1,0,0.2045449,0.0600516,-0.4989470,7.3740320,-10.2784424,-8.7999258,-7.9411511,0.5352423,0.2770504,0.0889870,0.0277375,0.0100202,-0.0780798,0.1961899,0.0690527,-0.0275592,0.0053914,0.0749725,0.0048955,0.0343337,0.0018397,0.0176241,0.0472291,0.1698140,0.7700027,0.9949018,0.0236042,-0.0685421
30.682053100,1791080879.415626526,1,0,0.2135185,0.0817570,-0.4413885,6.6052036,-11.5121746,-7.6960511,-8.5473127,0.4841195,0.3015239,0.0579568,0.0361532,0.0279160,-0.1231956,0.2122967,0.0172490,-0.0234413,0.0011323,0.0701937,0.0054533,0.0303712,-0.0013901,0.0190741,0.0479199,0.1692175,0.7699809,0.9952082,0.0244600,-0.0553043
30.702348511,1791080879.435921431,1,0,0.2362009,0.0848983,-0.3855333,6.6247759,-12.8559113,-7.4286656,-9.4669180,0.4791083,0.3837289,0.0544165,0.1004765,0.1083998,-0.2218199,0.2121754,-0.1236322,-0.0199385,0.0000046,0.0734580,0.0063370,0.0259914,-0.0060268,0.0215252,0.0479363,0.1688046,0.7699468,0.9957448,0.0224554,-0.0419586
30.723060993,1791080879.456634045,1,0,0.1983039,0.1072597,-0.3750371,6.3944082,-12.1206455,-5.6791925,-9.1426210,0.4463278,0.4652599,0.0425905,0.1231679,0.1196427,-0.2730986,0.2077915,-0.2372254,-0.0139737,-0.0038305,0.0810032,0.0075593,0.0194191,-0.0114510,0.0233346,0.0454016,0.1694093,0.7698570,0.9964069,0.0210106,-0.0133243
30.744704488,1791080879.478277445,1,0,0.1372771,0.0809922,-0.3508048,6.5680389,-8.6744137,-3.8914793,-8.8100634,0.3996641,0.4654186,0.0361564,0.0375451,0.0844497,-0.2847658,0.2185253,-0.2543350,-0.0051509,-0.0100821,0.0938586,0.0068761,0.0146537,-0.0077815,0.0238231,0.0422086,0.1701172,0.7698047,0.9968393,0.0170205,0.0083646
30.762794949,1791080879.496367931,1,0,0.2155241,0.0383096,-0.2650490,6.2542038,-4.4511800,-5.7943916,-10.6654615,0.3396276,0.3430839,0.0451313,0.0058384,0.0673036,-0.2255175,0.1927137,-0.1762059,-0.0082430,-0.0100698,0.0922218,0.0064590,0.0135804,-0.0087451,0.0250250,0.0402996,0.1709921,0.7697127,0.9976193,0.0143443,0.0017012
30.783622349,1791080879.517195225,0,0,0.2709861,0.0110685,-0.2030261,5.5200567,-2.1543324,-6.6197333,-10.3340406,0.2379015,0.2806667,0.0317037,0.0239010,0.0048170,-0.1207839,0.1377027,-0.0269237,-0.0141264,-0.0054151,0.0839639,0.0061277,0.0151554,-0.0123168,0.0278974,0.0357813,0.1729314,0.7695076,0.9982175,0.0168793,-0.0189771
30.800794982,1791080879.534367323,0,0,0.2396848,0.0241280,-0.1815366,-2.3180509,-3.8404367,-6.3527784,-8.1311369,0.2714874,0.3011096,0.0351855,0.0505977,0.0070446,-0.1162148,0.1014843,0.0685435,-0.0161177,0.0003115,0.0836449,0.0060055,0.0154120,-0.0126505,0.0306134,0.0332674,0.1753561,0.7693877,0.9986123,0.0205700,-0.0427316
30.822337929,1791080879.555911064,0,0,0.2245003,0.0151038,-0.1381366,-6.4910383,-1.3327456,-7.5055652,-7.9072490,0.4017057,0.3518013,0.0440115,0.0776903,0.0347748,-0.1097369,0.0235090,0.1159016,-0.0179507,0.0080301,0.0790389,0.0057090,0.0174083,-0.0155600,0.0331177,0.0336091,0.1786205,0.7693064,0.9989361,0.0262433,-0.0804854
30.840775860,1791080879.574348211,0,0,0.1763176,0.0233026,-0.1162177,-9.0749464,-4.2782288,-7.2428989,-7.0575109,0.3855385,0.3891437,0.0333976,0.0870566,0.0528139,-0.0761489,-0.0205704,0.1395068,-0.0180412,0.0119152,0.0900454,0.0057327,0.0189435,-0.0154558,0.0349858,0.0343609,0.1819740,0.7692112,0.9992899,0.0296782,-0.1177152
30.861611067,1791080879.595184088,0,0,0.3345035,0.0363872,-0.1831879,-9.1716509,-5.5783653,-6.3624339,-9.4818316,0.3547895,0.4028309,0.0537856,0.1120968,0.0406378,-0.0817588,-0.0020876,0.1748307,-0.0293033,0.0125524,0.0866879,0.0056140,0.0191400,-0.0096224,0.0372890,0.0354953,0.1890553,0.7691373,0.9994561,0.0321618,-0.1268399
30.883582991,1791080879.617155790,0,0,0.3763228,0.0328572,-0.1983798,-9.9728146,-3.8747797,-5.5540347,-8.4212255,0.5290087,0.5783719,0.0399622,0.1270404,0.0261621,-0.0924002,0.0507867,0.1843356,-0.0357752,0.0014525,0.0598928,0.0057386,0.0174593,-0.0041681,0.0369060,0.0372823,0.1975291,0.7690724,0.9995022,0.0327651,-0.0959444
30.905113778,1791080879.638686895,0,0,0.3700656,0.0010033,-0.1682026,-12.0765619,-1.6361635,-4.9854798,-8.9408960,0.7614890,0.4140827,0.0503934,0.1208418,0.0554208,-0.1121205,0.0590596,0.1490582,-0.0415966,-0.0075043,0.0482276,0.0059790,0.0160142,-0.0056827,0.0370927,0.0384171,0.2009029,0.7689877,0.9995227,0.0313701,-0.0493275
30.925599308,1791080879.659172535,0,0,0.3468992,-0.0109435,-0.1659806,-12.6573219,-2.1762006,-4.0734649,-9.7043562,0.9362762,0.4453554,0.1049587,0.2899133,0.1268741,-0.3576407,0.1117111,0.1320469,-0.0470126,-0.0076470,0.0430808,0.0070395,0.0139599,-0.0083745,0.0383966,0.0397146,0.1973651,0.7688934,0.9995342,0.0260787,0.0037054
30.942795430,1791080879.676368475,0,1,0.3441729,-0.0271875,-0.2044113,-11.9158888,-1.7624402,-4.6746950,-11.1335878,0.9486358,0.5685154,0.1553712,0.5131391,-0.0327720,-0.4592297,0.1936032,-0.0640674,-0.0496766,-0.0127566,0.0493726,0.0086225,0.0094830,-0.0069927,0.0378772,0.0417101,0.1998763,0.7688187,0.9995409,0.0168590,0.0601832
30.964035613,1791080879.697608471,0,1,0.3301001,-0.0467104,-0.1421803,-10.8894691,4.7555513,-5.3867412,-11.8629074,0.8959129,0.4886391,0.0620402,0.4815511,0.1135701,-0.5879609,0.2016775,-0.4252621,-0.0539761,-0.0109233,0.0505156,0.0097309,0.0069208,-0.0105451,0.0381219,0.0438519,0.2062239,0.7687047,0.9995441,0.0090215,0.1069386
30.984874821,1791080879.718447685,0,1,0.2954261,-0.0605178,-0.0885993,-10.6866484,5.5216885,-6.0359569,-10.0853577,0.8588210,0.4772773,-0.0245971,0.6323242,0.3355515,-0.5970029,0.0065988,-0.5950980,-0.0581200,-0.0084238,0.0624845,0.0104127,0.0070846,-0.0151802,0.0381380,0.0465559,0.2104561,0.7685623,0.9995461,0.0026219,0.1242993
31.006824312,1791080879.740397453,0,1,0.2992991,-0.0750224,-0.1908446,-8.4732285,7.3659949,-6.5177073,-9.8803892,0.8332411,0.5676507,-0.0414725,0.7617505,0.2124024,-0.5319963,-0.0977852,-0.4259205,-0.0562843,-0.0176901,0.0755961,0.0105253,0.0070779,-0.0126154,0.0338440,0.0532876,0.2171814,0.7684231,0.9995741,-0.0007658,0.1141750
31.024957751,1791080879.758530855,0,1,0.2612765,-0.0778665,-0.1384241,-7.3629484,7.4622364,-7.1466675,-9.1738806,0.7723006,0.6015699,-0.0788245,0.5711493,0.1229410,-0.4762856,-0.1566860,-0.0951241,-0.0521324,-0.0211348,0.0753845,0.0105619,0.0078998,-0.0119202,0.0294760,0.0585819,0.2232146,0.7681980,0.9996565,-0.0013415,0.0950718
31.045030465,1791080879.778603792,0,1,0.2373881,-0.0795727,-0.0685201,-6.3416910,6.6946630,-7.7952647,-8.0268202,0.7501096,0.4855908,-0.0055196,0.2468013,0.1294159,-0.3305148,-0.1073852,0.1046977,-0.0516648,-0.0166339,0.0500135,0.0105879,0.0117949,-0.0197895,0.0281355,0.0618246,0.2274098,0.7679998,0.9997541,0.0026538,0.0509238
31.065529499,1791080879.799102783,1,1,0.2238689,-0.1113677,-0.0469384,-4.2087183,6.1151285,-8.0199728,-4.8003335,0.7745496,0.3121744,0.0292776,0.1048128,0.0651752,-0.1211815,-0.0973599,0.1741950,-0.0515887,-0.0107086,0.0477213,0.0105657,0.0161608,-0.0318205,0.0274136,0.0641480,0.2264941,0.7678421,0.9998148,0.0068365,-0.0121850
31.084862856,1791080879.818436146,1,1,0.2600392,-0.1131988,-0.0883241,5.5439749,6.5443106,-7.2157354,-2.5661535,0.9430165,0.3377984,0.0484131,0.1015995,0.0183785,-0.0975649,-0.0509430,0.2332903,-0.0542453,-0.0026738,0.0497222,0.0103966,0.0200883,-0.0460904,0.0277076,0.0656063,0.2191179,0.7677889,0.9998347,0.0080339,-0.0578742
31.106613427,1791080879.840186596,1,1,0.3015991,-0.0914066,-0.1692303,7.5783901,8.5174675,-7.8919215,-0.8358560,0.8039318,0.3723654,0.0496299,0.1141187,0.0520822,-0.0632325,-0.1147130,0.2503116,-0.0591333,0.0078650,0.0621779,0.0098983,0.0228929,-0.0572047,0.0279363,0.0661114,0.2084022,0.7677382,0.9998451,0.0082001,-0.0780298
31.125734457,1791080879.859307766,1,1,0.2442860,-0.0535460,-0.3528951,8.9947948,9.6604557,-6.1041675,-1.5220796,0.3456494,0.6963901,-0.0289045,0.0838489,-0.0319404,-0.0207677,-0.0082389,0.2547443,-0.0544496,0.0118287,0.0521503,0.0105992,0.0217546,-0.0305043,0.0312217,0.0660009,0.1827443,0.7676269,0.9998524,0.0072226,-0.0855574
31.145087943,1791080879.878660679,1,1,0.2431185,0.0192117,-0.2798773,9.3301716,11.3560371,-6.5567875,-1.3168598,0.3852294,0.8494372,-0.0749915,0.0778528,-0.0473373,-0.0228825,0.0277024,0.2114707,-0.0283586,0.0093875,0.0310882,0.0136241,0.0195726,-0.0051409,0.0361735,0.0670932,0.1634375,0.7675002,0.9998567,0.0066705,-0.0851377
31.165537247,1791080879.899109840,1,1,0.2436438,0.0380879,-0.1214901,9.7548094,10.7951698,-5.4565978,-2.5290356,0.5902208,0.7964563,-0.0893181,0.0755711,0.0196185,-0.0734794,0.0644525,0.2019587,-0.0178112,0.0169909,0.0141078,0.0145135,0.0187256,-0.0052553,0.0400784,0.0656509,0.1564950,0.7674014,0.9998572,0.0069987,-0.0569896
31.187139909,1791080879.920712709,1,1,0.2283025,0.0330683,-0.1040303,8.9655113,10.2982969,-5.2202916,-3.7570314,0.5452229,0.8415526,-0.1246753,0.0859177,0.0649293,-0.1154767,0.1023239,0.1789299,-0.0110057,0.0214808,0.0208760,0.0145727,0.0181777,-0.0134305,0.0412903,0.0640494,0.1540523,0.7672698,0.9998576,0.0065076,-0.0194056
31.205637042,1791080879.939209700,1,1,0.2209769,-0.0131008,-0.1012421,9.2368670,10.3993311,-5.1239977,-3.1614289,0.5751633,0.7995867,-0.2190184,-0.0357585,0.0603309,-0.2219040,0.1294354,0.1879019,-0.0070426,0.0254329,0.0096788,0.0141765,0.0185859,-0.0159888,0.0433340,0.0617512,0.1508699,0.7671474,0.9998578,0.0052307,0.0007232
31.223922134,1791080879.957495451,1,1,0.2266209,-0.0203538,-0.0374567,9.2330570,10.6670227,-6.4246526,-2.7907023,0.6377026,0.7318429,-0.2198106,-0.2330948,0.1886851,-0.2237733,0.0180679,0.0948825,-0.0080260,0.0301930,0.0001095,0.0139213,0.0199134,-0.0239193,0.0457761,0.0600720,0.1462975,0.7670602,0.9998580,0.0044166,0.0073255
31.246847791,1791080879.980421066,1,1,0.2093125,-0.0017296,-0.0423586,9.1195745,9.9868336,-5.7183275,-1.6568934,0.5403959,0.6477985,-0.2475744,-0.4503448,0.2404581,-0.2398168,-0.1203003,0.0200261,-0.0073792,0.0348732,-0.0076451,0.0136997,0.0212986,-0.0280194,0.0485155,0.0575819,0.1414290,0.7669799,0.9998581,0.0038333,0.0022183
31.265676265,1791080879.999249220,1,1,0.1639014,0.0587555,-0.0101254,8.9592009,9.6798592,-5.5893664,-1.2778347,0.4553656,0.6604061,-0.2626107,-0.4655364,0.3986425,-0.2162948,-0.2279707,0.0943501,-0.0069202,0.0382565,-0.0085032,0.0134765,0.0220164,-0.0322288,0.0502941,0.0557540,0.1386047,0.7669225,0.9998581,0.0043288,0.0069215
31.287612046,1791080880.021185398,1,1,0.1647377,0.0635344,-0.0099274,9.5675211,9.7150126,-5.3261156,-0.7925288,0.4523037,0.6481130,-0.3138742,-0.5738509,0.4029935,-0.2332247,-0.2979609,0.1177311,-0.0078838,0.0427386,-0.0080422,0.0133150,0.0227169,-0.0351847,0.0527123,0.0535649,0.1344583,0.7668668,0.9998582,0.0048589,0.0074399
31.308443811,1791080880.042016745,1,1,0.1659025,0.0722832,0.0181819,9.7908697,9.6684608,-5.5623674,-0.3505901,0.5820794,0.5792379,-0.1753321,-0.2900670,0.2274734,-0.1658916,-0.2906348,0.1550532,-0.0101517,0.0478787,-0.0056296,0.0132308,0.0232265,-0.0394269,0.0554116,0.0514982,0.1299083,0.7668195,0.9998583,0.0059369,0.0113461
31.326509459,1791080880.060082436,1,1,0.1781111,0.0771100,0.0147830,10.0528088,9.6835690,-6.1968436,0.4749970,0.7139604,0.5114311,-0.0732848,-0.0508305,0.1254849,-0.0302353,-0.2373282,0.1646837,-0.0124139,0.0530550,-0.0042785,0.0131610,0.0237642,-0.0432491,0.0583586,0.0493073,0.1242222,0.7667707,0.9998583,0.0074539,0.0170647
31.344205622,1791080880.077777863,1,1,0.1909182,0.0714053,0.0140832,9.7653418,9.5774136,-8.2141953,1.0463382,0.7232722,0.5431192,-0.0642495,0.0073492,0.2237549,0.0175708,-0.2687582,0.1805586,-0.0149497,0.0575504,-0.0045993,0.0130035,0.0247389,-0.0482855,0.0608029,0.0474637,0.1201437,0.7667348,0.9998583,0.0085462,0.0208172
31.364091433,1791080880.097664118,1,1,0.2160560,0.0617660,0.0125100,9.7453566,9.2013683,-10.0432158,0.3098777,0.7013784,0.5760646,-0.0698095,0.0327993,0.3635942,0.0457168,-0.2645773,0.1952276,-0.0177739,0.0619258,-0.0062968,0.0128437,0.0261274,-0.0535523,0.0632840,0.0457301,0.1163720,0.7667019,0.9998583,0.0097358,0.0219250
31.384875260,1791080880.118448734,1,1,0.2165575,0.0341467,-0.0300134,9.1741571,8.7692347,-11.5531139,-2.4482460,0.7553353,0.4836113,-0.0335502,0.0405846,0.2966758,0.0721116,-0.2346080,0.1837271,-0.0214563,0.0666056,-0.0101384,0.0127957,0.0279052,-0.0584765,0.0664555,0.0436944,0.1130418,0.7666482,0.9998583,0.0115131,0.0136416
31.407070723,1791080880.140643597,1,1,0.2391597,0.0338045,-0.0492438,9.1269970,8.4392958,-12.0049610,1.6402426,0.7647433,0.4051842,-0.0298916,0.0078900,0.2463889,0.0819580,-0.2123534,0.1190354,-0.0224601,0.0701610,-0.0101609,0.0129101,0.0295145,-0.0554821,0.0703523,0.0406264,0.1112406,0.7665892,0.9998583,0.0132652,-0.0023610
31.425711144,1791080880.159284115,1,1,0.2233358,0.0555622,-0.0142659,10.2955923,7.6674480,-15.2456665,2.2062097,0.7912639,0.4011193,-0.0292218,0.0223239,0.2845190,0.0965059,-0.1468273,0.1002594,-0.0232213,0.0736987,-0.0041819,0.0128847,0.0310810,-0.0562452,0.0734430,0.0388871,0.1141611,0.7665505,0.9998583,0.0152381,-0.0198156
31.447115506,1791080880.180688143,1,1,0.2493299,0.0483565,-0.0688244,10.8681650,7.4719601,-16.2216358,2.6111226,0.8166885,0.4059942,-0.0374616,0.0219429,0.3600249,0.1554022,-0.0133059,0.0730889,-0.0212393,0.0766563,-0.0036382,0.0131874,0.0327571,-0.0512854,0.0771188,0.0366534,0.1255651,0.7664822,0.9998583,0.0176543,-0.0381209
31.466718042,1791080880.200291395,1,1,0.2628776,0.0359666,-0.1191824,10.5218649,7.4207773,-16.2018414,2.9455442,0.8132419,0.4217922,-0.0879642,-0.0342310,0.6446169,0.3113677,0.0972639,0.1518993,-0.0146228,0.0749488,0.0075554,0.0138909,0.0343450,-0.0339403,0.0792132,0.0338587,0.1538850,0.7663972,0.9998584,0.0201381,-0.0582853
31.486326818,1791080880.219899893,1,1,0.2555757,0.0305690,-0.1325600,10.0032282,8.0186939,-16.2959805,3.6460252,0.8133651,0.4080852,-0.0514784,-0.1850683,0.8514482,0.4424879,0.1847278,0.1130209,-0.0089142,0.0735564,0.0338447,0.0153004,0.0354115,-0.0156321,0.0779351,0.0305341,0.1794691,0.7663094,0.9998584,0.0226037,-0.0719066
31.506555393,1791080880.240128517,1,1,0.2462585,0.0347881,-0.1377713,9.5042210,8.0215244,-16.9132271,4.0864468,0.7804815,0.3736491,-0.0471893,-0.2399272,0.8462218,0.4868880,0.1702302,0.0327190,-0.0026281,0.0691231,0.0243196,0.0165755,0.0356159,0.0022276,0.0716379,0.0283779,0.2077135,0.7662653,0.9998585,0.0249687,-0.0706176
31.526727134,1791080880.260299921,1,1,0.2537810,0.0257080,-0.1099383,9.7034349,6.9968534,-15.3954716,4.6084819,0.7596655,0.3087792,-0.0450643,-0.3705995,0.7907490,0.4429238,0.1035141,-0.0960899,0.0023392,0.0649813,0.0224114,0.0174176,0.0352672,0.0153901,0.0628060,0.0255122,0.2248132,0.7662407,0.9998585,0.0259266,-0.0570023
31.546678419,1791080880.280251741,1,0,0.2627398,0.0122720,-0.0462675,10.0183229,4.0021749,-9.7127085,5.4753137,0.7435650,0.2101333,-0.0636608,-0.5108251,0.6266136,0.2753784,-0.0052432,-0.2159104,0.0039559,0.0685207,0.0357571,0.0177267,0.0349441,0.0147754,0.0558622,0.0211483,0.2481546,0.7662048,0.9998585,0.0253501,-0.0326446
31.566602887,1791080880.300175905,1,0,0.2626814,0.0383115,0.0384546,10.3505039,-5.6888866,-8.7501936,5.5571895,0.7398988,0.1616836,-0.0519406,-0.1382982,0.2069522,0.0995219,-0.0812660,-0.2340760,0.0039979,0.0743621,0.0343219,0.0177489,0.0349503,0.0086056,0.0503107,0.0177881,0.2646502,0.7661725,0.9998585,0.0251414,-0.0142143
31.588868016,1791080880.322440624,1,0,0.2299699,0.0418994,0.0460648,10.0737371,-8.3807173,-4.9453688,5.3044219,0.7127222,0.1368552,-0.0499793,-0.0161302,0.2415709,-0.0404347,-0.3190857,-0.2083038,0.0037127,0.0784749,0.0311808,0.0177276,0.0343186,0.0021413,0.0452869,0.0152539,0.2753983,0.7661495,0.9998585,0.0249238,0.0042419
31.607523414,1791080880.341096401,1,0,0.1813272,0.0241114,-0.0028188,9.5044823,-9.5122089,1.4149940,5.3361716,0.6512415,0.2046947,-0.1295725,-0.0272732,0.4572917,-0.2179508,-0.9061704,-0.3345139,0.0037640,0.0792851,0.0302321,0.0172754,0.0337611,-0.0015166,0.0389931,0.0135364,0.2827401,0.7661270,0.9998585,0.0244725,0.0066307
31.626891734,1791080880.360464573,1,0,0.2099070,-0.0210267,-0.0664034,9.0442152,-10.8246250,6.6366191,5.4817343,0.6936932,0.0107858,0.0827235,-0.1199475,0.0381550,-0.2334601,-0.9446019,-0.3343832,0.0054229,0.0662873,0.0236418,0.0158601,0.0328658,0.0089767,0.0232349,0.0102410,0.2844366,0.7660983,0.9998585,0.0231846,-0.0076350
31.647515587,1791080880.381088495,1,0,0.2365758,-0.0707087,-0.0477264,10.3828545,-10.3410645,5.8675227,5.5248508,0.8961283,0.1146173,0.0427779,-0.0001672,-0.3812171,-0.1293691,-0.6631103,-0.2320340,0.0064974,0.0350565,0.0232394,0.0130779,0.0331455,0.0330962,0.0000206,0.0039802,0.2749243,0.7660702,0.9998585,0.0223521,-0.0527005
31.667428183,1791080880.401000977,1,0,0.2618357,-0.0886044,0.0461693,10.7982264,-10.5209970,3.8838055,5.0126400,0.9137887,0.3128588,0.0522833,0.0940115,-0.4549507,-0.0398538,-0.4459758,-0.1338513,0.0054526,0.0187281,0.0326723,0.0107623,0.0347157,0.0358841,-0.0143425,-0.0009879,0.2677955,0.7660589,0.9998585,0.0229837,-0.1004678
31.690401850,1791080880.423975229,1,0,0.2475800,-0.0692229,0.0886508,11.1115751,-9.1534357,3.1348035,3.1896799,0.8735273,0.4011071,0.1068001,0.0051323,-0.3870869,0.0088165,-0.1418273,-0.1177354,0.0035561,0.0156399,0.0379113,0.0086726,0.0369488,0.0240759,-0.0214415,-0.0028339,0.2674357,0.7660552,0.9998585,0.0236252,-0.1553003
31.708766037,1791080880.442338705,1,0,0.2191519,-0.0514441,0.0385431,11.2465076,0.8055081,3.1512036,2.8345888,0.8940329,0.4166889,0.1608260,-0.0859130,-0.4325761,0.0263701,-0.0109672,-0.0394501,0.0020709,0.0018031,0.0494095,0.0051601,0.0391648,0.0238214,-0.0324910,-0.0049492,0.2683114,0.7660549,0.9998586,0.0226285,-0.2241309
31.730669969,1791080880.464242935,1,0,0.2032657,-0.0476213,0.0482842,11.1777697,-0.7048498,5.3652592,1.9128655,0.8375174,0.3356863,0.1421193,-0.1209918,-0.4029981,0.0507526,0.0034595,0.1449894,-0.0000541,0.0019317,0.0591185,0.0020232,0.0414383,0.0144925,-0.0393617,-0.0064271,0.2701373,0.7660534,0.9998586,0.0216843,-0.2827124
31.746812412,1791080880.480385303,0,0,0.1945558,0.0054191,0.0259653,10.0883436,-1.5323315,6.7014556,2.5606399,0.7371638,0.3276751,0.1454498,-0.0007992,-0.4111445,0.0608707,-0.0445800,0.3368862,-0.0027043,-0.0005851,0.0592932,-0.0025202,0.0415081,0.0177414,-0.0476217,-0.0088086,0.2660434,0.7660485,0.9998586,0.0196418,-0.3267283
31.767347078,1791080880.500919819,0,0,0.1585344,0.0277959,0.0220344,2.4961565,-1.7002399,7.4168649,2.3561771,0.6882505,0.3484864,0.1310592,0.0200149,-0.4033848,0.0474766,-0.0646690,0.4720722,-0.0050595,0.0024201,0.0654977,-0.0063713,0.0403115,0.0144672,-0.0515965,-0.0099954,0.2585849,0.7660410,0.9998586,0.0175700,-0.3425066
31.789129949,1791080880.522702932,0,0,0.1511353,0.0328042,-0.0190976,0.1737206,-1.3509576,7.3540883,2.6668932,0.6384007,0.3679284,0.1944629,0.0119077,-0.4326628,0.0212650,-0.0569321,0.5168408,-0.0072956,-0.0000916,0.0611909,-0.0111124,0.0374328,0.0190556,-0.0562087,-0.0094339,0.2361178,0.7660329,0.9998586,0.0158229,-0.3427573
31.808916268,1791080880.542489052,0,0,0.1442514,0.0310919,-0.0121222,-1.0244639,-1.8458004,7.5928984,3.3081675,0.6418688,0.4413010,0.1748049,-0.0220934,-0.4859315,-0.0059318,-0.1320221,0.5772470,-0.0091993,-0.0023598,0.0558502,-0.0153580,0.0350594,0.0179036,-0.0569824,-0.0088992,0.2148233,0.7660218,0.9998586,0.0125817,-0.3348537
31.828749661,1791080880.562322855,0,0,0.1612773,0.0226896,0.0335312,-3.9047053,-2.3087859,7.4204268,3.1732085,0.6023765,0.5612729,0.1786777,-0.0572902,-0.5447100,-0.0592497,-0.1200218,0.5310405,-0.0111629,0.0008868,0.0491442,-0.0184354,0.0338245,0.0046053,-0.0553379,-0.0081701,0.2044710,0.7660077,0.9998586,0.0101423,-0.3183745
31.847010324,1791080880.580583334,0,0,0.1554641,0.0211824,0.0634853,-5.4527235,-2.4135370,7.7298298,3.4756904,0.6104137,0.6341943,0.2631955,-0.2855804,-0.8300923,-0.2120274,-0.2829120,0.4576804,-0.0125487,0.0047619,0.0439859,-0.0202899,0.0328714,-0.0083358,-0.0534204,-0.0075436,0.2004486,0.7659932,0.9998586,0.0092610,-0.2862658
31.867573440,1791080880.601146221,0,0,0.1769085,0.0181364,0.0720020,-6.8925638,-2.7466249,7.1162915,3.6426139,0.5693723,0.5866780,0.2434591,-0.4080420,-0.9550356,-0.3180456,-0.3915102,0.2697173,-0.0141021,0.0083047,0.0367307,-0.0224020,0.0316155,-0.0201150,-0.0508697,-0.0066250,0.1956194,0.7659746,0.9998586,0.0084241,-0.2498857
31.890079601,1791080880.623653412,0,0,0.1960694,0.0358616,0.1366425,-8.6612320,-3.7226686,6.1352639,3.9899077,0.4275874,0.5681336,0.0784097,-0.3404518,-0.6040224,-0.3325111,-0.4682243,0.0747048,-0.0153942,0.0107085,0.0341221,-0.0235808,0.0323785,-0.0306398,-0.0492103,-0.0059850,0.1948849,0.7659534,0.9998586,0.0101122,-0.2173790
31.908921022,1791080880.642493963,0,0,0.1807567,0.0406432,0.1446266,-10.4931469,-4.8575721,3.7934349,3.2779248,0.3692257,0.4682831,-0.0859787,-0.2279304,-0.1317191,-0.3403079,-0.3206328,-0.0376520,-0.0161938,0.0115306,0.0326390,-0.0241378,0.0347731,-0.0371949,-0.0485522,-0.0056545,0.1969732,0.7659333,0.9998586,0.0116047,-0.2030678
31.928762511,1791080880.662335396,0,0,0.1519173,0.0439249,0.0966813,-10.8206854,-6.5223055,0.6822858,1.4445493,0.2728647,0.2396959,-0.0556724,-0.0415508,0.0242684,-0.1698415,-0.0013608,-0.0400334,-0.0164367,0.0119444,0.0306209,-0.0246340,0.0363265,-0.0426860,-0.0480181,-0.0053253,0.1985553,0.7659011,0.9998587,0.0120416,-0.1859879
31.949519617,1791080880.683092833,0,0,0.1063382,0.0645861,0.0530354,-8.7878284,-5.9058318,-0.9821815,0.8046379,0.1568656,0.2138212,-0.0400800,-0.0459631,-0.0329550,-0.1114751,0.0639532,-0.0557821,-0.0164356,0.0123534,0.0279403,-0.0250945,0.0366138,-0.0471642,-0.0473828,-0.0050171,0.1995634,0.7658795,0.9998588,0.0119077,-0.1565324
31.969429685,1791080880.703002930,1,0,0.0923542,0.0917018,0.0438156,-4.9873152,-6.3540330,-1.6081619,0.4082424,0.2668224,0.1767434,0.0409907,-0.0685993,-0.1356471,-0.0715008,0.0846331,-0.0996758,-0.0169105,0.0131877,0.0254578,-0.0256021,0.0354586,-0.0518366,-0.0468732,-0.0046190,0.2009146,0.7658663,0.9998589,0.0126489,-0.1159490
31.989530127,1791080880.723103046,0,0,0.1535540,0.1323350,0.1098683,3.5476229,-6.4737921,-3.7804794,2.2914143,0.4303705,-0.1607976,0.2497653,-0.0175633,-0.2027069,-0.1060972,0.0357570,-0.1229929,-0.0184271,0.0152288,0.0237046,-0.0264910,0.0336563,-0.0596673,-0.0461667,-0.0039633,0.2054815,0.7658521,0.9998589,0.0142869,-0.0864150
32.007638721,1791080880.741211653,1,0,0.1023517,0.0525724,-0.1679711,-1.4001451,-7.7274423,-3.7481270,2.5580697,0.1115344,-0.3082723,0.4096745,-0.0196816,-0.1632649,-0.1757583,-0.0739200,-0.2148041,-0.0194927,0.0103731,0.0105028,-0.0292718,0.0280040,-0.0599849,-0.0464952,-0.0017509,0.2017289,0.7658303,0.9998589,0.0128486,-0.0770681
32.029603455,1791080880.763176441,1,0,0.0189754,-0.0612907,-0.3508998,5.2677517,-9.0248766,3.7207015,6.9178195,0.1295501,-0.1569914,0.6963258,-0.0273191,-0.6657072,-0.3157319,-0.3537417,0.0533787,-0.0173964,-0.0321025,-0.0005140,-0.0358438,0.0194158,-0.0110418,-0.0533474,0.0070404,0.1751325,0.7658000,0.9998589,0.0066327,-0.1012858
32.048660084,1791080880.782232761,1,0,-0.0295950,-0.0512720,-0.0755991,7.5259438,-10.0507698,4.3954816,7.8024268,0.5516952,0.0223985,0.4765956,0.2597061,-0.5785112,-0.2810026,-0.6114067,0.2786290,-0.0178718,-0.0339295,0.0459408,-0.0357925,0.0170726,-0.0024709,-0.0524027,0.0091990,0.1751666,0.7657857,0.9998589,0.0054899,-0.1252757
32.069335459,1791080880.802908659,1,0,-0.0858147,-0.0721619,0.0718275,9.1543245,-11.6895733,3.8373821,5.8688912,0.5738218,0.2843113,0.0375793,0.1777346,-0.2588229,-0.1786862,-0.3772140,0.3323916,-0.0180760,-0.0333011,0.0482043,-0.0357921,0.0169059,-0.0036002,-0.0518889,0.0095892,0.1768156,0.7657779,0.9998589,0.0052878,-0.1453982
32.089148883,1791080880.822721720,1,0,-0.1085289,-0.0749254,-0.0060359,10.3750525,-11.9903879,2.5922840,5.5011382,0.4513195,0.4974294,-0.0504521,0.0478144,-0.2835511,-0.1086669,-0.0304506,0.2865032,-0.0182346,-0.0335756,0.0504720,-0.0358169,0.0164108,-0.0024502,-0.0515711,0.0101709,0.1782841,0.7657709,0.9998589,0.0032130,-0.1811683
32.109581305,1791080880.843154430,1,0,-0.0758288,-0.0498852,0.0151454,12.1032372,-12.6213970,3.7623465,5.8772569,0.3526533,0.7480372,-0.1183022,0.1257733,-0.3675858,-0.1017554,0.0928179,0.2685242,-0.0183870,-0.0346608,0.0557324,-0.0359665,0.0154335,0.0007547,-0.0513529,0.0111436,0.1803584,0.7657644,0.9998589,0.0014819,-0.2099977
32.128770163,1791080880.862343073,1,0,-0.0392059,-0.0534965,0.1073801,11.9331017,-13.0839138,4.9100008,4.8563523,0.4793111,0.8664386,-0.2248852,0.2400247,-0.1801959,-0.1266454,0.0256337,0.1774927,-0.0186759,-0.0342458,0.0578781,-0.0360569,0.0151675,-0.0007937,-0.0510343,0.0115051,0.1817046,0.7657574,0.9998589,0.0009366,-0.2268600
32.148973393,1791080880.882546186,1,0,0.0037102,-0.0516331,0.1305071,10.5517054,-13.1674538,4.8726306,4.6696115,0.4896335,0.9134732,-0.2370371,0.2464173,0.0066006,-0.1137498,-0.0850016,0.0844038,-0.0189783,-0.0335347,0.0581822,-0.0361121,0.0152164,-0.0032980,-0.0505981,0.0117957,0.1831348,0.7657464,0.9998589,0.0015582,-0.2417223
32.169096236,1791080880.902668953,1,0,0.0463408,-0.0533123,0.1359985,10.3687115,-11.7480431,5.0331855,4.4581742,0.3880976,0.8499935,-0.1782160,0.0795985,0.0918486,-0.0532424,-0.1057062,-0.0234856,-0.0193692,-0.0327823,0.0578927,-0.0361909,0.0162211,-0.0064724,-0.0501077,0.0121330,0.1848417,0.7657355,0.9998589,0.0018576,-0.2684298
32.189744090,1791080880.923317671,1,0,0.0729526,-0.0692979,0.0998940,10.8016768,-9.1129160,5.9440947,4.8171191,0.3140978,0.7720052,-0.1258356,-0.0408181,-0.0186185,-0.0308066,-0.0249638,-0.0263423,-0.0199706,-0.0322294,0.0579213,-0.0363862,0.0184346,-0.0102597,-0.0495735,0.0126510,0.1868459,0.7657286,0.9998589,0.0007523,-0.3089790
32.209369027,1791080880.942942142,1,0,0.1101193,-0.0875175,0.0789959,11.6178713,-6.2336750,6.3687677,4.5248446,0.2892484,0.7845700,-0.0812404,-0.1463261,-0.1343900,-0.0030172,0.0617188,-0.0446243,-0.0210053,-0.0303566,0.0560874,-0.0365467,0.0222096,-0.0175293,-0.0485551,0.0134427,0.1899251,0.7657138,0.9998589,-0.0010950,-0.3598826
32.228456281,1791080880.962029219,0,0,0.1445968,-0.1009773,0.0989681,11.6195326,-3.5781360,6.0959830,3.8752139,0.4762606,0.7122358,-0.0845925,-0.2190096,-0.0995255,0.0154540,0.1469096,-0.0931195,-0.0220443,-0.0278634,0.0560297,-0.0367306,0.0261936,-0.0257331,-0.0474604,0.0142192,0.1927863,0.7657014,0.9998589,-0.0028206,-0.4022417
32.249439219,1791080880.983012199,0,0,0.1832381,-0.0805893,0.0707168,2.9589713,-1.1912384,4.8044996,3.0951612,0.5492779,0.5703788,-0.1043560,-0.1760014,0.0607770,-0.0452429,0.1070880,-0.1301700,-0.0232151,-0.0245765,0.0558764,-0.0370211,0.0291535,-0.0337304,-0.0460890,0.0149954,0.1945867,0.7656893,0.9998589,-0.0035718,-0.4244659
32.268782386,1791080881.002355099,0,0,0.2062974,0.0302008,0.0125234,-1.1242940,4.5348845,5.0384388,2.2008817,0.4172105,0.5351608,-0.0828574,-0.0641993,0.0949548,-0.0714723,0.0172479,-0.1648917,-0.0248792,-0.0192849,0.0554518,-0.0373420,0.0298009,-0.0422828,-0.0434591,0.0160648,0.1949429,0.7656726,0.9998589,-0.0028002,-0.4101349
32.289551606,1791080881.023124456,0,0,0.2254825,0.0401114,-0.0504086,-3.9003427,-0.4099827,4.7738180,1.3780278,0.3176930,0.5849012,-0.0717765,-0.0489333,0.0522341,-0.1014628,-0.0790623,-0.1313377,-0.0274912,-0.0126976,0.0564494,-0.0379719,0.0291511,-0.0517814,-0.0391536,0.0181107,0.1957442,0.7656424,0.9998589,-0.0030640,-0.3874994
32.308881929,1791080881.042454958,0,1,0.2052460,-0.0082059,-0.1175059,-5.9153256,6.1341953,4.4574876,1.6732572,0.2863339,0.5783556,-0.1108569,-0.2278269,0.0058265,-0.1358117,-0.1756631,-0.1189192,-0.0303495,-0.0101778,0.0667786,-0.0392837,0.0288219,-0.0568012,-0.0349198,0.0223849,0.1956269,0.7655962,0.9998589,-0.0063265,-0.3868270
32.328632010,1791080881.062204599,0,1,0.2033805,-0.0440280,-0.1278482,-7.4196653,7.4609251,4.4987683,2.2231011,0.1651061,0.5048846,-0.2006640,-0.5372710,-0.0467920,-0.1757204,-0.3967856,-0.1377232,-0.0330361,-0.0074541,0.0682902,-0.0409998,0.0293191,-0.0596575,-0.0299567,0.0277568,0.1944932,0.7655326,0.9998589,-0.0112549,-0.3931488
32.350852222,1791080881.084425211,0,1,0.2357364,-0.0188166,-0.1460151,-8.0966177,9.1333427,5.0422835,3.3261805,0.2205373,0.4884833,-0.2094001,-0.5140760,-0.1906025,-0.1784512,-0.5731701,0.0025920,-0.0330681,-0.0088203,0.0498520,-0.0431032,0.0282964,-0.0463233,-0.0213429,0.0356099,0.1882895,0.7654356,0.9998589,-0.0164348,-0.3973151
32.367757470,1791080881.101330757,0,0,0.2656626,-0.0026353,-0.0904382,-9.5807276,9.9376249,4.7975578,2.8405709,0.3963848,0.3624920,-0.2049902,-0.5424670,0.0025177,-0.1633772,-0.5039579,0.1524105,-0.0318408,-0.0035776,0.0497996,-0.0442034,0.0276470,-0.0443802,-0.0125903,0.0410767,0.1808263,0.7653321,0.9998589,-0.0204003,-0.3888953
32.388259033,1791080881.121832132,0,0,0.2882334,0.0167344,-0.0759636,-11.7787638,4.3481836,4.0881190,2.6524613,0.5128804,0.1092601,-0.0655690,-0.2321584,0.0466710,-0.0151931,-0.3088001,0.2111788,-0.0283184,0.0004262,0.0380873,-0.0456891,0.0267635,-0.0381196,-0.0023706,0.0468807,0.1678329,0.7652146,0.9998589,-0.0235964,-0.3729915
32.407729232,1791080881.141302347,0,0,0.2516503,0.0472101,-0.1412345,-12.4424200,1.9392743,3.9818220,2.2161853,0.6450229,0.1291415,-0.0289267,-0.1815665,-0.0890492,0.0216236,-0.2670481,0.1699258,-0.0179763,-0.0046789,-0.0034645,-0.0454655,0.0215690,0.0051315,0.0123907,0.0539835,0.1310755,0.7650992,0.9998589,-0.0274480,-0.3419392
32.430732576,1791080881.164305449,0,0,0.2413469,0.0733975,-0.1311686,-13.2507963,0.8380319,4.4973903,3.2123766,0.6684313,0.1791255,-0.0395837,-0.2147101,-0.1119887,0.0127801,-0.2983217,0.0649385,-0.0062120,-0.0062650,0.0236802,-0.0420675,0.0153829,0.0455554,0.0270031,0.0581536,0.1049290,0.7650010,0.9998589,-0.0306638,-0.2942360
32.448898186,1791080881.182470798,0,1,0.2401007,0.0679068,-0.0697081,-12.9087400,1.0617657,5.0975170,0.9509251,0.6527343,0.4139198,-0.0511900,-0.1555662,-0.1771401,-0.0236988,-0.3606137,0.0409171,0.0025975,-0.0018563,0.0133100,-0.0390072,0.0106867,0.0658047,0.0376891,0.0603329,0.1150150,0.7648032,0.9998589,-0.0309351,-0.2340712
32.470779028,1791080881.204351902,0,0,0.2346809,0.0241613,-0.0962207,-11.7788239,0.8919844,5.7843337,-6.9225688,0.6802721,0.5851665,-0.0094707,-0.0185483,-0.2321016,-0.0922605,-0.2496621,-0.0519712,0.0107285,0.0023806,-0.0023066,-0.0350530,0.0062463,0.0836155,0.0456320,0.0607336,0.1322158,0.7645416,0.9998589,-0.0306195,-0.1844703
32.490984292,1791080881.224557161,0,0,0.2293607,-0.0039469,-0.0194388,-10.4312162,1.4898171,6.0347962,-10.2908659,0.6522845,0.7853506,-0.0213612,0.0895353,-0.2447196,-0.0929670,0.1260301,-0.0692681,0.0146143,0.0097279,0.0068704,-0.0328794,0.0037523,0.0848366,0.0506150,0.0609888,0.1380939,0.7643384,0.9998589,-0.0285792,-0.1542265
32.510593504,1791080881.244166374,0,1,0.1990457,-0.0788026,0.1828876,-10.4437895,0.3707337,5.7346287,-10.0980902,0.5562082,0.8888081,-0.1908124,0.1940930,-0.1089348,-0.2066829,0.2911735,-0.0535037,0.0140750,0.0170630,0.0112112,-0.0328149,0.0061518,0.0681029,0.0524164,0.0609696,0.1323711,0.7642147,0.9998589,-0.0274436,-0.1395256
32.530813521,1791080881.264386892,0,1,0.1785323,-0.1025108,0.1878397,-8.9066086,7.2062197,6.9023800,-11.1118240,0.6030210,0.7856239,-0.2139698,0.3024917,-0.1308570,-0.2215016,0.4040496,-0.0416530,0.0133092,0.0232107,0.0142149,-0.0329035,0.0094586,0.0533951,0.0536581,0.0608921,0.1288433,0.7640992,0.9998589,-0.0264371,-0.1412333
32.547643246,1791080881.281215906,0,1,0.1673958,-0.1027526,0.1619943,-8.8356419,8.3004389,6.5875602,-11.1613922,0.5938898,0.7052317,-0.1170263,0.5994771,-0.2675178,-0.2979663,0.4055035,-0.0958351,0.0125321,0.0304468,0.0178666,-0.0329451,0.0122092,0.0401102,0.0552348,0.0607312,0.1254321,0.7639666,0.9998589,-0.0251208,-0.1422593
32.567498739,1791080881.301071882,0,1,0.1124088,-0.0920647,0.0475767,-8.0426502,9.2889833,6.5656104,-10.0869856,0.5958092,0.6961648,0.1061189,0.7688389,-0.8865926,-0.4131098,0.3253655,-0.1114561,0.0129017,0.0374773,0.0202126,-0.0326357,0.0136227,0.0348068,0.0577577,0.0601175,0.1243298,0.7638549,0.9998589,-0.0243221,-0.1430229
32.590696169,1791080881.324268818,0,1,0.0900754,-0.0383231,0.0412113,-5.7471204,1.6044140,4.4344416,-11.1733446,0.6150911,1.0683050,0.0077298,0.7493765,-1.1897538,-0.4055338,0.0386520,-0.1099311,0.0137116,0.0423551,0.0056443,-0.0317998,0.0143606,0.0369900,0.0605453,0.0590980,0.1281745,0.7637474,0.9998589,-0.0230904,-0.1406018
32.609003609,1791080881.342576265,1,1,0.1225507,-0.0665287,0.1852680,-3.9741738,6.0925951,3.0474477,-5.1344285,0.7257544,0.9401066,0.0142339,0.7962195,-0.9379695,-0.3201097,-0.1390687,0.1293103,0.0133200,0.0452704,0.0087631,-0.0317913,0.0168081,0.0287044,0.0614323,0.0586383,0.1249565,0.7636179,0.9998589,-0.0223116,-0.1543371
32.629077828,1791080881.362650871,1,1,0.2045290,-0.0539302,0.2871777,5.1641188,6.2180052,3.6959491,-0.9202517,0.7129100,0.7764419,-0.1474793,0.5460234,-0.2460844,-0.1931423,-0.2087797,0.2233163,0.0125948,0.0487919,0.0102037,-0.0320015,0.0196320,0.0204350,0.0620347,0.0584571,0.1204853,0.7635213,0.9998589,-0.0210756,-0.1648766
32.649097902,1791080881.382670403,1,1,0.3472934,-0.0452513,0.1352499,7.0095367,7.4219246,0.6375477,0.8368914,0.2566129,0.5586182,-0.0246076,0.1747296,0.0328400,-0.0747768,-0.0471888,0.3611157,0.0101135,0.0551671,0.0120181,-0.0322246,0.0246003,-0.0010596,0.0640569,0.0572590,0.1055133,0.7633995,0.9998589,-0.0189864,-0.1615888
32.671513674,1791080881.405086756,0,1,0.2947169,-0.0529626,-0.1091935,9.2966633,9.3045340,-0.8136963,0.6790721,0.1759755,0.5208579,0.0111835,0.1000515,-0.1304602,0.0549978,-0.1690691,0.3359941,0.0149198,0.0578207,-0.0027679,-0.0288667,0.0274861,0.0042834,0.0685900,0.0489938,0.0834510,0.7632426,0.9998589,-0.0163635,-0.1540925
32.693963943,1791080881.427537203,1,1,0.2652491,0.0290646,-0.0793914,1.6638253,9.5544615,-1.7819657,3.0786304,0.3076630,0.6494077,-0.0382887,0.0486103,-0.0890488,0.0362684,-0.3167875,0.1626948,0.0172973,0.0611821,-0.0006832,-0.0273391,0.0268482,0.0027154,0.0712686,0.0426851,0.0766996,0.7631150,0.9998589,-0.0148908,-0.1113058
32.710888455,1791080881.444461346,1,1,0.2597975,0.0479930,-0.0122242,7.2223101,9.0459499,-3.1458347,3.2593989,0.3218057,0.5148813,-0.0346994,0.0298044,0.0781508,0.0396389,-0.4017650,0.1089958,0.0169283,0.0651193,0.0023873,-0.0271773,0.0273820,-0.0095581,0.0730463,0.0388926,0.0714324,0.7630113,0.9998589,-0.0147972,-0.0562580
32.729906031,1791080881.463478804,1,1,0.2092090,0.0003875,-0.1187884,7.6263561,9.2504063,-7.1476593,2.9858823,0.4044885,0.5568398,-0.0445356,-0.0364606,0.0937605,0.0264319,-0.3495288,0.0485390,0.0181973,0.0662387,-0.0028259,-0.0256523,0.0275067,-0.0079544,0.0738548,0.0330070,0.0831273,0.7628443,0.9998589,-0.0162482,-0.0387847
32.749928953,1791080881.483501911,1,1,0.1845772,-0.0198145,-0.1408368,9.4470043,9.5216560,-5.8504791,3.3131127,0.3831241,0.7174194,-0.0811635,-0.1624343,0.1304868,0.0169453,-0.2268032,0.0006692,0.0209049,0.0651860,-0.0180147,-0.0226902,0.0271969,0.0032608,0.0733903,0.0272472,0.1146907,0.7627434,0.9998589,-0.0177772,-0.0356113
32.771450102,1791080881.505023241,1,1,0.2240403,0.0260611,-0.0572999,10.2869024,9.4994202,-8.0941935,4.0673552,0.4738514,0.8130895,-0.1237818,-0.2127417,0.2455283,0.0416676,-0.0193523,0.0430723,0.0216249,0.0656857,-0.0174922,-0.0214992,0.0284299,0.0009795,0.0736389,0.0239358,0.1183914,0.7626518,0.9998589,-0.0184877,-0.0433182
32.792463746,1791080881.526036501,1,1,0.2613379,0.0473699,-0.0868222,9.8009176,9.0031357,-8.2872782,3.8068595,0.5971728,0.6857597,-0.1111988,-0.2574571,0.3370819,0.0397483,-0.0095981,-0.0683765,0.0231280,0.0654944,-0.0224567,-0.0198949,0.0304583,0.0039813,0.0732207,0.0194967,0.1279323,0.7625412,0.9998589,-0.0192800,-0.0547303
32.810740849,1791080881.544313669,1,1,0.2528857,0.0854378,-0.0782157,9.6536560,8.8509483,-7.4022994,3.2642841,0.6072015,0.7216516,-0.1293110,-0.2910789,0.4251104,0.0059851,-0.0353307,-0.0905712,0.0246997,0.0649305,-0.0256244,-0.0183023,0.0315167,0.0096459,0.0720758,0.0158471,0.1450381,0.7624647,0.9998589,-0.0198510,-0.0588489
32.830980002,1791080881.564552546,1,1,0.2554290,0.0930234,-0.0625950,9.8429785,8.9796476,-8.2051954,3.3909566,0.5344404,0.6805432,-0.1334574,-0.2948367,0.4788967,-0.0097733,-0.0047173,-0.1347145,0.0263235,0.0640891,-0.0228089,-0.0167508,0.0326019,0.0149204,0.0701320,0.0124195,0.1564047,0.7623857,0.9998589,-0.0204722,-0.0675786
32.850734563,1791080881.584307432,1,1,0.2533637,0.0973312,-0.0852287,10.1755705,9.2006350,-8.8573589,4.0164075,0.5007102,0.5328661,-0.0836707,-0.3007800,0.2809258,0.0002635,0.0391996,-0.1791093,0.0293219,0.0611870,-0.0182847,-0.0146705,0.0327474,0.0267356,0.0656944,0.0082163,0.1678040,0.7622703,0.9998589,-0.0203833,-0.0749087
32.871321377,1791080881.604894161,1,1,0.2652634,0.0989224,-0.0705793,10.7061777,9.7047005,-9.0101328,4.2980690,0.5427091,0.4966743,-0.0876483,-0.3541055,0.2311121,0.0334403,0.0662539,-0.2259648,0.0325392,0.0572974,-0.0097592,-0.0123813,0.0328168,0.0383188,0.0595782,0.0042800,0.1784987,0.7621748,0.9998589,-0.0198639,-0.0756397
32.890632978,1791080881.624205589,1,1,0.2720884,0.0830944,-0.0210586,10.6919889,9.7183447,-9.3631105,3.9853849,0.5721782,0.5802122,-0.1284318,-0.3230720,0.3379814,0.0935404,0.0709682,-0.1888065,0.0347122,0.0541139,0.0011486,-0.0107423,0.0335237,0.0428443,0.0537029,0.0010328,0.1866710,0.7621005,0.9998589,-0.0193178,-0.0757965
32.910714206,1791080881.644286871,1,1,0.2536907,0.0617188,-0.0058994,10.3461905,9.6109104,-10.4848089,4.2153635,0.6041428,0.5687818,-0.1768876,-0.4499286,0.3759722,0.1760138,0.1225990,-0.2451471,0.0363637,0.0508390,0.0051087,-0.0096819,0.0346648,0.0451128,0.0479377,-0.0014765,0.1947195,0.7620455,0.9998589,-0.0186627,-0.0802635
32.929550400,1791080881.663123369,1,1,0.2151780,0.0590837,-0.0155339,10.2728319,9.5852470,-11.4073267,4.3811946,0.6650262,0.5209705,-0.1495650,-0.5551321,0.2085274,0.2166017,0.0772746,-0.2977264,0.0381149,0.0463913,0.0065074,-0.0089497,0.0353490,0.0492313,0.0416685,-0.0034840,0.2015952,0.7620049,0.9998589,-0.0180380,-0.0868065
32.949121499,1791080881.682694197,1,1,0.2008306,0.0527097,-0.0084739,10.4934654,9.4795494,-11.1596498,4.4029107,0.6642001,0.4868988,-0.1622805,-0.6711718,0.2447976,0.2646863,-0.0064445,-0.3145262,0.0395905,0.0415580,0.0124522,-0.0085974,0.0364775,0.0518540,0.0359420,-0.0052149,0.2066676,0.7619722,0.9998589,-0.0175107,-0.0968364
32.972774657,1791080881.706347704,1,1,0.1964586,0.0374814,0.0202436,10.4609451,8.8617821,-11.7444344,4.9706826,0.6640909,0.4537568,-0.0970741,-0.8645521,0.1358074,0.3098378,-0.0729270,-0.3083279,0.0406417,0.0380792,0.0156463,-0.0086241,0.0384317,0.0501131,0.0313560,-0.0063066,0.2109261,0.7619480,0.9998589,-0.0169583,-0.1101889
32.990863433,1791080881.724436283,1,1,0.1914595,0.0301692,0.0353064,10.5450783,8.0184679,-13.0689087,5.3633986,0.6394625,0.4425625,-0.0255264,-0.9891536,-0.1236158,0.3870398,-0.0650183,-0.3058208,0.0414267,0.0358076,0.0218902,-0.0086379,0.0414208,0.0458275,0.0278620,-0.0072518,0.2129207,0.7619328,0.9998589,-0.0166214,-0.1282892
33.010043126,1791080881.743616104,1,0,0.1807623,0.0333926,0.0526130,10.8816767,6.2004418,-11.1419668,5.6684222,0.5885335,0.5265158,-0.0867970,-1.0802441,-0.1964545,0.4055305,-0.0912996,-0.2401192,0.0421440,0.0349403,0.0271023,-0.0085381,0.0438552,0.0395054,0.0252026,-0.0076968,0.2155048,0.7619120,0.9998589,-0.0159121,-0.1372539
33.031503921,1791080881.765076876,1,0,0.1773534,0.0491952,0.1050880,11.3140182,-3.8868093,-6.1690087,6.5080843,0.5696435,0.6398217,-0.1863430,-1.1130954,-0.2796291,0.2941003,-0.2097234,-0.2422295,0.0426193,0.0355363,0.0340838,-0.0085195,0.0456580,0.0309049,0.0232023,-0.0078853,0.2185213,0.7618886,0.9998589,-0.0151968,-0.1444133
33.051395735,1791080881.784968615,1,0,0.1643875,0.0680292,0.1334534,11.5651512,-7.7651477,-7.0574341,6.2647586,0.6144332,0.5570550,-0.2210527,-0.5340906,-0.1677862,0.1142954,-0.3266976,-0.1661977,0.0429226,0.0371968,0.0386344,-0.0084013,0.0470903,0.0216763,0.0215367,-0.0081098,0.2224053,0.7618515,0.9998589,-0.0142223,-0.1368935
33.071191769,1791080881.804764748,1,0,0.1748424,0.0841096,0.1335311,10.6739893,-8.9987144,-2.3373311,5.8270435,0.6101358,0.4361498,-0.1568635,-0.2310271,-0.0585389,0.0010598,-0.4737593,-0.0655435,0.0431504,0.0389986,0.0409078,-0.0082162,0.0481002,0.0122629,0.0200178,-0.0082348,0.2270351,0.7618024,0.9998589,-0.0130173,-0.1207222
33.091900891,1791080881.825474262,0,0,0.1713095,0.0530706,0.0617636,10.1016855,-9.6183472,-0.6205246,5.6188025,0.6419927,0.4615638,-0.2291922,-0.3427103,-0.1548705,-0.1191439,-0.7349981,-0.0499046,0.0439770,0.0380086,0.0387419,-0.0075676,0.0484759,0.0061413,0.0163963,-0.0080674,0.2332052,0.7617467,0.9998589,-0.0123396,-0.1122239
33.110584407,1791080881.844157219,1,0,0.2240020,0.0123322,-0.0042994,3.3150933,-10.4902821,7.0617089,4.7976093,0.6151630,0.3669679,-0.1938314,-0.4534818,-0.2349899,-0.1191440,-0.6349341,-0.0280855,0.0471821,0.0285257,0.0307635,-0.0059757,0.0490294,0.0081243,0.0072292,-0.0060929,0.2386853,0.7617085,0.9998589,-0.0118236,-0.1219607
33.131690054,1791080881.865262747,1,0,0.2378313,-0.0374998,-0.0074444,9.4417486,-10.9299688,3.8471463,5.8163218,0.7987345,0.4335157,-0.1161489,-0.3740160,-0.3762490,-0.0797626,-0.5351871,-0.0081804,0.0507804,0.0124447,0.0375585,-0.0032310,0.0514851,0.0203202,-0.0039222,-0.0045899,0.2381557,0.7617300,0.9998590,-0.0115786,-0.1645606
33.149757134,1791080881.883330107,1,0,0.2313124,-0.0267381,0.0439250,10.7696161,-11.3606119,4.0215893,5.1792026,0.8358287,0.4717236,-0.0614492,-0.2076411,-0.3958873,-0.0250365,-0.4491823,-0.0266515,0.0529762,0.0062533,0.0455339,-0.0012412,0.0544750,0.0189527,-0.0108360,-0.0039407,0.2373426,0.7617524,0.9998590,-0.0107477,-0.2091333
33.171541236,1791080881.905114412,1,0,0.1989780,-0.0273989,0.0758887,11.1110592,-9.6359806,4.7771635,4.6764340,0.7968267,0.5590100,-0.0375671,-0.1661618,-0.3879288,0.0189331,-0.3309692,-0.0090456,0.0537403,0.0071589,0.0488003,-0.0005349,0.0585864,0.0073900,-0.0139986,-0.0034185,0.2393536,0.7617751,0.9998590,-0.0096015,-0.2555635
33.190591165,1791080881.924164057,1,0,0.1927699,-0.0156414,0.1110537,11.5267544,-8.0221453,4.4252877,4.4311395,0.8224133,0.5282201,-0.0083161,-0.2250969,-0.3738075,0.0409584,-0.1988200,0.0276673,0.0539989,0.0111021,0.0501490,-0.0003226,0.0634225,-0.0070450,-0.0158091,-0.0030080,0.2405429,0.7617889,0.9998590,-0.0085274,-0.3021616
33.212251871,1791080881.945825100,1,0,0.2015139,-0.0304272,0.0948931,11.3907194,-2.7802892,5.0011883,3.9028623,0.8387066,0.4728685,-0.0259873,-0.3530487,-0.3571500,0.0743573,-0.1111785,0.1263730,0.0539421,0.0167337,0.0502710,-0.0002954,0.0689536,-0.0225253,-0.0170839,-0.0028208,0.2418218,0.7618245,0.9998590,-0.0073319,-0.3489070
33.230708979,1791080881.964282036,0,0,0.1984204,-0.0073362,0.0617113,3.6644948,-3.7280302,5.0769086,3.1668723,0.8477185,0.4736282,0.0079704,-0.2763011,-0.3811018,0.0808727,-0.0299936,0.1314601,0.0543650,0.0211944,0.0495072,-0.0002245,0.0715239,-0.0339023,-0.0198216,-0.0029677,0.2405322,0.7618338,0.9998590,-0.0063509,-0.3732071
33.253243987,1791080881.986817360,0,0,0.1927116,0.0558536,0.0853756,0.3642089,-1.9012446,5.3691735,2.7803569,0.8711489,0.4554523,-0.0253650,-0.0899257,-0.2466893,0.0554628,-0.0287977,0.1685474,0.0538650,0.0281060,0.0522046,-0.0006115,0.0727127,-0.0483284,-0.0203969,-0.0035493,0.2394945,0.7617882,0.9998590,-0.0039564,-0.3778699
33.272433049,1791080882.006005764,0,0,0.1748953,0.0465056,0.0219830,-0.9731081,-1.9592781,6.6003127,2.9132671,0.8638861,0.4278377,0.0115095,-0.0624399,-0.2580123,0.0358659,-0.0193596,0.2463017,0.0533111,0.0344623,0.0527443,-0.0011505,0.0727122,-0.0618805,-0.0216156,-0.0042088,0.2378690,0.7617087,0.9998590,-0.0023899,-0.3746346
33.292786243,1791080882.026359320,0,0,0.1474256,0.0293347,-0.0200546,-1.7727778,-3.0306301,6.8335052,4.2552304,0.8816378,0.4984150,0.0201100,-0.0785574,-0.3083530,-0.0015514,-0.0910182,0.2977802,0.0528057,0.0372047,0.0519153,-0.0020582,0.0733632,-0.0696210,-0.0238120,-0.0044458,0.2352331,0.7616748,0.9998590,-0.0018738,-0.3852393
33.313290322,1791080882.046863317,0,0,0.1864936,0.0217236,-0.0142051,-2.5680835,-2.9127865,6.5760274,3.8673482,0.8168433,0.5894592,0.0137827,-0.1085887,-0.3112081,-0.0114609,-0.0654539,0.2961569,0.0521870,0.0392946,0.0483872,-0.0029146,0.0746165,-0.0772273,-0.0263975,-0.0046855,0.2318741,0.7616479,0.9998590,-0.0014051,-0.4009365
33.332869508,1791080882.066442728,0,0,0.1924316,0.0288212,0.0230171,-5.0176716,-3.7199507,7.0363364,3.8036575,0.7285944,0.6879541,-0.0452017,-0.0791553,-0.3173415,-0.0551473,-0.1095342,0.3676452,0.0513539,0.0433880,0.0456898,-0.0036020,0.0755657,-0.0893298,-0.0275997,-0.0051189,0.2292335,0.7615738,0.9998590,-0.0004308,-0.4028937
33.355286799,1791080882.088860273,0,0,0.1914387,0.0313549,0.0179675,-5.9793930,-3.8152933,6.6728959,3.6955924,0.6492891,0.7764007,-0.1305953,-0.1281329,-0.3759571,-0.1583274,-0.1993948,0.4290037,0.0501803,0.0474181,0.0403033,-0.0041191,0.0755787,-0.0992932,-0.0285369,-0.0058202,0.2260037,0.7614596,0.9998590,0.0005300,-0.3937861
33.372576216,1791080882.106149435,0,0,0.2017930,0.0234970,-0.0170618,-6.9295502,-4.0181775,6.9715352,3.5166817,0.5975317,0.8151560,-0.1109838,-0.2378790,-0.5772988,-0.2205325,-0.3158588,0.3955033,0.0486033,0.0460851,0.0277872,-0.0040816,0.0742122,-0.0985922,-0.0313956,-0.0074512,0.2176182,0.7613105,0.9998590,0.0006679,-0.3856773
33.392982147,1791080882.126555204,0,0,0.2094589,0.0176822,-0.0081859,-8.2890167,-4.4246244,6.6844683,3.8674440,0.5548208,0.7199420,-0.0675551,-0.3032751,-0.5801973,-0.2230377,-0.4265299,0.3277149,0.0460602,0.0431106,0.0147572,-0.0041477,0.0728906,-0.0963375,-0.0331935,-0.0094945,0.2063499,0.7611398,0.9998590,0.0004665,-0.3811719
33.412040164,1791080882.145613909,0,0,0.1906440,0.0287015,-0.0087373,-9.4549246,-5.0224385,6.4481101,3.7790561,0.4976285,0.7166710,-0.0839347,-0.2253841,-0.5233419,-0.1993762,-0.4538163,0.2591646,0.0430183,0.0393922,0.0025993,-0.0043250,0.0715148,-0.0957744,-0.0334665,-0.0111591,0.1968383,0.7609869,0.9998590,0.0005592,-0.3758935
33.432848445,1791080882.166422129,0,0,0.1744853,0.0308782,-0.0334897,-9.8852358,-4.7650037,6.3600936,3.6152430,0.4690220,0.6421690,-0.0598484,-0.0981726,-0.3960762,-0.1352670,-0.3815952,0.1864939,0.0391304,0.0345516,-0.0100430,-0.0046003,0.0698131,-0.0916700,-0.0326533,-0.0130990,0.1864960,0.7608329,0.9998590,0.0004609,-0.3730877
33.453482576,1791080882.187055349,0,0,0.1645723,0.0185568,-0.0174842,-10.4073496,-4.5597515,6.6069379,2.9710817,0.4568411,0.5716133,-0.0346330,-0.0621708,-0.3322042,-0.0541442,-0.3093962,0.1754725,0.0347381,0.0310383,-0.0171403,-0.0056907,0.0686852,-0.0894213,-0.0306496,-0.0145307,0.1774573,0.7606902,0.9998590,0.0001937,-0.3702078
33.472752215,1791080882.206325054,0,0,0.1513859,0.0079554,0.0040454,-11.3026667,-4.7267113,6.8298063,2.8317702,0.4895014,0.5845985,-0.0232380,-0.0564887,-0.3088171,-0.0027955,-0.2633565,0.1403294,0.0305326,0.0293302,-0.0199784,-0.0070320,0.0682412,-0.0896511,-0.0283738,-0.0152798,0.1711837,0.7605435,0.9998590,-0.0002586,-0.3673229
33.492863641,1791080882.226436615,0,1,0.1690369,0.0335801,0.0950406,-12.2113867,4.0183620,6.1189833,2.4854124,0.5534917,0.3816586,-0.0260855,-0.0588831,-0.2071306,0.0101491,-0.2739881,0.1055111,0.0266612,0.0381183,-0.0162949,-0.0097078,0.0693866,-0.1036129,-0.0253628,-0.0156512,0.1664941,0.7603503,0.9998590,0.0006406,-0.3486815
33.512817654,1791080882.246390581,0,1,0.1537526,0.0628610,0.0729937,-12.5044136,5.6160917,5.2872500,3.2719905,0.6083599,0.3141118,-0.0344430,0.0008041,-0.0911218,0.0113157,-0.3053756,0.0706338,0.0233763,0.0457365,-0.0135463,-0.0114599,0.0699164,-0.1153351,-0.0233881,-0.0161300,0.1642945,0.7600778,0.9998590,0.0018943,-0.3213032
33.532893816,1791080882.266466618,0,1,0.1362815,0.0567790,-0.1489517,-11.4458618,6.3121414,6.3827085,3.6622481,0.7740874,0.4639133,-0.0281122,0.0624582,-0.3182075,-0.0105835,-0.3439663,0.0292644,0.0146699,0.0383610,-0.0104416,-0.0131741,0.0654461,-0.0981228,-0.0188077,-0.0205254,0.1517295,0.7597055,0.9998590,0.0006614,-0.2879252
33.553096829,1791080882.286669731,0,1,0.1368477,0.0523895,-0.1277449,-11.3846798,7.7604704,6.4469571,5.1405015,0.8088279,0.7010376,-0.0942129,0.1296898,-0.4336105,-0.0975127,-0.4752472,0.0383503,0.0063129,0.0326139,-0.0137115,-0.0143860,0.0609199,-0.0822815,-0.0126453,-0.0225553,0.1388705,0.7592368,0.9998590,-0.0006337,-0.2408139
33.571956407,1791080882.305529594,0,1,0.1659648,0.0432233,-0.0245697,-10.8659945,9.4490280,5.5099430,-5.4017525,0.8285428,0.8539494,-0.1412478,0.2514607,-0.2912761,-0.1764286,-0.2334934,0.1702330,0.0006866,0.0356536,-0.0126096,-0.0165168,0.0587024,-0.0902564,-0.0091603,-0.0226019,0.1341392,0.7587612,0.9998590,-0.0001960,-0.1934783
33.593768528,1791080882.327341557,0,1,0.2723727,0.0230866,0.0015682,-10.2054834,11.0737228,5.7310863,-8.7355337,0.8187965,0.8356638,-0.2054209,0.6095154,0.0198232,-0.2830749,0.2757742,0.0517059,-0.0077869,0.0426578,-0.0110568,-0.0193015,0.0563894,-0.1026566,-0.0038954,-0.0231614,0.1263722,0.7582059,0.9998590,0.0005661,-0.1426581
33.612570792,1791080882.346143723,0,1,0.2967730,-0.0353488,0.1124857,-8.2022276,10.8171434,5.2515693,-10.0721693,0.7393677,0.8800919,-0.3738528,0.8085285,0.6390751,-0.3098004,0.4690629,0.0443427,-0.0138344,0.0536759,-0.0092568,-0.0216907,0.0559513,-0.1154550,-0.0001836,-0.0233963,0.1194015,0.7576205,0.9998590,0.0010280,-0.1021637
33.632659626,1791080882.366232634,0,1,0.2723442,-0.0478083,0.1060392,-6.1140108,10.5172729,4.8747568,-10.0652590,0.8052386,0.9390008,-0.4278424,0.8300859,0.6324874,-0.2835928,0.4465356,0.0672351,-0.0196306,0.0615851,-0.0078733,-0.0241942,0.0565000,-0.1263576,0.0031834,-0.0232833,0.1134740,0.7572426,0.9998590,0.0013958,-0.0903134
33.653689673,1791080882.387262583,0,1,0.2376196,-0.0325459,0.0206609,-6.6760263,10.5413284,4.4554753,-8.9314642,0.7940645,1.0554429,-0.4371243,0.8373980,0.2827472,-0.2565809,0.4717861,-0.0966321,-0.0272846,0.0626046,-0.0075500,-0.0265606,0.0564924,-0.1288446,0.0077559,-0.0224018,0.1083020,0.7570471,0.9998590,0.0015652,-0.0997654
33.672474817,1791080882.406047583,0,1,0.1939798,-0.0498748,0.0045367,-5.1934066,10.6131563,4.1249766,-10.4229908,0.7325463,1.1016481,-0.5358689,0.8595440,0.3828552,-0.3211339,0.2953514,-0.0851969,-0.0336740,0.0617787,-0.0091827,-0.0278148,0.0568601,-0.1259724,0.0120343,-0.0208083,0.1040730,0.7569795,0.9998590,0.0007629,-0.1226397
33.694541218,1791080882.428114176,1,1,0.1538574,-0.0142325,-0.0144653,-3.4112365,9.0796385,2.9880137,-10.6124573,0.7514376,1.1392357,-0.5408462,0.8632864,0.0670151,-0.3387100,0.0353085,0.0205494,-0.0385826,0.0592385,-0.0111356,-0.0282964,0.0567973,-0.1198642,0.0161636,-0.0183938,0.1020370,0.7569860,0.9998590,0.0008383,-0.1458692
33.715707494,1791080882.449280262,1,1,0.2261749,-0.0615448,0.0409129,6.1090860,7.4402494,3.1639593,-5.8066463,0.7262539,1.0096215,-0.2701776,0.4297991,-0.0207021,-0.1890432,-0.0346251,0.2309994,-0.0435195,0.0568499,-0.0122100,-0.0267505,0.0570585,-0.1149730,0.0215513,-0.0167802,0.0936281,0.7569996,0.9998590,0.0008456,-0.1758527
33.734347737,1791080882.467920303,1,1,0.2676080,-0.0761340,-0.0253320,9.7348413,8.0886211,2.2704527,-2.4232807,0.5496126,1.0103755,-0.0658015,0.1834430,-0.0345921,-0.0375779,-0.0249452,0.2484911,-0.0481451,0.0522001,-0.0113028,-0.0259497,0.0578969,-0.1063530,0.0302993,-0.0135124,0.0830637,0.7570189,0.9998590,0.0014638,-0.2017997
33.756776486,1791080882.490349531,1,1,0.2600304,-0.1205008,-0.1255377,10.3501616,9.1831102,-0.3364403,2.5779123,0.3132383,0.8489853,-0.0556820,0.1798697,-0.1230512,0.0650860,-0.0449503,0.3680949,-0.0491106,0.0396751,-0.0070674,-0.0262466,0.0576974,-0.0726993,0.0420982,-0.0060443,0.0886314,0.7570251,0.9998590,0.0021558,-0.2106224
33.774950154,1791080882.508523226,1,1,0.3363717,-0.0549060,-0.0178909,10.0874338,10.3765297,-4.4188237,2.7757545,0.2836727,0.5849566,-0.0246015,0.1941932,-0.1578814,0.0855771,-0.2099206,0.3159628,-0.0521719,0.0322959,0.0014451,-0.0280249,0.0555278,-0.0448889,0.0585555,0.0025231,0.1051465,0.7570222,0.9998590,0.0041380,-0.1772525
33.795284179,1791080882.528856993,1,1,0.3465478,0.0165424,0.0788733,9.2205858,8.5324888,-9.9264393,3.5632167,0.2162252,0.5701537,-0.0086907,0.1447771,-0.0976752,0.0956156,-0.0612390,0.2517043,-0.0564134,0.0352282,0.0050543,-0.0289242,0.0536096,-0.0513486,0.0688296,0.0049347,0.1034227,0.7570102,0.9998590,0.0065141,-0.1270151
33.814481113,1791080882.548053980,1,1,0.2370018,-0.0062220,-0.0141353,8.7528486,8.9351721,-11.0048723,3.0370421,0.2281258,0.5980778,-0.0330555,0.1218880,-0.0333500,0.1031575,-0.0145524,0.1943836,-0.0589118,0.0352941,0.0043580,-0.0261573,0.0510359,-0.0480619,0.0755697,0.0086659,0.1110781,0.7569981,0.9998590,0.0070145,-0.1017235
33.834382772,1791080882.567955971,1,1,0.1770222,-0.0382863,-0.0787959,9.9118814,9.6860657,-8.6869564,4.4131169,0.0292388,0.7017483,-0.0887484,0.0155576,-0.0809136,0.1463409,-0.0504653,0.2475648,-0.0563430,0.0313356,-0.0032777,-0.0164406,0.0490668,-0.0281470,0.0798898,0.0169704,0.1481543,0.7569855,0.9998590,0.0066722,-0.0983945
33.857754559,1791080882.591327667,1,1,0.2106974,-0.0081448,-0.0806707,10.5591135,9.4966183,-7.7768154,4.9278622,0.1840439,0.7301494,-0.1148939,-0.0609453,0.0589824,0.1374595,0.0769220,0.1638994,-0.0512181,0.0270215,-0.0059919,-0.0103301,0.0484541,-0.0095351,0.0834992,0.0264765,0.1791237,0.7569808,0.9998590,0.0071938,-0.1017142
33.876858977,1791080882.610431671,1,1,0.2612996,0.0373067,-0.0819366,10.6841002,9.1593657,-9.4068766,4.6658559,0.3951371,0.5838336,-0.0907962,-0.1752144,0.1604423,0.1119079,0.1692610,-0.0007010,-0.0434552,0.0220282,-0.0039430,-0.0059425,0.0475206,0.0105228,0.0873193,0.0370130,0.2042194,0.7569737,0.9998590,0.0078817,-0.0924395
33.897014948,1791080882.630587816,1,1,0.2862016,0.0644142,-0.0648092,10.4953575,9.4081802,-9.2943602,3.9343746,0.4921339,0.4149400,-0.0343126,-0.1529945,0.2078593,0.0267840,0.1446145,-0.1240858,-0.0350249,0.0170869,0.0016840,-0.0024221,0.0469254,0.0288982,0.0894313,0.0466503,0.2282597,0.7569687,0.9998590,0.0085654,-0.0819668
33.916654904,1791080882.650228262,1,1,0.2782469,0.0697109,-0.0398534,9.9723148,9.4409132,-8.9091043,3.5608983,0.5071135,0.4390123,-0.0518439,-0.1561656,0.3097982,0.0306511,0.1147192,-0.1327879,-0.0283437,0.0139714,0.0075176,-0.0001630,0.0473888,0.0375049,0.0896496,0.0526770,0.2458331,0.7569683,0.9998590,0.0094721,-0.0774528
33.937495729,1791080882.671068668,1,1,0.2204798,0.0577316,-0.0614342,9.8445082,9.4126263,-8.8279905,3.7003045,0.5416709,0.3403276,-0.0232244,-0.1323437,0.3250727,0.0551070,0.0265592,-0.1446054,-0.0221556,0.0105440,0.0129249,0.0015977,0.0480164,0.0452098,0.0881637,0.0578108,0.2586499,0.7569698,0.9998589,0.0103317,-0.0781292
33.959117412,1791080882.692690134,1,1,0.2092372,0.0523868,-0.0601890,10.3218393,9.7988167,-9.2561760,3.9938192,0.5669768,0.2050932,0.0002455,-0.1311457,0.2533969,0.0589052,-0.0732145,-0.1491265,-0.0155438,0.0059408,0.0189573,0.0027592,0.0484466,0.0552141,0.0851080,0.0632499,0.2727187,0.7569722,0.9998588,0.0111738,-0.0772314
33.979192677,1791080882.712765694,1,1,0.2060317,0.0462065,-0.0382317,10.3336048,9.7709141,-9.9133234,4.7111669,0.5405905,0.2487852,-0.0230847,-0.0951280,0.3296565,0.0714536,-0.1609206,-0.1341743,-0.0101260,0.0024526,0.0225633,0.0035214,0.0492675,0.0600678,0.0817157,0.0661891,0.2827709,0.7569757,0.9998587,0.0120579,-0.0826938
33.998614481,1791080882.732187748,1,1,0.2123086,0.0284553,-0.0284370,10.7456236,9.7555971,-10.5408735,4.9784088,0.4961767,0.4079577,-0.0599626,-0.1233930,0.2817040,0.0763679,-0.1272101,-0.1647684,-0.0052078,-0.0006749,0.0244492,0.0042483,0.0503620,0.0624280,0.0778489,0.0677356,0.2902186,0.7569786,0.9998585,0.0128597,-0.0916812
34.022934426,1791080882.756507397,1,1,0.2020365,0.0264369,-0.0222939,10.7613220,9.6254997,-11.6655159,5.2052202,0.5354089,0.4598676,-0.0797793,-0.1857896,0.2092037,0.0951197,-0.1148110,-0.1930442,-0.0007711,-0.0036664,0.0255092,0.0046035,0.0518073,0.0629278,0.0738166,0.0684263,0.2953394,0.7569817,0.9998583,0.0136535,-0.1076071
34.041109342,1791080882.774682283,1,1,0.1907056,0.0224620,-0.0091973,10.8138361,9.0839043,-12.4753656,5.3108230,0.5538921,0.4580230,-0.1401996,-0.3906142,0.2408815,0.1558779,-0.1257206,-0.2255804,0.0030733,-0.0062315,0.0260940,0.0046304,0.0533276,0.0618323,0.0699360,0.0685476,0.2987484,0.7569843,0.9998581,0.0143882,-0.1240369
34.059255330,1791080882.792828083,1,1,0.1740788,0.0116356,0.0099604,10.7143164,7.6167908,-12.2481632,5.6835990,0.5410996,0.4951215,-0.2098030,-0.6480610,0.2233768,0.2042261,-0.1399551,-0.2218042,0.0062084,-0.0080666,0.0266296,0.0044437,0.0548167,0.0589339,0.0663804,0.0683643,0.3008386,0.7569863,0.9998580,0.0149433,-0.1393389
34.081162973,1791080882.814736128,1,0,0.1642445,0.0064589,0.0274728,11.1816769,5.3100128,-9.8872747,6.3464580,0.4767977,0.5740664,-0.2414307,-0.7665495,0.0420843,0.2115492,-0.1941903,-0.1594724,0.0090269,-0.0094651,0.0272733,0.0041390,0.0562022,0.0551355,0.0629551,0.0679990,0.3018728,0.7569879,0.9998580,0.0153552,-0.1550255
34.099179997,1791080882.832753181,1,0,0.1728001,0.0226263,0.0783617,11.9184666,-4.0165009,-7.0504203,6.9636850,0.4954634,0.5847927,-0.2460070,-0.6267374,-0.0696879,0.1494673,-0.2634135,-0.1311191,0.0113938,-0.0089143,0.0283409,0.0036754,0.0574256,0.0482308,0.0600983,0.0672781,0.3018447,0.7569895,0.9998579,0.0157496,-0.1705027
34.123011702,1791080882.856584549,0,0,0.1592280,0.0410706,0.1184449,11.8372831,-8.1223860,-7.1699567,6.4784412,0.5088403,0.5056792,-0.1807749,-0.2671733,-0.0887538,0.0589999,-0.4318978,-0.0539565,0.0130533,-0.0063368,0.0292825,0.0034793,0.0580333,0.0397658,0.0580167,0.0662242,0.3017390,0.7569904,0.9998579,0.0159908,-0.1757989
34.140659370,1791080882.874232769,0,0,0.1589570,0.0492712,0.0803102,3.8890164,-8.5472164,-0.4912495,5.9856019,0.4883938,0.4696889,-0.1964269,-0.1635346,-0.1386028,-0.0087037,-0.6497071,0.0754199,0.0152018,-0.0039381,0.0293485,0.0033988,0.0578708,0.0301998,0.0550489,0.0652831,0.3017892,0.7569913,0.9998579,0.0161133,-0.1695957
34.160058069,1791080882.893631220,0,0,0.1774444,0.0146311,-0.0307578,1.7701023,-8.4738770,6.3137856,5.8438001,0.5593001,0.4659054,-0.2004479,-0.2993475,-0.3866584,-0.1159606,-0.8669538,0.1349428,0.0212997,-0.0089946,0.0284247,0.0024026,0.0566783,0.0343455,0.0460151,0.0648235,0.2990431,0.7569932,0.9998577,0.0158863,-0.1703047
34.180986961,1791080882.914560080,0,0,0.1875790,-0.0237018,-0.0437697,1.2930605,-9.8156834,6.1142273,5.4885497,0.7186973,0.5163914,-0.2026414,-0.4206139,-0.4642209,-0.1314893,-0.8411340,0.0166142,0.0286133,-0.0190076,0.0261348,0.0007729,0.0553389,0.0451983,0.0337953,0.0627545,0.2934093,0.7569953,0.9998574,0.0153887,-0.1750750
34.199145077,1791080882.932717800,1,0,0.2016850,-0.0511507,0.0292103,7.4509668,-11.3805552,4.7670407,5.1171951,0.7588377,0.4849193,-0.1629134,-0.3767610,-0.4818969,-0.0716385,-0.6633916,-0.0734994,0.0335249,-0.0286689,0.0252903,-0.0003940,0.0553042,0.0495280,0.0236137,0.0577930,0.2862852,0.7569978,0.9998573,0.0150804,-0.1939242
34.221969646,1791080882.955542803,1,0,0.2194706,-0.0561625,0.0716505,9.4868307,-10.6857586,4.7110925,4.6985884,0.7150103,0.5514967,-0.0867846,-0.2622734,-0.4351318,-0.0331807,-0.4393204,-0.0952908,0.0367363,-0.0337635,0.0241094,-0.0005551,0.0563013,0.0431838,0.0156807,0.0523321,0.2802717,0.7570011,0.9998573,0.0151046,-0.2224791
34.242681796,1791080882.976254463,1,0,0.2265356,-0.0242012,0.0965062,10.2261724,-9.1860905,4.0184894,4.5736899,0.7404673,0.5827328,-0.0118736,-0.1616742,-0.4009194,0.0088482,-0.2843915,-0.0523780,0.0391265,-0.0341770,0.0225123,0.0001155,0.0582251,0.0302819,0.0092524,0.0471196,0.2744759,0.7570068,0.9998573,0.0155357,-0.2648843
34.260871945,1791080882.994445086,1,0,0.1938468,-0.0044620,0.1207078,10.5478563,-6.8157182,4.9344859,4.2281137,0.7901503,0.5336305,-0.0191480,-0.2396005,-0.3917564,0.0393089,-0.2148364,-0.0222478,0.0405747,-0.0313081,0.0217611,0.0007085,0.0611108,0.0166628,0.0054456,0.0434824,0.2704264,0.7570133,0.9998573,0.0160651,-0.3145000
34.280912177,1791080883.014485598,0,0,0.1751848,-0.0259206,0.0958743,10.6839037,-2.7862482,5.3697643,3.1182313,0.7751822,0.3834593,-0.1030540,-0.4739819,-0.3476806,0.0620906,-0.1979406,-0.0056389,0.0414497,-0.0271810,0.0214357,0.0009904,0.0639171,0.0051858,0.0028106,0.0399181,0.2674789,0.7570180,0.9998573,0.0164469,-0.3620159
34.300974506,1791080883.034547567,0,0,0.1943979,0.0191424,0.0977451,2.7411525,2.9912810,5.7175794,3.7239389,0.8499458,0.3089191,-0.0651383,-0.3719692,-0.3338422,0.0910438,-0.1511280,0.0306967,0.0425232,-0.0202582,0.0204867,0.0011808,0.0652289,-0.0085483,-0.0000585,0.0346252,0.2632101,0.7570227,0.9998573,0.0169571,-0.3919108
34.322739317,1791080883.056312323,0,0,0.1799354,0.0429369,0.0719119,1.2284725,-0.2325893,7.0088029,3.6722007,0.8762501,0.4347249,-0.0581959,-0.1418863,-0.1879900,0.0595332,-0.0202567,0.1567135,0.0427818,-0.0133650,0.0205776,0.0008892,0.0664959,-0.0226458,-0.0008726,0.0315145,0.2616434,0.7570258,0.9998573,0.0177238,-0.4107521
34.339885847,1791080883.073458672,0,0,0.1988852,0.0495063,-0.0458914,0.0070484,-1.4853628,6.5213127,3.5636435,0.8439730,0.3849497,0.0576251,-0.0583070,-0.3253974,0.0314098,-0.0193928,0.2436458,0.0450443,-0.0095174,0.0172192,0.0001574,0.0656093,-0.0291766,-0.0096719,0.0182540,0.2549700,0.7570295,0.9998573,0.0179593,-0.4223183
34.359905070,1791080883.093478203,0,0,0.1860050,0.0402252,-0.0496703,-1.3775632,-1.7001679,6.6947660,3.0989420,0.8085634,0.4252600,0.0827510,-0.0244086,-0.3766909,0.0113388,-0.1045263,0.2823038,0.0470616,-0.0107759,0.0128051,0.0005116,0.0639809,-0.0291843,-0.0201525,0.0042380,0.2464167,0.7570331,0.9998573,0.0177782,-0.4287467
34.382656247,1791080883.116229057,1,1,0.1635059,0.0207339,0.0377666,4.5876446,-1.1340671,6.4123077,3.8211720,0.7960727,0.3704786,-0.0110113,-0.0286856,-0.2341543,0.0141548,-0.2422563,0.2071747,0.0468329,-0.0065294,0.0119869,0.0001254,0.0640859,-0.0405473,-0.0220357,-0.0007465,0.2442670,0.7570351,0.9998573,0.0180875,-0.4359882
34.400899770,1791080883.134472370,0,0,0.1668128,-0.0027247,-0.0184372,6.4050112,-1.6983113,6.5371671,4.3312974,0.6397460,0.4562142,-0.0123502,-0.0035269,-0.2480311,0.0010826,-0.2847443,0.2451116,0.0467489,-0.0081645,0.0089440,-0.0002142,0.0636430,-0.0434889,-0.0276788,-0.0091138,0.2399249,0.7570375,0.9998573,0.0179008,-0.4462518
34.423059505,1791080883.156633377,0,0,0.2025896,-0.0397667,-0.0809755,0.9178970,-2.1940694,6.2174416,4.2528081,0.6252178,0.5993314,0.0191284,0.0577608,-0.4961153,-0.0463489,-0.2751987,0.4082653,0.0481511,-0.0289942,-0.0013579,0.0049312,0.0608411,-0.0182584,-0.0464865,-0.0255546,0.2268402,0.7570409,0.9998573,0.0162923,-0.4502986
34.440670144,1791080883.174244404,1,0,0.2179460,-0.0331020,0.0182728,5.6007757,-1.7584729,6.6726298,4.8121848,0.6524597,0.6888243,-0.0186474,0.0999838,-0.5674806,-0.1009999,-0.3485944,0.5846063,0.0461430,-0.0339257,-0.0050896,0.0073323,0.0584812,-0.0210826,-0.0509684,-0.0327445,0.2224426,0.7570413,0.9998573,0.0151282,-0.4438467
34.461496144,1791080883.195069075,0,1,0.2195453,-0.0193284,0.0426465,6.0121689,-1.8511429,6.3995318,4.3238602,0.6672747,0.7900403,-0.1229277,0.1418065,-0.4738631,-0.1598018,-0.3548158,0.6149586,0.0437206,-0.0312063,-0.0068797,0.0090026,0.0563004,-0.0309018,-0.0508421,-0.0375001,0.2204519,0.7570398,0.9998573,0.0142819,-0.4262513
34.482386753,1791080883.215959549,0,1,0.2139291,0.0004076,-0.0524059,-0.6341035,6.0412455,6.4947376,3.5111356,0.7365948,0.7455446,0.0155155,0.1228767,-0.8126609,-0.2021452,-0.5346047,0.5677084,0.0392147,-0.0315716,-0.0096788,0.0109029,0.0525659,-0.0352320,-0.0508603,-0.0453588,0.2148774,0.7570347,0.9998573,0.0123154,-0.4024666
34.499902254,1791080883.233475447,0,1,0.2011978,-0.0128352,-0.0761204,-4.2347775,7.7958946,6.8854685,3.9449823,0.8194718,0.7213401,-0.0053662,0.1043668,-0.7837678,-0.2021189,-0.6866866,0.5272822,0.0336119,-0.0309023,-0.0111859,0.0128338,0.0493746,-0.0411868,-0.0491250,-0.0516012,0.2102241,0.7570280,0.9998573,0.0096746,-0.3865351
34.521440563,1791080883.255013704,0,1,0.2025486,-0.0260136,-0.1030834,-6.2131290,8.3884649,7.4186430,4.0583405,0.7498200,0.6842273,0.0477574,0.1011860,-0.8120357,-0.1760666,-0.7118250,0.5418413,0.0259918,-0.0321695,-0.0127449,0.0160231,0.0462127,-0.0442932,-0.0460714,-0.0573615,0.2054816,0.7570191,0.9998573,0.0063795,-0.3782344
34.541037533,1791080883.274610519,0,1,0.2202952,-0.0363387,-0.1227052,-7.4817038,9.0487423,6.9319243,3.8111687,0.6687229,0.6070408,0.1015360,0.0785222,-0.7676341,-0.1772752,-0.7186079,0.5982319,0.0152799,-0.0356587,-0.0145270,0.0214693,0.0427018,-0.0417591,-0.0409122,-0.0628481,0.1997130,0.7570045,0.9998573,0.0021246,-0.3720666
34.562703558,1791080883.296276808,0,1,0.2592419,-0.0318278,-0.1085440,-8.8299971,9.5438881,6.9367323,3.5485058,0.6386738,0.5500529,0.0128431,0.0885662,-0.4941367,-0.1498617,-0.6589197,0.5171536,0.0013901,-0.0398384,-0.0165140,0.0280725,0.0390068,-0.0351966,-0.0313827,-0.0657371,0.1932706,0.7569847,0.9998573,-0.0024994,-0.3598428
34.578595586,1791080883.312167883,0,0,0.2818643,-0.0248247,-0.0579510,-10.9657593,3.6028857,6.3650336,1.9512378,0.6085443,0.4458807,-0.0210639,0.0752117,-0.2804239,-0.1153210,-0.6541126,0.3444950,-0.0128945,-0.0404098,-0.0177521,0.0338116,0.0357029,-0.0333483,-0.0194429,-0.0643641,0.1877658,0.7569622,0.9998573,-0.0068618,-0.3383821
34.598601113,1791080883.332173586,0,1,0.2701536,0.0035864,-0.0555011,-12.5033407,1.6684771,4.9354496,2.3112407,0.5562376,0.3212212,-0.0113648,0.0455919,-0.2045350,-0.0225645,-0.5255570,0.1350800,-0.0272591,-0.0404245,-0.0187577,0.0399938,0.0324088,-0.0302198,-0.0068975,-0.0603379,0.1813774,0.7569380,0.9998573,-0.0110889,-0.3136934
34.623003475,1791080883.356577635,0,1,0.2553763,0.0276764,-0.1094231,-12.2394800,7.5121708,4.2890687,2.1379833,0.7372419,0.3190097,-0.0141283,0.0350689,-0.2602651,-0.0050439,-0.5083264,0.0205061,-0.0431711,-0.0430119,-0.0205127,0.0497342,0.0278888,-0.0133398,0.0100215,-0.0511558,0.1710282,0.7569029,0.9998573,-0.0156125,-0.2769131
34.642369335,1791080883.375942707,0,1,0.2588170,0.0157965,-0.1023731,-12.1441240,9.3257132,4.2597098,2.0433562,0.8322085,0.3720481,-0.0134195,0.0996952,-0.3086755,-0.0305708,-0.5567502,-0.0216753,-0.0568582,-0.0440463,-0.0218458,0.0590950,0.0238987,0.0028907,0.0269553,-0.0387622,0.1620418,0.7568613,0.9998573,-0.0201205,-0.2391388
34.660575384,1791080883.394148350,0,1,0.2519357,-0.0001960,-0.0910278,-11.2373400,10.4726105,4.9506383,-3.8409443,0.8758408,0.5134301,-0.0029224,0.1785175,-0.3258306,-0.0817443,-0.4076891,-0.0138105,-0.0666003,-0.0427340,-0.0227050,0.0659237,0.0204668,0.0120888,0.0409867,-0.0262243,0.1558367,0.7568185,0.9998573,-0.0237167,-0.2002656
34.679352427,1791080883.412925482,0,1,0.2666669,-0.0226060,-0.0812017,-9.6098070,11.1844940,5.1570210,-10.1765451,0.8705486,0.4996557,0.0523849,0.2519171,-0.2834547,-0.1461272,0.0007065,-0.0382924,-0.0743056,-0.0404316,-0.0236354,0.0713954,0.0174499,0.0204168,0.0561316,-0.0116663,0.1518875,0.7567824,0.9998573,-0.0262097,-0.1651426
34.701264475,1791080883.434837818,0,1,0.2407304,-0.0931739,0.0758794,-9.6064539,5.2877870,5.9484906,-10.4941292,0.6730675,0.5318444,-0.0039102,0.5563397,-0.0195716,-0.2420995,0.2460743,-0.0682798,-0.0781409,-0.0346763,-0.0237356,0.0710562,0.0185073,0.0091431,0.0631533,-0.0071702,0.1486461,0.7567682,0.9998573,-0.0272831,-0.1518774
34.724029412,1791080883.457602739,0,1,0.1761795,-0.1372300,0.1368663,-7.9206142,8.9990234,6.0829177,-10.6207390,0.7482110,0.4757630,-0.0290681,0.6041774,0.1439385,-0.3022942,0.2434501,-0.1310155,-0.0800887,-0.0299472,-0.0237437,0.0700497,0.0212042,-0.0004216,0.0663738,-0.0051871,0.1457847,0.7567607,0.9998573,-0.0280200,-0.1553467
34.741208775,1791080883.474781752,0,1,0.1433649,-0.0977731,0.0730608,-5.2737684,9.4738884,5.4256725,-12.1805992,0.7270246,0.3331481,0.1588724,0.7127203,-0.1718046,-0.3218159,0.3474791,-0.1456418,-0.0822980,-0.0260539,-0.0238001,0.0691900,0.0230732,-0.0059323,0.0708685,-0.0017510,0.1436938,0.7567581,0.9998573,-0.0284181,-0.1644392
34.760744336,1791080883.494317532,0,1,0.1230161,-0.0947937,0.0388205,-2.9681942,9.6495781,5.7442389,-11.5598288,0.6059358,0.2732804,0.2375640,0.7830600,-0.2783973,-0.3736891,0.3638178,-0.2724670,-0.0841978,-0.0231084,-0.0238877,0.0685875,0.0246299,-0.0081443,0.0754664,0.0021741,0.1417793,0.7567557,0.9998573,-0.0292326,-0.1776220
34.779493921,1791080883.513066769,1,1,0.0968343,-0.0767755,-0.0013530,-1.9976470,9.4768343,4.3786607,-13.6571712,0.6227182,0.4576986,0.0622769,0.6176986,-0.4073874,-0.2329269,0.0677269,-0.1376325,-0.0853868,-0.0214022,-0.0240633,0.0688918,0.0269944,-0.0078623,0.0802114,0.0073300,0.1422555,0.7567695,0.9998573,-0.0287034,-0.2010274
34.800756125,1791080883.534329176,1,1,0.1295906,-0.0952719,-0.0256082,5.3779736,9.5172443,4.2757792,-7.1101494,0.5452215,0.4834574,-0.0089964,0.2381588,-0.3324995,-0.0424730,-0.2327364,0.2130216,-0.0857024,-0.0207530,-0.0245157,0.0705661,0.0305382,-0.0041471,0.0868245,0.0168499,0.1514121,0.7567883,0.9998573,-0.0265656,-0.2311897
34.821377479,1791080883.554950714,1,1,0.1780134,-0.1395447,-0.0923221,7.9515648,8.5612812,2.0491807,-1.0518774,0.3986238,0.4881900,0.0457254,0.1521687,-0.3273914,0.0393865,-0.1747531,0.2651923,-0.0835989,-0.0219083,-0.0252980,0.0725569,0.0347050,0.0046314,0.0924047,0.0326016,0.1739538,0.7568038,0.9998573,-0.0241456,-0.2590593
34.841304380,1791080883.574877739,1,1,0.2262978,-0.1150553,-0.0669946,8.8896017,9.2804146,-4.7567334,1.4582837,0.4919998,0.5137556,0.0695659,0.2138036,-0.4089493,0.0890115,-0.0843954,0.3149346,-0.0789670,-0.0242604,-0.0260055,0.0705901,0.0376279,0.0185907,0.1004108,0.0524852,0.2023564,0.7568171,0.9998573,-0.0204252,-0.2658088
34.861436182,1791080883.595009804,1,1,0.2373897,-0.0202599,0.0558062,10.8469734,9.4126682,-8.7336102,4.9951162,0.3852312,0.4966506,0.0493095,0.3913954,-0.4230974,0.1062985,-0.1092378,0.3614717,-0.0761035,-0.0207734,-0.0261280,0.0689299,0.0371418,0.0172904,0.1098420,0.0589560,0.2041543,0.7568163,0.9998573,-0.0173909,-0.2197669
34.880164135,1791080883.613737106,1,1,0.2483018,0.0298242,0.1030212,10.4403667,8.7344990,-11.1607790,5.3565569,0.1245610,0.3477182,0.0950684,0.3167411,-0.3723463,0.1317694,-0.2162574,0.3770950,-0.0745096,-0.0164693,-0.0261169,0.0687363,0.0366130,0.0097995,0.1165490,0.0616949,0.2023122,0.7568139,0.9998573,-0.0153354,-0.1602365
34.900745327,1791080883.634318352,1,1,0.2267490,0.0091465,0.0474652,9.7503576,9.1689339,-10.4380102,4.9759936,0.3746312,0.3292214,0.0716806,0.1182061,-0.1433767,0.0771011,-0.0483536,0.2338570,-0.0717500,-0.0138325,-0.0261764,0.0700722,0.0361926,0.0077302,0.1215707,0.0664237,0.2097344,0.7568116,0.9998573,-0.0151213,-0.1234091
34.920584289,1791080883.654156446,1,1,0.2240445,-0.0149179,0.0080925,9.9579782,9.4881954,-10.3857470,5.0668273,0.4874896,0.4609157,0.0081658,0.0912999,0.0016153,0.1172126,0.0300768,0.2124906,-0.0677293,-0.0128464,-0.0261623,0.0712614,0.0375651,0.0099105,0.1244552,0.0735460,0.2236164,0.7568113,0.9998573,-0.0144753,-0.1140233
34.938659006,1791080883.672231674,1,1,0.2466116,-0.0300103,-0.0122918,9.9915800,9.5125179,-11.2983971,5.2325902,0.6156009,0.6181991,-0.0747143,0.1245245,0.1857902,0.1535491,0.1747453,0.2058879,-0.0627774,-0.0127544,-0.0260370,0.0710417,0.0408038,0.0126732,0.1264071,0.0806867,0.2377290,0.7568125,0.9998573,-0.0129144,-0.1234376
34.960360232,1791080883.693933010,1,1,0.2860469,-0.0144422,-0.0283575,10.4131937,9.6396828,-11.7255163,4.7111073,0.8023978,0.7188535,-0.1045714,0.1699242,0.2096964,0.1388469,0.3372985,0.1742796,-0.0563466,-0.0131702,-0.0258718,0.0695164,0.0436026,0.0173618,0.1281884,0.0877888,0.2515360,0.7568139,0.9998573,-0.0107254,-0.1284430
34.978670028,1791080883.712242126,1,1,0.3186045,0.0184271,-0.0177179,10.5416307,9.5549965,-12.1471310,4.8157172,0.8364655,0.6081003,-0.0650792,0.0920052,0.2028675,0.0969950,0.3244334,0.0587791,-0.0488095,-0.0137368,-0.0258159,0.0672772,0.0458990,0.0224453,0.1285888,0.0934322,0.2642804,0.7568149,0.9998573,-0.0084490,-0.1269867
34.998866857,1791080883.732439518,1,1,0.2969885,0.0266867,-0.0339938,10.1572752,9.2485638,-12.9531736,4.7587471,0.7478470,0.4812000,-0.0647534,0.0029156,0.3277029,0.1227803,0.2659609,0.0112718,-0.0410538,-0.0147056,-0.0259751,0.0651473,0.0481333,0.0262463,0.1262584,0.0961306,0.2726003,0.7568155,0.9998573,-0.0067082,-0.1267194
35.021772503,1791080883.755344868,1,1,0.2427750,0.0187497,-0.0559049,10.2532625,9.3282433,-12.7840080,5.1789217,0.7228540,0.3369279,-0.0291322,-0.0688013,0.2725308,0.1269425,0.1175857,0.0187953,-0.0329732,-0.0180077,-0.0262433,0.0622588,0.0499570,0.0318794,0.1212963,0.0976129,0.2783227,0.7568160,0.9998573,-0.0054229,-0.1295558
35.038647824,1791080883.772220135,1,1,0.2389118,0.0062675,-0.0618274,10.4637394,9.3847656,-13.2572670,5.6672883,0.7076491,0.3216153,-0.0339808,-0.0579199,0.2391981,0.1145013,-0.0144078,0.0829556,-0.0243459,-0.0238482,-0.0267370,0.0582692,0.0514154,0.0385462,0.1134785,0.0966116,0.2817639,0.7568164,0.9998573,-0.0043334,-0.1351813
35.058673096,1791080883.792246103,1,1,0.2427682,0.0002004,-0.0555792,10.5512924,8.9545689,-13.0641098,6.2830458,0.6485224,0.3627089,-0.0676674,-0.0547336,0.2992046,0.1305902,-0.0858322,0.1296483,-0.0159303,-0.0312403,-0.0274683,0.0540165,0.0526470,0.0440530,0.1032832,0.0922472,0.2826479,0.7568167,0.9998573,-0.0034155,-0.1455261
35.078655230,1791080883.812227249,1,1,0.2260137,-0.0047616,-0.0402174,10.5407715,8.5156279,-12.0053196,6.6729708,0.6267355,0.3876196,-0.0685783,-0.0856610,0.1217113,0.1168641,-0.1840102,0.1772599,-0.0083779,-0.0399347,-0.0282814,0.0493325,0.0536467,0.0479461,0.0918948,0.0859022,0.2817803,0.7568169,0.9998573,-0.0026846,-0.1593165
35.098650037,1791080883.832222939,1,1,0.1992032,0.0037421,-0.0200059,10.5469561,7.8214617,-8.9543734,6.6932654,0.6021892,0.3819016,-0.0682213,-0.1091056,-0.0358273,0.0763235,-0.2892630,0.1531801,-0.0021995,-0.0480672,-0.0289680,0.0447319,0.0542745,0.0491041,0.0811542,0.0792683,0.2798223,0.7568171,0.9998573,-0.0021961,-0.1721462
35.123127217,1791080883.856699944,1,1,0.1877249,0.0057779,0.0147820,10.4381046,7.2349839,-6.6128678,6.4243698,0.5335364,0.3914912,-0.0823361,-0.1049976,-0.1438819,0.0263733,-0.4149484,0.1416331,0.0027068,-0.0535251,-0.0295358,0.0407874,0.0542904,0.0464787,0.0712540,0.0724870,0.2778063,0.7568172,0.9998573,-0.0019851,-0.1738715
35.140488281,1791080883.874061346,1,1,0.1956900,-0.0081060,0.0381430,9.9884882,7.4355612,-4.3198104,5.8916402,0.5182101,0.4589396,-0.1348937,-0.2104416,-0.3291692,-0.0977842,-0.6453974,0.0857358,0.0074744,-0.0580739,-0.0302130,0.0375721,0.0531473,0.0427661,0.0604045,0.0645932,0.2752984,0.7568171,0.9998573,-0.0024143,-0.1603270
35.162745428,1791080883.896318674,0,1,0.2084137,0.0002245,0.0109614,9.6228275,8.5687199,-0.2587149,5.4016032,0.4829148,0.6774879,-0.2133841,-0.5477797,-0.5183669,-0.2060591,-0.6900064,0.0850558,0.0143079,-0.0704319,-0.0313591,0.0354085,0.0498268,0.0468068,0.0442379,0.0539314,0.2710757,0.7568169,0.9998573,-0.0035148,-0.1397305
35.181209468,1791080883.914783001,0,0,0.2564025,-0.0111995,0.0440060,2.9667313,10.9430199,-0.4777152,4.6605105,0.5578294,0.6516732,-0.1268849,-0.5643638,-0.5537978,-0.1711307,-0.5555247,0.1436479,0.0211460,-0.0867411,-0.0320452,0.0323217,0.0479146,0.0490900,0.0264867,0.0422001,0.2658874,0.7568170,0.9998573,-0.0042287,-0.1429826
35.199875115,1791080883.933448553,1,1,0.2815188,-0.0079566,0.0872476,1.1986859,4.5320702,2.6670563,3.8041394,0.5525080,0.6752369,-0.0454941,-0.6728123,-0.5693373,-0.1728412,-0.4271413,0.0571637,0.0263795,-0.0902313,-0.0322009,0.0289870,0.0460255,0.0424779,0.0121898,0.0306020,0.2617265,0.7568170,0.9998573,-0.0050336,-0.1460881
35.224469996,1791080883.958043337,1,1,0.2573317,0.0265526,0.0787051,6.3101454,9.1116581,4.6701198,2.6786184,0.5815789,0.6038031,-0.1490766,-0.7508957,-0.3696831,-0.1531098,-0.2069323,-0.0621719,0.0294795,-0.0878917,-0.0320140,0.0260170,0.0442081,0.0367057,0.0029819,0.0208572,0.2583929,0.7568170,0.9998573,-0.0056754,-0.1486494
35.243543399,1791080883.977116108,1,1,0.2739781,0.0269694,0.0477428,7.8902330,10.4009657,2.9020579,2.0212181,0.6749133,0.5826174,-0.0580064,-0.4465494,-0.2891140,-0.0994090,-0.0239739,-0.0180501,0.0332045,-0.0898385,-0.0312471,0.0226178,0.0413783,0.0440214,-0.0077086,0.0087135,0.2537270,0.7568174,0.9998573,-0.0065353,-0.1559239
35.260917455,1791080883.994490385,1,0,0.2349102,0.0085830,0.0188366,8.7910986,10.2673759,5.0192089,2.7092919,0.6691463,0.6642197,-0.1045758,-0.4966147,-0.2965444,-0.0973036,0.0789286,0.0427645,0.0358301,-0.0863922,-0.0301486,0.0213355,0.0379927,0.0551068,-0.0153194,-0.0009221,0.2501701,0.7568174,0.9998573,-0.0081050,-0.1573744
35.280716874,1791080884.014289856,1,0,0.2385125,0.0274375,0.0251476,9.1607351,4.4208698,6.0763135,2.9127026,0.6776663,0.7783611,-0.0852596,-0.3397453,-0.3014291,-0.0557849,0.1504063,0.1330775,0.0374994,-0.0785032,-0.0287432,0.0224875,0.0340353,0.0645381,-0.0216495,-0.0099545,0.2472120,0.7568177,0.9998573,-0.0101588,-0.1623543
35.298791461,1791080884.032363892,1,0,0.2299780,0.0463348,0.0066673,8.9610510,2.0078692,6.6550450,3.4158192,0.7024416,0.8869387,0.0015291,-0.1801919,-0.4041125,-0.0394905,0.1673657,0.2023471,0.0383334,-0.0704438,-0.0271384,0.0268730,0.0282552,0.0798317,-0.0273973,-0.0200296,0.2447216,0.7568190,0.9998573,-0.0128131,-0.1611615
35.318771382,1791080884.052343607,1,1,0.2119675,0.0450991,0.0246377,9.2771540,1.1487923,7.0130696,2.4309251,0.7298963,0.9544955,0.0338138,-0.1439684,-0.4520115,-0.0407929,0.1848175,0.2135960,0.0372951,-0.0625914,-0.0259805,0.0303624,0.0230615,0.0856793,-0.0307366,-0.0267594,0.2435368,0.7568205,0.9998573,-0.0156751,-0.1505320
35.338768807,1791080884.072341204,1,1,0.2035668,0.0364367,0.0391363,9.1959095,7.2972031,7.1080680,-0.8693643,0.7966871,0.9092081,0.0686370,-0.1066607,-0.5427918,-0.0735651,0.1568992,0.2461375,0.0352807,-0.0560143,-0.0252397,0.0315818,0.0196349,0.0823862,-0.0327146,-0.0304000,0.2431181,0.7568219,0.9998573,-0.0177190,-0.1338377
35.358747704,1791080884.092320204,1,1,0.2000223,0.0102466,0.0274380,8.7083454,8.6268597,6.8667741,-6.1831088,0.7479832,0.9063123,0.2203804,-0.0511212,-0.6543954,-0.1078503,0.1629562,0.2117662,0.0323940,-0.0497242,-0.0246144,0.0322115,0.0169229,0.0756952,-0.0344493,-0.0332425,0.2428652,0.7568240,0.9998573,-0.0198514,-0.1189314
35.378774954,1791080884.112347126,0,1,0.2187553,-0.0229407,0.0501745,8.3905468,9.1983061,7.2288766,-9.3838720,0.6550311,0.8653921,0.3658668,-0.2028687,-0.9857219,-0.2424498,0.2061905,0.1430655,0.0289021,-0.0430874,-0.0240807,0.0317433,0.0152917,0.0659319,-0.0357300,-0.0347618,0.2426478,0.7568255,0.9998573,-0.0222556,-0.1004184
35.400950873,1791080884.134524107,0,1,0.2019961,-0.0450793,0.0682583,1.4118607,9.7341499,6.6383348,-11.2143755,0.6134387,0.8658798,0.3484686,-0.2648793,-1.3375330,-0.3918164,0.2813105,0.1122130,0.0256269,-0.0371371,-0.0238075,0.0313752,0.0140439,0.0532906,-0.0366535,-0.0347092,0.2425475,0.7568264,0.9998573,-0.0244759,-0.0786831
35.422789918,1791080884.156363010,0,0,0.1841287,-0.0144759,0.0601140,-0.1656830,9.9453621,5.4751606,-13.3074894,0.6258673,0.8454946,0.3982950,-0.2644533,-1.4829470,-0.5122084,0.3708367,0.0464691,0.0222333,-0.0321053,-0.0236299,0.0312958,0.0123062,0.0419398,-0.0374131,-0.0341524,0.2423480,0.7568275,0.9998573,-0.0263546,-0.0511776
35.440747894,1791080884.174321175,1,0,0.1708578,0.0404028,0.0335412,-0.9429414,3.3472357,4.1472192,-15.3343515,0.6424697,0.9151149,0.3331171,-0.1253632,-1.3710800,-0.5757930,0.2500960,0.0030828,0.0178948,-0.0283320,-0.0234781,0.0324576,0.0100709,0.0338809,-0.0383521,-0.0338363,0.2417942,0.7568313,0.9998573,-0.0281287,-0.0322020
35.461636160,1791080884.195209265,1,0,0.1673239,0.0510472,0.0732173,5.1443644,1.2343712,3.6938312,-15.9334631,0.6588087,0.8529826,0.2431377,-0.2081489,-1.2032611,-0.5636204,0.1029270,-0.1025924,0.0128569,-0.0245639,-0.0232842,0.0320999,0.0093852,0.0298757,-0.0385405,-0.0326624,0.2412938,0.7568370,0.9998573,-0.0293449,-0.0194949
35.479532343,1791080884.213105679,1,0,0.1546270,0.0589476,0.0837245,6.4348612,0.3193588,3.9394920,-11.4808235,0.5626704,0.8031859,0.2770013,-0.0981330,-1.2523919,-0.4493120,-0.0088945,-0.0862773,0.0080321,-0.0209281,-0.0230623,0.0308040,0.0095096,0.0241679,-0.0383710,-0.0308495,0.2410927,0.7568435,0.9998573,-0.0297646,-0.0192685
35.501881706,1791080884.235455036,1,0,0.1224808,0.0183593,0.0477217,7.9482555,-0.7996474,4.2540474,-5.3590655,0.5432596,0.7828321,0.0852574,-0.0707006,-0.5860044,-0.1496380,-0.0593951,0.1027182,0.0033360,-0.0189543,-0.0228480,0.0304487,0.0122153,0.0162128,-0.0382933,-0.0297267,0.2409618,0.7568507,0.9998573,-0.0306687,-0.0545677
35.522879895,1791080884.256452799,1,0,0.1860262,0.0273338,0.1143153,9.0097895,-1.0875025,4.5394859,-2.5776381,0.4209259,0.4472877,0.1361684,-0.0833535,-0.3820455,0.0294851,-0.0100680,0.1807080,-0.0034952,-0.0158573,-0.0225365,0.0305795,0.0179271,0.0048666,-0.0383212,-0.0294774,0.2405311,0.7568586,0.9998573,-0.0320224,-0.1102977
35.542945099,1791080884.276518583,1,0,0.1666670,0.0059050,0.1106267,8.0989370,-3.2280707,4.7744560,1.3941385,0.6286030,0.4768629,0.1625572,-0.0563881,-0.3609352,0.0060258,0.0539770,0.1717126,-0.0091503,-0.0134023,-0.0222615,0.0287538,0.0209802,-0.0044348,-0.0381513,-0.0279201,0.2402707,0.7568639,0.9998573,-0.0329271,-0.1309113
35.560869378,1791080884.294442654,1,0,0.1616106,0.0614394,0.1029100,7.7780371,-3.8973727,5.2245908,1.4247332,0.5882698,0.5867994,0.3700773,0.1209240,-0.6511956,-0.1514167,-0.1141617,0.1305530,-0.0139338,-0.0095141,-0.0219982,0.0258702,0.0192919,-0.0132522,-0.0378685,-0.0256981,0.2400309,0.7568696,0.9998573,-0.0336540,-0.1096029
35.580827954,1791080884.314400911,1,0,0.2244869,0.1264079,0.1281901,6.5338068,-3.6131396,2.9816415,2.4513731,0.3735251,0.6416151,0.7851850,0.3142727,-1.0846274,-0.2233515,-0.2144021,0.2466488,-0.0216979,-0.0063592,-0.0216089,0.0250907,0.0152348,-0.0201813,-0.0371816,-0.0219770,0.2394837,0.7568847,0.9998573,-0.0340953,-0.0800871
35.601356722,1791080884.334930182,1,0,0.2741834,0.1181235,0.1416106,5.9317150,-4.0621099,-0.4443139,3.8899617,0.3427956,0.7436029,0.8978242,0.3999324,-1.1977049,-0.2214197,-0.1865128,0.3332563,-0.0321122,-0.0043694,-0.0211095,0.0254745,0.0110736,-0.0246527,-0.0357052,-0.0166450,0.2386493,0.7569034,0.9998573,-0.0350812,-0.0541630
35.621519240,1791080884.355092525,1,0,0.2642295,0.0559057,0.1053493,6.0331745,-3.9377756,-6.2570958,4.1588540,0.4542301,0.8444638,0.6558606,0.3543957,-1.0023189,-0.1725369,-0.0609828,0.3978188,-0.0426632,-0.0038738,-0.0206025,0.0252724,0.0092967,-0.0261397,-0.0334159,-0.0104694,0.2375609,0.7569167,0.9998573,-0.0368564,-0.0426752
35.642962914,1791080884.376535654,1,0,0.2555143,0.0459242,0.1370718,5.8774824,-3.8942900,-14.2721510,5.1256728,0.5578408,0.8209875,0.0993484,0.1204445,-0.4588398,-0.0907251,0.1347912,0.3127145,-0.0495694,-0.0009773,-0.0202837,0.0240694,0.0106206,-0.0317858,-0.0312213,-0.0056055,0.2366363,0.7569245,0.9998573,-0.0378521,-0.0456147
35.663021173,1791080884.396594286,1,0,0.2840246,0.0601254,0.1104107,5.3723822,-3.8839116,-16.1086044,6.5883942,0.5288118,0.7681565,0.0088981,-0.0147117,-0.2354631,-0.0345166,0.2631548,0.1751199,-0.0568884,0.0002459,-0.0198849,0.0230542,0.0120577,-0.0344236,-0.0284044,0.0006006,0.2354212,0.7569315,0.9998573,-0.0389835,-0.0515975
35.680539393,1791080884.414112329,1,0,0.2840608,0.0551944,0.0413760,4.6770792,-3.6370363,-16.9445667,6.3654780,0.5439544,0.7388454,-0.0126279,-0.0505196,-0.1548128,0.0094076,0.2962895,0.0655792,-0.0643984,-0.0008177,-0.0193917,0.0219942,0.0124709,-0.0330450,-0.0249688,0.0080420,0.2338172,0.7569379,0.9998573,-0.0404064,-0.0555031
35.700559891,1791080884.434132814,1,0,0.2706558,0.0552546,-0.0216669,3.8812997,-3.5788043,-16.2937489,6.2186580,0.5542580,0.7477589,-0.0678886,-0.1025122,-0.1022765,0.0883546,0.3352117,0.0208356,-0.0714381,-0.0040707,-0.0188277,0.0207226,0.0121462,-0.0284084,-0.0207032,0.0170169,0.2318016,0.7569439,0.9998573,-0.0420511,-0.0571499
35.722742209,1791080884.456315041,1,0,0.2191049,0.0392587,-0.0592947,3.4371169,-3.4441614,-15.3801794,6.9661603,0.5403845,0.7464418,-0.1618995,-0.1601220,0.0182803,0.1545912,0.3650675,0.0653953,-0.0757588,-0.0076017,-0.0183353,0.0192300,0.0113049,-0.0228753,-0.0168208,0.0251686,0.2298629,0.7569486,0.9998573,-0.0442267,-0.0553226
35.743745231,1791080884.477318048,1,0,0.2003420,0.0238174,-0.0859104,3.4046147,-3.7377729,-15.2403307,7.7043128,0.5103922,0.8115919,-0.1861372,-0.1700908,0.0003799,0.1674446,0.3889564,0.0758871,-0.0777022,-0.0118812,-0.0178409,0.0179216,0.0103662,-0.0171239,-0.0127520,0.0337538,0.2277419,0.7569532,0.9998573,-0.0466250,-0.0532816
35.761572067,1791080884.495144606,0,0,0.1880537,0.0126001,-0.1062249,-2.6385999,-4.9805040,-15.2611952,7.7407231,0.5460856,0.7955194,-0.1296607,-0.1054140,-0.0645141,0.1478633,0.2922917,0.0501357,-0.0759421,-0.0169492,-0.0173800,0.0162806,0.0088599,-0.0121197,-0.0084241,0.0431877,0.2252200,0.7569576,0.9998573,-0.0489331,-0.0490841
35.781610454,1791080884.515183449,0,0,0.1972294,0.0079890,-0.0722674,-4.9062319,-6.0602212,-12.6541567,8.3780556,0.5190017,0.8025549,-0.0574341,-0.1044613,-0.1175919,0.0596872,0.2141896,0.0673832,-0.0702184,-0.0213408,-0.0169380,0.0145744,0.0078592,-0.0102725,-0.0040319,0.0519107,0.2224827,0.7569615,0.9998573,-0.0509216,-0.0449723
35.800894355,1791080884.534467220,0,0,0.2340605,-0.0008086,-0.0428080,-5.8737602,-7.0183210,-9.0025406,8.9842014,0.4759510,0.8341256,-0.0362042,-0.1435566,-0.1749129,-0.0109785,0.1607711,0.0612599,-0.0596076,-0.0250856,-0.0164151,0.0125679,0.0074550,-0.0105121,0.0005989,0.0598039,0.2193965,0.7569645,0.9998573,-0.0528608,-0.0407655
35.823710035,1791080884.557283401,1,0,0.2582454,0.0220929,0.0129661,-7.3349237,-8.2202101,-5.8661523,8.3001957,0.4550708,0.8442187,-0.0588034,-0.2911132,-0.3882617,-0.2026979,-0.0498745,0.1253346,-0.0449398,-0.0262036,-0.0158149,0.0095975,0.0051847,-0.0125688,0.0047405,0.0648980,0.2165630,0.7569680,0.9998573,-0.0543910,-0.0271471
35.842744106,1791080884.576317072,1,0,0.2474736,0.0516657,0.0496915,-2.2721844,-7.5642843,-3.8153293,7.7799292,0.3979258,0.8607008,0.0202859,-0.2421966,-0.7074658,-0.4145940,-0.4208851,0.4143564,-0.0325069,-0.0257324,-0.0151939,0.0075814,0.0023156,-0.0144067,0.0074509,0.0651077,0.2141600,0.7569731,0.9998573,-0.0545482,-0.0102677
35.862665177,1791080884.596237898,0,0,0.2455857,0.0204673,-0.0047013,-6.0014277,-7.9266148,1.8970461,7.3531594,0.5093200,0.9649935,0.3312039,-0.3263566,-1.1613085,-0.4841607,-0.3111300,0.3825627,-0.0066052,-0.0314778,-0.0142992,0.0012562,0.0014513,-0.0122018,0.0062108,0.0622402,0.2108966,0.7569754,0.9998572,-0.0525529,0.0020629
35.881645966,1791080884.615218878,1,0,0.2337956,-0.0079196,0.0462601,-6.5470657,-8.2485752,4.4090619,7.3196931,0.6276938,1.0117642,0.5949897,-0.4372394,-1.3878469,-0.4519837,-0.1785100,0.3912479,0.0143121,-0.0347656,-0.0136716,-0.0019836,0.0047419,-0.0134196,0.0013594,0.0508945,0.2085619,0.7569765,0.9998572,-0.0485222,-0.0023447
35.903590582,1791080884.637163639,1,0,0.2336548,-0.0401427,0.0925901,-1.3882768,-9.7503462,5.8460813,8.0695610,0.5804918,1.1018540,0.6174769,-0.5517213,-1.2840996,-0.3138140,-0.1343540,0.3741371,0.0228944,-0.0321183,-0.0132514,-0.0003730,0.0091200,-0.0186481,-0.0022926,0.0355635,0.2071666,0.7569775,0.9998572,-0.0464773,-0.0136629
35.923364449,1791080884.656937122,0,0,0.2288091,-0.0234723,0.0666719,-0.2065103,-9.7983990,5.5019031,8.5650187,0.6227520,1.1614236,0.6025098,-0.3754778,-1.1549473,-0.2497170,-0.0599481,0.2697134,0.0279652,-0.0276078,-0.0128675,0.0008559,0.0122890,-0.0239005,-0.0078809,0.0177776,0.2060283,0.7569785,0.9998572,-0.0446499,-0.0220894
35.941347865,1791080884.674921036,0,0,0.2632639,0.0191927,0.0501472,-6.2007036,-10.9681234,5.4724293,8.0297279,0.5972972,1.2383068,0.6492433,-0.0947503,-1.0199018,-0.2159500,0.1636314,0.1517418,0.0351258,-0.0254558,-0.0123499,-0.0018081,0.0136357,-0.0263943,-0.0196357,-0.0053449,0.2047844,0.7569790,0.9998572,-0.0408873,-0.0232732
35.962842901,1791080884.696415663,0,0,0.2942056,0.0270854,0.0920553,-7.8125286,-12.7067518,6.2909822,8.2297449,0.5948029,1.2627070,0.5085718,-0.1034027,-0.7526816,-0.1583651,0.1751382,0.1338415,0.0362445,-0.0206732,-0.0118778,-0.0021402,0.0148553,-0.0306850,-0.0304121,-0.0275198,0.2037238,0.7569794,0.9998572,-0.0373650,-0.0254783
35.980907792,1791080884.714480639,0,0,0.3200664,0.0037182,0.0707564,-8.9839678,-13.5636797,6.8657947,8.7721748,0.6271809,1.2486989,0.2046880,-0.2021425,-0.4363399,-0.0489677,0.1950422,0.1802781,0.0300441,-0.0194806,-0.0112618,-0.0008502,0.0167588,-0.0333042,-0.0426042,-0.0483785,0.2027278,0.7569796,0.9998572,-0.0342227,-0.0311428
36.001532627,1791080884.735105276,0,0,0.3174017,-0.0131431,0.0037622,-9.5649891,-13.4844551,6.8614936,9.1982346,0.6296801,1.2387328,0.1155560,-0.1967546,-0.3596938,0.0164217,0.1483419,0.2459505,0.0118818,-0.0186406,-0.0105760,0.0026705,0.0188621,-0.0325552,-0.0528632,-0.0593761,0.2020071,0.7569798,0.9998572,-0.0313563,-0.0437831
36.023081552,1791080884.756654739,0,0,0.3192283,-0.0301134,0.0221906,-9.2788363,-14.9551897,7.6369023,9.1373005,0.6599131,1.0678365,0.0930474,-0.1744995,-0.3270485,0.0778892,0.0682488,0.3355469,-0.0125435,-0.0082983,-0.0100381,0.0094207,0.0210055,-0.0332913,-0.0533812,-0.0548029,0.2016983,0.7569802,0.9998572,-0.0300738,-0.0606291
36.040897028,1791080884.774469376,0,0,0.2834373,-0.0496890,0.0218266,-9.2928238,-15.3493500,7.2384109,9.3271084,0.6454282,0.8790871,0.1278159,-0.0830580,-0.3600396,0.1137843,-0.1186521,0.4348457,-0.0328008,-0.0014401,-0.0094873,0.0150084,0.0233063,-0.0360499,-0.0495203,-0.0402489,0.2017740,0.7569808,0.9998572,-0.0294500,-0.0771954
36.060901461,1791080884.794473648,0,0,0.2568787,-0.0661399,-0.0496123,-9.1496468,-14.8344746,6.5858459,8.9230824,0.6059310,0.7193907,0.1716683,-0.0509645,-0.4474293,0.1349326,-0.2797128,0.5126978,-0.0514679,-0.0057142,-0.0086657,0.0167263,0.0254501,-0.0342718,-0.0450392,-0.0168290,0.2021421,0.7569811,0.9998572,-0.0288422,-0.0905323
36.083267209,1791080884.816840649,0,0,0.2257624,-0.0640571,-0.1172242,-8.6565380,-14.2847996,6.7205043,8.2563086,0.6303218,0.5590827,0.1895994,0.0119135,-0.4902003,0.1078317,-0.4559428,0.5922035,-0.0638961,-0.0112890,-0.0076636,0.0118470,0.0271314,-0.0269694,-0.0410142,0.0149410,0.2026327,0.7569812,0.9998572,-0.0278579,-0.0994058
36.101688270,1791080884.835260630,0,0,0.2163525,-0.0493293,-0.0785059,-8.6539869,-14.3096256,6.7214937,7.4580431,0.6731058,0.4843514,0.2246781,0.0381301,-0.4767658,0.0485189,-0.5397609,0.5803055,-0.0628946,-0.0066562,-0.0068410,0.0024437,0.0273411,-0.0196612,-0.0361741,0.0417712,0.2030255,0.7569813,0.9998572,-0.0262549,-0.0980392
36.121689471,1791080884.855262280,0,0,0.2264703,-0.0194024,-0.0029010,-9.5218925,-14.1277056,6.5530467,7.0972118,0.6730397,0.6012690,0.4972084,0.1123713,-0.5774588,-0.0978168,-0.6726023,0.6238182,-0.0504436,-0.0004321,-0.0060223,-0.0035484,0.0273820,-0.0145962,-0.0317692,0.0581422,0.2036386,0.7569814,0.9998572,-0.0223667,-0.0916344
36.144650148,1791080884.878223658,0,0,0.2391632,-0.0432430,0.0211421,-10.2508516,-13.5840988,6.4130168,7.0825577,0.6068810,0.6519458,0.6021777,0.0637826,-0.6317039,-0.1459932,-0.7110791,0.6570654,-0.0350897,0.0077755,-0.0050877,-0.0064912,0.0289653,-0.0111062,-0.0292897,0.0642824,0.2048847,0.7569816,0.9998572,-0.0176937,-0.0847932
36.164841083,1791080884.898414373,0,0,0.2217655,-0.0645540,-0.0316643,-12.2368479,-12.8922930,6.7047648,7.4021053,0.5394522,0.6302419,0.2016590,-0.0362272,-0.4363689,-0.0695214,-0.5399642,0.4820350,-0.0158357,0.0135046,-0.0040258,-0.0067848,0.0332678,-0.0077630,-0.0315929,0.0613632,0.2071832,0.7569816,0.9998572,-0.0134512,-0.0833799
36.183473958,1791080884.917047024,0,0,0.2465576,-0.0505464,-0.0674654,-13.3812828,-12.9491482,6.7645750,7.5245767,0.5183036,0.5625042,0.0708868,-0.0449979,-0.3259961,0.0684873,-0.3814078,0.2540277,0.0021809,0.0234512,-0.0031049,-0.0057764,0.0393298,-0.0050424,-0.0365057,0.0489149,0.2105900,0.7569815,0.9998572,-0.0094928,-0.0871521
36.202927272,1791080884.936500788,0,0,0.2904634,-0.0178249,-0.0192182,-13.6846380,-12.9292355,4.6429343,7.6792946,0.5102499,0.3957288,0.0362336,-0.0780586,-0.3277880,0.1268807,-0.4467383,0.1141842,0.0130786,0.0403742,-0.0024824,-0.0018401,0.0468768,-0.0054152,-0.0368617,0.0340816,0.2147973,0.7569816,0.9998572,-0.0065283,-0.1009906
36.222449068,1791080884.956022263,0,0,0.3020794,0.0571619,-0.0291302,-14.2490568,-13.0640450,5.3496675,6.5836034,0.5262264,0.2878994,0.2178137,-0.1861077,-0.4070913,0.2148098,-0.5433339,0.1189317,0.0231028,0.0465773,-0.0018059,0.0001145,0.0530090,-0.0058644,-0.0348380,0.0279712,0.2183665,0.7569817,0.9998572,-0.0031456,-0.1183970
36.244383507,1791080884.977957010,0,0,0.2674468,0.0909093,-0.1299666,-13.9124365,-11.4952965,5.4434338,5.2581191,0.5931281,0.3235211,0.3450599,-0.2190574,-0.4366067,0.2274545,-0.4633887,0.1043004,0.0275165,0.0480577,-0.0014158,-0.0039722,0.0559063,-0.0029364,-0.0324347,0.0300149,0.2205751,0.7569817,0.9998572,-0.0003581,-0.1295824
36.262448398,1791080884.996021271,0,0,0.2828829,0.1158892,-0.1390390,-14.4999552,-11.8828573,5.1939034,3.9160523,0.6143093,0.4684759,0.2983641,-0.1934123,-0.4259972,0.1922952,-0.3729192,0.1463395,0.0403105,0.0460539,-0.0017420,-0.0119644,0.0561526,0.0023441,-0.0286043,0.0339041,0.2219832,0.7569816,0.9998572,0.0029347,-0.1299424
36.282522026,1791080885.016095161,0,0,0.3442203,0.1498228,-0.0649477,-15.5511751,-11.7323599,4.2329888,0.1863192,0.6330844,0.4473442,0.2224894,-0.1002337,-0.3528588,0.1580562,-0.3720592,0.2724682,0.0628290,0.0452992,-0.0037211,-0.0159491,0.0537742,0.0080727,-0.0226204,0.0344575,0.2227214,0.7569816,0.9998572,0.0071542,-0.1234732
36.302983077,1791080885.036555767,0,0,0.4056683,0.1259902,-0.0670981,-15.0069199,-10.0871258,4.7890429,-7.5236416,0.6044322,0.2795770,0.2785876,-0.0125958,-0.2590827,0.1527616,-0.3511824,0.3251618,0.0803897,0.0472691,-0.0086776,-0.0162598,0.0489952,0.0124870,-0.0148546,0.0263745,0.2226637,0.7569815,0.9998572,0.0102784,-0.1120337
36.324133009,1791080885.057705879,0,0,0.4203411,0.0776570,-0.0887362,-14.6095381,-12.3694305,5.6363263,-8.4138403,0.6579032,0.4450669,0.4488931,-0.0128046,-0.2210756,0.0180152,-0.1415564,0.2800053,0.0906979,0.0473149,-0.0217837,-0.0171573,0.0430157,0.0133546,-0.0110068,0.0211325,0.2227454,0.7569814,0.9998572,0.0129177,-0.1049045
36.341754625,1791080885.075327158,0,0,0.4235743,0.0374174,-0.0701137,-13.4964170,-12.5495701,5.1368408,-10.1298189,0.7503600,0.3659630,0.9095021,-0.0200414,-0.2324496,-0.2010456,-0.0094955,0.2879469,0.0946811,0.0499425,-0.0387993,-0.0189219,0.0378754,0.0134740,-0.0112962,0.0119960,0.2227406,0.7569814,0.9998572,0.0157621,-0.1066010
36.362784362,1791080885.096357584,0,0,0.4389817,0.0365107,-0.1016858,-12.6980543,-13.7692432,4.0794806,-12.8286142,0.6966184,0.3007454,1.0668601,0.1129344,-0.1933253,-0.4018221,0.2182675,0.3348852,0.0958658,0.0513722,-0.0563151,-0.0176483,0.0320353,0.0136086,-0.0120005,0.0014314,0.2226761,0.7569813,0.9998572,0.0156281,-0.1100171
36.382447408,1791080885.116020679,0,0,0.4263493,0.0496532,-0.1736479,-12.9957380,-13.7355347,2.8449502,-12.8920698,0.6993902,0.3422410,0.8758424,0.0917056,-0.1713053,-0.4823447,0.4162000,0.2906478,0.0897366,0.0534846,-0.0738712,-0.0122405,0.0255726,0.0177052,-0.0075252,-0.0152267,0.2224641,0.7569813,0.9998572,0.0132360,-0.1238528
36.402669508,1791080885.136242628,0,0,0.3818495,0.0536952,-0.1629339,-12.4675570,-14.2163906,2.5386505,-14.4239798,0.6307734,0.3290764,0.5441368,0.2555076,-0.0086654,-0.5630406,0.4945929,0.2221014,0.0752901,0.0576919,-0.0816061,-0.0054176,0.0194905,0.0213667,0.0055932,-0.0308442,0.2222682,0.7569813,0.9998572,0.0090213,-0.1440932
36.424895085,1791080885.158467770,0,0,0.3971887,0.0539297,-0.1415457,-12.2229929,-14.4630432,2.1757939,-15.5315218,0.5348292,0.3793271,0.6018896,0.3753352,-0.0639088,-0.5786830,0.5598094,0.2299143,0.0610966,0.0594697,-0.0872761,-0.0029384,0.0145447,0.0248722,0.0194155,-0.0391285,0.2221034,0.7569813,0.9998572,0.0056912,-0.1616123
36.443412084,1791080885.176984787,0,0,0.4053528,0.0426664,-0.0710337,-12.2189159,-14.2084999,1.3590465,-15.4743061,0.4470160,0.4277487,0.7763346,0.5890768,-0.1196447,-0.5917151,0.4367241,0.2609059,0.0439201,0.0590578,-0.0912861,0.0003698,0.0110263,0.0278712,0.0333507,-0.0394931,0.2219262,0.7569813,0.9998572,0.0035816,-0.1768389
36.463373793,1791080885.196947575,0,0,0.3686295,0.0328107,0.0697803,-12.5777645,-13.8416576,-0.5702545,-13.2868385,0.3554845,0.4558936,0.8554843,0.9905774,-0.0825115,-0.6064390,0.2866172,0.2265756,0.0367791,0.0596165,-0.0938212,-0.0002568,0.0086205,0.0275846,0.0455689,-0.0366641,0.2218532,0.7569813,0.9998572,0.0023036,-0.1868074
36.486905709,1791080885.220478773,0,0,0.2601959,0.0142383,0.2353407,-13.1855478,-13.0898342,-4.8575091,-9.5425196,0.4979825,0.4335852,0.8892906,0.7633550,-0.0608109,-0.4534165,-0.0519667,0.2289798,0.0335923,0.0607438,-0.0951613,0.0003667,0.0086410,0.0252089,0.0534039,-0.0343479,0.2219115,0.7569813,0.9998572,0.0013274,-0.2007092
36.504631231,1791080885.238204241,0,0,0.2304086,0.0073839,0.2843311,-14.2281942,-12.6214466,-13.7879314,-4.3224368,0.6638696,0.4280284,0.7257834,0.3959077,-0.0729557,-0.2143669,-0.1830280,0.1741702,0.0310824,0.0624163,-0.0966454,0.0018767,0.0080050,0.0238550,0.0624397,-0.0316319,0.2218976,0.7569813,0.9998572,0.0003370,-0.2134891
36.525609607,1791080885.259182930,0,0,0.3648540,-0.0584938,0.1750901,-13.2986994,-10.6332073,-15.6769524,-5.3369560,0.7693256,0.4347714,0.6374377,0.0944318,0.0091659,-0.0219616,-0.0245658,0.0751940,0.0283816,0.0615471,-0.0995074,0.0071061,0.0059711,0.0266785,0.0801509,-0.0219400,0.2216761,0.7569813,0.9998572,0.0011378,-0.2176551
36.545220651,1791080885.278793812,0,0,0.2804275,-0.1334770,0.1407334,-14.2721167,-10.3311338,-18.5062561,-2.2864721,0.7619884,0.2877440,0.4177190,0.0307009,-0.0206615,0.0349041,0.0397306,0.0736365,0.0269407,0.0619749,-0.1011990,0.0098875,0.0035864,0.0288627,0.0895017,-0.0144643,0.2215714,0.7569813,0.9998572,-0.0016782,-0.2140589
36.564832911,1791080885.298405886,0,0,0.2620703,-0.0110246,0.3347621,-15.9259176,-12.7335596,-15.0520029,-2.0402021,0.7817003,0.1259086,0.4269349,0.0217852,0.0018320,0.0845909,0.1457351,0.0111073,0.0263195,0.0634721,-0.1027510,0.0117442,0.0012553,0.0293143,0.0950294,-0.0089032,0.2214708,0.7569813,0.9998572,-0.0009285,-0.2071155
36.584947265,1791080885.318520069,0,0,0.3476111,0.0550970,0.3336349,-14.8291903,-13.6766939,-17.4713535,-3.3663664,0.8813580,0.0742716,1.0572752,-0.0339462,-0.0025645,0.1749145,0.2766348,0.1628839,0.0288924,0.0622652,-0.1038790,0.0252258,-0.0004564,0.0310409,0.1019321,0.0038418,0.2212401,0.7569813,0.9998572,0.0050892,-0.1954280
36.605334713,1791080885.338907957,0,0,0.3421681,0.0402918,0.3408281,-14.4766159,-14.5396156,-19.2783890,-3.6485531,0.9225593,0.0369273,1.2855603,-0.4105904,0.1423040,0.3152802,0.3674393,0.2564359,0.0299739,0.0618760,-0.1055631,0.0286321,-0.0006886,0.0324002,0.0925522,0.0123652,0.2210884,0.7569813,0.9998572,0.0103751,-0.1896505
36.626716908,1791080885.360289812,0,0,0.3587471,0.0312676,0.3648836,-14.9549265,-14.7485104,-20.2348289,-4.0940404,0.9619086,0.0885958,1.1005769,-0.6416891,0.2362927,0.4099743,0.5727599,0.3227516,0.0310569,0.0606690,-0.0971789,0.0339482,-0.0004738,0.0336720,0.0725979,0.0193526,0.2210244,0.7569813,0.9998572,0.0122329,-0.1931126
36.646676697,1791080885.380249500,0,0,0.4045889,0.0145069,0.3848695,-15.6022253,-14.5287933,-21.0747910,-3.9937115,1.0373918,0.2664486,0.9245333,-0.7903265,0.1782450,0.5461100,0.7236941,0.4130487,0.0323383,0.0586601,-0.0665101,0.0376267,0.0000252,0.0348329,0.0306950,0.0256245,0.2210169,0.7569813,0.9998572,0.0127368,-0.1971858
36.667003664,1791080885.400576591,0,0,0.3985039,-0.0161061,0.4167319,-16.5585098,-13.8456974,-21.5459805,-3.8683774,1.0100843,0.2861652,0.6804796,-0.6980366,0.1599432,0.6139232,0.7099079,0.5099738,0.0333471,0.0574004,-0.0412219,0.0389182,0.0001598,0.0357442,0.0019167,0.0288729,0.2210231,0.7569813,0.9998572,0.0144233,-0.2016475
36.685324018,1791080885.418897152,0,0,0.3624355,-0.0526062,0.5008970,-16.7819881,-13.1697683,-24.4642086,-4.4690285,0.9273015,0.1882279,0.6268972,-0.3549360,0.2275112,0.6788785,0.4807624,0.4918176,0.0337850,0.0555493,0.0087590,0.0359601,0.0007618,0.0362710,0.0020509,0.0314510,0.2210383,0.7569812,0.9998572,0.0179973,-0.1952988
36.705867023,1791080885.439440012,0,0,0.3520662,-0.0672594,0.5349867,-16.3771687,-13.2322502,-24.6541576,-5.2102323,0.9201797,0.4199278,0.7923813,-0.0312812,0.0077460,0.6477955,0.0624123,0.4147763,0.0341615,0.0546690,0.0289772,0.0381348,0.0021617,0.0366690,-0.0159981,0.0339315,0.2210547,0.7569809,0.9998572,0.0281166,-0.1811156
36.726625393,1791080885.460198879,0,0,0.3481159,-0.0824780,0.5117902,-15.8889418,-14.1228514,-25.6474915,-5.5769458,0.8082330,0.6020684,0.7419150,0.2071548,-0.2149682,0.5415545,-0.2105770,0.0574624,0.0343294,0.0539596,0.0479597,0.0369777,0.0041884,0.0369401,0.0088501,0.0353548,0.2210667,0.7569796,0.9998572,0.0366010,-0.1675256
36.748232425,1791080885.481804609,0,0,0.3117945,-0.1119174,0.4151912,-15.8475313,-13.7149296,-23.8991699,-6.1988168,0.6618435,0.7743859,0.3977603,0.2029783,-0.4107996,0.3750888,-0.2989247,-0.0787723,0.0344408,0.0535459,0.0547782,0.0426383,0.0050556,0.0371279,0.0210361,0.0357105,0.2210793,0.7569771,0.9998571,0.0368534,-0.1554150
36.764220398,1791080885.497792959,0,0,0.3403558,-0.0914144,0.2887191,-15.1057138,-13.2622995,-20.9901123,-7.1545482,0.6012115,0.7680246,0.2659013,0.4328198,-0.3745242,0.2523707,-0.3105738,-0.1749070,0.0345205,0.0527623,0.0541810,0.0524358,0.0059512,0.0373621,0.0263481,0.0374405,0.2211103,0.7569759,0.9998569,0.0370740,-0.1419818
36.784202012,1791080885.517774105,0,0,0.3625062,-0.0694697,0.2274834,-15.1242609,-13.5507088,-17.3997478,-7.3130374,0.6752735,0.8073701,0.0751220,0.1963366,-0.1782161,0.1257325,-0.1817083,-0.1620544,0.0339318,0.0519203,0.0382844,0.0624813,0.0067030,0.0374617,0.0318488,0.0434225,0.2211077,0.7569913,0.9998538,0.0394639,-0.1333928
36.804257932,1791080885.537830114,0,0,0.3235478,-0.0427033,0.2034049,-15.0411940,-12.8594446,-10.2907486,-8.3331823,0.6773090,0.6281456,0.2622661,0.2783906,-0.1903199,0.1810183,-0.2794500,0.0746862,0.0334330,0.0510987,0.0336953,0.0634134,0.0070393,0.0376478,0.0420014,0.0480462,0.2211313,0.7570170,0.9998537,0.0370371,-0.1288247
36.824236410,1791080885.557809114,0,0,0.2506431,-0.0389264,0.1877962,-15.2703142,-12.4396944,-11.6345549,-6.2037740,0.5820978,0.5526996,0.0063372,0.1571348,-0.1105741,0.1081755,-0.1153003,-0.0148892,0.0325591,0.0509353,0.0245000,0.0623476,0.0069536,0.0377712,0.0531080,0.0509310,0.2211382,0.7570310,0.9998537,0.0364149,-0.1233764
36.844224552,1791080885.577796936,0,0,0.2886387,-0.0254419,0.1607449,-15.0615683,-12.8710928,-9.6571684,-7.4159360,0.6981176,0.6070344,0.0599618,0.0314841,-0.0849568,0.0119718,-0.0186132,-0.0266292,0.0320132,0.0508147,0.0241391,0.0589227,0.0070817,0.0378784,0.0635343,0.0540877,0.2211329,0.7570378,0.9998537,0.0369475,-0.1117983
36.864457852,1791080885.598030090,0,0,0.3368537,-0.0155719,0.1688686,-15.6106319,-13.5232010,-9.0750227,-7.9659019,0.6966896,0.7707940,0.0449460,0.0262337,-0.0763758,-0.0233646,0.0476851,-0.0453739,0.0313549,0.0506858,0.0258712,0.0559549,0.0071922,0.0379896,0.0664491,0.0574067,0.2211135,0.7570349,0.9998534,0.0394031,-0.0963072
36.884229476,1791080885.617801905,0,0,0.3805526,-0.0104242,0.1562832,-16.0552826,-14.3004093,-8.0274897,-9.0560293,0.7170900,0.8297129,-0.0515447,0.0799093,-0.0901209,-0.1129141,0.1443380,0.0175735,0.0296983,0.0512166,0.0172613,0.0488363,0.0073532,0.0376812,0.0659927,0.0596510,0.2209708,0.7570268,0.9998264,0.0433680,-0.0813685
36.904221682,1791080885.637794018,0,0,0.3753551,0.0001184,0.1435674,-17.1832275,-14.7046919,-7.8198943,-9.5850401,0.8141752,0.7927030,-0.2070299,0.0663237,-0.1003609,-0.1592242,0.2594580,0.1260088,0.0272409,0.0515618,0.0143164,0.0428852,0.0073331,0.0374158,0.0681764,0.0623191,0.2207794,0.7570170,0.9998044,0.0455018,-0.0664196
36.924346980,1791080885.657919645,0,0,0.3519409,0.0103626,0.1275625,-17.4107170,-14.6871176,-8.5240126,-10.8390465,0.9236127,0.6958008,-0.3053985,0.0304524,-0.0916436,-0.1603172,0.3812251,0.1925009,0.0245550,0.0524950,0.0138132,0.0353693,0.0079368,0.0366543,0.0653602,0.0638561,0.2203048,0.7569793,0.9997285,0.0452189,-0.0433585
36.944363443,1791080885.677935839,0,0,0.3631054,0.0226480,0.1396232,-16.8643398,-14.7558308,-10.1450682,-12.4795046,0.9991980,0.6246233,-0.3071492,-0.0511146,-0.0643649,-0.1499663,0.4689804,0.2727979,0.0210513,0.0535042,0.0156279,0.0304321,0.0088587,0.0358676,0.0590964,0.0652902,0.2196679,0.7569476,0.9996634,0.0444105,-0.0213906
36.969143327,1791080885.702716351,0,0,0.3820847,0.0331645,0.1778918,-15.9907036,-15.0608368,-13.2605495,-12.6260786,0.9670569,0.6588957,-0.1604902,-0.0868202,-0.0564350,-0.1598812,0.5693013,0.3524653,0.0162517,0.0541716,0.0154318,0.0264685,0.0098325,0.0350696,0.0491524,0.0665802,0.2188749,0.7569189,0.9996083,0.0444406,-0.0026729
36.988887398,1791080885.722460747,0,0,0.3497484,0.0422559,0.1973737,-15.0644693,-15.3549299,-17.6982250,-11.9038668,0.8790753,0.5693141,0.0488833,-0.1500743,-0.0215994,-0.0887534,0.4647249,0.1771055,0.0112858,0.0539658,0.0142620,0.0241900,0.0109348,0.0342826,0.0413190,0.0674835,0.2185066,0.7569010,0.9995903,0.0439449,0.0109445
37.007007267,1791080885.740580082,0,0,0.3202075,0.0473238,0.1834736,-14.7563124,-14.3579464,-16.9511471,-10.4621267,0.8845450,0.6330760,0.0637323,-0.0998734,-0.0151199,0.0006081,0.4292483,0.2720914,0.0068366,0.0533638,0.0125563,0.0224837,0.0121044,0.0333847,0.0370417,0.0682451,0.2182758,0.7569086,0.9995869,0.0443754,0.0150703
37.028734655,1791080885.762307882,0,0,0.3583008,0.0259274,0.1973881,-13.2485771,-14.2509737,-17.5998173,-10.4579992,1.0171897,0.3698295,0.2719101,0.0270261,0.0124603,-0.0048591,0.3215393,0.3936041,-0.0001551,0.0518266,0.0097796,0.0199938,0.0131371,0.0323596,0.0331315,0.0695302,0.2175431,0.7569392,0.9995798,0.0463289,0.0154652
37.046634742,1791080885.780207634,0,0,0.3472752,-0.0485837,0.0800949,-12.1974688,-12.2838526,-18.3991718,-9.1199245,1.0412502,0.3188894,0.4062736,0.0301134,-0.0043951,0.0034786,0.2090448,0.4822241,-0.0063063,0.0496141,0.0076132,0.0159663,0.0142834,0.0312498,0.0319599,0.0707602,0.2169708,0.7569423,0.9995677,0.0461561,0.0185777
37.067382200,1791080885.800955057,0,0,0.2990472,-0.0705488,0.0664021,-12.4930315,-11.5497589,-17.2522926,-8.5409155,0.9688166,0.1898459,0.3276519,0.0337640,-0.0123185,0.0033696,0.0910456,0.4521054,-0.0100988,0.0473539,0.0073148,0.0134238,0.0156346,0.0298966,0.0327395,0.0718085,0.2167515,0.7569355,0.9995554,0.0453807,0.0236099
37.089369627,1791080885.822942972,0,0,0.2947779,-0.0724134,0.0805777,-12.2699633,-11.9476223,-17.8335896,-9.3770971,0.9024795,0.1507260,0.5198923,0.1301191,0.0305078,0.0583042,-0.0127980,0.4837860,-0.0133622,0.0446786,0.0089726,0.0114980,0.0175439,0.0284475,0.0323460,0.0728001,0.2166599,0.7569147,0.9995203,0.0450667,0.0329057
37.109341480,1791080885.842914820,0,0,0.3190571,-0.0690503,0.1140104,-12.7241936,-13.2627153,-18.8147736,-10.0237207,0.8746123,0.3152598,0.8660694,0.4217797,0.0617910,0.2043696,-0.1541313,0.4703608,-0.0164849,0.0417726,0.0107424,0.0109638,0.0194214,0.0269979,0.0313442,0.0737686,0.2166938,0.7568981,0.9994743,0.0451740,0.0392723
37.129076975,1791080885.862650633,0,0,0.2922608,-0.0804374,0.1389536,-13.7647762,-13.2526836,-20.0096798,-10.5205774,0.7214150,0.3919603,0.6916155,0.6017355,0.0153717,0.3257861,-0.2746680,0.2747854,-0.0183364,0.0394989,0.0147074,0.0101972,0.0216091,0.0257937,0.0314791,0.0744248,0.2171295,0.7568800,0.9994673,0.0437722,0.0463090
37.149279427,1791080885.882852316,0,0,0.2687379,-0.0833936,0.1580266,-14.6127920,-14.2056208,-21.1597157,-11.4887066,0.2886390,0.5551072,0.3604252,0.7677152,-0.1337302,0.3302279,-0.2782612,0.1827652,-0.0195877,0.0378849,0.0198301,0.0102216,0.0242775,0.0248028,0.0315208,0.0748417,0.2176270,0.7568769,0.9994674,0.0415998,0.0514128
37.170433968,1791080885.904006481,0,0,0.3189548,-0.0548478,0.1672266,-13.9297266,-16.1271305,-21.6747475,-12.7197781,0.1980344,0.7440629,0.3550759,0.7452880,-0.3070978,0.1840109,-0.1991589,0.0685751,-0.0212741,0.0357933,0.0226371,0.0112075,0.0267553,0.0237914,0.0295635,0.0752367,0.2181083,0.7568854,0.9994672,0.0409632,0.0548239
37.187732343,1791080885.921304464,0,0,0.3260261,-0.0609570,0.2021508,-14.2817936,-16.9386063,-19.6345615,-13.2795000,0.0887556,0.9678170,0.0059807,0.2478221,-0.1637014,0.0275707,-0.0646732,0.0812628,-0.0225774,0.0337596,0.0270048,0.0118668,0.0293688,0.0226861,0.0287224,0.0756877,0.2184343,0.7568931,0.9994677,0.0408513,0.0561605
37.207729637,1791080885.941302061,0,0,0.3434252,-0.0756847,0.2883652,-15.6951962,-16.2467918,-18.8017826,-13.9931316,-0.0119317,0.7360414,0.0154171,0.0334490,-0.0612120,-0.0010539,0.0226054,0.0613185,-0.0244667,0.0309485,0.0248420,0.0139590,0.0321227,0.0215096,0.0272210,0.0764509,0.2184913,0.7568796,0.9994640,0.0390673,0.0536335
37.227766996,1791080885.961339474,0,0,0.3891748,-0.0027236,0.3289337,-15.3208799,-15.0886478,-15.0542088,-15.4122601,-0.1516678,0.3862685,0.0389923,-0.0824218,-0.0291667,0.0092200,0.0739684,0.0133144,-0.0267110,0.0262580,0.0236577,0.0163281,0.0342111,0.0202363,0.0244168,0.0775753,0.2190270,0.7568333,0.9993814,0.0390083,0.0562949
37.248800030,1791080885.982372284,0,0,0.3794048,0.0562474,0.2505826,-14.9271841,-16.4547577,-9.9319105,-14.2072840,-0.1251356,0.5125427,0.2197462,-0.1133904,-0.0121184,0.0690263,0.2143820,0.1576816,-0.0303279,0.0222465,0.0157181,0.0163462,0.0352630,0.0192332,0.0252698,0.0787826,0.2184741,0.7567876,0.9993732,0.0397546,0.0594105
37.268172764,1791080886.001745224,0,0,0.2485348,0.0270346,0.2949064,-15.4159050,-16.3883362,-12.5266457,-12.7595606,-0.0257432,0.7923650,0.1367014,0.0830611,-0.0423568,0.0457617,0.2869302,0.2453007,-0.0314640,0.0201485,0.0167606,0.0181274,0.0370169,0.0181160,0.0274471,0.0792985,0.2184638,0.7567002,0.9993744,0.0407632,0.0679014
37.287857635,1791080886.021430254,0,0,0.1516269,0.0129341,0.3055430,-16.4696751,-17.3088799,-11.7518492,-13.0547857,0.2185293,1.0009035,0.0805644,0.2448502,-0.0558555,0.0705631,0.3724129,0.2799437,-0.0320469,0.0193020,0.0210582,0.0191111,0.0396738,0.0172899,0.0283349,0.0795114,0.2187014,0.7566369,0.9993762,0.0411431,0.0851774
37.307762062,1791080886.041334867,0,0,0.1927250,0.0015224,0.3074377,-15.0965548,-17.8045750,-13.0843477,-13.7896147,0.5292888,1.0947006,0.5155987,0.4779853,-0.1207644,0.1099707,0.5871095,0.2704639,-0.0332111,0.0184219,0.0234205,0.0189660,0.0414839,0.0163239,0.0265338,0.0794150,0.2187361,0.7564862,0.9993648,0.0411713,0.1187601
37.328079011,1791080886.061651707,0,0,0.1713759,-0.0417400,0.3255142,-13.3530111,-16.9732800,-13.2966127,-12.7507782,0.6490148,1.1756473,0.8236199,0.3782684,-0.1398839,0.1652482,0.5555542,0.1982554,-0.0346709,0.0183443,0.0248514,0.0174659,0.0437897,0.0152500,0.0251886,0.0794553,0.2189438,0.7563339,0.9993203,0.0405807,0.1527794
37.349981663,1791080886.083554029,0,0,0.0751870,-0.0708315,0.2840812,-13.3288727,-15.0985222,-10.0452194,-11.5218554,0.5607668,1.2119335,0.9976713,0.3908797,-0.3280744,0.1578056,0.5544361,0.2225452,-0.0353633,0.0181894,0.0299641,0.0170762,0.0464105,0.0144452,0.0239262,0.0785685,0.2193739,0.7562940,0.9993240,0.0345787,0.1809210
37.367953243,1791080886.101525784,0,0,0.0434671,-0.0516491,0.2156637,-13.3265743,-14.0802593,-10.0072145,-12.2019434,0.3733645,1.3762283,1.1104981,0.4998901,-0.6114691,0.2234758,0.4988619,0.0236194,-0.0356354,0.0180545,0.0401009,0.0210221,0.0475141,0.0138650,0.0241650,0.0778760,0.2197204,0.7562532,0.9993241,0.0285498,0.2183561
37.388303825,1791080886.121876001,0,0,0.0419083,-0.0376941,0.2444706,-13.5720882,-14.9223614,-11.0611391,-13.5653744,0.5203712,1.1919172,1.0980852,0.5205607,-0.4625347,0.2004479,0.4016697,-0.0604772,-0.0352528,0.0187334,0.0717229,0.0358486,0.0464849,0.0133446,0.0229326,0.0773946,0.2150133,0.7561399,0.9927635,0.0233889,0.2593145
37.407943061,1791080886.141515017,0,0,0.0565536,-0.0378354,0.2970019,-13.9509087,-15.2495613,-11.2190905,-14.0395470,0.5790883,0.8432899,0.8765005,0.5646909,-0.2037072,0.1578897,0.2867771,0.0107080,-0.0361365,0.0190458,0.0655867,0.0421310,0.0437479,0.0129413,0.0204016,0.0761263,0.2059401,0.7559606,0.9801384,0.0177155,0.2868394
37.427957923,1791080886.161530018,0,0,0.0733998,-0.0371831,0.2960647,-13.7726660,-15.5054865,-12.2713137,-14.9360352,0.6198719,0.6190506,0.7624467,0.4120626,-0.0334801,0.1046164,0.1270642,-0.0597047,-0.0373679,0.0187082,0.0622407,0.0463482,0.0406870,0.0126077,0.0258319,0.0747994,0.1970322,0.7558059,0.9735360,0.0125562,0.3108910
37.448034322,1791080886.181606770,0,0,0.0738931,-0.0026429,0.2261133,-14.1587934,-15.9077625,-11.2313204,-14.1313429,0.4284308,0.6398436,0.8797911,0.4437824,-0.0639125,0.1632510,0.1293041,0.0976008,-0.0386408,0.0177367,0.0530264,0.0449051,0.0377561,0.0121436,0.0326223,0.0717448,0.1926679,0.7557426,0.9574693,0.0114965,0.3189943
37.468695248,1791080886.202267885,0,0,0.0265216,-0.0025928,0.1865334,-14.3205290,-15.4204960,-13.0612059,-12.9383984,0.4754618,0.5640226,0.9237344,0.4105013,-0.0554412,0.1855984,0.0655895,0.0042059,-0.0392848,0.0166888,0.0512264,0.0441073,0.0346395,0.0117821,0.0436901,0.0695846,0.1903251,0.7556958,0.9516603,0.0093657,0.3265547
37.489082183,1791080886.222655058,0,0,-0.0053885,-0.0140622,0.1852732,-14.0635023,-14.9395504,-13.4352808,-12.2631502,0.4960309,0.4742214,1.1977555,0.2916240,0.0119609,0.2032899,0.0226118,0.0284289,-0.0393964,0.0159425,0.0667438,0.0447688,0.0317987,0.0114681,0.0463593,0.0663838,0.1894286,0.7556273,0.9489044,0.0060159,0.3386975
37.507970041,1791080886.241542578,0,0,-0.0096507,-0.0183088,0.1679240,-13.5393705,-15.2183180,-14.5619917,-13.0823584,0.5032803,0.4005665,1.4236857,0.1528531,0.0634966,0.1712661,0.0098690,-0.0478549,-0.0391043,0.0159470,0.0738634,0.0471582,0.0292466,0.0112447,0.0432966,0.0633142,0.1902856,0.7555666,0.9482562,0.0012009,0.3528696
37.527968038,1791080886.261540890,0,0,-0.0267716,0.0025461,0.1182244,-13.5915642,-15.1800690,-13.5491905,-12.8639603,0.3828724,0.3174013,1.4624467,0.0223601,0.0713726,0.1716951,0.0496703,-0.1205540,-0.0386922,0.0172577,0.0691743,0.0482954,0.0268211,0.0110381,0.0371993,0.0607393,0.1919593,0.7555091,0.9473147,-0.0021630,0.3647157
37.548120600,1791080886.281693220,0,0,-0.0670088,0.0124892,0.0857195,-13.5267229,-15.1265240,-12.4435549,-11.9959421,0.3257341,0.3022096,1.5183442,-0.0550898,0.0716716,0.1873307,0.1553887,-0.1061272,-0.0381505,0.0191002,0.0701756,0.0484106,0.0243857,0.0108694,0.0339551,0.0587762,0.1945929,0.7554574,0.9467762,-0.0063218,0.3764449
37.568042723,1791080886.301615715,0,0,-0.0928217,0.0100988,0.0656136,-13.1437540,-15.4286652,-12.0234175,-11.5825520,0.3239349,0.3131704,1.6336296,-0.0138895,0.0835490,0.2140862,0.2149159,-0.1618346,-0.0375955,0.0211630,0.0642688,0.0481306,0.0219641,0.0107181,0.0316326,0.0569426,0.1966148,0.7554037,0.9462762,-0.0093483,0.3865313
37.588024496,1791080886.321596861,0,0,-0.1275625,0.0052260,0.0447948,-12.9080400,-15.6738062,-11.4825201,-10.9718142,0.3101190,0.2684514,1.7088296,0.0925754,0.1285300,0.2380909,0.2914037,-0.1900171,-0.0369851,0.0232670,0.0611993,0.0480788,0.0195742,0.0105862,0.0310495,0.0553527,0.1980368,0.7553449,0.9458336,-0.0114039,0.3956176
37.608643245,1791080886.342215538,0,0,-0.1509512,0.0005150,0.0351323,-12.8732500,-15.7492609,-10.8755465,-10.4430227,0.2191767,0.2694075,1.7099015,0.2543472,0.1340165,0.2557819,0.3179919,-0.2108003,-0.0363451,0.0253331,0.0589153,0.0478827,0.0173341,0.0104708,0.0314894,0.0539989,0.1986227,0.7552829,0.9453902,-0.0123401,0.4038300
37.628535959,1791080886.362108469,0,0,-0.1728384,-0.0000938,0.0416316,-13.0649080,-16.0171871,-10.9086962,-10.2796869,0.1398620,0.3028648,1.6564631,0.3954791,0.0990638,0.2663345,0.2847914,-0.2925961,-0.0357008,0.0272891,0.0574100,0.0477481,0.0152285,0.0103714,0.0320495,0.0527561,0.1986809,0.7552180,0.9449500,-0.0123534,0.4114179
37.648068345,1791080886.381640673,0,0,-0.1911608,0.0053530,0.0504754,-13.2451048,-15.8576965,-10.3293467,-9.8962154,0.0581659,0.3408406,1.5309209,0.3565339,0.0738670,0.3011509,0.3132147,-0.3254699,-0.0350307,0.0293119,0.0576719,0.0476476,0.0133190,0.0102845,0.0339052,0.0517923,0.1979470,0.7551563,0.9445029,-0.0128082,0.4185480
37.669636045,1791080886.403208971,0,0,-0.2080849,0.0077893,0.0634469,-13.3418941,-15.6033154,-9.6643658,-9.4722071,0.0056331,0.2982917,1.3848258,0.2815334,0.0996479,0.3106581,0.3567165,-0.3366874,-0.0343565,0.0313314,0.0566039,0.0476364,0.0116053,0.0102031,0.0355577,0.0509463,0.1968936,0.7550958,0.9439933,-0.0127772,0.4253046
37.692758536,1791080886.426331758,0,0,-0.2190841,0.0105635,0.0743090,-13.4531698,-15.4761333,-9.2131166,-9.2354383,-0.0479383,0.2164293,1.2460304,0.1961405,0.1611004,0.3109628,0.4340087,-0.3242058,-0.0337161,0.0334205,0.0578554,0.0472170,0.0102119,0.0101254,0.0378046,0.0502045,0.1956200,0.7550475,0.9435604,-0.0133527,0.4319700
37.711035339,1791080886.444607973,0,0,-0.2227638,0.0166029,0.0762799,-13.6857843,-15.5530930,-9.0084562,-9.1889181,-0.1130477,0.1419285,1.0348588,0.1552803,0.2282235,0.3085797,0.5411351,-0.3146182,-0.0330604,0.0357465,0.0588649,0.0469371,0.0090359,0.0100543,0.0409220,0.0496680,0.1940508,0.7550132,0.9431275,-0.0146578,0.4382609
37.730625742,1791080886.464198589,0,0,-0.2222035,0.0189904,0.0653529,-13.7075090,-15.6713638,-8.9798689,-9.3592443,-0.1614383,0.0988810,0.8150160,0.1110582,0.2911151,0.3146321,0.7039301,-0.3064381,-0.0323617,0.0381746,0.0562022,0.0467066,0.0079642,0.0099825,0.0432054,0.0491961,0.1927740,0.7549861,0.9426916,-0.0159454,0.4439183
37.750986180,1791080886.484559298,0,0,-0.2168270,0.0205508,0.0545806,-13.6455832,-15.6302319,-8.7861137,-9.3086615,-0.1902973,0.0694821,0.5812039,0.0531652,0.3565260,0.3161580,0.8743399,-0.2381650,-0.0316588,0.0406627,0.0550386,0.0462669,0.0070591,0.0099088,0.0459226,0.0488289,0.1917218,0.7549737,0.9422992,-0.0176504,0.4490224
37.770960593,1791080886.504534006,0,0,-0.2134382,0.0253907,0.0511470,-13.4549541,-15.4119186,-8.3284731,-8.9190550,-0.2151793,0.0391860,0.3196270,-0.0058717,0.4325818,0.3170416,0.9704266,-0.1641493,-0.0309274,0.0431018,0.0519319,0.0457802,0.0062395,0.0098335,0.0483310,0.0485359,0.1907693,0.7549669,0.9419017,-0.0188088,0.4535595
37.790765658,1791080886.524338722,0,0,-0.2071914,0.0280171,0.0420876,-13.2284002,-15.1099167,-7.7505078,-8.5005770,-0.2305456,0.0037978,0.0822567,-0.0772675,0.5247096,0.3269803,1.0304986,-0.0975337,-0.0301810,0.0454998,0.0499935,0.0451807,0.0055132,0.0097581,0.0510511,0.0483517,0.1899229,0.7549714,0.9415402,-0.0200761,0.4576401
37.809530057,1791080886.543102741,0,0,-0.1976497,0.0236208,0.0321990,-12.9065275,-14.8733521,-7.0725970,-7.9673166,-0.2436385,-0.0241784,-0.1314614,-0.1156048,0.6231167,0.3254438,1.0612698,-0.0329877,-0.0294152,0.0479157,0.0502104,0.0446544,0.0048715,0.0096761,0.0537861,0.0482117,0.1891997,0.7549841,0.9411931,-0.0212183,0.4617090
37.831714028,1791080886.565286875,0,0,-0.1845101,0.0178306,0.0179527,-12.5605135,-14.5822182,-6.4214606,-7.4106240,-0.2395073,-0.0360802,-0.3293436,-0.1765198,0.7185546,0.3323040,1.0994534,0.0403921,-0.0286072,0.0503973,0.0493420,0.0443630,0.0042748,0.0095869,0.0559694,0.0481112,0.1884564,0.7549981,0.9408166,-0.0217120,0.4657484
37.850960935,1791080886.584533930,0,0,-0.1702011,0.0126625,0.0021958,-12.2643681,-14.2915277,-5.8899121,-6.9293623,-0.2139061,-0.0231610,-0.4841199,-0.2440581,0.7829698,0.3413812,1.1244237,0.1121867,-0.0278002,0.0528649,0.0475257,0.0441196,0.0037154,0.0094953,0.0581494,0.0480674,0.1877415,0.7550162,0.9404824,-0.0220398,0.4696383
37.872916388,1791080886.606489658,0,0,-0.1581427,0.0104185,-0.0070757,-11.9273348,-14.1229811,-5.4717431,-6.5557780,-0.1857066,-0.0085107,-0.5532686,-0.2895539,0.8118597,0.3553394,1.1249441,0.1775038,-0.0269559,0.0553277,0.0469116,0.0439335,0.0031990,0.0093964,0.0598983,0.0480623,0.1870669,0.7550352,0.9401623,-0.0220018,0.4734870
37.891945146,1791080886.625518084,0,0,-0.1518431,0.0095875,-0.0115998,-11.6286564,-14.0636702,-5.2176981,-6.3060584,-0.1627733,0.0049607,-0.5598543,-0.3308488,0.8048535,0.3692016,1.1086735,0.2177031,-0.0260844,0.0577880,0.0457820,0.0437216,0.0027410,0.0092926,0.0614925,0.0481003,0.1864405,0.7550552,0.9398706,-0.0219955,0.4772776
37.911359321,1791080886.644932508,0,0,-0.1429432,0.0076725,-0.0170958,-11.4314318,-14.0589066,-5.1420650,-6.1641974,-0.1416443,0.0211370,-0.5596915,-0.3779885,0.7997969,0.3876075,1.1264825,0.2445901,-0.0251836,0.0603316,0.0450873,0.0434914,0.0023571,0.0091833,0.0627939,0.0481938,0.1857859,0.7550753,0.9396254,-0.0221334,0.4810281
37.931475881,1791080886.665048838,0,0,-0.1311897,0.0046195,-0.0252509,-11.2898188,-14.0754623,-5.1924706,-6.0699630,-0.1208759,0.0413547,-0.5602668,-0.4275745,0.7970634,0.4128457,1.1741804,0.2656159,-0.0242523,0.0629072,0.0461076,0.0432930,0.0020082,0.0090695,0.0635874,0.0483129,0.1851381,0.7550948,0.9394033,-0.0222080,0.4847885
37.951294706,1791080886.684867859,0,0,-0.1212234,0.0027217,-0.0311606,-11.1750565,-14.1629486,-5.3296323,-6.0156012,-0.0993296,0.0598036,-0.5384905,-0.4675829,0.7899546,0.4401664,1.2134907,0.2921735,-0.0232972,0.0654638,0.0464558,0.0431425,0.0016991,0.0089543,0.0640217,0.0484650,0.1844957,0.7551140,0.9392042,-0.0222048,0.4884625
37.970627471,1791080886.704200983,0,0,-0.1120100,0.0011728,-0.0332285,-11.0645409,-14.2458849,-5.4725003,-5.9790492,-0.0840419,0.0732121,-0.5023587,-0.5012224,0.7873371,0.4699645,1.2410252,0.3179702,-0.0223232,0.0679812,0.0473130,0.0429934,0.0014385,0.0088365,0.0641127,0.0486355,0.1838505,0.7551327,0.9390264,-0.0221926,0.4920793
37.990272596,1791080886.723845959,0,0,-0.1012276,-0.0004469,-0.0324840,-10.9779463,-14.3902903,-5.6853318,-5.9791222,-0.0813520,0.0828891,-0.4448697,-0.5071092,0.7805762,0.4941300,1.2525550,0.3345943,-0.0213425,0.0703997,0.0484627,0.0428815,0.0012066,0.0087191,0.0636990,0.0488123,0.1832253,0.7551506,0.9388689,-0.0220706,0.4957155
38.011078837,1791080886.744652271,0,0,-0.0964482,-0.0019917,-0.0291830,-10.8948851,-14.4816475,-5.9030733,-5.9862304,-0.0849001,0.0914627,-0.3539152,-0.4903166,0.7652599,0.5163279,1.2475101,0.3318630,-0.0203612,0.0727319,0.0495349,0.0428663,0.0009959,0.0086000,0.0629506,0.0489766,0.1826069,0.7551672,0.9387245,-0.0219994,0.4995519
38.031206918,1791080886.764780045,0,0,-0.0926724,-0.0052126,-0.0253290,-10.8554392,-14.5933342,-6.1563187,-6.0377746,-0.0930040,0.0806440,-0.2414269,-0.4633684,0.7513295,0.5311359,1.2500901,0.3166566,-0.0193948,0.0750141,0.0513358,0.0429115,0.0008206,0.0084801,0.0617713,0.0490959,0.1819962,0.7551824,0.9385911,-0.0220853,0.5036732
38.051261364,1791080886.784833908,0,0,-0.0840079,-0.0098152,-0.0262582,-10.8564224,-14.7988358,-6.5417676,-6.1154237,-0.1197488,0.0563705,-0.1226622,-0.3973323,0.7303835,0.5258321,1.2716933,0.3015437,-0.0184343,0.0772062,0.0534833,0.0429364,0.0006657,0.0083591,0.0598535,0.0491839,0.1814273,0.7551963,0.9384701,-0.0222122,0.5080012
38.072931243,1791080886.806504250,0,0,-0.0833459,-0.0149520,-0.0287027,-10.8504028,-14.9471703,-6.9359107,-6.1385360,-0.1385807,0.0485062,0.0151715,-0.3284266,0.6847847,0.5085341,1.2638322,0.2807441,-0.0175035,0.0792514,0.0543000,0.0429643,0.0005163,0.0082385,0.0577749,0.0492385,0.1809227,0.7552090,0.9383582,-0.0224497,0.5125164
38.093435909,1791080886.827008724,0,0,-0.0870334,-0.0202991,-0.0311431,-10.8055735,-15.1582222,-7.2449727,-6.2143750,-0.1626809,0.0417496,0.1940368,-0.2529149,0.6309208,0.4836493,1.2515793,0.2527283,-0.0166148,0.0811650,0.0557783,0.0429804,0.0003789,0.0081194,0.0554612,0.0492320,0.1804851,0.7552205,0.9382537,-0.0228934,0.5172852
38.113124426,1791080886.846697807,0,0,-0.0909370,-0.0270108,-0.0356559,-10.7707949,-15.3800421,-7.5954089,-6.3056173,-0.1947519,0.0355110,0.4001437,-0.1625157,0.5786484,0.4503999,1.2443155,0.2272520,-0.0157578,0.0829670,0.0575359,0.0431164,0.0002454,0.0080009,0.0527804,0.0491706,0.1801259,0.7552306,0.9381515,-0.0234910,0.5222777
38.133766792,1791080886.867340088,0,0,-0.0968417,-0.0320072,-0.0367541,-10.7684746,-15.6489735,-7.9468007,-6.4338088,-0.2235896,0.0301449,0.6100819,-0.0751866,0.5303897,0.4069079,1.2168648,0.2001517,-0.0149524,0.0846478,0.0578956,0.0432814,0.0001188,0.0078873,0.0502041,0.0490409,0.1798458,0.7552397,0.9380543,-0.0242416,0.5273855
38.153223304,1791080886.886796236,0,0,-0.1013131,-0.0346836,-0.0342728,-10.8035059,-16.0123138,-8.2469673,-6.5796432,-0.2458228,0.0337498,0.8208407,0.0135710,0.4720961,0.3507056,1.1392082,0.1723812,-0.0141947,0.0862637,0.0591870,0.0434236,0.0000283,0.0077767,0.0475859,0.0488286,0.1796389,0.7552484,0.9379584,-0.0251531,0.5325654
38.173011280,1791080886.906584263,0,0,-0.1089283,-0.0341884,-0.0297516,-10.7823648,-16.3477936,-8.4401007,-6.6806426,-0.2542092,0.0583443,1.0022286,0.0899038,0.3907292,0.2909718,1.0096216,0.1484154,-0.0134820,0.0878015,0.0590864,0.0435635,-0.0000494,0.0076715,0.0452680,0.0485434,0.1795025,0.7552565,0.9378650,-0.0262268,0.5377874
38.193238979,1791080886.926811695,0,0,-0.1156522,-0.0343791,-0.0241288,-10.7310476,-16.6713409,-8.5713997,-6.7097974,-0.2552034,0.0947499,1.1563678,0.1534878,0.2860040,0.2296283,0.8500527,0.1231257,-0.0127922,0.0893143,0.0595856,0.0439153,-0.0001492,0.0075700,0.0427850,0.0481928,0.1794473,0.7552624,0.9377676,-0.0273530,0.5431356
38.212918152,1791080886.946491718,0,0,-0.1238326,-0.0341257,-0.0180600,-10.6790810,-16.8188477,-8.6183844,-6.6921458,-0.2623952,0.1236483,1.2324209,0.1290124,0.1754397,0.1764315,0.6951824,0.0732344,-0.0121514,0.0908067,0.0598680,0.0440502,-0.0002366,0.0074720,0.0406141,0.0477460,0.1794524,0.7552680,0.9376684,-0.0285915,0.5484730
38.234917671,1791080886.968490839,0,0,-0.1332618,-0.0342738,-0.0177567,-10.6753283,-16.7774277,-8.6882753,-6.7069492,-0.2679575,0.1283908,1.2142384,0.0877334,0.0934181,0.1318336,0.5699759,0.0087638,-0.0115386,0.0922889,0.0595856,0.0440113,-0.0003283,0.0073782,0.0388991,0.0472702,0.1794955,0.7552732,0.9375696,-0.0300723,0.5537670
38.255495715,1791080886.989069223,0,0,-0.1434372,-0.0327835,-0.0171163,-10.7364292,-16.5613403,-8.7076654,-6.6987443,-0.2744927,0.1288862,1.1451093,0.0564200,0.0367123,0.0926538,0.4692165,-0.0397049,-0.0109476,0.0937793,0.0598736,0.0438814,-0.0004104,0.0072870,0.0373944,0.0467697,0.1795440,0.7552778,0.9374691,-0.0316240,0.5590200
38.275129374,1791080887.008702040,0,0,-0.1517758,-0.0300922,-0.0138948,-10.8394098,-16.3434353,-8.7122240,-6.6697483,-0.2893665,0.1144877,1.0664511,0.0317730,0.0018187,0.0612841,0.3851600,-0.0804764,-0.0103799,0.0952424,0.0591934,0.0435760,-0.0005226,0.0071994,0.0363764,0.0462716,0.1796082,0.7552823,0.9373711,-0.0331601,0.5641923
38.295544694,1791080887.029117584,0,0,-0.1588481,-0.0262083,-0.0113125,-10.9408388,-16.1481781,-8.6886082,-6.6293583,-0.3060592,0.0888333,0.9969468,0.0165713,-0.0136029,0.0414480,0.3191249,-0.1121640,-0.0098314,0.0966699,0.0585642,0.0432321,-0.0006646,0.0071147,0.0358481,0.0458170,0.1796765,0.7552875,0.9372735,-0.0345855,0.5692547
38.314842836,1791080887.048415422,0,0,-0.1624005,-0.0233006,-0.0077480,-11.0330906,-16.1042252,-8.6762400,-6.5900741,-0.3195649,0.0597252,0.9569826,0.0086009,-0.0152866,0.0344921,0.2837127,-0.1368164,-0.0092936,0.0980514,0.0581011,0.0428462,-0.0008466,0.0070320,0.0357027,0.0454050,0.1797338,0.7552926,0.9371787,-0.0359700,0.5742424
38.334766977,1791080887.068340302,0,0,-0.1663238,-0.0196381,-0.0038681,-11.1519499,-16.1023121,-8.6542158,-6.5414743,-0.3305544,0.0231955,0.9089094,0.0043888,-0.0074272,0.0324649,0.2605777,-0.1517534,-0.0087734,0.0993526,0.0571922,0.0423659,-0.0010582,0.0069511,0.0357747,0.0450246,0.1797984,0.7552980,0.9370877,-0.0371861,0.5790940
38.355256987,1791080887.088829994,0,0,-0.1721893,-0.0162769,-0.0010400,-11.2611332,-16.0904999,-8.6235428,-6.4852977,-0.3385773,-0.0202211,0.8389307,0.0020134,0.0047519,0.0296178,0.2448353,-0.1619972,-0.0082744,0.1005449,0.0557941,0.0418883,-0.0013037,0.0068728,0.0359582,0.0446739,0.1798643,0.7553034,0.9370004,-0.0380549,0.5837905
38.374818911,1791080887.108392000,0,0,-0.1756838,-0.0134532,0.0013325,-11.3555975,-16.0666771,-8.5576334,-6.4193254,-0.3437201,-0.0616136,0.7539858,-0.0014270,0.0189055,0.0260711,0.2381589,-0.1695040,-0.0077903,0.1016419,0.0552680,0.0414759,-0.0015747,0.0067959,0.0361850,0.0443477,0.1799390,0.7553089,0.9369169,-0.0387160,0.5883828
38.396888958,1791080887.130461931,0,0,-0.1788111,-0.0102384,0.0029432,-11.4424028,-16.0063992,-8.5044413,-6.3549867,-0.3471581,-0.1050179,0.6450238,-0.0056398,0.0368411,0.0223148,0.2398225,-0.1734241,-0.0073234,0.1026625,0.0545752,0.0410196,-0.0018522,0.0067203,0.0366027,0.0440453,0.1800161,0.7553151,0.9368362,-0.0392710,0.5928463
38.414822077,1791080887.148395061,0,0,-0.1819897,-0.0069119,0.0041432,-11.4927626,-15.9097071,-8.3707657,-6.2812452,-0.3468447,-0.1503206,0.5251098,-0.0092853,0.0582112,0.0198128,0.2485036,-0.1733276,-0.0068621,0.1036075,0.0536793,0.0406812,-0.0021326,0.0066451,0.0370303,0.0437709,0.1801166,0.7553213,0.9367585,-0.0396090,0.5971941
38.434856300,1791080887.168429613,0,0,-0.1816887,-0.0043997,0.0053373,-11.5331411,-15.8548517,-8.2864132,-6.2207937,-0.3402050,-0.1943974,0.4173613,-0.0138637,0.0798735,0.0188330,0.2686266,-0.1692778,-0.0064104,0.1044990,0.0530236,0.0404239,-0.0024165,0.0065701,0.0373262,0.0435158,0.1802146,0.7553275,0.9366829,-0.0397299,0.6014266
38.455285733,1791080887.188858509,0,0,-0.1806945,-0.0009628,0.0058095,-11.5304289,-15.8324699,-8.1416702,-6.1408916,-0.3303272,-0.2362576,0.3193344,-0.0144602,0.1041543,0.0197228,0.2945699,-0.1571968,-0.0059776,0.1053050,0.0517025,0.0402463,-0.0027100,0.0064969,0.0376372,0.0432924,0.1802836,0.7553338,0.9366121,-0.0395782,0.6054909
38.475066894,1791080887.208639860,0,0,-0.1782230,0.0013254,0.0069765,-11.4836740,-15.8444710,-7.9840264,-6.0567207,-0.3179168,-0.2803680,0.2341528,-0.0117949,0.1339670,0.0226057,0.3306938,-0.1417888,-0.0055510,0.1060381,0.0505338,0.0401742,-0.0030048,0.0064248,0.0379937,0.0430980,0.1803489,0.7553400,0.9365454,-0.0392359,0.6094371
38.495360899,1791080887.228934050,0,0,-0.1736434,0.0030491,0.0076260,-11.4032764,-15.8747129,-7.7867455,-5.9711418,-0.3035559,-0.3274691,0.1582402,-0.0094179,0.1704679,0.0271740,0.3620543,-0.1240203,-0.0051267,0.1067221,0.0500343,0.0401218,-0.0032844,0.0063521,0.0382558,0.0429211,0.1804038,0.7553462,0.9364814,-0.0387792,0.6132706
38.514867367,1791080887.248440027,0,0,-0.1708313,0.0044487,0.0076746,-11.2932701,-15.8742313,-7.5803986,-5.8727584,-0.2879018,-0.3719994,0.0852966,-0.0053019,0.2146468,0.0336248,0.3938693,-0.1080068,-0.0047122,0.1073562,0.0492255,0.0400037,-0.0035418,0.0062792,0.0385757,0.0427471,0.1804461,0.7553526,0.9364200,-0.0382047,0.6169794
38.534839893,1791080887.268412828,0,0,-0.1644408,0.0051312,0.0075476,-11.2011633,-15.9162254,-7.3865743,-5.7899842,-0.2696308,-0.4033421,0.0177289,-0.0013092,0.2661596,0.0417417,0.4310599,-0.0889420,-0.0043008,0.1079570,0.0490384,0.0400115,-0.0037910,0.0062058,0.0387461,0.0425826,0.1804858,0.7553588,0.9363617,-0.0375253,0.6206403
38.555638550,1791080887.289211750,0,0,-0.1570371,0.0057101,0.0066925,-11.1062269,-15.9270506,-7.1923985,-5.7168050,-0.2491719,-0.4189159,-0.0447416,-0.0003339,0.3206266,0.0525346,0.4659014,-0.0710525,-0.0038982,0.1085166,0.0488559,0.0401298,-0.0040368,0.0061326,0.0388442,0.0424294,0.1805306,0.7553650,0.9363066,-0.0367777,0.6242484
38.574993237,1791080887.308566332,0,0,-0.1497618,0.0058051,0.0047715,-11.0151205,-15.9334049,-7.0169997,-5.6507316,-0.2274860,-0.4276631,-0.0965891,0.0005420,0.3736995,0.0628610,0.4917847,-0.0507619,-0.0034924,0.1090409,0.0487492,0.0402954,-0.0042784,0.0060582,0.0388888,0.0422859,0.1805832,0.7553709,0.9362550,-0.0360660,0.6278341
38.595227209,1791080887.328799963,0,0,-0.1433582,0.0054931,0.0018262,-10.9479561,-15.9668121,-6.9136133,-5.6051655,-0.2107920,-0.4253058,-0.1369752,0.0025308,0.4175783,0.0707762,0.5137026,-0.0306759,-0.0030911,0.1095256,0.0488096,0.0404322,-0.0045101,0.0059831,0.0388095,0.0421540,0.1806376,0.7553766,0.9362073,-0.0353220,0.6313722
38.613526032,1791080887.347099066,0,0,-0.1382148,0.0044224,-0.0007706,-10.8901653,-15.9551477,-6.8137794,-5.5466142,-0.1973456,-0.4156717,-0.1635159,0.0030755,0.4515295,0.0787214,0.5300363,-0.0140655,-0.0027018,0.1099666,0.0486294,0.0405433,-0.0047345,0.0059076,0.0387115,0.0420327,0.1806833,0.7553822,0.9361628,-0.0344809,0.6348525
38.634902239,1791080887.368475676,0,0,-0.1335960,0.0027513,-0.0022092,-10.8325243,-15.9459496,-6.7793508,-5.5050445,-0.1877059,-0.4047709,-0.1808011,0.0049038,0.4822892,0.0875046,0.5509672,0.0000806,-0.0023207,0.1103731,0.0488733,0.0406495,-0.0049453,0.0058317,0.0385486,0.0419151,0.1807322,0.7553876,0.9361216,-0.0337119,0.6383090
38.655960294,1791080887.389533281,0,0,-0.1285854,0.0001862,-0.0050828,-10.8056583,-15.9142752,-6.7866378,-5.4616733,-0.1826496,-0.3890262,-0.1955116,0.0039063,0.5064210,0.0967839,0.5758190,0.0056033,-0.0019436,0.1107582,0.0494246,0.0407960,-0.0051458,0.0057548,0.0381514,0.0418097,0.1807727,0.7553926,0.9360833,-0.0329935,0.6417899
38.673664959,1791080887.407237530,0,0,-0.1245083,-0.0022816,-0.0061607,-10.8040066,-15.9182854,-6.8576379,-5.4592972,-0.1802781,-0.3790649,-0.1986324,0.0092729,0.5251865,0.1052859,0.5965604,0.0079962,-0.0015728,0.1111184,0.0504992,0.0409590,-0.0053327,0.0056763,0.0377967,0.0417023,0.1808094,0.7553976,0.9360466,-0.0323862,0.6453081
38.696870296,1791080887.430443048,0,0,-0.1227916,-0.0042778,-0.0061368,-10.7964983,-15.9227219,-6.9396615,-5.4663515,-0.1795724,-0.3735451,-0.1921142,0.0142814,0.5388885,0.1128324,0.6106045,0.0107698,-0.0012129,0.1114571,0.0509291,0.0411279,-0.0055073,0.0055976,0.0373529,0.0415863,0.1808473,0.7554022,0.9360121,-0.0318346,0.6488544
38.715611914,1791080887.449185133,0,0,-0.1210870,-0.0069048,-0.0070821,-10.7924213,-15.9303188,-7.0547571,-5.4761901,-0.1822697,-0.3711274,-0.1729589,0.0215195,0.5442193,0.1196586,0.6218275,0.0052942,-0.0008540,0.1117836,0.0515656,0.0412489,-0.0056740,0.0055169,0.0366585,0.0414625,0.1808974,0.7554064,0.9359792,-0.0313325,0.6524305
38.736989176,1791080887.470562220,0,0,-0.1218190,-0.0092066,-0.0076929,-10.7922144,-15.9265537,-7.1466465,-5.4799252,-0.1879039,-0.3678741,-0.1468424,0.0299819,0.5508292,0.1278548,0.6342813,0.0042841,-0.0005090,0.1120827,0.0516804,0.0413054,-0.0058282,0.0054364,0.0360464,0.0413392,0.1809496,0.7554106,0.9359483,-0.0309877,0.6559607
38.759788135,1791080887.493361235,0,0,-0.1224199,-0.0114987,-0.0083463,-10.8052883,-15.9399376,-7.2816691,-5.5141230,-0.1976782,-0.3675317,-0.1136260,0.0356528,0.5544035,0.1352882,0.6472368,-0.0026833,-0.0001780,0.1123529,0.0525977,0.0413976,-0.0059695,0.0053558,0.0353427,0.0412111,0.1810106,0.7554145,0.9359188,-0.0307997,0.6594758
38.777030678,1791080887.510603428,0,0,-0.1242261,-0.0126053,-0.0080822,-10.8521395,-15.9756031,-7.4036098,-5.5593615,-0.2095052,-0.3675638,-0.0770630,0.0444987,0.5562995,0.1412395,0.6556047,-0.0032727,0.0001429,0.1126041,0.0528279,0.0414179,-0.0060829,0.0052759,0.0347079,0.0410839,0.1810853,0.7554184,0.9358907,-0.0307454,0.6629296
38.797726517,1791080887.531299353,0,0,-0.1254862,-0.0136657,-0.0073025,-10.8797503,-16.0290184,-7.5199866,-5.6255612,-0.2188658,-0.3718188,-0.0360789,0.0481713,0.5563823,0.1458705,0.6607110,-0.0039692,0.0004497,0.1128405,0.0529468,0.0413865,-0.0061784,0.0051973,0.0341283,0.0409527,0.1811607,0.7554222,0.9358642,-0.0308878,0.6663213
38.817010643,1791080887.550583839,0,0,-0.1288981,-0.0137428,-0.0069147,-10.8784447,-16.0218430,-7.5686345,-5.6640582,-0.2275416,-0.3769838,0.0026672,0.0500410,0.5512366,0.1483213,0.6569097,-0.0109950,0.0007417,0.1130676,0.0532654,0.0413650,-0.0062597,0.0051196,0.0336657,0.0408193,0.1812228,0.7554260,0.9358388,-0.0311943,0.6696714
38.838688424,1791080887.572261572,0,0,-0.1313526,-0.0137529,-0.0081547,-10.8946352,-16.0175991,-7.6169834,-5.6886253,-0.2356242,-0.3767451,0.0349668,0.0507243,0.5385960,0.1481283,0.6549713,-0.0225925,0.0010216,0.1132898,0.0533736,0.0413584,-0.0063383,0.0050425,0.0331690,0.0406763,0.1812925,0.7554295,0.9358144,-0.0315099,0.6730086
38.857243317,1791080887.590816498,0,0,-0.1335750,-0.0136464,-0.0073156,-10.8973303,-15.9998856,-7.6575236,-5.7147908,-0.2406345,-0.3777972,0.0616648,0.0467544,0.5276690,0.1472868,0.6511037,-0.0348702,0.0012824,0.1135206,0.0527897,0.0413197,-0.0064129,0.0049675,0.0325814,0.0405204,0.1813523,0.7554329,0.9357913,-0.0317962,0.6762912
38.880906329,1791080887.614479065,0,0,-0.1363192,-0.0133830,-0.0076515,-10.8834457,-15.9793825,-7.6628146,-5.7171597,-0.2456684,-0.3817372,0.0838314,0.0417786,0.5160784,0.1458378,0.6410085,-0.0504275,0.0015351,0.1137595,0.0532271,0.0412640,-0.0064777,0.0048919,0.0321300,0.0403462,0.1814155,0.7554362,0.9357688,-0.0321385,0.6795563
38.900948904,1791080887.634522438,0,0,-0.1392663,-0.0130017,-0.0077220,-10.9014950,-15.9687290,-7.6829948,-5.7348051,-0.2512997,-0.3843446,0.0949961,0.0368504,0.5048326,0.1435904,0.6319808,-0.0623476,0.0017792,0.1140081,0.0530704,0.0411887,-0.0065361,0.0048170,0.0317103,0.0401669,0.1814830,0.7554395,0.9357470,-0.0325291,0.6827871
38.921371200,1791080887.654944420,0,0,-0.1414582,-0.0124833,-0.0059498,-10.8994608,-15.9565496,-7.6945076,-5.7517300,-0.2561198,-0.3906184,0.0945995,0.0321417,0.4965739,0.1402094,0.6241659,-0.0775430,0.0020198,0.1142760,0.0531292,0.0412062,-0.0065900,0.0047419,0.0314414,0.0399915,0.1815629,0.7554426,0.9357257,-0.0330270,0.6860339
38.942841617,1791080887.676415443,0,0,-0.1431834,-0.0119336,-0.0056855,-10.9068975,-15.9472389,-7.7334752,-5.7662954,-0.2590005,-0.3953952,0.0878091,0.0280039,0.4873869,0.1362801,0.6172091,-0.0908847,0.0022511,0.1145558,0.0533549,0.0412345,-0.0066415,0.0046668,0.0310648,0.0398089,0.1816470,0.7554457,0.9357049,-0.0335018,0.6892698
38.961009973,1791080887.694582939,0,0,-0.1454426,-0.0108597,-0.0051178,-10.9210081,-15.9331388,-7.7172222,-5.7642255,-0.2615041,-0.3960595,0.0737352,0.0216447,0.4760926,0.1318980,0.6090215,-0.0978275,0.0024738,0.1148422,0.0528276,0.0411692,-0.0066924,0.0045922,0.0305724,0.0396210,0.1817186,0.7554485,0.9356849,-0.0338970,0.6924424
38.980610971,1791080887.714184046,0,0,-0.1456241,-0.0095544,-0.0037251,-10.9212961,-15.9410172,-7.7100949,-5.7599220,-0.2607580,-0.3937591,0.0574635,0.0199766,0.4643017,0.1267736,0.6051649,-0.0992214,0.0026891,0.1151168,0.0530924,0.0410714,-0.0067416,0.0045170,0.0302381,0.0394229,0.1817963,0.7554514,0.9356656,-0.0342446,0.6955666
38.999857176,1791080887.733429909,0,0,-0.1464703,-0.0079093,-0.0020962,-10.9187660,-15.9218082,-7.6625814,-5.7306490,-0.2582604,-0.3874859,0.0334528,0.0153888,0.4580985,0.1232547,0.6063409,-0.0914795,0.0028956,0.1153927,0.0527367,0.0409766,-0.0067860,0.0044422,0.0299591,0.0392312,0.1818723,0.7554542,0.9356470,-0.0345599,0.6986207
39.018798126,1791080887.752370358,0,0,-0.1438662,-0.0067386,-0.0011882,-10.9475508,-15.9675236,-7.6457896,-5.7165761,-0.2545518,-0.3750317,0.0065841,0.0110547,0.4533336,0.1198343,0.6178998,-0.0783046,0.0030892,0.1156528,0.0523045,0.0408620,-0.0068280,0.0043688,0.0297911,0.0390671,0.1819559,0.7554571,0.9356297,-0.0349115,0.7015774
39.038842781,1791080887.772415161,0,0,-0.1430878,-0.0054461,0.0008229,-10.9196892,-15.9454374,-7.5514302,-5.6758256,-0.2489665,-0.3626961,-0.0196371,0.0050038,0.4531573,0.1186838,0.6260595,-0.0673045,0.0032750,0.1159097,0.0519538,0.0407313,-0.0068607,0.0042953,0.0296825,0.0389165,0.1820295,0.7554600,0.9356130,-0.0352353,0.7044463
39.058729193,1791080887.792301893,0,0,-0.1415120,-0.0047273,0.0015250,-10.9288263,-15.9619265,-7.5077343,-5.6644878,-0.2444353,-0.3572269,-0.0434144,0.0038991,0.4526120,0.1161599,0.6310495,-0.0591805,0.0034485,0.1161444,0.0515477,0.0406138,-0.0068959,0.0042225,0.0294506,0.0387777,0.1820913,0.7554628,0.9355974,-0.0354337,0.7072354
39.078716696,1791080887.812289000,0,0,-0.1405020,-0.0040704,0.0022273,-10.9154520,-15.9385567,-7.4353247,-5.6246734,-0.2408167,-0.3551141,-0.0626380,0.0011536,0.4514303,0.1140779,0.6290520,-0.0594652,0.0036104,0.1163437,0.0519098,0.0405709,-0.0069393,0.0041495,0.0292471,0.0386399,0.1821456,0.7554654,0.9355822,-0.0355488,0.7099820
39.098750855,1791080887.832323313,0,0,-0.1386416,-0.0039318,0.0032851,-10.9045849,-15.9410591,-7.4027500,-5.6159091,-0.2356456,-0.3506668,-0.0800741,0.0005086,0.4529217,0.1124190,0.6369291,-0.0612407,0.0037645,0.1165236,0.0521977,0.0406001,-0.0069845,0.0040762,0.0289925,0.0384967,0.1822006,0.7554680,0.9355678,-0.0355687,0.7127353
39.123272926,1791080887.856846094,0,0,-0.1373254,-0.0037813,0.0038289,-10.8800783,-15.9102373,-7.3715072,-5.5852585,-0.2320113,-0.3552772,-0.0976919,0.0002589,0.4583159,0.1118107,0.6362717,-0.0684130,0.0039174,0.1166956,0.0524757,0.0407008,-0.0070328,0.0040011,0.0287779,0.0383497,0.1822585,0.7554705,0.9355539,-0.0355230,0.7155066
39.140622447,1791080887.874195337,0,0,-0.1358639,-0.0035515,0.0043437,-10.8956671,-15.9476757,-7.4122624,-5.6097746,-0.2323142,-0.3634710,-0.1095135,0.0050894,0.4631138,0.1104786,0.6360209,-0.0713659,0.0040507,0.1168487,0.0523542,0.0407183,-0.0070783,0.0039275,0.0284061,0.0382052,0.1823115,0.7554728,0.9355407,-0.0353736,0.7182099
39.161581844,1791080887.895155191,0,0,-0.1351735,-0.0037961,0.0037848,-10.8863497,-15.9672394,-7.4181108,-5.6126375,-0.2314221,-0.3651218,-0.1180785,0.0074544,0.4655430,0.1101690,0.6365544,-0.0738886,0.0041773,0.1169755,0.0524765,0.0407048,-0.0071260,0.0038535,0.0281020,0.0380666,0.1823664,0.7554752,0.9355283,-0.0352396,0.7208817
39.180855218,1791080887.914428234,0,0,-0.1338428,-0.0048675,0.0038116,-10.8796663,-15.9827080,-7.4484067,-5.6097717,-0.2300896,-0.3695571,-0.1198533,0.0087994,0.4665603,0.1100249,0.6365590,-0.0763649,0.0042961,0.1170943,0.0528843,0.0406677,-0.0071611,0.0037794,0.0278511,0.0379328,0.1824217,0.7554775,0.9355165,-0.0352559,0.7235251
39.200876577,1791080887.934449434,0,0,-0.1333315,-0.0057325,0.0033691,-10.8747845,-15.9535713,-7.4616094,-5.5975194,-0.2306015,-0.3764657,-0.1227394,0.0101482,0.4621227,0.1084239,0.6292630,-0.0878828,0.0044097,0.1172096,0.0530936,0.0406574,-0.0071956,0.0037045,0.0275884,0.0377944,0.1824758,0.7554798,0.9355049,-0.0352638,0.7261592
39.220783373,1791080887.954356432,0,0,-0.1323717,-0.0059823,0.0027435,-10.8799887,-15.9761944,-7.4946251,-5.5937996,-0.2304969,-0.3758502,-0.1239264,0.0133613,0.4593103,0.1072374,0.6312462,-0.0887103,0.0045206,0.1173125,0.0530248,0.0406786,-0.0072336,0.0036289,0.0272930,0.0376483,0.1825447,0.7554819,0.9354939,-0.0352563,0.7287756
39.240747227,1791080887.974320173,0,0,-0.1308945,-0.0063827,0.0014795,-10.8992605,-15.9884577,-7.5338521,-5.5900469,-0.2303132,-0.3757001,-0.1271033,0.0129752,0.4613073,0.1074463,0.6339104,-0.0876219,0.0046220,0.1174013,0.0531740,0.0406733,-0.0072748,0.0035531,0.0269293,0.0375072,0.1826144,0.7554839,0.9354835,-0.0352459,0.7313561
39.263621836,1791080887.997195244,0,0,-0.1309243,-0.0061164,0.0017541,-10.9099865,-15.9809370,-7.5146480,-5.5906134,-0.2279056,-0.3780113,-0.1248513,0.0138892,0.4579320,0.1056711,0.6266421,-0.0826165,0.0047134,0.1174782,0.0530464,0.0407085,-0.0073079,0.0034775,0.0265894,0.0373744,0.1826790,0.7554860,0.9354734,-0.0352186,0.7338941
39.280731495,1791080888.014304399,0,0,-0.1314513,-0.0058639,0.0019189,-10.9154196,-15.9890747,-7.5159297,-5.5985222,-0.2282596,-0.3849663,-0.1202216,0.0147942,0.4539963,0.1034974,0.6185024,-0.0814454,0.0047947,0.1175401,0.0533163,0.0406734,-0.0073393,0.0034028,0.0262152,0.0372316,0.1827419,0.7554879,0.9354638,-0.0352117,0.7363926
39.302729316,1791080888.036302328,0,0,-0.1313923,-0.0058958,0.0011554,-10.9238682,-15.9984016,-7.5249896,-5.6035762,-0.2279797,-0.3880618,-0.1186647,0.0174426,0.4500908,0.1013966,0.6142707,-0.0825993,0.0048706,0.1175917,0.0533339,0.0406571,-0.0073726,0.0033280,0.0258837,0.0370888,0.1828052,0.7554899,0.9354545,-0.0351917,0.7388647
39.321661375,1791080888.055234194,0,0,-0.1327569,-0.0053694,0.0019177,-10.9042301,-15.9864388,-7.5043979,-5.6030021,-0.2291100,-0.3966042,-0.1160034,0.0154110,0.4477871,0.0998980,0.6052524,-0.0859792,0.0049453,0.1176459,0.0527077,0.0405984,-0.0074012,0.0032536,0.0256585,0.0369392,0.1828788,0.7554917,0.9354457,-0.0351579,0.7412927
39.342749480,1791080888.076322317,0,0,-0.1333524,-0.0052647,0.0012432,-10.9003592,-15.9790058,-7.4932976,-5.5916476,-0.2302384,-0.4015308,-0.1162163,0.0143382,0.4446633,0.0979981,0.5996785,-0.0853547,0.0050143,0.1176967,0.0527905,0.0405219,-0.0074295,0.0031791,0.0254293,0.0367920,0.1829544,0.7554936,0.9354371,-0.0351719,0.7436879
39.364939497,1791080888.098512650,0,0,-0.1330824,-0.0049423,0.0015848,-10.8938141,-15.9864273,-7.4899917,-5.5903172,-0.2300254,-0.4038547,-0.1190382,0.0160293,0.4415703,0.0956676,0.5979707,-0.0871480,0.0050742,0.1177390,0.0527646,0.0405064,-0.0074645,0.0031049,0.0251196,0.0366492,0.1830191,0.7554953,0.9354290,-0.0351749,0.7460653
39.382824173,1791080888.116397142,0,0,-0.1335757,-0.0041463,0.0019451,-10.8960066,-15.9791107,-7.4738531,-5.5768404,-0.2273966,-0.4018292,-0.1253049,0.0139098,0.4385875,0.0938708,0.5971588,-0.0857492,0.0051298,0.1177768,0.0529888,0.0405422,-0.0075009,0.0030301,0.0248399,0.0365108,0.1830820,0.7554970,0.9354211,-0.0351651,0.7484335
39.402986530,1791080888.136559725,0,0,-0.1338939,-0.0038205,0.0019367,-10.8951683,-15.9772224,-7.4736385,-5.5774417,-0.2283612,-0.4074776,-0.1277341,0.0119963,0.4358928,0.0920874,0.5923696,-0.0910473,0.0051798,0.1178060,0.0530609,0.0405564,-0.0075372,0.0029552,0.0245483,0.0363696,0.1831471,0.7554986,0.9354135,-0.0351639,0.7507784
39.423814661,1791080888.157387972,0,0,-0.1341764,-0.0033242,0.0026665,-10.8882914,-15.9792099,-7.4509802,-5.5692058,-0.2274196,-0.4075974,-0.1335234,0.0114532,0.4368261,0.0911084,0.5927098,-0.0880007,0.0052201,0.1178246,0.0528064,0.0405576,-0.0075739,0.0028808,0.0242143,0.0362306,0.1832095,0.7555001,0.9354061,-0.0351163,0.7530648
39.442903843,1791080888.176476955,0,0,-0.1334489,-0.0030339,0.0022582,-10.8986139,-16.0086670,-7.4518046,-5.5735712,-0.2266735,-0.4027866,-0.1415637,0.0116784,0.4345839,0.0893513,0.5959672,-0.0849913,0.0052519,0.1178299,0.0530869,0.0405299,-0.0076109,0.0028068,0.0240533,0.0361086,0.1832666,0.7555017,0.9353992,-0.0351841,0.7553143
39.463500802,1791080888.197073936,0,0,-0.1321643,-0.0028672,0.0035706,-10.8886232,-16.0271702,-7.4194837,-5.5667210,-0.2226644,-0.4015391,-0.1467699,0.0119747,0.4310715,0.0870047,0.5940645,-0.0830969,0.0052774,0.1178329,0.0529835,0.0405063,-0.0076448,0.0027328,0.0238711,0.0359886,0.1833218,0.7555033,0.9353925,-0.0352310,0.7575261
39.482938823,1791080888.216511965,0,0,-0.1320356,-0.0024732,0.0046140,-10.8787937,-16.0368176,-7.4120517,-5.5575399,-0.2202050,-0.3989493,-0.1542497,0.0129660,0.4299058,0.0858684,0.5968770,-0.0824203,0.0052975,0.1178249,0.0529938,0.0405363,-0.0076847,0.0026585,0.0236507,0.0358631,0.1833822,0.7555048,0.9353861,-0.0352256,0.7597224
39.506565064,1791080888.240137815,0,0,-0.1313468,-0.0020674,0.0046870,-10.8712187,-16.0591736,-7.4140182,-5.5519443,-0.2203571,-0.3984828,-0.1594957,0.0169648,0.4290905,0.0840432,0.5981843,-0.0794010,0.0053112,0.1178066,0.0529673,0.0405195,-0.0077223,0.0025843,0.0234261,0.0357435,0.1834429,0.7555063,0.9353799,-0.0352201,0.7618712
39.526805983,1791080888.260379076,0,0,-0.1318104,-0.0010872,0.0052896,-10.8760853,-16.0720882,-7.3984113,-5.5555682,-0.2207883,-0.3971971,-0.1648180,0.0219499,0.4273052,0.0818290,0.5964131,-0.0754131,0.0053157,0.1177786,0.0529276,0.0404984,-0.0077551,0.0025107,0.0232634,0.0356337,0.1834998,0.7555078,0.9353739,-0.0351527,0.7639580
39.545867292,1791080888.279440403,0,0,-0.1319367,-0.0010101,0.0066559,-10.8598242,-16.0757427,-7.3619580,-5.5496211,-0.2197521,-0.3965344,-0.1680401,0.0218525,0.4248297,0.0800660,0.5969573,-0.0757374,0.0053155,0.1177612,0.0528002,0.0404248,-0.0077804,0.0024377,0.0231183,0.0355113,0.1835530,0.7555093,0.9353682,-0.0350596,0.7660055
39.567200555,1791080888.300773621,0,0,-0.1305339,-0.0018956,0.0060041,-10.8584108,-16.0774632,-7.3827138,-5.5441403,-0.2198389,-0.3984063,-0.1725890,0.0244364,0.4225205,0.0782172,0.5997512,-0.0822121,0.0053106,0.1177449,0.0530257,0.0403964,-0.0078124,0.0023645,0.0229572,0.0353887,0.1836086,0.7555107,0.9353626,-0.0349755,0.7680524
39.584492769,1791080888.318065405,0,0,-0.1295075,-0.0023533,0.0064786,-10.8480730,-16.0798454,-7.3799558,-5.5322342,-0.2199303,-0.4050501,-0.1742098,0.0241697,0.4178877,0.0756891,0.5943335,-0.0886403,0.0053066,0.1177336,0.0529531,0.0404401,-0.0078463,0.0022898,0.0228395,0.0352737,0.1836645,0.7555120,0.9353573,-0.0349651,0.7701117
39.606639202,1791080888.340212107,0,0,-0.1297354,-0.0023980,0.0067885,-10.8363075,-16.0884991,-7.4114814,-5.5353498,-0.2210243,-0.4149543,-0.1750737,0.0256244,0.4175898,0.0740740,0.5903745,-0.0946525,0.0052979,0.1177214,0.0530785,0.0404536,-0.0078743,0.0022151,0.0226556,0.0351552,0.1837215,0.7555133,0.9353522,-0.0349937,0.7721472
39.627103197,1791080888.360676289,0,0,-0.1290698,-0.0028783,0.0060459,-10.8466558,-16.0970879,-7.4284792,-5.5411644,-0.2199058,-0.4196696,-0.1753636,0.0244109,0.4157310,0.0725438,0.5872727,-0.0955786,0.0052772,0.1176975,0.0531316,0.0404449,-0.0079059,0.0021411,0.0223095,0.0350356,0.1837758,0.7555146,0.9353472,-0.0349878,0.7741395
39.645599982,1791080888.379172802,0,0,-0.1289070,-0.0028945,0.0058778,-10.8548117,-16.1041908,-7.4385123,-5.5550723,-0.2167926,-0.4227155,-0.1744090,0.0238685,0.4103704,0.0701800,0.5836779,-0.0984074,0.0052551,0.1176729,0.0531634,0.0404060,-0.0079290,0.0020667,0.0220947,0.0349154,0.1838271,0.7555158,0.9353425,-0.0350090,0.7761095
39.666962238,1791080888.400535345,0,0,-0.1294506,-0.0027499,0.0054149,-10.8473921,-16.0850601,-7.4425759,-5.5542841,-0.2159570,-0.4277794,-0.1735913,0.0232649,0.4077038,0.0684862,0.5788853,-0.1004750,0.0052306,0.1176480,0.0532362,0.0403791,-0.0079533,0.0019920,0.0219015,0.0347930,0.1838802,0.7555169,0.9353379,-0.0350325,0.7780641
39.687434618,1791080888.421007633,0,0,-0.1299196,-0.0022657,0.0056021,-10.8422041,-16.0684071,-7.4362350,-5.5503178,-0.2160689,-0.4310555,-0.1751412,0.0205469,0.4052320,0.0673016,0.5750341,-0.1034282,0.0052048,0.1176269,0.0527903,0.0403785,-0.0079809,0.0019176,0.0217512,0.0346682,0.1839405,0.7555181,0.9353334,-0.0350476,0.7799848
39.710816533,1791080888.444389820,0,0,-0.1293559,-0.0016382,0.0050933,-10.8536263,-16.0706234,-7.4318376,-5.5484734,-0.2166878,-0.4372555,-0.1764658,0.0174704,0.4066507,0.0664389,0.5699053,-0.1020747,0.0051745,0.1176030,0.0527904,0.0403480,-0.0080080,0.0018434,0.0215947,0.0345490,0.1840006,0.7555192,0.9353290,-0.0350802,0.7818648
39.729036064,1791080888.462609053,0,0,-0.1292167,-0.0015104,0.0051583,-10.8314381,-16.0557289,-7.3912330,-5.5397801,-0.2135172,-0.4418245,-0.1789974,0.0130608,0.4043343,0.0641175,0.5639471,-0.1053273,0.0051440,0.1175830,0.0533608,0.0403466,-0.0080355,0.0017672,0.0213776,0.0344237,0.1840615,0.7555203,0.9353247,-0.0351439,0.7837581
39.748855789,1791080888.482428789,0,0,-0.1292328,-0.0011265,0.0046766,-10.8374958,-16.0580444,-7.3783078,-5.5261931,-0.2106308,-0.4423375,-0.1807815,0.0117385,0.4049051,0.0632267,0.5623127,-0.1026261,0.0051044,0.1175521,0.0532197,0.0403594,-0.0080646,0.0016924,0.0211644,0.0343114,0.1841192,0.7555214,0.9353206,-0.0351612,0.7856084
39.769383882,1791080888.502957106,0,0,-0.1286854,-0.0010189,0.0044992,-10.8417568,-16.0691032,-7.3724484,-5.5321674,-0.2084971,-0.4446515,-0.1830614,0.0099952,0.4046202,0.0621216,0.5598861,-0.1027478,0.0050670,0.1175242,0.0533919,0.0403487,-0.0080945,0.0016162,0.0210651,0.0341964,0.1841753,0.7555225,0.9353166,-0.0352296,0.7874531
39.790872700,1791080888.524446011,0,0,-0.1283376,-0.0002877,0.0048741,-10.8607426,-16.0778904,-7.3707371,-5.5420957,-0.2063152,-0.4498646,-0.1829478,0.0086993,0.4088783,0.0625658,0.5559275,-0.0974661,0.0050249,0.1174937,0.0533447,0.0403184,-0.0081177,0.0015403,0.0209275,0.0340856,0.1842320,0.7555236,0.9353127,-0.0353036,0.7892501
39.807587399,1791080888.541160107,0,0,-0.1284114,0.0001443,0.0041152,-10.8524408,-16.0849037,-7.3601108,-5.5385523,-0.2067303,-0.4535257,-0.1841947,0.0093093,0.4088705,0.0615236,0.5529910,-0.0984451,0.0049788,0.1174572,0.0530408,0.0402819,-0.0081367,0.0014649,0.0207758,0.0339830,0.1842914,0.7555246,0.9353089,-0.0353155,0.7909997
39.829515394,1791080888.563088417,0,0,-0.1282638,0.0007367,0.0047278,-10.8506031,-16.0822277,-7.3556890,-5.5488362,-0.2054861,-0.4593028,-0.1859091,0.0099381,0.4090821,0.0600781,0.5490483,-0.1013905,0.0049305,0.1174202,0.0531259,0.0402814,-0.0081574,0.0013892,0.0206513,0.0338751,0.1843501,0.7555256,0.9353054,-0.0352955,0.7927423
39.849318576,1791080888.582891464,0,0,-0.1280475,0.0011846,0.0041829,-10.8370237,-16.0697117,-7.3466229,-5.5371461,-0.2051862,-0.4616019,-0.1887779,0.0095733,0.4083650,0.0589530,0.5473783,-0.1062683,0.0048801,0.1173860,0.0539147,0.0403324,-0.0081809,0.0013124,0.0205125,0.0337643,0.1844088,0.7555267,0.9353018,-0.0353214,0.7944924
39.869280961,1791080888.602853775,0,0,-0.1275545,0.0007146,0.0039845,-10.8240709,-16.0662289,-7.3487067,-5.5251794,-0.2047201,-0.4646143,-0.1914213,0.0081825,0.4083936,0.0581077,0.5471239,-0.1091330,0.0048270,0.1173619,0.0538272,0.0403418,-0.0081992,0.0012354,0.0203597,0.0336552,0.1844679,0.7555277,0.9352983,-0.0353880,0.7962162
39.888395295,1791080888.621968031,0,0,-0.1273099,0.0009555,0.0037020,-10.8432665,-16.0801182,-7.3571558,-5.5339503,-0.2049498,-0.4676974,-0.1940029,0.0091415,0.4098713,0.0576514,0.5453310,-0.1080312,0.0047725,0.1173450,0.0532562,0.0402505,-0.0082099,0.0011591,0.0202473,0.0335523,0.1845215,0.7555286,0.9352949,-0.0354093,0.7978818
39.909117312,1791080888.642690420,0,0,-0.1266809,0.0009017,0.0040476,-10.8410902,-16.0861607,-7.3570008,-5.5432420,-0.2024925,-0.4722208,-0.1941462,0.0095209,0.4096740,0.0561766,0.5433690,-0.1082274,0.0047143,0.1173284,0.0533490,0.0401992,-0.0082240,0.0010827,0.0201421,0.0334473,0.1845761,0.7555296,0.9352917,-0.0354357,0.7995387
39.930876376,1791080888.664449215,0,0,-0.1274063,0.0006417,0.0033985,-10.8162374,-16.0572777,-7.3431578,-5.5263357,-0.2028921,-0.4781773,-0.1937668,0.0085107,0.4087357,0.0552811,0.5380604,-0.1117669,0.0046511,0.1173056,0.0535887,0.0402155,-0.0082459,0.0010061,0.0200308,0.0333450,0.1846357,0.7555305,0.9352885,-0.0354825,0.8011859
39.950777224,1791080888.684350014,0,0,-0.1273885,0.0004011,0.0027508,-10.8111620,-16.0492268,-7.3296285,-5.5137324,-0.2031871,-0.4821559,-0.1921973,0.0074318,0.4052927,0.0536389,0.5331155,-0.1149291,0.0045893,0.1172868,0.0532915,0.0401931,-0.0082712,0.0009290,0.0198769,0.0332348,0.1846943,0.7555314,0.9352854,-0.0354986,0.8028097
39.970987038,1791080888.704559803,0,0,-0.1268290,0.0009543,0.0020010,-10.8271627,-16.0738335,-7.3522849,-5.5245638,-0.2042295,-0.4837487,-0.1921953,0.0067901,0.4076619,0.0540864,0.5327406,-0.1140264,0.0045226,0.1172577,0.0532346,0.0401490,-0.0082969,0.0008521,0.0197191,0.0331334,0.1847538,0.7555323,0.9352823,-0.0355037,0.8043924
39.991147027,1791080888.724720240,0,0,-0.1266710,0.0015666,0.0019813,-10.8362684,-16.0810204,-7.3454599,-5.5302062,-0.2028686,-0.4857286,-0.1930569,0.0056070,0.4096914,0.0537367,0.5305131,-0.1089420,0.0044522,0.1172193,0.0532113,0.0401245,-0.0083232,0.0007754,0.0195610,0.0330333,0.1848142,0.7555332,0.9352795,-0.0354221,0.8059470
40.010888351,1791080888.744461060,0,0,-0.1263641,0.0014518,0.0012259,-10.8437243,-16.0435009,-7.3059931,-5.5181451,-0.2002048,-0.4882535,-0.1908510,0.0009767,0.4060624,0.0535681,0.5238168,-0.1107390,0.0043796,0.1171800,0.0532848,0.0400962,-0.0083533,0.0006981,0.0194228,0.0329342,0.1848715,0.7555340,0.9352767,-0.0353550,0.8074880
40.031058068,1791080888.764631271,0,0,-0.1266789,0.0014892,0.0010449,-10.8410053,-16.0190716,-7.2899280,-5.5219111,-0.1999737,-0.4945655,-0.1882697,-0.0015680,0.4047111,0.0531557,0.5171307,-0.1130908,0.0043071,0.1171416,0.0533542,0.0400732,-0.0083806,0.0006207,0.0193182,0.0328323,0.1849292,0.7555348,0.9352739,-0.0353212,0.8090197
40.051584177,1791080888.785157204,0,0,-0.1260933,0.0018439,0.0005891,-10.8591614,-16.0594330,-7.3232813,-5.5376854,-0.2020331,-0.4972625,-0.1853021,0.0004535,0.4051219,0.0525487,0.5146334,-0.1088249,0.0042269,0.1170936,0.0531131,0.0400757,-0.0084116,0.0005438,0.0191761,0.0327486,0.1849850,0.7555357,0.9352713,-0.0352752,0.8105227
40.071027511,1791080888.804600239,0,0,-0.1262947,0.0020618,0.0005603,-10.8555460,-16.0462093,-7.3062277,-5.5297079,-0.2026350,-0.4980667,-0.1833531,-0.0013143,0.4064432,0.0538074,0.5133501,-0.1082570,0.0041447,0.1170396,0.0531516,0.0400622,-0.0084382,0.0004668,0.0190619,0.0326679,0.1850398,0.7555364,0.9352686,-0.0352578,0.8119950
40.093102710,1791080888.826675892,0,0,-0.1261179,0.0021190,0.0001508,-10.8661470,-16.0214767,-7.3006496,-5.5195551,-0.2020926,-0.5008075,-0.1799271,-0.0036885,0.4037809,0.0539092,0.5073743,-0.1081816,0.0040599,0.1169848,0.0537141,0.0400353,-0.0084571,0.0003892,0.0189728,0.0325877,0.1850881,0.7555372,0.9352661,-0.0352701,0.8134498
40.112744480,1791080888.846317530,0,0,-0.1258231,0.0022495,0.0005739,-10.8773260,-16.0240173,-7.3173928,-5.5309892,-0.2022183,-0.5053207,-0.1793846,-0.0044780,0.4070494,0.0546796,0.5070424,-0.1097560,0.0039770,0.1169430,0.0532271,0.0399527,-0.0084677,0.0003120,0.0189127,0.0324987,0.1851372,0.7555380,0.9352636,-0.0351985,0.8148635
40.131187215,1791080888.864760399,0,0,-0.1261888,0.0026909,0.0000665,-10.8836565,-16.0187931,-7.3249192,-5.5349464,-0.2042741,-0.5087909,-0.1799787,-0.0054567,0.4101884,0.0555897,0.5043772,-0.1104845,0.0038935,0.1169058,0.0531783,0.0398825,-0.0084826,0.0002347,0.0189148,0.0324153,0.1851877,0.7555388,0.9352612,-0.0351358,0.8162608
40.156665144,1791080888.890238047,0,0,-0.1260733,0.0023405,-0.0005725,-10.8852301,-16.0161991,-7.3310852,-5.5328860,-0.2046599,-0.5126176,-0.1768545,-0.0067575,0.4099123,0.0562302,0.5011211,-0.1148015,0.0038072,0.1168699,0.0530677,0.0398553,-0.0084979,0.0001574,0.0189120,0.0323492,0.1852382,0.7555397,0.9352589,-0.0351738,0.8176538
40.173153085,1791080888.906726122,0,0,-0.1266290,0.0023956,-0.0003620,-10.8879147,-15.9887753,-7.3032985,-5.5195847,-0.2013892,-0.5140420,-0.1739506,-0.0088128,0.4081789,0.0561346,0.4949870,-0.1129491,0.0037201,0.1168381,0.0529911,0.0398244,-0.0085075,0.0000799,0.0188772,0.0322849,0.1852865,0.7555404,0.9352566,-0.0352226,0.8190196
40.194718385,1791080888.928291559,0,0,-0.1275670,0.0025714,-0.0007387,-10.8998499,-15.9851961,-7.2961483,-5.5275192,-0.2007882,-0.5172065,-0.1733006,-0.0106324,0.4080716,0.0561567,0.4916137,-0.1124361,0.0036329,0.1168032,0.0533616,0.0397995,-0.0085166,0.0000025,0.0187622,0.0322007,0.1853394,0.7555411,0.9352543,-0.0352499,0.8203737
40.213547721,1791080888.947120667,0,0,-0.1271245,0.0028291,-0.0004884,-10.9081383,-15.9752254,-7.3016434,-5.5341887,-0.2009127,-0.5225558,-0.1730066,-0.0116454,0.4090868,0.0563217,0.4881728,-0.1170942,0.0035448,0.1167835,0.0529051,0.0397730,-0.0085268,-0.0000744,0.0186267,0.0321177,0.1853909,0.7555419,0.9352521,-0.0351763,0.8217009
40.236764481,1791080888.970337391,0,0,-0.1268831,0.0027695,-0.0010598,-10.9047918,-15.9832993,-7.3262072,-5.5349574,-0.2023547,-0.5289898,-0.1718355,-0.0113506,0.4100070,0.0561020,0.4838867,-0.1202763,0.0034557,0.1167639,0.0529625,0.0397378,-0.0085389,-0.0001514,0.0185574,0.0320404,0.1854426,0.7555426,0.9352500,-0.0351382,0.8230082
40.255422773,1791080888.988995790,0,0,-0.1273301,0.0029397,-0.0008640,-10.9013147,-15.9725151,-7.2918215,-5.5252137,-0.2001010,-0.5291663,-0.1722682,-0.0130173,0.4112552,0.0565055,0.4819169,-0.1176432,0.0033668,0.1167458,0.0529469,0.0397261,-0.0085516,-0.0002291,0.0185152,0.0319708,0.1854955,0.7555434,0.9352480,-0.0351409,0.8243096
40.278014195,1791080889.011587381,0,0,-0.1259837,0.0029822,-0.0014207,-10.9119692,-15.9871187,-7.3352909,-5.5315013,-0.1985651,-0.5288204,-0.1742769,-0.0135087,0.4130042,0.0572351,0.4854079,-0.1207218,0.0032746,0.1167228,0.0531866,0.0397381,-0.0085703,-0.0003071,0.0183677,0.0319008,0.1855507,0.7555441,0.9352460,-0.0351056,0.8256068
40.296668430,1791080889.030241251,0,0,-0.1253245,0.0032560,-0.0015210,-10.9243584,-15.9932251,-7.3420415,-5.5284605,-0.1957394,-0.5230688,-0.1758039,-0.0130572,0.4135413,0.0581925,0.4883661,-0.1174126,0.0031801,0.1166879,0.0531598,0.0397377,-0.0085899,-0.0003848,0.0182376,0.0318331,0.1856114,0.7555447,0.9352441,-0.0350574,0.8268775
40.315031171,1791080889.048604250,0,0,-0.1264672,0.0036559,-0.0012155,-10.9146147,-16.0052757,-7.3254666,-5.5223632,-0.1950852,-0.5123178,-0.1783967,-0.0101365,0.4155452,0.0598776,0.4952753,-0.1090440,0.0030777,0.1166567,0.0526025,0.0396574,-0.0085926,-0.0004607,0.0182813,0.0317999,0.1856603,0.7555455,0.9352422,-0.0350465,0.8280774
40.334721588,1791080889.068294287,0,0,-0.1262212,0.0037968,-0.0009554,-10.9353037,-16.0551472,-7.3476753,-5.5365968,-0.1963256,-0.4981596,-0.1819969,-0.0031818,0.4153774,0.0603051,0.5050215,-0.0992704,0.0029696,0.1166090,0.0523774,0.0395642,-0.0085981,-0.0005353,0.0183511,0.0317797,0.1857104,0.7555462,0.9352404,-0.0350071,0.8292327
40.357320511,1791080889.090893269,0,0,-0.1258718,0.0036141,0.0005858,-10.9335871,-16.0697594,-7.3189569,-5.5351748,-0.1970175,-0.4855529,-0.1870306,-0.0015037,0.4167225,0.0616428,0.5142548,-0.0923317,0.0028527,0.1165429,0.0520969,0.0395250,-0.0086167,-0.0006083,0.0181957,0.0317562,0.1857627,0.7555469,0.9352388,-0.0349969,0.8303707
40.375080648,1791080889.108653545,0,0,-0.1258105,0.0031394,0.0005884,-10.9264135,-16.0680656,-7.2959571,-5.5230742,-0.1987214,-0.4803731,-0.1869317,0.0007668,0.4135740,0.0618110,0.5167395,-0.0941224,0.0027380,0.1164761,0.0521808,0.0394535,-0.0086245,-0.0006815,0.0181129,0.0317399,0.1858119,0.7555476,0.9352371,-0.0349120,0.8314657
40.396608382,1791080889.130181074,0,0,-0.1261438,0.0030047,0.0021336,-10.9389162,-16.0712013,-7.3063068,-5.5364118,-0.2024544,-0.4771693,-0.1871888,0.0052152,0.4097367,0.0611309,0.5189336,-0.0971259,0.0026234,0.1164079,0.0522514,0.0394361,-0.0086349,-0.0007544,0.0180925,0.0317168,0.1858601,0.7555483,0.9352355,-0.0347996,0.8325611
40.414980243,1791080889.148553133,0,0,-0.1255466,0.0025925,0.0040020,-10.9486456,-16.1135616,-7.3465953,-5.5609207,-0.2050499,-0.4803408,-0.1849904,0.0110865,0.4115329,0.0613486,0.5207526,-0.0996836,0.0025062,0.1163418,0.0524013,0.0394607,-0.0086472,-0.0008262,0.0180107,0.0316861,0.1859079,0.7555490,0.9352339,-0.0346774,0.8336504
40.434952137,1791080889.168525219,0,0,-0.1256402,0.0018514,0.0044075,-10.9529181,-16.1206398,-7.3537478,-5.5661640,-0.2061020,-0.4824868,-0.1820436,0.0112503,0.4080984,0.0608232,0.5191602,-0.1016853,0.0023905,0.1162862,0.0524934,0.0394578,-0.0086563,-0.0008979,0.0179278,0.0316557,0.1859552,0.7555496,0.9352323,-0.0346325,0.8347318
40.455647086,1791080889.189219952,0,0,-0.1255646,0.0012165,0.0053595,-10.9687185,-16.1210823,-7.4011927,-5.5825057,-0.2051768,-0.4839016,-0.1783515,0.0116181,0.4045569,0.0607316,0.5200602,-0.1062735,0.0022702,0.1162343,0.0529995,0.0395150,-0.0086680,-0.0009696,0.0178117,0.0316303,0.1859980,0.7555503,0.9352308,-0.0346762,0.8358231
40.472835819,1791080889.206408501,0,0,-0.1261325,0.0005788,0.0059175,-10.9458647,-16.0942535,-7.4094968,-5.5762687,-0.2062850,-0.4863209,-0.1748662,0.0107719,0.4004118,0.0604764,0.5187188,-0.1125223,0.0021539,0.1161869,0.0530221,0.0396031,-0.0086826,-0.0010430,0.0176556,0.0315968,0.1860464,0.7555509,0.9352293,-0.0347675,0.8369437
40.492877603,1791080889.226450205,0,0,-0.1264120,-0.0002472,0.0054441,-10.9491777,-16.0587807,-7.4418530,-5.5726252,-0.2072959,-0.4886740,-0.1696893,0.0072991,0.3946599,0.0605086,0.5160340,-0.1221833,0.0020357,0.1161475,0.0531919,0.0396736,-0.0086993,-0.0011172,0.0174066,0.0315576,0.1860956,0.7555514,0.9352278,-0.0348872,0.8380627
40.512831160,1791080889.246403694,0,0,-0.1269234,0.0004446,0.0047666,-10.9906797,-16.0514927,-7.4887748,-5.5889640,-0.2098289,-0.4872253,-0.1671048,0.0059447,0.3918917,0.0606271,0.5153044,-0.1236699,0.0019151,0.1161110,0.0531515,0.0396628,-0.0087077,-0.0011903,0.0172010,0.0315158,0.1861428,0.7555520,0.9352263,-0.0349439,0.8391285
40.532839055,1791080889.266411066,0,0,-0.1268914,0.0006097,0.0053395,-10.9948530,-16.0459843,-7.4802775,-5.6044445,-0.2088000,-0.4865991,-0.1644107,0.0017514,0.3891283,0.0601315,0.5150203,-0.1236723,0.0017930,0.1160842,0.0530156,0.0396693,-0.0087174,-0.0012633,0.0171278,0.0314719,0.1861904,0.7555526,0.9352248,-0.0350385,0.8401896
40.552842054,1791080889.286414623,0,0,-0.1269165,0.0007747,0.0049432,-11.0092077,-16.0340996,-7.4673996,-5.6020350,-0.2054854,-0.4875013,-0.1624416,-0.0042326,0.3864548,0.0597925,0.5106758,-0.1220266,0.0016723,0.1160692,0.0530911,0.0396620,-0.0087274,-0.0013372,0.0170634,0.0314317,0.1862388,0.7555532,0.9352233,-0.0351594,0.8412415
40.572809468,1791080889.306382179,0,0,-0.1270716,0.0011801,0.0045558,-11.0229101,-16.0301533,-7.4911289,-5.6053510,-0.2073129,-0.4903302,-0.1606263,-0.0053743,0.3857382,0.0595325,0.5083656,-0.1212849,0.0015509,0.1160527,0.0531155,0.0396522,-0.0087411,-0.0014109,0.0169923,0.0313902,0.1862897,0.7555537,0.9352219,-0.0352534,0.8422816
40.594746265,1791080889.328319073,0,0,-0.1267327,0.0014203,0.0052591,-11.0283222,-16.0450935,-7.4799676,-5.6089969,-0.2076922,-0.4922196,-0.1600314,-0.0062318,0.3871152,0.0593997,0.5077375,-0.1187425,0.0014311,0.1160394,0.0527975,0.0396098,-0.0087523,-0.0014840,0.0169891,0.0313453,0.1863379,0.7555543,0.9352204,-0.0353242,0.8432897
40.616009066,1791080889.349582195,0,0,-0.1268475,0.0017979,0.0051207,-11.0311556,-16.0457020,-7.4621882,-5.6100535,-0.2043917,-0.4953614,-0.1577210,-0.0069954,0.3855667,0.0583404,0.5006521,-0.1152087,0.0013055,0.1160288,0.0527408,0.0395872,-0.0087601,-0.0015563,0.0169796,0.0313211,0.1863780,0.7555549,0.9352190,-0.0354207,0.8442691
40.635101774,1791080889.368674994,0,0,-0.1275161,0.0019770,0.0047371,-11.0195684,-16.0190792,-7.4289241,-5.5938478,-0.2024262,-0.4966034,-0.1558354,-0.0113457,0.3811269,0.0574838,0.4952565,-0.1165935,0.0011819,0.1160164,0.0526100,0.0395585,-0.0087697,-0.0016290,0.0170339,0.0312972,0.1864197,0.7555555,0.9352176,-0.0355075,0.8452381
40.656990603,1791080889.390563250,0,0,-0.1277149,0.0020883,0.0040658,-11.0360880,-16.0063782,-7.4430146,-5.6012006,-0.2026967,-0.4983543,-0.1559111,-0.0111909,0.3797553,0.0566464,0.4948297,-0.1205980,0.0010608,0.1160012,0.0528801,0.0395791,-0.0087890,-0.0017024,0.0170879,0.0312715,0.1864621,0.7555560,0.9352162,-0.0355695,0.8462263
40.674839798,1791080889.408412695,0,0,-0.1275651,0.0026737,0.0040529,-11.0507250,-16.0112553,-7.4503841,-5.6150093,-0.2032155,-0.4993280,-0.1584317,-0.0110189,0.3819897,0.0567551,0.4952371,-0.1209073,0.0009403,0.1159867,0.0528444,0.0396170,-0.0088110,-0.0017759,0.0169300,0.0312364,0.1865098,0.7555565,0.9352149,-0.0355427,0.8472115
40.696835189,1791080889.430408239,0,0,-0.1272424,0.0031341,0.0040430,-11.0574961,-16.0164719,-7.4574966,-5.6277757,-0.2031080,-0.5036395,-0.1580858,-0.0125511,0.3840598,0.0572893,0.4918649,-0.1211406,0.0008176,0.1159672,0.0528086,0.0396097,-0.0088329,-0.0018495,0.0167676,0.0312029,0.1865582,0.7555570,0.9352136,-0.0355342,0.8481739
40.715076840,1791080889.448650122,0,0,-0.1272801,0.0035351,0.0041674,-11.0606527,-16.0320644,-7.4668517,-5.6507454,-0.2033822,-0.5079577,-0.1578933,-0.0102219,0.3848452,0.0562486,0.4897638,-0.1196185,0.0006978,0.1159502,0.0527633,0.0395685,-0.0088435,-0.0019232,0.0167020,0.0311685,0.1866044,0.7555575,0.9352124,-0.0355466,0.8491155
40.736062674,1791080889.469635725,0,0,-0.1277622,0.0032635,0.0040476,-11.0389395,-16.0208931,-7.4692273,-5.6448402,-0.2038881,-0.5153514,-0.1566587,-0.0095640,0.3833427,0.0550224,0.4837764,-0.1252380,0.0005793,0.1159434,0.0527817,0.0395470,-0.0088535,-0.0019974,0.0166623,0.0311288,0.1866502,0.7555581,0.9352111,-0.0355723,0.8500574
40.753618583,1791080889.487191200,0,0,-0.1276841,0.0034334,0.0030045,-11.0432730,-16.0214081,-7.4814267,-5.6314344,-0.2051796,-0.5167929,-0.1566313,-0.0109546,0.3813084,0.0537665,0.4830256,-0.1266128,0.0004547,0.1159275,0.0528959,0.0395316,-0.0088772,-0.0020706,0.0165517,0.0310929,0.1866935,0.7555586,0.9352099,-0.0355464,0.8509773
40.777102836,1791080889.510675907,0,0,-0.1265649,0.0039424,0.0039243,-11.0423403,-16.0366859,-7.4998574,-5.6462631,-0.2036763,-0.5225497,-0.1562712,-0.0101507,0.3809213,0.0521862,0.4785851,-0.1278640,0.0003315,0.1159170,0.0527800,0.0395289,-0.0089002,-0.0021440,0.0164840,0.0310568,0.1867354,0.7555591,0.9352087,-0.0355079,0.8518824
40.794943839,1791080889.528516531,0,0,-0.1274624,0.0039142,0.0035460,-11.0289068,-16.0183258,-7.4606514,-5.6261721,-0.2013593,-0.5236248,-0.1570221,-0.0123929,0.3794205,0.0513755,0.4741462,-0.1254209,0.0002095,0.1159141,0.0523383,0.0395010,-0.0089150,-0.0022170,0.0165377,0.0310379,0.1867743,0.7555596,0.9352075,-0.0355513,0.8527607
40.813612187,1791080889.547185183,0,0,-0.1266702,0.0035671,0.0034372,-11.0392103,-16.0258141,-7.4743505,-5.6249700,-0.1991369,-0.5276614,-0.1564305,-0.0128386,0.3787498,0.0501265,0.4737032,-0.1272735,0.0000862,0.1159040,0.0526377,0.0395025,-0.0089396,-0.0022899,0.0164677,0.0310096,0.1868214,0.7555601,0.9352064,-0.0355641,0.8536448
40.835852991,1791080889.569425821,0,0,-0.1260951,0.0034614,0.0030144,-11.0302811,-15.9811707,-7.4475999,-5.5991387,-0.1958184,-0.5309189,-0.1561576,-0.0158075,0.3756028,0.0492319,0.4680539,-0.1323356,-0.0000346,0.1159020,0.0526657,0.0395430,-0.0089684,-0.0023640,0.0163774,0.0309788,0.1868674,0.7555606,0.9352052,-0.0355183,0.8545311
40.857399413,1791080889.590972424,0,0,-0.1261772,0.0034616,0.0026003,-11.0397863,-15.9717722,-7.4530854,-5.6011376,-0.1938772,-0.5359617,-0.1543926,-0.0175119,0.3758369,0.0491494,0.4640242,-0.1327414,-0.0001596,0.1159003,0.0527838,0.0395477,-0.0089903,-0.0024378,0.0163732,0.0309568,0.1869065,0.7555611,0.9352041,-0.0355124,0.8553923
40.875938894,1791080889.609512091,0,0,-0.1265121,0.0042670,0.0019801,-11.0429544,-15.9878368,-7.4690099,-5.6201568,-0.1949889,-0.5398573,-0.1535869,-0.0141170,0.3784095,0.0492137,0.4616958,-0.1331854,-0.0002805,0.1158929,0.0531194,0.0395529,-0.0090047,-0.0025125,0.0164486,0.0309351,0.1869417,0.7555615,0.9352030,-0.0355354,0.8562517
40.897107996,1791080889.630681038,0,0,-0.1271947,0.0042007,0.0022726,-11.0284290,-15.9671812,-7.4426441,-5.6165442,-0.1933737,-0.5429863,-0.1530914,-0.0164588,0.3791855,0.0493231,0.4584154,-0.1332796,-0.0003994,0.1158978,0.0529745,0.0395526,-0.0090142,-0.0025873,0.0164925,0.0309095,0.1869772,0.7555620,0.9352019,-0.0355790,0.8571057
40.914804484,1791080889.648377419,0,0,-0.1270731,0.0043859,0.0018346,-11.0461512,-15.9769211,-7.4580956,-5.6208687,-0.1931998,-0.5459958,-0.1535711,-0.0164976,0.3811067,0.0494123,0.4569874,-0.1308347,-0.0005181,0.1159078,0.0530089,0.0395520,-0.0090284,-0.0026620,0.0165040,0.0308843,0.1870163,0.7555625,0.9352008,-0.0355694,0.8579362
40.936021075,1791080889.669594526,0,0,-0.1266251,0.0045656,0.0012010,-11.0623274,-15.9917545,-7.4851727,-5.6317573,-0.1952876,-0.5477552,-0.1549575,-0.0154301,0.3821897,0.0493522,0.4569792,-0.1313772,-0.0006370,0.1159168,0.0529441,0.0395406,-0.0090464,-0.0027363,0.0165374,0.0308656,0.1870563,0.7555630,0.9351997,-0.0355373,0.8587518
40.956827482,1791080889.690400839,0,0,-0.1262344,0.0044998,0.0011040,-11.0606232,-15.9981241,-7.4806514,-5.6307640,-0.1949925,-0.5462221,-0.1556209,-0.0143225,0.3817414,0.0492630,0.4568954,-0.1314281,-0.0007600,0.1159143,0.0525850,0.0395500,-0.0090762,-0.0028105,0.0164697,0.0308511,0.1870934,0.7555634,0.9351986,-0.0354176,0.8595641
40.973654832,1791080889.707227945,0,0,-0.1268172,0.0048655,0.0015683,-11.0679007,-16.0090103,-7.4659963,-5.6403098,-0.1928309,-0.5466840,-0.1554948,-0.0142140,0.3816468,0.0483649,0.4548299,-0.1246158,-0.0008829,0.1159069,0.0528190,0.0395392,-0.0090903,-0.0028840,0.0164767,0.0308466,0.1871322,0.7555639,0.9351975,-0.0354825,0.8603541
40.996836839,1791080889.730410337,0,0,-0.1267870,0.0052829,0.0017369,-11.0618162,-16.0172291,-7.4417315,-5.6395087,-0.1909480,-0.5409282,-0.1568448,-0.0135379,0.3795018,0.0477919,0.4563686,-0.1210464,-0.0010071,0.1158932,0.0526912,0.0395305,-0.0091075,-0.0029572,0.0164485,0.0308464,0.1871718,0.7555643,0.9351965,-0.0354870,0.8611235
41.015086970,1791080889.748659611,0,0,-0.1256995,0.0048106,0.0016771,-11.0665331,-16.0552673,-7.4647155,-5.6348619,-0.1900117,-0.5297949,-0.1596420,-0.0090974,0.3787445,0.0479843,0.4679717,-0.1173843,-0.0011286,0.1158780,0.0521684,0.0394765,-0.0091288,-0.0030294,0.0163532,0.0308361,0.1872179,0.7555647,0.9351954,-0.0353259,0.8618604
41.035160946,1791080889.768733978,0,0,-0.1252232,0.0046089,0.0022808,-11.0481281,-16.0590591,-7.4483294,-5.6193752,-0.1882230,-0.5208641,-0.1614597,-0.0059355,0.3776281,0.0485251,0.4727300,-0.1146130,-0.0012512,0.1158627,0.0519930,0.0394075,-0.0091498,-0.0031012,0.0163822,0.0308391,0.1872621,0.7555652,0.9351944,-0.0352001,0.8625661
41.055031366,1791080889.788604259,0,0,-0.1253503,0.0043138,0.0028879,-11.0449572,-16.0789585,-7.4379191,-5.6026282,-0.1878608,-0.5085280,-0.1641467,-0.0041082,0.3774747,0.0498814,0.4823854,-0.1093938,-0.0013766,0.1158474,0.0519601,0.0393397,-0.0091609,-0.0031718,0.0164825,0.0308630,0.1873046,0.7555657,0.9351934,-0.0351284,0.8632419
41.075092190,1791080889.808665276,0,0,-0.1253016,0.0038860,0.0044597,-11.0433378,-16.0842094,-7.4262748,-5.5988040,-0.1881822,-0.4999480,-0.1672714,0.0000608,0.3771983,0.0502034,0.4893884,-0.1057928,-0.0015003,0.1158338,0.0518448,0.0392956,-0.0091689,-0.0032415,0.0166274,0.0308889,0.1873460,0.7555662,0.9351925,-0.0350651,0.8639018
41.097697417,1791080889.831270695,0,0,-0.1253001,0.0031564,0.0050959,-11.0378075,-16.0903683,-7.4502277,-5.6127391,-0.1919889,-0.4972681,-0.1681731,0.0034452,0.3776823,0.0514887,0.4953271,-0.1119613,-0.0016227,0.1158226,0.0518021,0.0392722,-0.0091904,-0.0033111,0.0166638,0.0308977,0.1873810,0.7555667,0.9351915,-0.0349240,0.8645700
41.116836238,1791080889.850409508,0,0,-0.1257257,0.0024826,0.0060900,-11.0290718,-16.0629539,-7.4556146,-5.6054130,-0.1945299,-0.4987143,-0.1666851,0.0044953,0.3731235,0.0507148,0.4936216,-0.1210195,-0.0017505,0.1158103,0.0519985,0.0393809,-0.0092188,-0.0033803,0.0166191,0.0309139,0.1874137,0.7555671,0.9351906,-0.0347913,0.8652608
41.137729335,1791080889.871302605,0,0,-0.1255545,0.0023406,0.0072499,-11.0363855,-16.0751476,-7.4778829,-5.6197257,-0.1969449,-0.4995358,-0.1668288,0.0040650,0.3730095,0.0508291,0.4959691,-0.1229236,-0.0018782,0.1157945,0.0520906,0.0394570,-0.0092442,-0.0034492,0.0165196,0.0309235,0.1874468,0.7555675,0.9351897,-0.0347130,0.8659458
41.157509801,1791080889.891082764,0,0,-0.1248383,0.0022110,0.0073814,-11.0571766,-16.0958271,-7.5293136,-5.6459866,-0.1981752,-0.5020344,-0.1669753,0.0036533,0.3741673,0.0514246,0.4961787,-0.1268348,-0.0020043,0.1157808,0.0525437,0.0394952,-0.0092607,-0.0035180,0.0164731,0.0309371,0.1874763,0.7555679,0.9351888,-0.0347352,0.8666131
41.176701455,1791080889.910274506,0,0,-0.1241442,0.0018264,0.0071414,-11.0688429,-16.1100597,-7.5491252,-5.6546206,-0.1974371,-0.5035777,-0.1647958,0.0019602,0.3728907,0.0514008,0.4947736,-0.1292073,-0.0021431,0.1157489,0.0523147,0.0396283,-0.0092825,-0.0035867,0.0163425,0.0309895,0.1875117,0.7555683,0.9351879,-0.0347582,0.8672892
41.197407188,1791080889.930980206,0,0,-0.1251216,0.0018274,0.0070479,-11.0800161,-16.0912285,-7.5755248,-5.6661801,-0.1985143,-0.5051658,-0.1606554,0.0008516,0.3686773,0.0511436,0.4909950,-0.1335173,-0.0022828,0.1156948,0.0524977,0.0397171,-0.0093060,-0.0036558,0.0161782,0.0310330,0.1875484,0.7555687,0.9351870,-0.0347836,0.8679597
41.217154886,1791080889.950727940,0,0,-0.1261287,0.0015930,0.0071835,-11.0843124,-16.0733376,-7.5980620,-5.6835198,-0.1977941,-0.5028753,-0.1594591,-0.0006692,0.3644056,0.0506945,0.4929740,-0.1379002,-0.0024088,0.1156576,0.0525937,0.0396736,-0.0093247,-0.0037262,0.0160391,0.0310219,0.1875847,0.7555690,0.9351861,-0.0348102,0.8686184
41.237437538,1791080889.971010447,0,0,-0.1253392,0.0015663,0.0072161,-11.0943079,-16.0679455,-7.6223450,-5.6923141,-0.1944675,-0.5027641,-0.1576373,-0.0039604,0.3609138,0.0499137,0.4914017,-0.1403563,-0.0025361,0.1156375,0.0526195,0.0396474,-0.0093457,-0.0037968,0.0159715,0.0310123,0.1876205,0.7555694,0.9351853,-0.0348690,0.8692753
41.258862934,1791080889.992435455,0,0,-0.1262507,0.0021626,0.0066852,-11.0959845,-16.0338421,-7.6032205,-5.6796126,-0.1931526,-0.4992462,-0.1578909,-0.0064432,0.3590358,0.0502606,0.4913008,-0.1388304,-0.0026701,0.1156152,0.0528629,0.0396933,-0.0093777,-0.0038671,0.0160016,0.0310216,0.1876495,0.7555698,0.9351844,-0.0349630,0.8699334
41.281210380,1791080890.014783382,0,0,-0.1260576,0.0021951,0.0068908,-11.1006289,-16.0208492,-7.5993180,-5.6796775,-0.1917823,-0.4986367,-0.1573741,-0.0082359,0.3576516,0.0498210,0.4919032,-0.1398891,-0.0028041,0.1155919,0.0522110,0.0397191,-0.0094174,-0.0039356,0.0158539,0.0310201,0.1876844,0.7555702,0.9351835,-0.0348961,0.8705703
41.300726336,1791080890.034299612,0,0,-0.1259204,0.0025558,0.0069942,-11.1068220,-16.0327454,-7.6193104,-5.6882882,-0.1918871,-0.4984695,-0.1566362,-0.0091434,0.3580563,0.0500406,0.4922706,-0.1383466,-0.0029372,0.1155659,0.0522294,0.0397299,-0.0094588,-0.0040040,0.0158347,0.0310233,0.1877190,0.7555707,0.9351827,-0.0348727,0.8711961
41.320550106,1791080890.054122925,0,0,-0.1269606,0.0023342,0.0076736,-11.1064501,-16.0271111,-7.6437278,-5.7017097,-0.1931017,-0.5016169,-0.1555464,-0.0096861,0.3586211,0.0506762,0.4904445,-0.1424823,-0.0030580,0.1155654,0.0522940,0.0396596,-0.0094683,-0.0040729,0.0160387,0.0310276,0.1877521,0.7555711,0.9351819,-0.0350315,0.8718055
41.343750804,1791080890.077323914,0,0,-0.1268893,0.0024670,0.0071518,-11.1187954,-16.0393162,-7.6456599,-5.7077370,-0.1958513,-0.4993776,-0.1557366,-0.0087623,0.3595035,0.0513960,0.4927647,-0.1428354,-0.0031783,0.1155686,0.0525432,0.0396275,-0.0094858,-0.0041420,0.0161332,0.0310285,0.1877840,0.7555714,0.9351810,-0.0351678,0.8724162
41.362878689,1791080890.096451759,0,0,-0.1272908,0.0022184,0.0076754,-11.1286268,-16.0282516,-7.6514344,-5.7060761,-0.1951363,-0.4994618,-0.1566274,-0.0097766,0.3581244,0.0512321,0.4905427,-0.1443374,-0.0032951,0.1155847,0.0524994,0.0396094,-0.0095011,-0.0042111,0.0161782,0.0310285,0.1878152,0.7555718,0.9351802,-0.0352842,0.8730201
41.383360327,1791080890.116933107,0,0,-0.1273088,0.0027810,0.0070109,-11.1622391,-16.0413532,-7.6816087,-5.7302608,-0.1970481,-0.5000602,-0.1577873,-0.0078964,0.3598794,0.0519157,0.4926808,-0.1475291,-0.0034164,0.1155809,0.0525433,0.0396950,-0.0095514,-0.0042796,0.0159178,0.0310134,0.1878539,0.7555721,0.9351794,-0.0351360,0.8736294
41.404834464,1791080890.138407707,0,0,-0.1270426,0.0028189,0.0082971,-11.1512289,-16.0153866,-7.6364608,-5.7217903,-0.1957565,-0.5005118,-0.1593175,-0.0105955,0.3579716,0.0514000,0.4886739,-0.1498689,-0.0035345,0.1155808,0.0524379,0.0397609,-0.0096028,-0.0043485,0.0157867,0.0309947,0.1878905,0.7555725,0.9351785,-0.0350153,0.8742353
41.424838910,1791080890.158411980,0,0,-0.1270669,0.0032739,0.0085437,-11.1626320,-16.0273533,-7.6416464,-5.7370114,-0.1961476,-0.5019628,-0.1610985,-0.0116360,0.3600802,0.0521762,0.4875165,-0.1479483,-0.0036449,0.1155873,0.0522334,0.0396825,-0.0096306,-0.0044172,0.0158585,0.0309785,0.1879285,0.7555729,0.9351777,-0.0350256,0.8748069
41.442860341,1791080890.176433325,0,0,-0.1265485,0.0032686,0.0082332,-11.1729593,-16.0504456,-7.6607337,-5.7505422,-0.1970588,-0.5012996,-0.1641663,-0.0111796,0.3639346,0.0530823,0.4919058,-0.1488776,-0.0037539,0.1155962,0.0523130,0.0396513,-0.0096626,-0.0044860,0.0158845,0.0309684,0.1879684,0.7555732,0.9351769,-0.0350148,0.8753741
41.463258842,1791080890.196832180,0,0,-0.1264624,0.0031773,0.0083656,-11.1631441,-16.0181694,-7.6297650,-5.7303023,-0.1947864,-0.4995179,-0.1659384,-0.0146066,0.3638332,0.0539953,0.4907017,-0.1506754,-0.0038601,0.1156137,0.0522927,0.0396304,-0.0096917,-0.0045554,0.0159359,0.0309609,0.1880063,0.7555736,0.9351761,-0.0350080,0.8759350
41.483107124,1791080890.216680288,0,0,-0.1260893,0.0030542,0.0082418,-11.1685638,-16.0174751,-7.6489415,-5.7400804,-0.1950825,-0.5040987,-0.1657211,-0.0150559,0.3651700,0.0542078,0.4889323,-0.1555114,-0.0039719,0.1156285,0.0525716,0.0396435,-0.0097139,-0.0046244,0.0160687,0.0309754,0.1880364,0.7555740,0.9351754,-0.0350850,0.8764971
41.503403319,1791080890.236976147,0,0,-0.1254934,0.0030680,0.0082665,-11.1608753,-16.0259647,-7.6396408,-5.7280059,-0.1942575,-0.5027564,-0.1663864,-0.0160763,0.3658417,0.0542789,0.4892960,-0.1540347,-0.0040844,0.1156393,0.0524490,0.0396419,-0.0097337,-0.0046931,0.0161010,0.0309945,0.1880671,0.7555744,0.9351746,-0.0351314,0.8770422
41.525155125,1791080890.258728504,0,0,-0.1260814,0.0029380,0.0082243,-11.1615829,-16.0186863,-7.6352315,-5.7240000,-0.1927139,-0.5022199,-0.1658414,-0.0176898,0.3666888,0.0550029,0.4881040,-0.1524452,-0.0042142,0.1156093,0.0522335,0.0397719,-0.0097756,-0.0047601,0.0158852,0.0310393,0.1881053,0.7555748,0.9351738,-0.0351334,0.8775820
41.542925032,1791080890.276497841,0,0,-0.1263094,0.0029044,0.0080695,-11.1700048,-16.0015049,-7.6311555,-5.7260308,-0.1929919,-0.5028727,-0.1661620,-0.0180282,0.3673162,0.0555614,0.4882738,-0.1529774,-0.0043265,0.1155876,0.0523647,0.0397005,-0.0097990,-0.0048285,0.0158733,0.0310391,0.1881380,0.7555751,0.9351730,-0.0350855,0.8780894
41.562801571,1791080890.296374559,0,0,-0.1259191,0.0032727,0.0077554,-11.1858549,-15.9882736,-7.6313753,-5.7318773,-0.1936493,-0.5052835,-0.1666585,-0.0190882,0.3684368,0.0560266,0.4868587,-0.1566778,-0.0044381,0.1155719,0.0524188,0.0396733,-0.0098290,-0.0048969,0.0159263,0.0310387,0.1881709,0.7555755,0.9351723,-0.0350046,0.8786017
41.581043262,1791080890.314638615,0,0,-0.1259796,0.0033382,0.0072286,-11.1925936,-16.0176392,-7.6660647,-5.7539759,-0.1960866,-0.5049621,-0.1684395,-0.0164482,0.3701923,0.0563226,0.4894058,-0.1566481,-0.0045530,0.1155553,0.0526480,0.0397230,-0.0098632,-0.0049652,0.0159457,0.0310528,0.1882034,0.7555758,0.9351715,-0.0350189,0.8791268
41.604651680,1791080890.338225365,0,0,-0.1254754,0.0026838,0.0071450,-11.1878901,-16.0140190,-7.6835289,-5.7629762,-0.1945979,-0.5087505,-0.1667796,-0.0167062,0.3722914,0.0574610,0.4869982,-0.1608154,-0.0046672,0.1155409,0.0526312,0.0397478,-0.0098934,-0.0050333,0.0158914,0.0310667,0.1882360,0.7555762,0.9351708,-0.0350566,0.8796386
41.623316324,1791080890.356889248,0,0,-0.1262137,0.0032466,0.0072317,-11.2158422,-16.0259171,-7.6803298,-5.7742753,-0.1945071,-0.5068681,-0.1681934,-0.0165968,0.3748024,0.0583024,0.4882979,-0.1543677,-0.0047792,0.1155247,0.0524705,0.0397108,-0.0099169,-0.0051010,0.0159029,0.0310877,0.1882660,0.7555766,0.9351701,-0.0350814,0.8801305
41.642935034,1791080890.376507998,0,0,-0.1263494,0.0033907,0.0068728,-11.2059717,-16.0157280,-7.6650791,-5.7778406,-0.1956480,-0.5046424,-0.1711664,-0.0151565,0.3752420,0.0583800,0.4912211,-0.1555014,-0.0048890,0.1155139,0.0520845,0.0396575,-0.0099379,-0.0051680,0.0159416,0.0311068,0.1882964,0.7555769,0.9351694,-0.0350207,0.8805980
41.664720761,1791080890.398293972,0,0,-0.1255698,0.0031012,0.0069859,-11.2016191,-16.0137959,-7.6687784,-5.7759819,-0.1958536,-0.5078859,-0.1694631,-0.0158706,0.3737082,0.0579137,0.4870583,-0.1585121,-0.0049976,0.1155099,0.0521840,0.0396326,-0.0099610,-0.0052351,0.0160215,0.0311266,0.1883253,0.7555773,0.9351687,-0.0349799,0.8810669
41.682888979,1791080890.416462183,0,0,-0.1261107,0.0029485,0.0074866,-11.1934080,-16.0376110,-7.6884828,-5.7872448,-0.1966211,-0.5120003,-0.1678220,-0.0137203,0.3751546,0.0577992,0.4851045,-0.1599008,-0.0051082,0.1154952,0.0523729,0.0396972,-0.0099965,-0.0053019,0.0160193,0.0311447,0.1883593,0.7555776,0.9351680,-0.0349794,0.8815483
41.702841008,1791080890.436413765,0,0,-0.1254544,0.0025381,0.0072556,-11.1981077,-16.0454597,-7.6979475,-5.7878118,-0.1944833,-0.5120604,-0.1681883,-0.0131503,0.3749624,0.0573938,0.4847197,-0.1597303,-0.0052190,0.1154807,0.0523652,0.0397434,-0.0100319,-0.0053683,0.0159282,0.0311651,0.1883932,0.7555780,0.9351673,-0.0349697,0.8820166
41.725124344,1791080890.458697796,0,0,-0.1265587,0.0029139,0.0068948,-11.1919966,-16.0371189,-7.6820521,-5.7795415,-0.1932400,-0.5102475,-0.1689976,-0.0124872,0.3737977,0.0570629,0.4861405,-0.1605496,-0.0053228,0.1154704,0.0524784,0.0397261,-0.0100577,-0.0054355,0.0159592,0.0311810,0.1884221,0.7555783,0.9351665,-0.0349700,0.8824835
41.744519562,1791080890.478091955,0,0,-0.1265106,0.0031347,0.0071495,-11.1937542,-16.0042400,-7.6693311,-5.7750711,-0.1930810,-0.5100439,-0.1715480,-0.0132832,0.3714532,0.0560971,0.4861383,-0.1629053,-0.0054316,0.1154603,0.0523355,0.0397683,-0.0100976,-0.0055020,0.0159068,0.0311931,0.1884506,0.7555787,0.9351658,-0.0348660,0.8829480
41.764762476,1791080890.498335838,0,0,-0.1267448,0.0029795,0.0076496,-11.1821203,-15.9987345,-7.6749406,-5.7834616,-0.1941845,-0.5175203,-0.1685374,-0.0153374,0.3717797,0.0556980,0.4805824,-0.1647163,-0.0055374,0.1154570,0.0523071,0.0397787,-0.0101301,-0.0055685,0.0159162,0.0312000,0.1884782,0.7555791,0.9351651,-0.0348547,0.8834093
41.787661248,1791080890.521234751,0,0,-0.1257881,0.0027687,0.0065279,-11.1897640,-16.0088749,-7.6871591,-5.7785449,-0.1935639,-0.5163670,-0.1684828,-0.0181638,0.3705524,0.0554200,0.4812140,-0.1649816,-0.0056395,0.1154619,0.0524532,0.0397670,-0.0101586,-0.0056360,0.0158848,0.0312197,0.1885158,0.7555794,0.9351645,-0.0349013,0.8838701
41.806502119,1791080890.540075302,0,0,-0.1249047,0.0027313,0.0058483,-11.1998768,-16.0153656,-7.7118125,-5.7742276,-0.1948631,-0.5151073,-0.1678651,-0.0183325,0.3719627,0.0563179,0.4834999,-0.1662671,-0.0057488,0.1154501,0.0526199,0.0397916,-0.0101990,-0.0057027,0.0157407,0.0312432,0.1885501,0.7555797,0.9351638,-0.0349122,0.8843165
41.825355150,1791080890.558928013,0,0,-0.1248805,0.0030431,0.0065639,-11.2164583,-16.0091686,-7.7185302,-5.7878675,-0.1932032,-0.5145063,-0.1685809,-0.0187472,0.3717927,0.0562913,0.4848462,-0.1657124,-0.0058552,0.1154371,0.0527739,0.0398477,-0.0102370,-0.0057700,0.0156765,0.0312570,0.1885818,0.7555800,0.9351631,-0.0348976,0.8847712
41.845297546,1791080890.578870773,0,0,-0.1253229,0.0035045,0.0068136,-11.2159739,-16.0148201,-7.7323098,-5.8106875,-0.1941271,-0.5174008,-0.1690131,-0.0166695,0.3728364,0.0560390,0.4845352,-0.1676720,-0.0059554,0.1154356,0.0524316,0.0398078,-0.0102629,-0.0058366,0.0156794,0.0312496,0.1886095,0.7555804,0.9351625,-0.0347947,0.8851975
41.866809636,1791080890.600382090,0,0,-0.1263578,0.0037953,0.0070534,-11.2155886,-16.0169067,-7.7139831,-5.8022561,-0.1948199,-0.5175474,-0.1690243,-0.0152795,0.3741429,0.0562729,0.4812113,-0.1625458,-0.0060536,0.1154421,0.0520748,0.0397355,-0.0102875,-0.0059022,0.0158292,0.0312523,0.1886372,0.7555807,0.9351618,-0.0347302,0.8856007
41.885707596,1791080890.619280338,0,0,-0.1260519,0.0035833,0.0066477,-11.2160120,-16.0237141,-7.7064238,-5.8013234,-0.1952752,-0.5197006,-0.1696030,-0.0142135,0.3757992,0.0560349,0.4801407,-0.1619223,-0.0061484,0.1154576,0.0521831,0.0396887,-0.0103146,-0.0059684,0.0160269,0.0312653,0.1886625,0.7555811,0.9351612,-0.0347055,0.8860123
41.904796856,1791080890.638369799,0,0,-0.1254763,0.0035858,0.0065019,-11.2167501,-16.0267239,-7.7025008,-5.7914634,-0.1953370,-0.5209602,-0.1709229,-0.0148443,0.3769944,0.0561078,0.4808643,-0.1628373,-0.0062413,0.1154776,0.0522425,0.0396686,-0.0103444,-0.0060346,0.0160789,0.0312768,0.1886885,0.7555814,0.9351605,-0.0346462,0.8864256
41.925037338,1791080890.658610344,0,0,-0.1244358,0.0034149,0.0060390,-11.2105885,-16.0225601,-7.6971955,-5.7786779,-0.1932612,-0.5182123,-0.1720871,-0.0163841,0.3751148,0.0558762,0.4834289,-0.1634641,-0.0063343,0.1154968,0.0525155,0.0396983,-0.0103751,-0.0061012,0.0161011,0.0313044,0.1887162,0.7555818,0.9351599,-0.0346909,0.8868489
41.944891860,1791080890.678464651,0,0,-0.1255466,0.0034440,0.0075106,-11.2081633,-16.0272141,-7.7054420,-5.7896199,-0.1923441,-0.5202062,-0.1725669,-0.0138327,0.3747961,0.0552261,0.4815956,-0.1631843,-0.0064212,0.1155223,0.0524261,0.0396855,-0.0103916,-0.0061674,0.0160966,0.0313087,0.1887458,0.7555822,0.9351592,-0.0347230,0.8872516
41.965514077,1791080890.699087381,0,0,-0.1257307,0.0035545,0.0068615,-11.2204924,-16.0434608,-7.7184162,-5.8092594,-0.1944924,-0.5226488,-0.1704780,-0.0126377,0.3763136,0.0556058,0.4798865,-0.1614871,-0.0065090,0.1155451,0.0523797,0.0396608,-0.0104079,-0.0062329,0.0161134,0.0313179,0.1887767,0.7555825,0.9351586,-0.0347593,0.8876399
41.984868590,1791080890.718441486,0,0,-0.1257272,0.0032122,0.0062569,-11.2144003,-16.0403595,-7.7212753,-5.8058753,-0.1966378,-0.5215036,-0.1700649,-0.0105759,0.3764898,0.0557269,0.4816363,-0.1624729,-0.0065983,0.1155640,0.0524205,0.0396641,-0.0104357,-0.0062977,0.0160717,0.0313307,0.1888081,0.7555829,0.9351579,-0.0347582,0.8880259
42.004672616,1791080890.738245726,0,0,-0.1250592,0.0031637,0.0065010,-11.2029924,-16.0315933,-7.7194657,-5.8041244,-0.1953087,-0.5217944,-0.1711638,-0.0121216,0.3763651,0.0555606,0.4828846,-0.1645093,-0.0066868,0.1155853,0.0524336,0.0396899,-0.0104666,-0.0063627,0.0160388,0.0313387,0.1888398,0.7555832,0.9351572,-0.0347457,0.8884141
42.028130119,1791080890.761703253,0,0,-0.1254868,0.0032205,0.0067648,-11.1916456,-15.9964581,-7.6891026,-5.7948542,-0.1936291,-0.5260398,-0.1727230,-0.0151562,0.3753084,0.0549410,0.4779742,-0.1695925,-0.0067712,0.1156192,0.0523009,0.0396947,-0.0104841,-0.0064286,0.0162113,0.0313603,0.1888646,0.7555835,0.9351566,-0.0348114,0.8888029
42.044778020,1791080890.778350830,0,0,-0.1259761,0.0034560,0.0061862,-11.1946650,-15.9995928,-7.7038898,-5.8002787,-0.1951970,-0.5306361,-0.1725566,-0.0155727,0.3757178,0.0545250,0.4750595,-0.1728479,-0.0068578,0.1156423,0.0523553,0.0397063,-0.0105128,-0.0064940,0.0161980,0.0313712,0.1888952,0.7555838,0.9351559,-0.0348257,0.8891845
42.065768404,1791080890.799341202,0,0,-0.1247378,0.0038887,0.0058218,-11.2213917,-16.0370331,-7.7193480,-5.8153205,-0.1935250,-0.5312864,-0.1717926,-0.0162953,0.3765243,0.0541978,0.4741288,-0.1684741,-0.0069468,0.1156568,0.0523833,0.0396994,-0.0105416,-0.0065590,0.0161374,0.0313911,0.1889251,0.7555841,0.9351553,-0.0348220,0.8895500
42.085794290,1791080890.819367170,0,0,-0.1254701,0.0039535,0.0055315,-11.2162409,-16.0209618,-7.7253666,-5.8215451,-0.1931041,-0.5359849,-0.1698784,-0.0156851,0.3735472,0.0528836,0.4687483,-0.1728092,-0.0070435,0.1156524,0.0521957,0.0397706,-0.0105835,-0.0066231,0.0159764,0.0314198,0.1889534,0.7555844,0.9351546,-0.0347071,0.8899165
42.106950629,1791080890.840523481,0,0,-0.1259136,0.0032720,0.0057841,-11.2035074,-16.0027084,-7.7270608,-5.8195701,-0.1918409,-0.5365948,-0.1687482,-0.0167664,0.3699779,0.0519980,0.4692243,-0.1767126,-0.0071317,0.1156482,0.0524682,0.0397864,-0.0106077,-0.0066886,0.0159582,0.0314310,0.1889819,0.7555847,0.9351540,-0.0347397,0.8902970
42.126918849,1791080890.860492229,0,0,-0.1263396,0.0037803,0.0056893,-11.2070808,-15.9851179,-7.7287297,-5.8164530,-0.1928923,-0.5370395,-0.1707832,-0.0167306,0.3699036,0.0517233,0.4686954,-0.1763566,-0.0072196,0.1156469,0.0524020,0.0397838,-0.0106283,-0.0067541,0.0159113,0.0314420,0.1890105,0.7555850,0.9351533,-0.0347647,0.8906651
42.147682157,1791080890.881254911,0,0,-0.1254959,0.0037169,0.0056685,-11.2029467,-16.0033245,-7.7177711,-5.8164034,-0.1920693,-0.5398173,-0.1684853,-0.0192902,0.3693420,0.0512130,0.4638456,-0.1750858,-0.0073123,0.1156365,0.0526402,0.0398139,-0.0106587,-0.0068200,0.0158583,0.0314597,0.1890398,0.7555853,0.9351526,-0.0348311,0.8910304
42.167049406,1791080890.900622606,0,0,-0.1252426,0.0033833,0.0057001,-11.2079725,-15.9919605,-7.7058477,-5.8113837,-0.1898823,-0.5376865,-0.1687295,-0.0207493,0.3702862,0.0520358,0.4654187,-0.1741898,-0.0074066,0.1156231,0.0526818,0.0398338,-0.0106884,-0.0068857,0.0157844,0.0314788,0.1890682,0.7555856,0.9351520,-0.0348969,0.8913860
42.187221119,1791080890.920793772,0,0,-0.1246135,0.0030218,0.0050351,-11.2036657,-15.9808044,-7.6918035,-5.7986317,-0.1889658,-0.5354344,-0.1688778,-0.0220409,0.3682605,0.0516325,0.4673500,-0.1761272,-0.0074976,0.1156188,0.0525782,0.0398038,-0.0107073,-0.0069514,0.0157646,0.0315005,0.1890960,0.7555859,0.9351513,-0.0349305,0.8917296
42.207052536,1791080890.940625668,0,0,-0.1247262,0.0028355,0.0054729,-11.2047272,-15.9753819,-7.6890187,-5.7913346,-0.1865489,-0.5351061,-0.1687030,-0.0230903,0.3667172,0.0514350,0.4663008,-0.1761577,-0.0075903,0.1156170,0.0526296,0.0398082,-0.0107265,-0.0070172,0.0158782,0.0315320,0.1891188,0.7555862,0.9351507,-0.0350757,0.8920788
42.226782865,1791080890.960355759,0,0,-0.1248658,0.0035890,0.0060244,-11.2206640,-15.9976912,-7.7250938,-5.8178668,-0.1885309,-0.5410218,-0.1667254,-0.0216193,0.3701335,0.0519367,0.4637988,-0.1760363,-0.0076825,0.1156104,0.0526676,0.0398121,-0.0107414,-0.0070826,0.0158975,0.0315576,0.1891416,0.7555865,0.9351500,-0.0351757,0.8924196
42.247141684,1791080890.980714798,0,0,-0.1252756,0.0037252,0.0053995,-11.2166224,-15.9992409,-7.7425642,-5.8244004,-0.1910595,-0.5431218,-0.1656129,-0.0186946,0.3708711,0.0518259,0.4623638,-0.1765170,-0.0077719,0.1155970,0.0524891,0.0398499,-0.0107748,-0.0071480,0.0157922,0.0315681,0.1891747,0.7555868,0.9351494,-0.0351262,0.8927597
42.268883059,1791080891.002455950,0,0,-0.1257293,0.0037736,0.0049559,-11.2077494,-15.9645691,-7.6895428,-5.8018813,-0.1897466,-0.5440699,-0.1655630,-0.0207175,0.3697706,0.0514250,0.4586498,-0.1758955,-0.0078591,0.1155894,0.0524536,0.0398844,-0.0108137,-0.0072137,0.0157517,0.0315778,0.1892071,0.7555871,0.9351487,-0.0350692,0.8931026
42.293512907,1791080891.027086020,0,0,-0.1254602,0.0039201,0.0048903,-11.2228565,-15.9768276,-7.7483392,-5.8326502,-0.1908630,-0.5501833,-0.1640923,-0.0218212,0.3689597,0.0504061,0.4565027,-0.1807911,-0.0079473,0.1155799,0.0528910,0.0399154,-0.0108515,-0.0072801,0.0156467,0.0315785,0.1892374,0.7555874,0.9351481,-0.0350512,0.8934580
42.310814176,1791080891.044387102,0,0,-0.1256319,0.0040663,0.0044506,-11.2329760,-15.9790907,-7.7497654,-5.8377123,-0.1922147,-0.5491791,-0.1661638,-0.0229345,0.3706860,0.0510822,0.4579951,-0.1791094,-0.0080295,0.1155852,0.0527072,0.0398260,-0.0108652,-0.0073460,0.0156524,0.0315770,0.1892660,0.7555877,0.9351474,-0.0350109,0.8937744
42.331552307,1791080891.065125227,0,0,-0.1256938,0.0044003,0.0041067,-11.2507486,-16.0007763,-7.7586823,-5.8598828,-0.1924163,-0.5491681,-0.1670645,-0.0216069,0.3699472,0.0505016,0.4577152,-0.1778585,-0.0081107,0.1155952,0.0525598,0.0397402,-0.0108788,-0.0074112,0.0157774,0.0315850,0.1892941,0.7555880,0.9351467,-0.0349977,0.8940782
42.350829227,1791080891.084402323,0,0,-0.1252223,0.0044953,0.0045009,-11.2401371,-15.9926758,-7.7351847,-5.8481183,-0.1901068,-0.5513821,-0.1667372,-0.0212911,0.3697902,0.0500174,0.4540807,-0.1763460,-0.0081872,0.1156213,0.0524317,0.0396977,-0.0108948,-0.0074767,0.0159734,0.0315976,0.1893195,0.7555883,0.9351461,-0.0349724,0.8943816
42.371901444,1791080891.105474234,0,0,-0.1252851,0.0040914,0.0043808,-11.2130346,-15.9758120,-7.7103353,-5.8367882,-0.1885775,-0.5517883,-0.1671569,-0.0222117,0.3690669,0.0495633,0.4549986,-0.1791099,-0.0082611,0.1156572,0.0524980,0.0396878,-0.0109124,-0.0075422,0.0161131,0.0316059,0.1893456,0.7555886,0.9351454,-0.0349575,0.8946960
42.392784921,1791080891.126358032,0,0,-0.1247052,0.0037822,0.0045356,-11.2016420,-15.9849958,-7.7265983,-5.8358550,-0.1862409,-0.5518665,-0.1675130,-0.0214658,0.3686319,0.0488985,0.4557507,-0.1809752,-0.0083431,0.1156930,0.0525941,0.0397555,-0.0109315,-0.0076070,0.0161819,0.0316448,0.1893677,0.7555889,0.9351448,-0.0350338,0.8950226
42.411538376,1791080891.145111561,0,0,-0.1255625,0.0040746,0.0046155,-11.1933870,-15.9912300,-7.7161527,-5.8253894,-0.1847697,-0.5506598,-0.1675278,-0.0219885,0.3677118,0.0486310,0.4536358,-0.1776616,-0.0084250,0.1157081,0.0524530,0.0398047,-0.0109588,-0.0076718,0.0160262,0.0316708,0.1893963,0.7555892,0.9351442,-0.0350504,0.8953354
42.433417647,1791080891.166990995,0,0,-0.1252413,0.0037022,0.0049386,-11.1884356,-15.9811115,-7.7140236,-5.8161345,-0.1826440,-0.5528944,-0.1674495,-0.0235449,0.3675417,0.0482484,0.4537666,-0.1790754,-0.0085092,0.1157090,0.0526281,0.0398448,-0.0109890,-0.0077365,0.0158980,0.0316901,0.1894248,0.7555895,0.9351436,-0.0350854,0.8956481
42.453776186,1791080891.187349319,0,0,-0.1239879,0.0034670,0.0040416,-11.2056170,-15.9677734,-7.7199874,-5.8179955,-0.1798627,-0.5514086,-0.1689139,-0.0253619,0.3672813,0.0486467,0.4561260,-0.1821155,-0.0085889,0.1157067,0.0527932,0.0398538,-0.0110167,-0.0078021,0.0157773,0.0316905,0.1894552,0.7555897,0.9351431,-0.0350326,0.8959589
42.478519348,1791080891.212092400,0,0,-0.1225720,0.0034681,0.0033519,-11.2367506,-15.9973917,-7.7788801,-5.8281913,-0.1802531,-0.5500671,-0.1680268,-0.0241795,0.3644366,0.0476221,0.4568706,-0.1824871,-0.0086708,0.1157002,0.0528692,0.0398639,-0.0110536,-0.0078677,0.0156449,0.0316989,0.1894853,0.7555900,0.9351425,-0.0349247,0.8962666
42.496976862,1791080891.230550051,0,0,-0.1228677,0.0034220,0.0037106,-11.2343540,-16.0052452,-7.7883763,-5.8307729,-0.1804897,-0.5493400,-0.1652741,-0.0226509,0.3661146,0.0487642,0.4570508,-0.1782381,-0.0087523,0.1156934,0.0525777,0.0398358,-0.0110820,-0.0079324,0.0156275,0.0317176,0.1895159,0.7555903,0.9351419,-0.0349104,0.8965463
42.517248136,1791080891.250821352,0,0,-0.1233834,0.0035905,0.0036356,-11.2467566,-16.0141487,-7.8110719,-5.8484302,-0.1815270,-0.5485226,-0.1631118,-0.0213519,0.3668898,0.0497691,0.4575504,-0.1747526,-0.0088303,0.1156942,0.0526210,0.0397370,-0.0110880,-0.0079973,0.0158401,0.0317510,0.1895418,0.7555906,0.9351413,-0.0349862,0.8968065
42.535549167,1791080891.269122362,0,0,-0.1244994,0.0037253,0.0025497,-11.2401228,-15.9981556,-7.7795405,-5.8361206,-0.1852401,-0.5455524,-0.1626232,-0.0201038,0.3642446,0.0492585,0.4570313,-0.1728591,-0.0089047,0.1156971,0.0525397,0.0396593,-0.0110951,-0.0080621,0.0160295,0.0317874,0.1895678,0.7555909,0.9351407,-0.0350233,0.8970643
42.558195556,1791080891.291768312,0,0,-0.1231917,0.0028404,0.0025515,-11.2482309,-15.9980240,-7.8108068,-5.8359036,-0.1859853,-0.5409453,-0.1602951,-0.0200394,0.3588086,0.0483837,0.4608535,-0.1786696,-0.0089876,0.1156885,0.0525431,0.0396995,-0.0111274,-0.0081254,0.0159184,0.0318255,0.1895992,0.7555911,0.9351401,-0.0349900,0.8973405
42.574552744,1791080891.308125257,0,0,-0.1228966,0.0026284,0.0036300,-11.2347755,-15.9937038,-7.8285441,-5.8374567,-0.1860118,-0.5381275,-0.1613532,-0.0197876,0.3576640,0.0485141,0.4651882,-0.1845175,-0.0090669,0.1156831,0.0527253,0.0397655,-0.0111589,-0.0081898,0.0158353,0.0318602,0.1896250,0.7555913,0.9351395,-0.0349773,0.8976284
42.596333997,1791080891.329906940,0,0,-0.1243914,0.0027156,0.0060797,-11.2164507,-16.0105267,-7.8450246,-5.8480587,-0.1845642,-0.5440937,-0.1589109,-0.0174465,0.3502552,0.0438326,0.4588419,-0.1865065,-0.0091439,0.1156858,0.0527425,0.0398055,-0.0111767,-0.0082542,0.0158080,0.0318780,0.1896474,0.7555916,0.9351389,-0.0350405,0.8979192
42.615603238,1791080891.349176168,0,0,-0.1238847,0.0026693,0.0056756,-11.2474594,-16.0128460,-7.8559613,-5.8500099,-0.1815467,-0.5407412,-0.1558668,-0.0217506,0.3472166,0.0440587,0.4589295,-0.1840867,-0.0092265,0.1156770,0.0524920,0.0398310,-0.0112104,-0.0083171,0.0155214,0.0318966,0.1896787,0.7555918,0.9351383,-0.0350595,0.8981933
42.634539544,1791080891.368112803,0,0,-0.1237886,0.0022116,0.0054818,-11.2430925,-15.9697819,-7.8676410,-5.8464446,-0.1786565,-0.5447496,-0.1533945,-0.0246104,0.3467191,0.0448373,0.4557203,-0.1901569,-0.0093071,0.1156635,0.0527302,0.0398736,-0.0112478,-0.0083810,0.0153817,0.0319105,0.1897101,0.7555920,0.9351377,-0.0351058,0.8984731
42.654842979,1791080891.388415575,0,0,-0.1249707,0.0028822,0.0063663,-11.2365332,-15.9519672,-7.8992486,-5.8707252,-0.1816522,-0.5580413,-0.1506077,-0.0238980,0.3439771,0.0420297,0.4470294,-0.1986441,-0.0093774,0.1156665,0.0533575,0.0398739,-0.0112640,-0.0084469,0.0154362,0.0318914,0.1897341,0.7555923,0.9351371,-0.0351627,0.8987672
42.677018703,1791080891.410591125,0,0,-0.1246311,0.0031994,0.0052413,-11.2396307,-15.9746552,-7.9374890,-5.8863649,-0.1833266,-0.5631940,-0.1466502,-0.0259127,0.3385834,0.0388325,0.4404704,-0.2013079,-0.0094478,0.1156770,0.0531159,0.0398653,-0.0112857,-0.0085121,0.0153233,0.0318667,0.1897651,0.7555925,0.9351365,-0.0352021,0.8990515
42.695552122,1791080891.429124594,0,0,-0.1241450,0.0036677,0.0044191,-11.2494736,-16.0021610,-7.9542241,-5.8861065,-0.1826711,-0.5603652,-0.1444596,-0.0270228,0.3341957,0.0365991,0.4407845,-0.1974264,-0.0095192,0.1156874,0.0530473,0.0398327,-0.0113114,-0.0085766,0.0152598,0.0318564,0.1897967,0.7555928,0.9351359,-0.0352612,0.8993197
42.714526701,1791080891.448099136,0,0,-0.1242262,0.0042007,0.0039486,-11.2691889,-16.0336628,-7.9951568,-5.9099064,-0.1828912,-0.5586036,-0.1445032,-0.0252875,0.3307160,0.0338503,0.4415386,-0.1917431,-0.0095833,0.1156999,0.0532085,0.0397928,-0.0113357,-0.0086414,0.0153099,0.0318409,0.1898319,0.7555930,0.9351353,-0.0354023,0.8995900
42.734532114,1791080891.468105078,0,0,-0.1233847,0.0041739,0.0034092,-11.2770462,-16.0209332,-7.9733539,-5.9178224,-0.1815540,-0.5615324,-0.1398495,-0.0253252,0.3223875,0.0299598,0.4333762,-0.1938252,-0.0096458,0.1157241,0.0532155,0.0397817,-0.0113658,-0.0087063,0.0152473,0.0318214,0.1898663,0.7555932,0.9351347,-0.0354636,0.8998643
42.754808125,1791080891.488380909,0,0,-0.1223823,0.0041144,0.0032889,-11.2741117,-16.0372715,-7.9876456,-5.9251542,-0.1788580,-0.5687954,-0.1331898,-0.0231358,0.3172564,0.0260963,0.4248784,-0.1947833,-0.0097098,0.1157478,0.0528375,0.0397549,-0.0114008,-0.0087701,0.0150452,0.0317954,0.1899015,0.7555935,0.9351341,-0.0354045,0.9001142
50.436250655,1791080899.169824362,0,0,-0.0552202,-0.0986906,-0.0899434,-6.5883999,-5.4279089,-5.0239444,-5.3118606,0.6583412,0.4886630,0.0166465,-0.0109902,0.0457543,-0.0173196,0.0081727,-0.0034606,0.0455765,0.0607097,0.1295284,0.0364496,-0.0040910,0.0090667,0.0067254,0.0051537,0.0794726,0.8484360,0.9750841,0.0147370,0.0039442
50.456256436,1791080899.189829588,0,0,-0.0520391,-0.0998213,-0.0805651,-6.5045691,-5.7727923,-4.9727540,-5.4010243,0.6532238,0.4870499,0.0156160,-0.0117923,0.0429565,-0.0109258,0.0039406,-0.0071348,0.0484557,0.0727635,-0.0032762,0.0422609,-0.0040244,0.0095903,0.0060312,0.0048391,0.0817211,0.8434919,0.9986325,0.0340249,0.0064909
50.476233865,1791080899.209806681,0,0,-0.0102080,-0.0879482,-0.0905137,-6.5294571,-5.9482760,-6.4273429,-6.6839476,0.6381068,0.5229766,0.0203084,-0.0163036,0.0297123,-0.0069928,-0.0166598,-0.0147836,0.0501181,0.0802737,0.0497093,0.0456330,-0.0031298,0.0100123,0.0051085,0.0039947,0.0814991,0.8462201,0.9919153,0.0309891,0.0081824
50.496995623,1791080899.230568886,0,0,0.0363635,-0.0493410,-0.1145565,-7.2019453,-6.7857251,-7.5331917,-7.7905717,0.6342477,0.5766989,0.0245530,-0.0144321,0.0257720,-0.0101480,-0.0305022,-0.0038950,0.0509812,0.0836976,0.0538140,0.0461562,-0.0020776,0.0105378,0.0040570,0.0028983,0.0820215,0.8521037,0.9739592,0.0288115,0.0088952
50.518422443,1791080899.251995564,0,0,0.0735569,-0.0285668,-0.1179677,-8.7210302,-8.2613106,-9.2653322,-9.1697826,0.6020460,0.6115192,0.0404725,-0.0110430,0.0376174,-0.0061877,-0.0380510,0.0045730,0.0515208,0.0856050,0.0560469,0.0413851,-0.0011695,0.0112494,0.0047019,0.0020881,0.0809038,0.8550784,0.9382617,0.0320597,0.0060256
50.536266281,1791080899.269839048,0,0,0.0736338,-0.0435220,-0.1346903,-10.4613180,-9.0011978,-10.7206221,-9.3925486,0.5801533,0.5994191,0.0624822,-0.0046314,0.0636050,0.0174472,-0.0266767,0.0267926,0.0514165,0.0871618,0.0721100,0.0359365,-0.0003749,0.0119392,0.0058457,0.0013609,0.0794223,0.8541939,0.9321039,0.0368567,0.0015301
50.556272479,1791080899.289844751,0,0,0.0990048,-0.0514553,-0.1759236,-12.0687475,-10.4433088,-11.4756107,-9.5581484,0.5685608,0.5702600,0.0726223,0.0118090,0.0885165,0.0445851,-0.0012603,0.0563658,0.0511192,0.0884896,0.0855443,0.0286515,0.0002231,0.0123174,0.0061578,0.0007554,0.0793187,0.8478450,0.9221060,0.0366634,-0.0052664
50.579563991,1791080899.313136816,0,0,0.0091518,-0.0750282,-0.1259530,-11.6937780,-10.4413433,-9.9812117,-9.3794165,0.5445210,0.5185007,0.0901444,-0.0021304,0.1017940,0.0428968,-0.0005217,0.0159315,0.0510845,0.0893018,0.0874153,0.0282252,0.0007890,0.0124906,0.0120293,0.0009602,0.0801509,0.8428367,0.9654670,0.0441396,-0.0109948
50.597696984,1791080899.331269741,0,0,-0.0442762,-0.0883395,-0.0806680,-11.6124630,-11.3525801,-9.7592211,-9.4925718,0.5426059,0.5126674,0.0992032,0.0007740,0.1068423,0.0203388,-0.0030515,0.0158111,0.0513784,0.0897773,0.0765585,0.0303789,0.0012969,0.0125446,0.0194185,0.0012294,0.0821166,0.8397343,0.9943985,0.0551818,-0.0149214
50.618713272,1791080899.352285862,0,0,-0.0301106,-0.0493360,-0.0583019,-12.5453863,-13.8756762,-10.6977129,-10.0056391,0.5419801,0.5208690,0.1031658,0.0078518,0.0582721,0.0084910,-0.0095560,0.0421637,0.0518720,0.0902312,0.0566019,0.0321871,0.0017401,0.0125678,0.0262390,0.0015703,0.0828310,0.8383668,0.9955025,0.0636052,-0.0172499
50.638561772,1791080899.372134686,0,0,0.0177015,0.0443732,-0.0692796,-12.4461870,-14.6309605,-11.1048632,-10.6759520,0.4863876,0.4130623,0.1160476,-0.0189897,-0.0344060,-0.0491278,0.0049804,-0.0060973,0.0524416,0.0906380,0.0512616,0.0330194,0.0021657,0.0125449,0.0324000,0.0019038,0.0831572,0.8374702,0.9958065,0.0695031,-0.0187723
50.660711800,1791080899.394284725,0,0,0.0147938,0.0705325,-0.0940358,-12.2106380,-14.3999414,-11.1535711,-10.5340853,0.4521187,0.4231013,0.1093756,-0.0220984,-0.0251181,-0.0637960,-0.0031688,-0.0179910,0.0528331,0.0909942,0.0614207,0.0328450,0.0025716,0.0124972,0.0370860,0.0021666,0.0836948,0.8359439,0.9969265,0.0759837,-0.0212427
50.677366218,1791080899.410939217,0,0,-0.0111340,0.0602156,-0.1305937,-10.9794416,-12.9352112,-10.4752216,-9.1031275,0.4388070,0.3667567,0.0821976,-0.0274491,-0.0242227,-0.0771409,-0.0101566,-0.0329881,0.0531617,0.0912015,0.0721631,0.0334232,0.0028594,0.0124230,0.0402347,0.0023577,0.0849561,0.8338712,0.9975011,0.0826459,-0.0218103
50.698530091,1791080899.432102919,0,0,0.0574546,0.0561081,-0.2018432,-9.8068924,-12.3536148,-9.8964005,-7.4998269,0.4367295,0.2211573,0.0590953,-0.0345926,-0.0304770,-0.0724559,-0.0163943,-0.0765959,0.0535274,0.0914296,0.0743927,0.0342885,0.0031043,0.0122908,0.0427520,0.0025722,0.0865471,0.8319499,0.9977452,0.0895139,-0.0217137
50.717405717,1791080899.450978518,0,0,0.0924305,0.0474738,-0.3074841,-9.8033314,-12.3131895,-10.1923561,-6.5388837,0.4660138,-0.0549120,0.0728758,-0.0347329,-0.0237608,-0.0138068,-0.0747047,-0.0694916,0.0538430,0.0917492,0.0756971,0.0351940,0.0034089,0.0120929,0.0443613,0.0028148,0.0882521,0.8298643,0.9979088,0.0953909,-0.0216965
50.738659735,1791080899.472233057,0,0,0.0673122,0.0032474,-0.3977316,-10.2148933,-11.6624603,-11.0244856,-5.8678365,0.5280806,-0.3492830,0.0936935,-0.0160449,0.0599279,0.0713044,-0.1606893,0.0160058,0.0541054,0.0921133,0.0761891,0.0361113,0.0037488,0.0118653,0.0449244,0.0030856,0.0900510,0.8274506,0.9980335,0.0991958,-0.0219552
50.760691842,1791080899.494264841,0,0,-0.0446235,-0.0620586,-0.3978253,-10.5543242,-11.1486111,-12.0907612,-6.3255577,0.5651962,-0.4763864,0.1697578,-0.0087324,0.1815029,0.1311197,-0.1654755,0.1434735,0.0543199,0.0923814,0.0753660,0.0366189,0.0040256,0.0116674,0.0454676,0.0033207,0.0914988,0.8254306,0.9981062,0.1005340,-0.0228676
50.780398772,1791080899.513971806,0,0,-0.0706879,-0.0720217,-0.3126593,-10.9442444,-11.0810013,-12.2443972,-7.1259437,0.5618196,-0.4821291,0.1810597,-0.0443546,0.0879900,0.0763901,-0.0357425,0.1324565,0.0544249,0.0926386,0.0741756,0.0372417,0.0043596,0.0115116,0.0451235,0.0035808,0.0927036,0.8233347,0.9975419,0.0976543,-0.0238800
50.798532022,1791080899.532105207,0,0,-0.0983918,-0.0517286,-0.2580044,-10.9689207,-11.1830559,-12.0160723,-7.6641841,0.5796970,-0.4503660,0.1692786,-0.0489091,0.0601472,0.0499879,0.0424427,0.1362350,0.0545368,0.0927977,0.0731312,0.0376252,0.0046601,0.0113876,0.0448981,0.0038236,0.0936425,0.8213211,0.9973949,0.0964198,-0.0249297
50.818770093,1791080899.552342892,0,0,-0.0946267,-0.0277164,-0.2030082,-11.3799028,-11.9585133,-12.4243460,-8.4878263,0.6124446,-0.2432441,0.1502189,-0.0357853,-0.0121029,0.0195727,0.0731221,0.1055388,0.0546455,0.0928989,0.0750009,0.0378376,0.0049357,0.0112868,0.0451302,0.0040388,0.0949167,0.8183660,0.9961773,0.1018415,-0.0267955
50.838557984,1791080899.572130919,0,0,-0.0481912,-0.0086312,-0.1808447,-11.5298853,-13.5612297,-13.1435785,-9.5725994,0.5883970,-0.0211523,0.1375918,-0.0240546,-0.0427066,-0.0298107,0.0483489,0.0615272,0.0547213,0.0929668,0.0782003,0.0383272,0.0052451,0.0111790,0.0456945,0.0042700,0.0965159,0.8148633,0.9944333,0.1077539,-0.0285097
50.861423156,1791080899.594996214,0,0,-0.0469900,0.0054221,-0.1800765,-11.3451290,-14.1825981,-13.0167933,-9.7954941,0.5815626,-0.0874459,0.1337531,-0.0200614,-0.0188326,-0.0628777,0.0605737,0.0425217,0.0546652,0.0928395,0.0761268,0.0395152,0.0055140,0.0111007,0.0467851,0.0047086,0.0986146,0.8131164,0.9864649,0.1123467,-0.0284276
50.880752450,1791080899.614325523,0,0,-0.0604950,0.0084509,-0.1746358,-11.2027521,-14.5124588,-12.6118088,-9.7988997,0.5763879,-0.1500220,0.1169745,-0.0044551,0.0306781,-0.0907423,0.0754016,0.0334834,0.0546758,0.0927090,0.0740761,0.0406952,0.0058088,0.0110036,0.0475376,0.0050794,0.1008880,0.8105654,0.9854310,0.1186674,-0.0280595
50.900852376,1791080899.634425402,0,0,-0.0779274,-0.0041957,-0.1961412,-10.8900919,-14.6811028,-12.2487078,-9.7828865,0.6296337,-0.4912030,0.0962045,0.0333070,0.2804101,-0.1000236,0.1015010,0.0678653,0.0546323,0.0925974,0.0710319,0.0416858,0.0060957,0.0109017,0.0470135,0.0054661,0.1032206,0.8083540,0.9847850,0.1238766,-0.0269604
50.918679159,1791080899.652252436,0,0,-0.0713579,-0.0030303,-0.2161423,-10.8305664,-14.2434731,-12.9260778,-9.5459738,0.6506582,-0.6384152,0.0720773,0.0293493,0.3056298,-0.0467825,0.0836809,0.0239904,0.0546417,0.0924522,0.0701460,0.0423255,0.0063591,0.0108055,0.0463146,0.0058723,0.1054312,0.8064692,0.9819857,0.1280996,-0.0255364
50.938988655,1791080899.672561646,0,0,-0.0664122,0.0046177,-0.2216197,-10.5816450,-14.1944208,-13.2121229,-9.6112089,0.6540273,-0.8734672,0.0312784,0.0630431,0.4944899,-0.0020169,0.0535979,0.0042144,0.0546239,0.0922581,0.0695348,0.0428545,0.0065758,0.0107008,0.0452638,0.0062745,0.1074862,0.8047214,0.9797153,0.1312672,-0.0229970
50.959792781,1791080899.693366051,0,0,-0.0730236,0.0087296,-0.2186278,-10.4863214,-14.1227646,-13.4650536,-9.7536402,0.6700799,-0.9537387,0.0092343,0.0940684,0.5795006,0.0178166,0.0479334,-0.0291400,0.0546055,0.0920362,0.0685602,0.0431304,0.0067010,0.0105893,0.0440999,0.0066679,0.1098629,0.8032199,0.9778199,0.1330095,-0.0195274
50.978497588,1791080899.712070704,0,0,-0.0789165,0.0094960,-0.2210250,-10.6624985,-14.2455912,-13.7584620,-10.0375042,0.6711752,-0.9226303,0.0227921,0.1199576,0.5699283,0.0005012,0.0768302,-0.0163907,0.0545036,0.0917731,0.0689699,0.0435942,0.0068449,0.0104615,0.0429850,0.0070899,0.1117211,0.8014724,0.9747726,0.1336886,-0.0155671
51.000544607,1791080899.734117746,0,0,-0.0767144,0.0060422,-0.2229460,-10.6382084,-14.2429638,-13.3770237,-10.3732119,0.6585287,-0.9253772,0.0362905,0.1149994,0.5539194,0.0023204,0.1095911,-0.0039710,0.0543923,0.0914904,0.0689679,0.0440091,0.0069803,0.0103328,0.0417644,0.0075145,0.1135806,0.7998174,0.9720713,0.1337062,-0.0113885
51.018699937,1791080899.752273083,0,0,-0.0857441,0.0023451,-0.2245054,-10.6184750,-13.7696285,-13.3317099,-10.2332392,0.6673427,-0.8626294,0.0808588,0.0814685,0.4636244,0.0047063,0.1096903,0.0092878,0.0542022,0.0911573,0.0680951,0.0445664,0.0071154,0.0102268,0.0409514,0.0079687,0.1159349,0.7983925,0.9711667,0.1357711,-0.0072583
51.040183814,1791080899.773756742,0,0,-0.0988690,0.0006141,-0.2215624,-10.6831913,-13.1728926,-12.9744081,-9.9527864,0.6590017,-0.7101896,0.1311218,0.0331506,0.2792640,-0.0006099,0.0878951,0.0250536,0.0539688,0.0907928,0.0675890,0.0452279,0.0072943,0.0101257,0.0404145,0.0084146,0.1184875,0.7968728,0.9703297,0.1378993,-0.0033404
51.060670208,1791080899.794243097,0,0,-0.1035384,-0.0006975,-0.2172644,-10.6103611,-13.0653400,-12.8295851,-9.7872915,0.6472400,-0.6854795,0.1452611,0.0313673,0.2635368,0.0070782,0.0581394,0.0298588,0.0537146,0.0905614,0.0684906,0.0457025,0.0075451,0.0100186,0.0396872,0.0087967,0.1205424,0.7952257,0.9705988,0.1388580,0.0006072
51.077485492,1791080899.811058521,0,0,-0.1049937,-0.0022624,-0.2168114,-10.4502001,-13.1950092,-12.7284670,-9.6774673,0.6418686,-0.7751148,0.1385479,0.0593487,0.3616399,0.0152917,0.0279639,0.0328313,0.0534690,0.0904441,0.0695882,0.0459511,0.0077775,0.0098949,0.0386970,0.0091045,0.1228870,0.7933300,0.9711807,0.1401710,0.0039544
51.100490057,1791080899.834063053,0,0,-0.1057669,-0.0009820,-0.2128184,-10.4226770,-13.2378368,-12.7447081,-9.5236340,0.6527692,-0.7829404,0.1357750,0.0602998,0.3677744,0.0149453,0.0303780,0.0509672,0.0532031,0.0903518,0.0700680,0.0461636,0.0080099,0.0097730,0.0377255,0.0094115,0.1251635,0.7915788,0.9716891,0.1414056,0.0070571
51.120409949,1791080899.853982925,0,0,-0.1045159,-0.0002438,-0.2065871,-10.4881334,-13.1975937,-12.7683306,-9.4349318,0.6615617,-0.7825131,0.1320121,0.0501527,0.3402993,0.0038609,0.0529697,0.0662058,0.0531259,0.0902775,0.0698226,0.0463593,0.0082623,0.0096390,0.0367123,0.0096796,0.1276972,0.7899632,0.9721895,0.1442498,0.0100824
51.138623967,1791080899.872197151,0,0,-0.1042650,0.0001278,-0.2011346,-10.5989885,-13.0729170,-12.6668139,-9.2929182,0.6626505,-0.7430230,0.1334334,0.0345026,0.2856106,-0.0042299,0.0717192,0.0856450,0.0530334,0.0902112,0.0696566,0.0465365,0.0085174,0.0095076,0.0357647,0.0099396,0.1301287,0.7884439,0.9726507,0.1466803,0.0128942
51.160748459,1791080899.894321442,0,0,-0.1018984,-0.0002173,-0.1991285,-10.7215919,-13.0749350,-12.7268953,-9.2810726,0.6604152,-0.7074815,0.1326145,0.0224960,0.2453527,-0.0115098,0.0900486,0.0965318,0.0527978,0.0901092,0.0698332,0.0469754,0.0088097,0.0093726,0.0349284,0.0102278,0.1322825,0.7863803,0.9731364,0.1485123,0.0156971
51.178364583,1791080899.911937237,0,0,-0.0995493,-0.0001066,-0.1970533,-10.7999067,-13.1113653,-12.7116346,-9.2565603,0.6563507,-0.6870146,0.1297956,0.0176539,0.2268305,-0.0184053,0.1016163,0.1096773,0.0524805,0.0899846,0.0698902,0.0472806,0.0090937,0.0092447,0.0344230,0.0105211,0.1343637,0.7843952,0.9736217,0.1503453,0.0179255
51.201144890,1791080899.934717894,0,0,-0.0989975,0.0004821,-0.1962831,-10.8372345,-13.1196404,-12.6430922,-9.1813364,0.6523900,-0.6580903,0.1303604,0.0117977,0.2023058,-0.0240267,0.1016414,0.1153251,0.0521512,0.0898622,0.0700413,0.0475251,0.0093771,0.0091188,0.0340091,0.0108099,0.1363537,0.7825102,0.9740859,0.1520256,0.0198648
51.218965560,1791080899.952538967,0,0,-0.1001054,0.0014664,-0.1959805,-10.8435078,-13.1455889,-12.5887632,-9.1371202,0.6520615,-0.6485747,0.1294163,0.0099367,0.1968207,-0.0288398,0.0997790,0.1215579,0.0519130,0.0897931,0.0711740,0.0475603,0.0096493,0.0089900,0.0336224,0.0110630,0.1380807,0.7808421,0.9744882,0.1532895,0.0214336
51.240600447,1791080899.974173784,0,0,-0.1024382,0.0033183,-0.1963512,-10.8541355,-13.1620436,-12.5304747,-9.1077442,0.6532166,-0.6520152,0.1269271,0.0103463,0.2021990,-0.0321024,0.0994019,0.1291990,0.0516759,0.0897335,0.0718287,0.0475668,0.0099129,0.0088628,0.0332721,0.0113074,0.1397230,0.7792777,0.9748675,0.1545656,0.0228485
51.259520488,1791080899.993093729,0,0,-0.1021098,0.0049563,-0.1966457,-10.8713484,-13.1899738,-12.5640516,-9.1295023,0.6551545,-0.6382083,0.1271632,0.0091322,0.1982543,-0.0361809,0.1002957,0.1339547,0.0514687,0.0896502,0.0725091,0.0476939,0.0101674,0.0087418,0.0330141,0.0115741,0.1410526,0.7779670,0.9751609,0.1560461,0.0245399
51.278446348,1791080900.012019396,0,0,-0.0996668,0.0052562,-0.1961596,-10.8887606,-13.2317610,-12.6617785,-9.1789293,0.6576460,-0.6203867,0.1286814,0.0076090,0.1906830,-0.0393639,0.1014920,0.1361911,0.0512159,0.0895602,0.0727027,0.0478338,0.0104055,0.0086227,0.0325397,0.0118587,0.1425113,0.7767310,0.9754504,0.1564184,0.0262444
51.298524565,1791080900.032097578,0,0,-0.0976808,0.0046637,-0.1956900,-10.9244041,-13.2988939,-12.8279457,-9.2547779,0.6602404,-0.6065471,0.1293715,0.0078237,0.1886140,-0.0428471,0.1053510,0.1405252,0.0509580,0.0894586,0.0730104,0.0479745,0.0106363,0.0085039,0.0321576,0.0121411,0.1439320,0.7754834,0.9757413,0.1568972,0.0278176
51.320370543,1791080900.053944111,0,0,-0.0964578,0.0029883,-0.1915622,-10.9104700,-13.3352947,-12.9020071,-9.3026457,0.6653743,-0.6061910,0.1292764,0.0084360,0.1940988,-0.0457085,0.1085939,0.1453077,0.0504988,0.0893133,0.0725065,0.0480869,0.0108591,0.0083985,0.0322760,0.0124334,0.1452017,0.7743698,0.9759859,0.1575720,0.0291473
51.338784967,1791080900.072358131,0,0,-0.0962524,0.0014301,-0.1885711,-10.9115801,-13.2699108,-12.9571190,-9.2998610,0.6697025,-0.5982770,0.1314628,0.0054530,0.1856316,-0.0477820,0.1068165,0.1454173,0.0499983,0.0891728,0.0728554,0.0483742,0.0111057,0.0082851,0.0323379,0.0127182,0.1464585,0.7729656,0.9762950,0.1590946,0.0305681
51.360553536,1791080900.094126940,0,0,-0.0959136,0.0016102,-0.1885062,-10.9499741,-13.2041512,-13.0075331,-9.3086481,0.6717685,-0.5839093,0.1336705,0.0022382,0.1726674,-0.0495292,0.1047818,0.1448624,0.0495039,0.0890275,0.0731712,0.0486432,0.0113476,0.0081720,0.0323977,0.0129982,0.1476648,0.7716053,0.9765923,0.1603661,0.0319936
51.379427421,1791080900.113000154,0,0,-0.0948858,0.0022181,-0.1868967,-10.9668827,-13.1144419,-12.9881010,-9.3350286,0.6710707,-0.5677104,0.1364318,-0.0020513,0.1561278,-0.0516955,0.0985908,0.1396650,0.0490788,0.0889056,0.0740105,0.0489173,0.0115796,0.0080598,0.0321332,0.0132947,0.1486727,0.7704192,0.9768222,0.1601170,0.0336161
51.400585457,1791080900.134158850,0,0,-0.0946859,0.0040961,-0.1879943,-11.0350142,-13.0083103,-13.0126028,-9.3601904,0.6684527,-0.5529562,0.1392533,-0.0061151,0.1406135,-0.0534561,0.0910515,0.1345895,0.0486637,0.0887614,0.0746629,0.0491999,0.0118083,0.0079476,0.0320509,0.0135877,0.1496464,0.7692223,0.9770560,0.1599002,0.0351727
51.419100874,1791080900.152673721,0,0,-0.0921673,0.0070250,-0.1877723,-11.0498171,-12.9141531,-13.0530148,-9.4087381,0.6661049,-0.5137880,0.1428396,-0.0105315,0.1164248,-0.0584241,0.0828279,0.1230266,0.0484378,0.0886191,0.0745121,0.0495860,0.0120758,0.0078371,0.0320532,0.0138856,0.1503261,0.7681845,0.9772837,0.1601978,0.0375265
51.439041873,1791080900.172614574,0,0,-0.0885499,0.0106119,-0.1906044,-11.0285311,-12.8416910,-13.0301085,-9.4145308,0.6637284,-0.4743570,0.1444099,-0.0131721,0.0974094,-0.0634409,0.0738800,0.1111694,0.0481784,0.0884101,0.0731091,0.0501234,0.0123486,0.0077463,0.0324138,0.0142536,0.1508039,0.7673559,0.9774533,0.1612090,0.0399751
51.459348092,1791080900.192920923,0,0,-0.0858050,0.0145305,-0.1922219,-10.9827347,-12.7604694,-12.9767466,-9.3764563,0.6618649,-0.4376561,0.1441906,-0.0145115,0.0841366,-0.0695979,0.0650170,0.1002567,0.0479125,0.0881794,0.0725095,0.0505920,0.0126256,0.0076536,0.0328742,0.0146180,0.1512390,0.7665324,0.9776260,0.1622316,0.0424808
51.478606940,1791080900.212179661,0,0,-0.0817961,0.0203032,-0.1973423,-10.9421415,-12.7336702,-12.8518553,-9.3213663,0.6593673,-0.3962204,0.1417870,-0.0141997,0.0728737,-0.0746686,0.0570126,0.0910914,0.0475881,0.0880113,0.0743624,0.0508992,0.0129205,0.0075364,0.0331424,0.0149303,0.1516166,0.7654786,0.9778631,0.1628877,0.0449634
51.498604868,1791080900.232177734,0,0,-0.0714239,0.0260357,-0.2011573,-10.9685955,-12.8406363,-12.8329268,-9.3799267,0.6526413,-0.3401024,0.1377999,-0.0129444,0.0596918,-0.0811058,0.0523539,0.0790806,0.0472616,0.0878571,0.0757921,0.0511564,0.0132111,0.0074165,0.0334357,0.0152382,0.1519806,0.7644559,0.9781091,0.1637187,0.0475722
51.518664493,1791080900.252237797,0,0,-0.0608079,0.0295927,-0.2033901,-10.9115658,-12.9189129,-12.8347254,-9.4330549,0.6445618,-0.2684579,0.1338753,-0.0110589,0.0414417,-0.0858715,0.0452978,0.0634363,0.0469737,0.0877554,0.0779063,0.0511594,0.0134965,0.0072845,0.0334087,0.0155079,0.1523307,0.7633615,0.9784330,0.1633240,0.0503772
51.542508731,1791080900.276082516,0,0,-0.0518090,0.0312758,-0.2052487,-10.8921690,-12.9852486,-12.8413153,-9.4810190,0.6363770,-0.2164160,0.1294306,-0.0096182,0.0292877,-0.0870908,0.0402990,0.0525213,0.0466838,0.0876547,0.0792629,0.0511876,0.0137708,0.0071527,0.0335325,0.0157805,0.1526668,0.7622615,0.9787750,0.1630481,0.0533149
51.558502011,1791080900.292075634,0,0,-0.0439804,0.0320433,-0.2060533,-10.9093266,-13.0646343,-12.8650637,-9.5523891,0.6286469,-0.1768632,0.1251133,-0.0082902,0.0215785,-0.0873151,0.0384322,0.0460360,0.0464813,0.0875539,0.0797708,0.0510994,0.0139918,0.0070293,0.0340878,0.0160548,0.1532077,0.7613251,0.9790763,0.1645354,0.0559207
51.580636632,1791080900.314209700,0,0,-0.0404034,0.0324305,-0.2056410,-10.9607620,-13.1215677,-12.9633961,-9.6273375,0.6262795,-0.1487466,0.1234885,-0.0075251,0.0143398,-0.0852894,0.0370527,0.0415049,0.0463533,0.0874570,0.0789222,0.0509276,0.0141997,0.0069006,0.0346343,0.0163184,0.1539003,0.7605120,0.9794238,0.1651525,0.0586565
51.600888771,1791080900.334462166,0,0,-0.0406540,0.0331711,-0.2057299,-11.0344801,-13.1165028,-13.0632763,-9.7253780,0.6268052,-0.1458875,0.1251648,-0.0071217,0.0120468,-0.0817116,0.0354168,0.0420327,0.0462149,0.0873475,0.0785768,0.0507831,0.0144096,0.0067726,0.0351260,0.0165867,0.1545307,0.7596811,0.9797769,0.1655750,0.0614775
51.618477362,1791080900.352050543,0,0,-0.0424883,0.0324923,-0.2066984,-11.1150408,-13.0699835,-13.2177286,-9.8424196,0.6302964,-0.1474092,0.1289397,-0.0074151,0.0086714,-0.0765786,0.0342153,0.0439738,0.0459709,0.0872424,0.0781869,0.0508988,0.0146466,0.0066404,0.0354332,0.0168855,0.1552183,0.7586915,0.9802530,0.1650974,0.0643599
51.639053632,1791080900.372627020,0,0,-0.0438505,0.0311619,-0.2088756,-11.2039003,-12.9845276,-13.3880148,-9.9175100,0.6347792,-0.1487327,0.1330971,-0.0081899,0.0040282,-0.0696478,0.0322845,0.0471433,0.0457227,0.0871335,0.0782062,0.0509913,0.0148817,0.0065091,0.0357220,0.0171879,0.1558274,0.7576789,0.9807194,0.1645151,0.0672404
51.660728153,1791080900.394300938,0,0,-0.0458545,0.0286731,-0.2128353,-11.2786875,-12.8670378,-13.5130835,-9.9534731,0.6412834,-0.1592031,0.1362054,-0.0087763,0.0024153,-0.0605506,0.0299248,0.0497934,0.0455349,0.0872044,0.0815809,0.0501752,0.0151458,0.0063594,0.0360857,0.0174016,0.1559169,0.7568792,0.9810964,0.1650295,0.0699348
51.680587679,1791080900.414160967,0,0,-0.0519668,0.0262266,-0.2179159,-11.3522825,-12.7264729,-13.5105143,-9.9107227,0.6498334,-0.1950603,0.1376900,-0.0088030,0.0084402,-0.0468334,0.0256051,0.0531389,0.0452733,0.0872265,0.0841393,0.0500065,0.0153945,0.0062163,0.0366368,0.0176592,0.1556975,0.7557957,0.9815692,0.1674513,0.0733978
51.699386267,1791080900.432959557,0,0,-0.0556814,0.0253188,-0.2241839,-11.4432707,-12.6788254,-13.5705061,-9.9069986,0.6565792,-0.2310561,0.1390842,-0.0073199,0.0190839,-0.0334824,0.0205788,0.0571030,0.0450142,0.0872701,0.0856271,0.0498504,0.0156334,0.0060732,0.0370322,0.0179219,0.1554506,0.7547481,0.9820304,0.1692923,0.0772489
51.718494106,1791080900.452067137,0,0,-0.0577384,0.0252744,-0.2329979,-11.5183582,-12.6817913,-13.6346169,-9.9112043,0.6628827,-0.2894709,0.1396385,-0.0038936,0.0424477,-0.0172529,0.0115039,0.0609291,0.0447929,0.0873426,0.0863472,0.0498610,0.0158460,0.0059308,0.0370797,0.0182019,0.1551902,0.7537727,0.9824386,0.1710147,0.0818405
51.739141352,1791080900.472714663,0,0,-0.0595455,0.0249763,-0.2413591,-11.5812330,-12.6812429,-13.6977901,-9.9144888,0.6671889,-0.3427124,0.1407622,0.0005925,0.0690252,-0.0016590,-0.0007465,0.0648655,0.0447053,0.0874834,0.0863381,0.0489527,0.0160220,0.0057763,0.0367279,0.0184620,0.1548484,0.7532284,0.9827342,0.1683475,0.0863250
51.757754754,1791080900.491327286,0,0,-0.0624441,0.0244259,-0.2494804,-11.6082144,-12.6660404,-13.7104855,-9.8748407,0.6703559,-0.3908802,0.1404709,0.0057348,0.0979798,0.0127522,-0.0137090,0.0685883,0.0446377,0.0876017,0.0861426,0.0481955,0.0161944,0.0056229,0.0365335,0.0187228,0.1544973,0.7526615,0.9830116,0.1661096,0.0906949
51.778134926,1791080900.511707067,0,0,-0.0677197,0.0232962,-0.2534210,-11.6123533,-12.6277399,-13.7161894,-9.8209019,0.6765735,-0.4329095,0.1397191,0.0107525,0.1262382,0.0241345,-0.0246629,0.0722795,0.0444951,0.0877006,0.0861078,0.0469580,0.0163879,0.0054647,0.0366459,0.0189564,0.1539010,0.7523031,0.9831975,0.1615419,0.0938001
51.798840925,1791080900.532415152,0,0,-0.0745812,0.0242849,-0.2588998,-11.5848093,-12.5862770,-13.7480173,-9.7771349,0.6871933,-0.4938106,0.1384879,0.0178282,0.1703449,0.0335140,-0.0358228,0.0788088,0.0443765,0.0877889,0.0858236,0.0459466,0.0165692,0.0053092,0.0368393,0.0191908,0.1533441,0.7519529,0.9833595,0.1580011,0.0969671
51.820307700,1791080900.553881168,0,0,-0.0807299,0.0279379,-0.2640516,-11.5413876,-12.5506153,-13.6955767,-9.6900978,0.6945850,-0.5552767,0.1362543,0.0248595,0.2163058,0.0386612,-0.0468740,0.0863907,0.0444141,0.0879553,0.0842991,0.0452367,0.0167349,0.0051620,0.0361839,0.0194379,0.1529430,0.7516446,0.9835016,0.1520413,0.1002692
51.839453587,1791080900.573026896,0,0,-0.0845561,0.0318621,-0.2698307,-11.5028992,-12.5567636,-13.6753807,-9.6377420,0.7022356,-0.6235260,0.1328203,0.0343762,0.2759994,0.0417896,-0.0569402,0.0963716,0.0444874,0.0880892,0.0831402,0.0446773,0.0168937,0.0050132,0.0356315,0.0196741,0.1525792,0.7513171,0.9836320,0.1471494,0.1033811
51.858957718,1791080900.592530489,0,0,-0.0869079,0.0349488,-0.2736052,-11.4723740,-12.5625029,-13.6378651,-9.6141586,0.7083278,-0.6763344,0.1301283,0.0417949,0.3241479,0.0407517,-0.0605356,0.1063145,0.0445585,0.0882554,0.0841111,0.0434583,0.0170465,0.0048361,0.0354009,0.0197564,0.1522452,0.7509110,0.9838207,0.1437677,0.1048253
51.878121942,1791080900.611694336,0,0,-0.0897416,0.0359969,-0.2748665,-11.4374323,-12.5003901,-13.5502672,-9.5370674,0.7110971,-0.7065920,0.1290952,0.0442750,0.3475956,0.0359884,-0.0578550,0.1150694,0.0447191,0.0884901,0.0842137,0.0424152,0.0172148,0.0046632,0.0347361,0.0198513,0.1519449,0.7506557,0.9839799,0.1414295,0.1069579
51.897808474,1791080900.631380796,0,0,-0.0942492,0.0363549,-0.2748497,-11.3816233,-12.3983507,-13.3260946,-9.4100924,0.7123489,-0.7226291,0.1289417,0.0438373,0.3550727,0.0296756,-0.0524292,0.1214197,0.0448956,0.0887062,0.0841233,0.0415711,0.0173864,0.0044924,0.0341364,0.0199415,0.1516887,0.7504004,0.9841309,0.1392507,0.1088895
51.919099695,1791080900.652673006,0,0,-0.1001320,0.0362224,-0.2736969,-11.3254204,-12.3127565,-13.0299921,-9.2709112,0.7131231,-0.7345316,0.1289823,0.0421932,0.3570516,0.0243413,-0.0460648,0.1282025,0.0449510,0.0888976,0.0857668,0.0410210,0.0174962,0.0043125,0.0335347,0.0200159,0.1515002,0.7499782,0.9842942,0.1373766,0.1101432
51.938765844,1791080900.672338963,0,0,-0.1072744,0.0364188,-0.2690823,-11.2775040,-12.2357597,-12.6819057,-9.1188269,0.7109928,-0.7344931,0.1294072,0.0390194,0.3493427,0.0171576,-0.0387018,0.1342177,0.0450998,0.0890779,0.0857568,0.0408189,0.0175812,0.0041460,0.0332545,0.0201430,0.1514461,0.7496955,0.9844020,0.1371327,0.1126742
51.961463927,1791080900.695037127,0,0,-0.1134228,0.0372806,-0.2647454,-11.2206259,-12.2286921,-12.3650408,-9.0201387,0.7079704,-0.7451501,0.1285093,0.0390499,0.3612921,0.0104828,-0.0336455,0.1409009,0.0452570,0.0892347,0.0856047,0.0406634,0.0176577,0.0039831,0.0330195,0.0202704,0.1514280,0.7494196,0.9845060,0.1368626,0.1150992
51.978656194,1791080900.712229013,0,0,-0.1190808,0.0375762,-0.2610623,-11.1504545,-12.2012081,-12.0922871,-8.9238901,0.7050112,-0.7444721,0.1297555,0.0369752,0.3599965,0.0038165,-0.0281574,0.1450913,0.0454359,0.0893703,0.0850738,0.0404858,0.0176699,0.0038181,0.0331158,0.0204275,0.1513866,0.7491964,0.9845948,0.1340125,0.1177953
52.001313317,1791080900.734886169,0,0,-0.1253612,0.0380161,-0.2553335,-11.0608454,-12.1297388,-11.8162966,-8.8102875,0.7011008,-0.7288632,0.1337727,0.0314153,0.3386601,-0.0038883,-0.0245804,0.1420075,0.0456183,0.0894843,0.0845465,0.0403495,0.0176856,0.0036569,0.0332814,0.0205830,0.1513744,0.7489770,0.9846785,0.1315799,0.1202188
52.018645362,1791080900.752218008,0,0,-0.1323582,0.0392267,-0.2503102,-10.9517336,-12.0801926,-11.5218363,-8.6852798,0.6973075,-0.7215042,0.1372902,0.0284391,0.3329164,-0.0129872,-0.0236326,0.1426673,0.0457179,0.0895626,0.0853450,0.0402150,0.0177782,0.0034941,0.0337877,0.0207175,0.1510944,0.7487502,0.9847501,0.1312464,0.1215392
52.042067388,1791080900.775640726,0,0,-0.1382832,0.0399776,-0.2454782,-10.8274012,-12.0648861,-11.2361450,-8.5904436,0.6940432,-0.7104468,0.1398554,0.0253189,0.3277345,-0.0223984,-0.0227955,0.1385339,0.0458163,0.0896461,0.0857782,0.0401015,0.0178698,0.0033348,0.0342292,0.0208435,0.1508515,0.7485475,0.9848164,0.1311517,0.1228267
52.059543627,1791080900.793117046,0,0,-0.1271074,0.0373265,-0.2536941,-10.8089085,-12.2581530,-11.6227322,-8.6761541,0.6944563,-0.6444966,0.1427713,0.0234489,0.3068276,-0.0401901,-0.0094481,0.1300859,0.0459342,0.0897985,0.0863138,0.0400958,0.0179299,0.0031732,0.0341712,0.0209556,0.1508379,0.7483494,0.9848915,0.1312531,0.1247173
52.079414897,1791080900.812988043,0,0,-0.0962397,0.0332171,-0.2833363,-11.0666571,-12.8510981,-12.2753916,-9.1109171,0.7101266,-0.5500312,0.1360225,0.0068391,0.2057607,-0.0316524,0.0464906,0.1194436,0.0460863,0.0899594,0.0877002,0.0399871,0.0179995,0.0029962,0.0339865,0.0210725,0.1508568,0.7481465,0.9849834,0.1302377,0.1264836
52.099149143,1791080900.832722187,0,0,-0.0683266,0.0179776,-0.2944703,-11.0004473,-12.7246685,-13.3868170,-9.0180931,0.7166726,-0.4661880,0.1434381,-0.0099485,0.1079217,-0.0054574,0.0595086,0.0862022,0.0462062,0.0901062,0.0893645,0.0399150,0.0180718,0.0028124,0.0336927,0.0211923,0.1509358,0.7479011,0.9851046,0.1290427,0.1284198
52.119285024,1791080900.852857828,0,0,-0.0526674,0.0158569,-0.2976453,-10.7411671,-12.8895855,-13.4164953,-8.9712019,0.7286457,-0.5166315,0.1322508,0.0018861,0.1530882,0.0135436,0.0584161,0.0787043,0.0465826,0.0902735,0.0910672,0.0393085,0.0180659,0.0026005,0.0324455,0.0212992,0.1510693,0.7477582,0.9851928,0.1244656,0.1293117
52.138612833,1791080900.872185707,0,0,-0.0493208,0.0086706,-0.2930267,-10.4855242,-13.6077538,-13.9692650,-9.1289892,0.7630576,-0.5465537,0.1249690,0.0261345,0.2079685,0.0177891,0.0721751,0.0780387,0.0469790,0.0904054,0.0921917,0.0387269,0.0180039,0.0023850,0.0309955,0.0213956,0.1512028,0.7475687,0.9852895,0.1201606,0.1313403
52.158468392,1791080900.892040730,0,0,-0.0572228,-0.0082643,-0.2758664,-10.2260847,-14.0320339,-15.0332270,-9.4425373,0.8250780,-0.5707279,0.1326811,0.0534921,0.2622265,0.0246845,0.1037161,0.0639581,0.0474623,0.0904740,0.0915314,0.0383201,0.0178188,0.0022256,0.0292620,0.0215091,0.1512472,0.7473844,0.9853714,0.1165135,0.1351816
52.177937610,1791080900.911509752,0,0,-0.0713331,-0.0210117,-0.2413520,-10.1463337,-14.2666502,-15.9811239,-9.8255281,0.8777734,-0.6164760,0.1478390,0.0909294,0.3270313,0.0363237,0.1328452,0.0578086,0.0475703,0.0904747,0.0907865,0.0384405,0.0177378,0.0020621,0.0278140,0.0216451,0.1516231,0.7469614,0.9855434,0.1149415,0.1384037
52.199445185,1791080900.933017254,0,0,-0.0765984,-0.0299082,-0.2152093,-10.0779085,-14.4939203,-16.7405376,-10.2844753,0.9135308,-0.6200044,0.1678427,0.1301110,0.3528454,0.0437377,0.1173858,0.0467781,0.0476875,0.0904583,0.0902006,0.0386300,0.0176453,0.0019009,0.0264721,0.0217966,0.1520262,0.7464944,0.9857205,0.1136012,0.1415104
52.217932602,1791080900.951504946,0,0,-0.0872013,-0.0322596,-0.1865653,-10.1034088,-14.8796320,-17.1656494,-10.7868528,0.9469014,-0.6333056,0.1935704,0.1751240,0.3883137,0.0515275,0.0771717,0.0455642,0.0479723,0.0904569,0.0896755,0.0386210,0.0172880,0.0017527,0.0251469,0.0219225,0.1520229,0.7463619,0.9859043,0.1090740,0.1440178
52.237958274,1791080900.971530437,0,0,-0.0999496,-0.0294425,-0.1539422,-10.2067184,-15.2341080,-17.3944263,-11.2054338,0.9632117,-0.6714199,0.2059334,0.2143184,0.4355919,0.0613248,0.0083165,0.0590002,0.0482620,0.0904298,0.0892291,0.0386737,0.0169498,0.0016196,0.0241456,0.0220729,0.1520563,0.7462221,0.9860669,0.1052523,0.1460037
52.257951562,1791080900.991523743,0,0,-0.1041341,-0.0309709,-0.1294347,-10.3211164,-15.6204205,-17.5447445,-11.6393299,0.9729850,-0.7248241,0.1860102,0.2448268,0.4604031,0.0599703,-0.0745897,0.0606189,0.0485311,0.0903507,0.0883821,0.0390518,0.0167295,0.0015215,0.0232202,0.0222302,0.1522706,0.7458776,0.9861714,0.1046352,0.1483052
52.277943980,1791080901.011516094,0,0,-0.1032880,-0.0300402,-0.1180876,-10.3926067,-15.8777485,-17.7549076,-11.9139462,0.9848703,-0.7597885,0.1859654,0.2331628,0.4568577,0.0552182,-0.0689320,0.0514285,0.0489381,0.0902138,0.0868359,0.0392555,0.0164506,0.0014586,0.0220269,0.0223468,0.1525481,0.7456771,0.9862171,0.1019747,0.1491703
52.298164298,1791080901.031736612,0,0,-0.1011511,-0.0225819,-0.1132228,-10.4338303,-15.6741467,-17.7061272,-11.9140615,0.9903803,-0.7941957,0.1848938,0.1913861,0.4491274,0.0545989,-0.0437249,0.0335703,0.0493374,0.0900602,0.0854019,0.0394726,0.0161739,0.0014013,0.0208915,0.0224603,0.1528487,0.7454747,0.9862598,0.0998844,0.1496828
52.319297712,1791080901.052870750,0,0,-0.1025358,-0.0172846,-0.1123725,-10.4410286,-15.5326242,-17.3064728,-11.7214346,0.9815525,-0.8194041,0.1583329,0.1646705,0.4371273,0.0509183,-0.0393110,0.0186557,0.0497136,0.0898919,0.0840081,0.0397857,0.0159703,0.0013646,0.0196697,0.0225542,0.1531704,0.7451400,0.9863027,0.0989742,0.1498732
52.340797465,1791080901.074370384,0,0,-0.1072173,-0.0140876,-0.1164444,-10.4595385,-15.3928881,-16.6795559,-11.3933668,0.9749825,-0.8252616,0.1313469,0.1492268,0.4369959,0.0552581,-0.0563067,0.0153165,0.0501171,0.0896804,0.0825441,0.0399429,0.0157900,0.0013368,0.0184474,0.0226285,0.1536120,0.7448596,0.9863501,0.0975733,0.1492687
52.359445544,1791080901.093018293,0,0,-0.1113010,-0.0108808,-0.1195066,-10.3768034,-15.2156763,-16.0704422,-11.0408583,0.9735755,-0.8426301,0.1176138,0.1385439,0.4562446,0.0589321,-0.0685888,0.0110178,0.0505146,0.0894600,0.0812085,0.0400605,0.0156266,0.0013136,0.0173363,0.0227018,0.1540501,0.7445744,0.9863998,0.0964838,0.1481839
52.379033727,1791080901.112606764,0,0,-0.1114333,-0.0072618,-0.1212965,-10.3546972,-15.0989914,-15.5403376,-10.7524614,0.9692903,-0.8497526,0.0972850,0.1207446,0.4430078,0.0547637,-0.0653006,0.0116813,0.0508364,0.0891757,0.0797973,0.0406006,0.0154053,0.0013177,0.0163315,0.0228120,0.1543225,0.7442815,0.9864324,0.0963250,0.1481831
52.400598697,1791080901.134171724,0,0,-0.1145185,-0.0045481,-0.1208558,-10.3426380,-15.0957222,-15.2264128,-10.5388222,0.9667118,-0.8480391,0.0810614,0.1127860,0.4257070,0.0475785,-0.0694868,0.0091670,0.0511393,0.0888707,0.0786229,0.0410391,0.0151731,0.0013231,0.0154951,0.0229347,0.1545893,0.7439842,0.9864662,0.0961833,0.1479200
52.420773863,1791080901.154346466,0,0,-0.1200919,-0.0040893,-0.1164791,-10.2801008,-15.0566444,-14.8919916,-10.3473740,0.9661232,-0.8287719,0.0647726,0.1094680,0.4039980,0.0429815,-0.0784323,0.0057434,0.0515358,0.0885454,0.0777995,0.0410627,0.0149730,0.0013232,0.0147193,0.0230485,0.1549681,0.7437598,0.9864942,0.0949636,0.1464603
52.437963400,1791080901.171535730,0,0,-0.1229434,-0.0040433,-0.1102917,-10.2520170,-15.0766621,-14.6162415,-10.2054586,0.9653584,-0.8047591,0.0521431,0.1095832,0.3803760,0.0387619,-0.0904119,0.0034407,0.0519270,0.0882152,0.0770812,0.0410562,0.0147914,0.0013239,0.0139985,0.0231555,0.1553416,0.7435337,0.9865237,0.0940696,0.1447378
52.457972675,1791080901.191544771,0,0,-0.1234786,-0.0043141,-0.1013810,-10.2404814,-15.1654129,-14.4236603,-10.1340494,0.9655154,-0.7848530,0.0427886,0.1099476,0.3601913,0.0353329,-0.0966601,0.0016174,0.0523652,0.0878000,0.0758169,0.0410119,0.0146259,0.0013343,0.0134983,0.0232412,0.1558102,0.7433664,0.9865378,0.0936320,0.1427509
52.478935272,1791080901.212507963,0,0,-0.1274902,-0.0039063,-0.0893342,-10.2728834,-15.2403870,-14.2879047,-10.0572548,0.9669535,-0.7543998,0.0291431,0.1079398,0.3292171,0.0317858,-0.0886135,0.0012022,0.0527532,0.0873883,0.0747731,0.0409236,0.0144542,0.0013318,0.0131596,0.0233295,0.1563063,0.7431896,0.9865621,0.0931004,0.1408108
52.497957850,1791080901.231530190,0,0,-0.1294282,-0.0033002,-0.0769959,-10.3030910,-15.3611784,-14.1095686,-10.0614443,0.9697816,-0.7239293,0.0125208,0.1080124,0.2975584,0.0246450,-0.0733902,-0.0074999,0.0531267,0.0869712,0.0738425,0.0408294,0.0142842,0.0013300,0.0128255,0.0234171,0.1567835,0.7430151,0.9865851,0.0927798,0.1388842
52.517975605,1791080901.251547813,0,0,-0.1302279,-0.0022700,-0.0640305,-10.3181963,-15.4444990,-13.8815651,-10.0309677,0.9689143,-0.7044608,-0.0027414,0.1050138,0.2769736,0.0202080,-0.0596497,-0.0114972,0.0533696,0.0865620,0.0730069,0.0410086,0.0141747,0.0013296,0.0125857,0.0235188,0.1571707,0.7426657,0.9866156,0.0942306,0.1378136
52.540296615,1791080901.273869276,0,0,-0.1307367,-0.0011090,-0.0542138,-10.3603029,-15.5219479,-13.6705923,-9.9939508,0.9700824,-0.6803382,-0.0141653,0.1015183,0.2573289,0.0162158,-0.0369672,-0.0143586,0.0536065,0.0861502,0.0722575,0.0411723,0.0140679,0.0013285,0.0123276,0.0236166,0.1575546,0.7423283,0.9866440,0.0955407,0.1366644
52.558638290,1791080901.292210579,0,0,-0.1328585,0.0007911,-0.0415945,-10.3383684,-15.5543251,-13.4545603,-9.9520626,0.9710276,-0.6678388,-0.0274188,0.0998792,0.2478507,0.0128395,-0.0108343,-0.0197170,0.0538258,0.0857539,0.0720029,0.0412926,0.0139947,0.0013238,0.0119599,0.0236845,0.1579128,0.7419298,0.9866814,0.0960182,0.1350965
52.577957927,1791080901.311530352,0,0,-0.1322043,0.0027506,-0.0330983,-10.3129091,-15.5804443,-13.2147617,-9.9119768,0.9699526,-0.6579546,-0.0413175,0.0996288,0.2408209,0.0104911,0.0085396,-0.0264046,0.0538728,0.0853393,0.0715992,0.0416147,0.0139501,0.0013210,0.0119632,0.0237709,0.1582427,0.7415358,0.9867277,0.0983468,0.1343363
52.597955971,1791080901.331528425,0,0,-0.1307743,0.0052632,-0.0275873,-10.2952862,-15.6577168,-12.9981737,-9.9097805,0.9707209,-0.6424518,-0.0545197,0.1024706,0.2341328,0.0069481,0.0373733,-0.0335729,0.0539152,0.0849289,0.0712252,0.0419223,0.0138975,0.0013161,0.0119640,0.0238598,0.1585657,0.7411740,0.9867689,0.1004983,0.1336264
52.617962430,1791080901.351534605,0,0,-0.1297345,0.0064747,-0.0207137,-10.2395649,-15.6816587,-12.8081627,-9.8564291,0.9694116,-0.6359596,-0.0672495,0.1020589,0.2325610,0.0043539,0.0675969,-0.0378417,0.0539444,0.0845899,0.0714704,0.0420703,0.0138435,0.0013025,0.0118750,0.0239525,0.1588808,0.7408729,0.9868131,0.1022921,0.1327136
52.638123931,1791080901.371696234,0,0,-0.1270892,0.0063513,-0.0173235,-10.1847200,-15.6813307,-12.6557322,-9.8061094,0.9689217,-0.6324713,-0.0768744,0.1020150,0.2324159,0.0023471,0.0930496,-0.0434529,0.0539754,0.0842566,0.0716047,0.0422225,0.0137855,0.0012879,0.0117716,0.0240413,0.1591906,0.7405887,0.9868541,0.1040182,0.1318415
52.662058235,1791080901.395631552,0,0,-0.1254695,0.0076920,-0.0139998,-10.1461182,-15.6241417,-12.4676847,-9.7505703,0.9668282,-0.6282985,-0.0854239,0.1014579,0.2296441,0.0021133,0.1083740,-0.0454616,0.0540058,0.0838593,0.0711933,0.0423358,0.0137135,0.0012848,0.0116465,0.0241135,0.1595341,0.7402554,0.9868995,0.1039384,0.1304933
52.678733208,1791080901.412306547,0,0,-0.1239906,0.0088200,-0.0124782,-10.1045055,-15.5807772,-12.2556734,-9.7121344,0.9661145,-0.6226242,-0.0912448,0.1019611,0.2263306,0.0016669,0.1201635,-0.0501181,0.0540390,0.0834884,0.0704103,0.0426096,0.0136450,0.0012853,0.0115415,0.0242166,0.1598569,0.7398618,0.9869407,0.1054815,0.1296253
52.698713427,1791080901.432286501,0,0,-0.1229426,0.0091262,-0.0122568,-10.0735960,-15.5807552,-12.1290064,-9.6727095,0.9617744,-0.6192104,-0.0929983,0.1039050,0.2251450,0.0008221,0.1289165,-0.0539731,0.0540710,0.0831208,0.0697470,0.0428665,0.0135734,0.0012838,0.0114129,0.0243160,0.1601701,0.7394838,0.9869798,0.1068283,0.1288073
52.719193779,1791080901.452767134,0,0,-0.1219307,0.0088489,-0.0103247,-10.0410957,-15.5452271,-12.0434694,-9.6597528,0.9583962,-0.6182905,-0.0924762,0.1029109,0.2233953,0.0004474,0.1312574,-0.0583410,0.0541277,0.0827700,0.0693991,0.0431537,0.0135207,0.0012679,0.0113918,0.0244085,0.1604679,0.7390710,0.9870224,0.1084568,0.1280845
52.740543483,1791080901.474116325,0,0,-0.1215929,0.0087103,-0.0101710,-10.0102997,-15.5026474,-11.9428892,-9.6330795,0.9557844,-0.6096401,-0.0899412,0.1017010,0.2191297,0.0009483,0.1334869,-0.0596473,0.0542095,0.0824577,0.0696799,0.0434091,0.0134520,0.0012356,0.0113359,0.0244895,0.1606935,0.7387965,0.9870589,0.1096423,0.1278165
52.758966343,1791080901.492539406,0,0,-0.1207144,0.0085066,-0.0105070,-9.9956369,-15.4741096,-11.8730555,-9.6327152,0.9511962,-0.6019099,-0.0873407,0.1003582,0.2137691,0.0008965,0.1336096,-0.0663614,0.0542863,0.0821496,0.0698694,0.0436485,0.0133808,0.0012031,0.0112764,0.0245700,0.1609099,0.7385303,0.9870945,0.1106882,0.1276446
52.780484977,1791080901.514057636,0,0,-0.1199385,0.0079562,-0.0086260,-9.9898500,-15.4406338,-11.8346777,-9.6401081,0.9466885,-0.6015744,-0.0835910,0.0977568,0.2107969,0.0012278,0.1293677,-0.0760524,0.0543537,0.0817862,0.0694072,0.0439457,0.0133456,0.0011864,0.0113874,0.0246515,0.1611540,0.7382283,0.9871322,0.1117559,0.1275027
52.799474915,1791080901.533047915,0,0,-0.1201800,0.0083162,-0.0076765,-9.9896765,-15.4270601,-11.8053598,-9.6355858,0.9429625,-0.5991393,-0.0805998,0.0959878,0.2084214,0.0018995,0.1240917,-0.0810468,0.0544166,0.0814326,0.0689950,0.0442185,0.0133080,0.0011695,0.0114484,0.0247289,0.1613861,0.7379385,0.9871683,0.1127224,0.1274293
52.818719063,1791080901.552291870,0,0,-0.1197102,0.0087754,-0.0068430,-10.0001202,-15.4218102,-11.8023500,-9.6490021,0.9394861,-0.5987470,-0.0778652,0.0941454,0.2067928,0.0019218,0.1227388,-0.0865393,0.0544935,0.0811122,0.0686500,0.0445317,0.0132806,0.0011373,0.0115154,0.0248163,0.1616035,0.7376453,0.9872054,0.1149275,0.1274728
52.839243832,1791080901.572816849,0,0,-0.1195908,0.0099819,-0.0052762,-9.9935188,-15.4096203,-11.7517481,-9.6432905,0.9353948,-0.5969331,-0.0769804,0.0912170,0.2047786,0.0015182,0.1233524,-0.0906965,0.0545638,0.0807966,0.0683083,0.0448204,0.0132522,0.0011052,0.0115409,0.0249008,0.1618113,0.7373604,0.9872416,0.1168433,0.1275724
52.860333597,1791080901.593906403,0,0,-0.1186280,0.0105910,-0.0057315,-10.0002661,-15.4296980,-11.7514372,-9.6443720,0.9328673,-0.5926502,-0.0756021,0.0889310,0.2025094,-0.0000321,0.1293545,-0.0957971,0.0546382,0.0804798,0.0678960,0.0450950,0.0132173,0.0010726,0.0115015,0.0249726,0.1620461,0.7370915,0.9872788,0.1185068,0.1276257
52.880230808,1791080901.613803625,0,0,-0.1184300,0.0118902,-0.0055183,-10.0029173,-15.4354897,-11.7301741,-9.6290655,0.9299692,-0.5876467,-0.0745861,0.0876584,0.2003413,-0.0013407,0.1330627,-0.0965019,0.0546839,0.0801817,0.0680601,0.0453507,0.0131860,0.0010357,0.0114393,0.0250425,0.1622219,0.7367889,0.9873159,0.1195764,0.1277327
52.900209427,1791080901.633782387,0,0,-0.1183351,0.0125105,-0.0052666,-9.9699640,-15.4342546,-11.6807737,-9.6160383,0.9282516,-0.5847437,-0.0744938,0.0866983,0.1989235,-0.0024350,0.1351407,-0.1003163,0.0547276,0.0798893,0.0681513,0.0455958,0.0131522,0.0009979,0.0113554,0.0251086,0.1623917,0.7364911,0.9873522,0.1205184,0.1278805
52.918887362,1791080901.652460337,0,0,-0.1181027,0.0130142,-0.0045682,-9.9582453,-15.4308052,-11.6448374,-9.6098957,0.9267911,-0.5841364,-0.0753473,0.0860565,0.1985828,-0.0039864,0.1385577,-0.1047533,0.0547870,0.0795983,0.0681881,0.0457938,0.0131177,0.0009606,0.0112034,0.0251718,0.1625630,0.7362109,0.9873854,0.1209077,0.1279179
52.939138240,1791080901.672710657,0,0,-0.1175167,0.0137296,-0.0048753,-9.9427586,-15.4398794,-11.6078577,-9.5903292,0.9259168,-0.5804441,-0.0759019,0.0853543,0.1979217,-0.0057940,0.1413761,-0.1061793,0.0548444,0.0793106,0.0681875,0.0459866,0.0130813,0.0009228,0.0110505,0.0252318,0.1627289,0.7359321,0.9874182,0.1212665,0.1279782
52.957985808,1791080901.691557646,0,0,-0.1164471,0.0137699,-0.0044175,-9.9405231,-15.4459696,-11.5910559,-9.5996141,0.9252747,-0.5793271,-0.0771549,0.0842549,0.1974984,-0.0073953,0.1443865,-0.1114874,0.0548785,0.0790367,0.0679531,0.0461907,0.0130397,0.0008874,0.0108828,0.0252782,0.1629102,0.7356172,0.9874534,0.1222371,0.1281907
52.978733747,1791080901.712306976,0,0,-0.1148700,0.0141268,-0.0040640,-9.9535236,-15.4812279,-11.6642408,-9.6221218,0.9244156,-0.5802523,-0.0771598,0.0848841,0.1981041,-0.0087397,0.1479329,-0.1138355,0.0548990,0.0788025,0.0684148,0.0463621,0.0129919,0.0008397,0.0107057,0.0253237,0.1630399,0.7353003,0.9874851,0.1232972,0.1285991
52.999444373,1791080901.733017206,0,0,-0.1133839,0.0143216,-0.0045807,-9.9442434,-15.4966154,-11.6818380,-9.6373453,0.9234003,-0.5818291,-0.0776561,0.0860357,0.1990530,-0.0099221,0.1486028,-0.1165447,0.0549173,0.0785731,0.0687630,0.0465310,0.0129439,0.0007909,0.0105212,0.0253657,0.1631692,0.7349842,0.9875166,0.1242572,0.1290196
53.020547067,1791080901.754120111,0,0,-0.1123835,0.0141967,-0.0053001,-9.9544287,-15.5118427,-11.7067928,-9.6396227,0.9223669,-0.5799753,-0.0770229,0.0864888,0.1983016,-0.0108930,0.1505441,-0.1174517,0.0549273,0.0783153,0.0686389,0.0467429,0.0129114,0.0007507,0.0103475,0.0254015,0.1633075,0.7346134,0.9875501,0.1248003,0.1293140
53.040583446,1791080901.774156332,0,0,-0.1116347,0.0134313,-0.0056849,-9.9465094,-15.5024576,-11.7379847,-9.6521931,0.9221476,-0.5798118,-0.0748907,0.0859381,0.1973864,-0.0113693,0.1498435,-0.1234418,0.0549457,0.0780617,0.0683201,0.0469656,0.0128654,0.0007133,0.0100778,0.0254356,0.1634119,0.7342466,0.9875813,0.1249022,0.1296966
53.060431440,1791080901.794004202,0,0,-0.1109152,0.0132079,-0.0057051,-9.9401064,-15.4794731,-11.7430916,-9.6666365,0.9218465,-0.5794020,-0.0738432,0.0857709,0.1961955,-0.0115512,0.1484000,-0.1272004,0.0549612,0.0778108,0.0680698,0.0471754,0.0128154,0.0006753,0.0098346,0.0254696,0.1635133,0.7338787,0.9876124,0.1249587,0.1300776
53.081259539,1791080901.814832449,0,0,-0.1097772,0.0125645,-0.0059112,-9.9514065,-15.4912624,-11.7790270,-9.6734371,0.9224665,-0.5766475,-0.0725580,0.0852970,0.1954644,-0.0122270,0.1484984,-0.1262334,0.0549821,0.0775669,0.0681792,0.0473367,0.0127609,0.0006316,0.0096197,0.0254943,0.1636373,0.7335512,0.9876437,0.1250754,0.1302942
53.100637769,1791080901.834210634,0,0,-0.1092093,0.0125993,-0.0063694,-9.9647322,-15.4926624,-11.7987385,-9.6866026,0.9212150,-0.5739092,-0.0702542,0.0846960,0.1939577,-0.0122123,0.1488215,-0.1260398,0.0550000,0.0773271,0.0682616,0.0474901,0.0127073,0.0005876,0.0094076,0.0255172,0.1637609,0.7332224,0.9876751,0.1251837,0.1304970
53.119483802,1791080901.853056908,0,0,-0.1084691,0.0124573,-0.0062989,-9.9740419,-15.4951153,-11.8498125,-9.7097826,0.9209260,-0.5720633,-0.0673842,0.0845641,0.1930839,-0.0121577,0.1488849,-0.1247603,0.0550051,0.0770981,0.0685762,0.0476260,0.0126474,0.0005392,0.0092381,0.0255480,0.1638530,0.7329264,0.9877052,0.1251271,0.1308144
53.140777377,1791080901.874350309,0,0,-0.1082522,0.0118331,-0.0069081,-9.9542084,-15.4923382,-11.8524380,-9.7073641,0.9222499,-0.5681853,-0.0650255,0.0842228,0.1915810,-0.0122028,0.1472873,-0.1256393,0.0550087,0.0768707,0.0688048,0.0477573,0.0125845,0.0004905,0.0090859,0.0255784,0.1639435,0.7326286,0.9877352,0.1250552,0.1311435
53.162890960,1791080901.896463871,0,0,-0.1080351,0.0111974,-0.0074860,-9.9512844,-15.4897299,-11.9163094,-9.7274179,0.9225200,-0.5677568,-0.0620524,0.0842648,0.1910813,-0.0122398,0.1446029,-0.1286178,0.0550287,0.0766677,0.0690001,0.0478128,0.0124859,0.0004403,0.0087817,0.0256093,0.1640245,0.7323408,0.9877621,0.1242858,0.1315038
53.179393483,1791080901.912966251,0,0,-0.1079750,0.0113567,-0.0075374,-9.9612503,-15.4938173,-11.9291735,-9.7351503,0.9218034,-0.5654020,-0.0606231,0.0843725,0.1903168,-0.0125620,0.1434959,-0.1267990,0.0550529,0.0764322,0.0689591,0.0479039,0.0124168,0.0003919,0.0086420,0.0256539,0.1641379,0.7320548,0.9877910,0.1238017,0.1317030
53.201332793,1791080901.934905529,0,0,-0.1088649,0.0114383,-0.0070984,-9.9587698,-15.5108528,-11.9603205,-9.7400579,0.9216055,-0.5634303,-0.0588565,0.0837873,0.1903803,-0.0123916,0.1406909,-0.1226704,0.0550757,0.0761981,0.0689313,0.0479885,0.0123513,0.0003441,0.0085140,0.0256980,0.1642511,0.7317645,0.9878203,0.1234070,0.1318426
53.220967313,1791080901.954540253,0,0,-0.1077815,0.0112933,-0.0076346,-9.9812794,-15.5248098,-11.9824524,-9.7607183,0.9215118,-0.5601337,-0.0585424,0.0836434,0.1893149,-0.0128173,0.1398072,-0.1221311,0.0551233,0.0759623,0.0690845,0.0479904,0.0122735,0.0002916,0.0083192,0.0257376,0.1643359,0.7314902,0.9878460,0.1220201,0.1318826
53.240722442,1791080901.974295378,0,0,-0.1074495,0.0109026,-0.0074658,-9.9804564,-15.5181007,-11.9901476,-9.7816391,0.9215184,-0.5612828,-0.0584798,0.0827595,0.1889163,-0.0128609,0.1393308,-0.1271208,0.0551684,0.0757252,0.0692252,0.0479996,0.0121960,0.0002383,0.0081532,0.0257765,0.1644192,0.7312098,0.9878721,0.1207925,0.1319457
53.262667863,1791080901.996241093,0,0,-0.1081023,0.0113042,-0.0066337,-9.9857359,-15.5177546,-11.9939814,-9.7899551,0.9224272,-0.5634894,-0.0593376,0.0833860,0.1896258,-0.0131398,0.1361522,-0.1285753,0.0551842,0.0755011,0.0694135,0.0480760,0.0121390,0.0001857,0.0081016,0.0258082,0.1645250,0.7309201,0.9879048,0.1207668,0.1320374
53.282237287,1791080902.015810013,0,0,-0.1087888,0.0116549,-0.0067619,-9.9862108,-15.5179300,-11.9771595,-9.7922468,0.9238970,-0.5637896,-0.0596720,0.0837588,0.1898943,-0.0129443,0.1334210,-0.1283684,0.0552011,0.0752576,0.0694186,0.0481251,0.0120933,0.0001343,0.0080742,0.0258439,0.1646416,0.7306267,0.9879348,0.1205478,0.1320762
53.302628346,1791080902.036201477,0,0,-0.1089883,0.0118291,-0.0069227,-9.9907160,-15.5212250,-12.0011816,-9.7929096,0.9251721,-0.5630743,-0.0591416,0.0825243,0.1893469,-0.0121846,0.1320295,-0.1250847,0.0552151,0.0750162,0.0694277,0.0481649,0.0120504,0.0000831,0.0080545,0.0258809,0.1647582,0.7303322,0.9879647,0.1203410,0.1320709
53.323524754,1791080902.057097673,0,0,-0.1090077,0.0115378,-0.0068214,-9.9831305,-15.5111828,-11.9955511,-9.7910337,0.9267103,-0.5621542,-0.0597613,0.0820007,0.1887747,-0.0121477,0.1321182,-0.1258144,0.0552366,0.0747946,0.0693734,0.0481993,0.0119976,0.0000369,0.0079039,0.0259130,0.1648634,0.7300286,0.9879949,0.1202409,0.1321111
53.345547219,1791080902.079120398,0,0,-0.1091469,0.0120368,-0.0066074,-9.9848108,-15.5017176,-11.9907160,-9.7772417,0.9262116,-0.5630795,-0.0602485,0.0811233,0.1881444,-0.0112772,0.1298042,-0.1256444,0.0552565,0.0745749,0.0693386,0.0482294,0.0119457,-0.0000097,0.0077664,0.0259448,0.1649680,0.7297244,0.9880252,0.1201599,0.1321385
53.364521626,1791080902.098094940,0,0,-0.1087291,0.0119205,-0.0057855,-9.9924021,-15.4952402,-11.9705210,-9.7839937,0.9269601,-0.5654541,-0.0612866,0.0804498,0.1881660,-0.0108705,0.1286229,-0.1274290,0.0552911,0.0743790,0.0696290,0.0482146,0.0118897,-0.0000666,0.0076258,0.0259742,0.1650805,0.7294334,0.9880557,0.1201274,0.1320990
53.384393000,1791080902.117965460,0,0,-0.1087016,0.0116134,-0.0057792,-10.0098810,-15.4985561,-12.0071125,-9.7942810,0.9277582,-0.5658337,-0.0611136,0.0795097,0.1877860,-0.0099579,0.1298912,-0.1274839,0.0552877,0.0741704,0.0696109,0.0483053,0.0118502,-0.0001173,0.0076231,0.0260087,0.1651811,0.7291335,0.9880873,0.1209135,0.1323539
53.403319471,1791080902.136893511,0,0,-0.1084229,0.0118056,-0.0066408,-10.0134325,-15.4821100,-12.0064669,-9.7924318,0.9274049,-0.5650169,-0.0613791,0.0793101,0.1866875,-0.0095207,0.1295456,-0.1270127,0.0552812,0.0739644,0.0696073,0.0483834,0.0118092,-0.0001683,0.0076107,0.0260442,0.1652797,0.7288386,0.9881186,0.1215851,0.1326443
53.425817908,1791080902.159390926,0,0,-0.1079248,0.0115312,-0.0065229,-10.0321960,-15.4794197,-11.9846125,-9.7960005,0.9270090,-0.5652957,-0.0619975,0.0793212,0.1864313,-0.0092753,0.1313457,-0.1270639,0.0552670,0.0737588,0.0696820,0.0484521,0.0117703,-0.0002189,0.0075671,0.0260726,0.1653656,0.7285088,0.9881511,0.1215592,0.1328504
53.444867708,1791080902.178441286,0,0,-0.1084020,0.0115668,-0.0066020,-10.0234251,-15.4643421,-11.9766760,-9.7802134,0.9262744,-0.5650887,-0.0624056,0.0781895,0.1856136,-0.0086154,0.1321021,-0.1289447,0.0552571,0.0735498,0.0695802,0.0484688,0.0117284,-0.0002695,0.0075360,0.0261100,0.1654657,0.7282365,0.9881803,0.1217225,0.1330856
53.464672266,1791080902.198245049,0,0,-0.1085210,0.0117432,-0.0056362,-10.0199156,-15.4435530,-11.9629307,-9.7940531,0.9251527,-0.5691539,-0.0634907,0.0785076,0.1861043,-0.0082117,0.1309518,-0.1336738,0.0552451,0.0733400,0.0695003,0.0484877,0.0116834,-0.0003200,0.0075360,0.0261500,0.1655630,0.7279639,0.9882097,0.1218775,0.1333429
53.483584400,1791080902.217157602,0,0,-0.1078526,0.0109637,-0.0060220,-10.0228338,-15.4736395,-12.0072536,-9.8170309,0.9258245,-0.5717121,-0.0634861,0.0788098,0.1877235,-0.0082013,0.1328311,-0.1342976,0.0552300,0.0731353,0.0694498,0.0485210,0.0116467,-0.0003739,0.0075913,0.0261908,0.1656621,0.7276506,0.9882382,0.1221535,0.1337399
53.504697193,1791080902.238270283,0,0,-0.1077205,0.0110339,-0.0066850,-10.0303125,-15.4815865,-12.0261736,-9.8233414,0.9255347,-0.5704744,-0.0638172,0.0795851,0.1876236,-0.0085434,0.1350717,-0.1337296,0.0552137,0.0729330,0.0694185,0.0485537,0.0116100,-0.0004283,0.0076230,0.0262302,0.1657591,0.7273395,0.9882666,0.1224187,0.1341653
53.524029651,1791080902.257603168,0,0,-0.1074459,0.0113891,-0.0070602,-10.0412683,-15.4863052,-12.0099440,-9.8229046,0.9249091,-0.5710275,-0.0635674,0.0797772,0.1876554,-0.0081281,0.1365199,-0.1333571,0.0551925,0.0727345,0.0695309,0.0486408,0.0115870,-0.0004797,0.0076283,0.0262541,0.1658389,0.7269654,0.9882987,0.1227324,0.1344352
53.546345239,1791080902.279918194,0,0,-0.1079199,0.0113790,-0.0057596,-10.0183182,-15.4776697,-11.9743834,-9.8050547,0.9252173,-0.5742186,-0.0652791,0.0799405,0.1888235,-0.0083729,0.1349707,-0.1337364,0.0551717,0.0725438,0.0695739,0.0487149,0.0115639,-0.0005307,0.0076021,0.0262761,0.1659164,0.7265992,0.9883304,0.1230046,0.1347296
53.565035963,1791080902.298608780,0,0,-0.1081283,0.0114277,-0.0058044,-10.0238352,-15.4810448,-11.9515734,-9.8003302,0.9260977,-0.5768713,-0.0652637,0.0803010,0.1903658,-0.0082348,0.1316010,-0.1324876,0.0551707,0.0723630,0.0696970,0.0486683,0.0115206,-0.0005839,0.0074528,0.0262985,0.1660153,0.7262840,0.9883582,0.1225374,0.1349057
53.584214628,1791080902.317787170,0,0,-0.1083209,0.0115853,-0.0063512,-10.0266294,-15.4852018,-12.0017958,-9.8087635,0.9269817,-0.5768078,-0.0647690,0.0808151,0.1907204,-0.0084419,0.1336502,-0.1333801,0.0551429,0.0721694,0.0695711,0.0486957,0.0114683,-0.0006338,0.0074292,0.0263411,0.1660917,0.7259890,0.9883849,0.1223554,0.1353553
53.604175667,1791080902.337748766,0,0,-0.1080107,0.0121266,-0.0070827,-10.0312252,-15.4994020,-12.0110989,-9.8208055,0.9258944,-0.5757138,-0.0653286,0.0819790,0.1905886,-0.0090375,0.1332923,-0.1331179,0.0551141,0.0719740,0.0694925,0.0487254,0.0114130,-0.0006840,0.0074340,0.0263858,0.1661662,0.7256920,0.9884118,0.1222139,0.1357947
53.624285028,1791080902.357857704,0,0,-0.1077672,0.0119548,-0.0069193,-10.0228300,-15.5042858,-12.0201349,-9.8280573,0.9279237,-0.5773735,-0.0653187,0.0823164,0.1913941,-0.0093160,0.1319199,-0.1329775,0.0550800,0.0717648,0.0694303,0.0487663,0.0113784,-0.0007331,0.0075479,0.0264407,0.1662282,0.7254016,0.9884385,0.1220552,0.1362233
53.644518293,1791080902.378091574,0,0,-0.1072991,0.0116030,-0.0072996,-10.0285625,-15.5008793,-12.0254869,-9.8199339,0.9289348,-0.5749498,-0.0651756,0.0811707,0.1904266,-0.0094120,0.1324351,-0.1314002,0.0550465,0.0715575,0.0693822,0.0488031,0.0113450,-0.0007821,0.0076479,0.0264947,0.1662907,0.7251110,0.9884650,0.1219296,0.1366149
53.666468662,1791080902.400041819,0,0,-0.1071761,0.0112608,-0.0068650,-10.0282450,-15.4982033,-12.0508490,-9.8376608,0.9293274,-0.5769290,-0.0651999,0.0819759,0.1910882,-0.0099042,0.1318202,-0.1344214,0.0550365,0.0713849,0.0696028,0.0487825,0.0112792,-0.0008415,0.0075849,0.0265373,0.1663874,0.7248529,0.9884925,0.1219523,0.1368720
53.684353267,1791080902.417926073,0,0,-0.1071710,0.0116360,-0.0061878,-10.0212126,-15.4974957,-12.0410528,-9.8390198,0.9298741,-0.5793551,-0.0659827,0.0824919,0.1921904,-0.0098963,0.1314235,-0.1335306,0.0550027,0.0711773,0.0694166,0.0488278,0.0112479,-0.0008885,0.0076725,0.0265853,0.1664748,0.7245715,0.9885240,0.1222315,0.1370731
53.706415733,1791080902.439989090,0,0,-0.1070112,0.0115591,-0.0069658,-10.0191641,-15.4946070,-12.0459576,-9.8326349,0.9304767,-0.5798886,-0.0662085,0.0824958,0.1919424,-0.0098454,0.1309884,-0.1348461,0.0549694,0.0709740,0.0692758,0.0488625,0.0112179,-0.0009360,0.0077242,0.0266312,0.1665620,0.7242946,0.9885549,0.1224563,0.1372783
53.725991073,1791080902.459564447,0,0,-0.1068077,0.0115739,-0.0060180,-10.0391941,-15.5008507,-12.0579929,-9.8258934,0.9307068,-0.5795406,-0.0670348,0.0829029,0.1922098,-0.0096903,0.1324511,-0.1294850,0.0549511,0.0707582,0.0689296,0.0489014,0.0111824,-0.0009802,0.0077021,0.0266641,0.1666564,0.7239973,0.9885836,0.1223818,0.1372690
53.744661349,1791080902.478234291,0,0,-0.1079660,0.0121287,-0.0056829,-10.0296936,-15.4998837,-12.0233984,-9.8193130,0.9306211,-0.5821164,-0.0678317,0.0833427,0.1930965,-0.0091608,0.1293892,-0.1286008,0.0549305,0.0705440,0.0686534,0.0489298,0.0111471,-0.0010238,0.0076929,0.0266993,0.1667488,0.7237006,0.9886123,0.1223107,0.1372385
53.764779766,1791080902.498353004,0,0,-0.1078963,0.0114880,-0.0070720,-10.0241385,-15.4890919,-12.0103292,-9.8180265,0.9306404,-0.5837693,-0.0667806,0.0826448,0.1937916,-0.0086724,0.1281761,-0.1302833,0.0548881,0.0703747,0.0693629,0.0489266,0.0111104,-0.0010892,0.0078109,0.0267327,0.1668033,0.7234278,0.9886408,0.1224309,0.1375836
53.784977319,1791080902.518550634,0,0,-0.1073098,0.0107323,-0.0069478,-10.0275202,-15.4642830,-12.0505314,-9.8247747,0.9308993,-0.5864043,-0.0654991,0.0810602,0.1933500,-0.0081675,0.1279745,-0.1342248,0.0548707,0.0701744,0.0691778,0.0489200,0.0110702,-0.0011357,0.0077378,0.0267643,0.1669033,0.7231568,0.9886716,0.1221583,0.1376153
53.803250472,1791080902.536823511,0,0,-0.1068223,0.0105761,-0.0068377,-10.0361652,-15.4609642,-12.0614138,-9.8402958,0.9315163,-0.5862663,-0.0650211,0.0802677,0.1923789,-0.0080251,0.1266172,-0.1345948,0.0548525,0.0699746,0.0690292,0.0489136,0.0110296,-0.0011824,0.0076821,0.0267970,0.1670009,0.7228852,0.9887023,0.1218769,0.1376323
53.825286569,1791080902.558859587,0,0,-0.1070109,0.0112307,-0.0070717,-10.0415812,-15.4654875,-12.0624924,-9.8455381,0.9321566,-0.5862283,-0.0644236,0.0808131,0.1925439,-0.0080348,0.1262694,-0.1328636,0.0547921,0.0698021,0.0691952,0.0489884,0.0109994,-0.0012318,0.0077168,0.0268382,0.1670528,0.7225257,0.9887317,0.1221491,0.1379823
53.844661428,1791080902.578234434,0,0,-0.1067709,0.0112534,-0.0075538,-10.0407686,-15.4588604,-12.0587721,-9.8420715,0.9313460,-0.5857373,-0.0645421,0.0805470,0.1921966,-0.0081310,0.1273329,-0.1337255,0.0547335,0.0696347,0.0693121,0.0490563,0.0109663,-0.0012816,0.0077163,0.0268766,0.1671031,0.7221731,0.9887608,0.1223916,0.1383641
53.863439545,1791080902.597012758,0,0,-0.1067803,0.0113696,-0.0077693,-10.0408907,-15.4551716,-12.0578680,-9.8625765,0.9318881,-0.5871325,-0.0642288,0.0812107,0.1925882,-0.0083902,0.1275648,-0.1373764,0.0547303,0.0694469,0.0691243,0.0490544,0.0109215,-0.0013278,0.0075728,0.0268998,0.1671822,0.7218795,0.9887879,0.1218577,0.1383952
53.884384145,1791080902.617957592,0,0,-0.1072618,0.0114025,-0.0074554,-10.0333052,-15.4607563,-12.0636187,-9.8530312,0.9322906,-0.5874522,-0.0648663,0.0815124,0.1927294,-0.0085880,0.1262899,-0.1363145,0.0547145,0.0692434,0.0689063,0.0490583,0.0108807,-0.0013723,0.0075585,0.0269382,0.1672716,0.7216330,0.9888166,0.1213883,0.1383075
53.903411000,1791080902.636984348,0,0,-0.1073928,0.0109671,-0.0075711,-10.0281200,-15.4585552,-12.0891647,-9.8538961,0.9320707,-0.5880579,-0.0646846,0.0810738,0.1928111,-0.0085736,0.1272778,-0.1385587,0.0546976,0.0690400,0.0687518,0.0490615,0.0108408,-0.0014166,0.0075514,0.0269771,0.1673611,0.7213839,0.9888454,0.1209690,0.1382043
53.925498842,1791080902.659071922,0,0,-0.1075237,0.0113242,-0.0072168,-10.0347958,-15.4675026,-12.0855446,-9.8379421,0.9317793,-0.5861386,-0.0652088,0.0813414,0.1928481,-0.0083596,0.1275868,-0.1324571,0.0546440,0.0688483,0.0689771,0.0490680,0.0108142,-0.0014699,0.0077557,0.0270307,0.1674233,0.7211528,0.9888741,0.1211597,0.1383912
53.943287478,1791080902.676860332,0,0,-0.1076104,0.0112445,-0.0069880,-10.0309200,-15.4594727,-12.0666189,-9.8498106,0.9318359,-0.5869532,-0.0657082,0.0810104,0.1930667,-0.0086659,0.1283786,-0.1347012,0.0546229,0.0686609,0.0688038,0.0490486,0.0107810,-0.0015162,0.0077406,0.0270790,0.1675089,0.7208549,0.9889018,0.1207400,0.1384062
53.966051966,1791080902.699625015,0,0,-0.1071696,0.0111191,-0.0079785,-10.0300550,-15.4652195,-12.0674734,-9.8595781,0.9307748,-0.5867609,-0.0655567,0.0811442,0.1931865,-0.0087427,0.1299682,-0.1361942,0.0546017,0.0684737,0.0686847,0.0490351,0.0107467,-0.0015634,0.0077116,0.0271253,0.1675927,0.7205563,0.9889296,0.1203724,0.1384508
53.984544608,1791080902.718117476,0,0,-0.1066121,0.0106244,-0.0070642,-10.0306454,-15.4742279,-12.0950670,-9.8679256,0.9310402,-0.5891868,-0.0660150,0.0813282,0.1941233,-0.0090350,0.1314546,-0.1382785,0.0545725,0.0682639,0.0687208,0.0490212,0.0107038,-0.0016101,0.0077122,0.0271682,0.1676640,0.7203199,0.9889565,0.1196510,0.1384383
54.004940180,1791080902.738513470,0,0,-0.1064652,0.0108641,-0.0077792,-10.0345278,-15.4895248,-12.0893488,-9.8601122,0.9305901,-0.5888839,-0.0667298,0.0816969,0.1944237,-0.0088977,0.1308476,-0.1354162,0.0545419,0.0680532,0.0687705,0.0490100,0.0106623,-0.0016566,0.0077439,0.0272140,0.1677369,0.7200809,0.9889835,0.1190298,0.1383704
54.023733529,1791080902.757306576,0,0,-0.1064312,0.0109977,-0.0075833,-10.0443459,-15.4884996,-12.1005487,-9.8710346,0.9303634,-0.5915212,-0.0665881,0.0824098,0.1953627,-0.0086241,0.1313504,-0.1353817,0.0545069,0.0678552,0.0689261,0.0490128,0.0106292,-0.0017063,0.0078239,0.0272646,0.1677917,0.7198361,0.9890111,0.1185320,0.1383575
54.046294047,1791080902.779867172,0,0,-0.1059658,0.0105243,-0.0081537,-10.0467234,-15.4926147,-12.1208239,-9.8730917,0.9312761,-0.5914819,-0.0656870,0.0819060,0.1951217,-0.0081810,0.1336219,-0.1365187,0.0544723,0.0676594,0.0690580,0.0490200,0.0105987,-0.0017564,0.0078829,0.0273130,0.1678458,0.7195910,0.9890386,0.1180927,0.1383602
54.065010627,1791080902.798583984,0,0,-0.1055435,0.0101749,-0.0089528,-10.0426569,-15.4897385,-12.1677017,-9.8799496,0.9318615,-0.5925114,-0.0648417,0.0818748,0.1949667,-0.0080616,0.1356530,-0.1389034,0.0544487,0.0674805,0.0692152,0.0490362,0.0105665,-0.0018092,0.0078912,0.0273516,0.1679206,0.7193461,0.9890674,0.1182787,0.1384073
54.083643687,1791080902.817216873,0,0,-0.1054146,0.0102452,-0.0086913,-10.0404024,-15.4680576,-12.1204834,-9.8582582,0.9317098,-0.5939848,-0.0659149,0.0817910,0.1950178,-0.0077327,0.1351986,-0.1378450,0.0544205,0.0673150,0.0694929,0.0490648,0.0105479,-0.0018633,0.0078989,0.0273876,0.1679809,0.7190487,0.9890974,0.1185290,0.1384423
54.107062453,1791080902.840636015,0,0,-0.1056418,0.0099303,-0.0084933,-10.0465555,-15.4744778,-12.1514301,-9.8630590,0.9325540,-0.5957229,-0.0654014,0.0817139,0.1957451,-0.0077689,0.1353029,-0.1378185,0.0543928,0.0671547,0.0697155,0.0490890,0.0105329,-0.0019173,0.0078778,0.0274211,0.1680419,0.7187536,0.9891270,0.1187267,0.1384778
54.127330951,1791080902.860904455,0,0,-0.1066330,0.0107738,-0.0081842,-10.0451345,-15.4534521,-12.1009779,-9.8461466,0.9319680,-0.5945252,-0.0661696,0.0815185,0.1951472,-0.0075826,0.1325969,-0.1361590,0.0543829,0.0669913,0.0696201,0.0490763,0.0105053,-0.0019673,0.0077731,0.0274546,0.1681344,0.7184784,0.9891561,0.1189333,0.1383604
54.146377038,1791080902.879950047,0,0,-0.1068409,0.0103606,-0.0083050,-10.0477762,-15.4438267,-12.1123209,-9.8557310,0.9319603,-0.5952879,-0.0653524,0.0808848,0.1951899,-0.0074244,0.1339449,-0.1388207,0.0543561,0.0668358,0.0696061,0.0490684,0.0104689,-0.0020201,0.0077235,0.0274971,0.1682093,0.7182276,0.9891839,0.1190229,0.1385068
54.166287773,1791080902.899861097,0,0,-0.1065205,0.0106661,-0.0087967,-10.0535755,-15.4439440,-12.1094160,-9.8655472,0.9305631,-0.5951526,-0.0650424,0.0808872,0.1948707,-0.0071609,0.1323239,-0.1384769,0.0543274,0.0666789,0.0696104,0.0490636,0.0104331,-0.0020730,0.0076952,0.0275413,0.1682838,0.7179749,0.9892119,0.1191090,0.1386233
54.186122955,1791080902.919695616,0,0,-0.1065130,0.0106901,-0.0086502,-10.0703497,-15.4690733,-12.1516857,-9.8903904,0.9318312,-0.5979955,-0.0635316,0.0818095,0.1964017,-0.0072902,0.1303567,-0.1353302,0.0542907,0.0665194,0.0696796,0.0490910,0.0104108,-0.0021251,0.0076986,0.0275917,0.1683512,0.7177058,0.9892402,0.1194175,0.1386812
54.206490302,1791080902.940063000,0,0,-0.1071653,0.0106029,-0.0096033,-10.0567207,-15.4652672,-12.1343393,-9.8774776,0.9319428,-0.5960575,-0.0629356,0.0815501,0.1959271,-0.0071710,0.1310616,-0.1352948,0.0542542,0.0663616,0.0697393,0.0491139,0.0103886,-0.0021771,0.0076869,0.0276409,0.1684187,0.7174386,0.9892684,0.1196887,0.1387464
54.225834920,1791080902.959407806,0,0,-0.1069074,0.0105497,-0.0097697,-10.0487108,-15.4576283,-12.1321287,-9.8865824,0.9322801,-0.5974241,-0.0627116,0.0821531,0.1964052,-0.0075607,0.1303998,-0.1370828,0.0542338,0.0661870,0.0695777,0.0491021,0.0103695,-0.0022251,0.0076456,0.0276832,0.1685135,0.7171888,0.9892973,0.1196679,0.1386039
54.245163602,1791080902.978736401,0,0,-0.1062588,0.0099970,-0.0104181,-10.0377808,-15.4424868,-12.1276255,-9.8790159,0.9328519,-0.5975332,-0.0624895,0.0812565,0.1959004,-0.0077005,0.1303659,-0.1410793,0.0542321,0.0660184,0.0695115,0.0490817,0.0103435,-0.0022747,0.0075421,0.0277191,0.1685980,0.7169443,0.9893262,0.1193580,0.1384644
54.266487949,1791080903.000060320,0,0,-0.1065527,0.0102416,-0.0088277,-10.0457182,-15.4244165,-12.1461096,-9.8820467,0.9325037,-0.6002032,-0.0631759,0.0799982,0.1959712,-0.0074882,0.1305276,-0.1424362,0.0542294,0.0658509,0.0694534,0.0490611,0.0103181,-0.0023237,0.0074577,0.0277556,0.1686800,0.7166991,0.9893551,0.1190673,0.1383277
54.286655189,1791080903.020228386,0,0,-0.1059087,0.0103717,-0.0101355,-10.0682650,-15.4613781,-12.2109547,-9.9099941,0.9329163,-0.6005329,-0.0620133,0.0812605,0.1968412,-0.0075979,0.1308470,-0.1418814,0.0541861,0.0656943,0.0692610,0.0491257,0.0103043,-0.0023719,0.0074535,0.0277931,0.1687796,0.7163815,0.9893876,0.1199989,0.1383966
54.306219414,1791080903.039792299,0,0,-0.1065569,0.0109642,-0.0092924,-10.0610781,-15.4522686,-12.1724443,-9.9027328,0.9327103,-0.6011716,-0.0632365,0.0820804,0.1972337,-0.0077637,0.1322640,-0.1409536,0.0541419,0.0655416,0.0690956,0.0491773,0.0102886,-0.0024200,0.0074226,0.0278304,0.1688773,0.7160711,0.9894198,0.1207774,0.1384947
54.328424685,1791080903.061997652,0,0,-0.1070132,0.0109097,-0.0094115,-10.0578194,-15.4391594,-12.1351652,-9.8972664,0.9316481,-0.6026568,-0.0639608,0.0817049,0.1975846,-0.0075971,0.1300982,-0.1431426,0.0541081,0.0653990,0.0692719,0.0491838,0.0102675,-0.0024714,0.0073439,0.0278585,0.1689557,0.7157768,0.9894503,0.1209034,0.1385461
54.346502818,1791080903.080075741,0,0,-0.1073631,0.0109070,-0.0085133,-10.0635405,-15.4438334,-12.1582909,-9.9017334,0.9314740,-0.6046949,-0.0639776,0.0818850,0.1983652,-0.0076642,0.1296924,-0.1421740,0.0540652,0.0652665,0.0694982,0.0492009,0.0102403,-0.0025273,0.0073541,0.0278924,0.1690214,0.7155260,0.9894799,0.1215695,0.1388344
54.366587623,1791080903.100160837,0,0,-0.1072648,0.0107880,-0.0101137,-10.0668583,-15.4625130,-12.1686335,-9.9001436,0.9302707,-0.6011418,-0.0626529,0.0819480,0.1975576,-0.0076338,0.1290780,-0.1396217,0.0540203,0.0651347,0.0696851,0.0492182,0.0102157,-0.0025826,0.0073726,0.0279276,0.1690893,0.7152750,0.9895094,0.1221707,0.1390683
54.385357442,1791080903.118930101,0,0,-0.1073208,0.0104257,-0.0093051,-10.0604086,-15.4451256,-12.1404600,-9.8948355,0.9308975,-0.6006446,-0.0626037,0.0814466,0.1974519,-0.0078376,0.1277998,-0.1388557,0.0539623,0.0649916,0.0696620,0.0492503,0.0102005,-0.0026331,0.0074293,0.0279805,0.1691295,0.7150163,0.9895350,0.1225310,0.1394272
54.404947651,1791080903.138520718,0,0,-0.1079103,0.0110114,-0.0089879,-10.0576487,-15.4450855,-12.1286812,-9.8992634,0.9305133,-0.6010151,-0.0627096,0.0812775,0.1972098,-0.0075989,0.1275073,-0.1399390,0.0539045,0.0648487,0.0696388,0.0492820,0.0101819,-0.0026833,0.0074958,0.0280342,0.1691681,0.7147595,0.9895605,0.1228947,0.1398031
54.427015673,1791080903.160588264,0,0,-0.1078367,0.0107749,-0.0098640,-10.0538845,-15.4484615,-12.1291304,-9.8972998,0.9302710,-0.6021728,-0.0626603,0.0814626,0.1975118,-0.0080397,0.1290598,-0.1437665,0.0538627,0.0647239,0.0700377,0.0492625,0.0101482,-0.0027404,0.0074819,0.0280584,0.1692360,0.7145334,0.9895896,0.1229568,0.1399747
54.446533817,1791080903.180106640,0,0,-0.1071929,0.0109530,-0.0091044,-10.0526085,-15.4408455,-12.1157999,-9.9049129,0.9297432,-0.6048532,-0.0635958,0.0810019,0.1982646,-0.0075625,0.1281769,-0.1450790,0.0538326,0.0645864,0.0699049,0.0492584,0.0101271,-0.0027906,0.0074261,0.0280977,0.1693064,0.7142426,0.9896170,0.1228200,0.1400553
54.469658744,1791080903.203232527,0,0,-0.1066760,0.0103710,-0.0093108,-10.0557575,-15.4381447,-12.1283579,-9.9015512,0.9307476,-0.6063989,-0.0636708,0.0799639,0.1983595,-0.0070674,0.1263897,-0.1456448,0.0538023,0.0644499,0.0698037,0.0492518,0.0101073,-0.0028407,0.0073737,0.0281362,0.1693769,0.7139501,0.9896446,0.1226744,0.1401000
54.487311529,1791080903.220884562,0,0,-0.1068446,0.0100883,-0.0090371,-10.0529261,-15.4301090,-12.1293821,-9.9003563,0.9304700,-0.6065584,-0.0643989,0.0801823,0.1985202,-0.0072760,0.1276985,-0.1467327,0.0537756,0.0643204,0.0697604,0.0492842,0.0100854,-0.0028886,0.0072977,0.0281569,0.1694432,0.7136515,0.9896744,0.1229004,0.1401545
54.510555785,1791080903.244128704,0,0,-0.1071423,0.0099963,-0.0096867,-10.0618219,-15.4343491,-12.1419220,-9.9022741,0.9305155,-0.6071638,-0.0640542,0.0793576,0.1981395,-0.0067422,0.1277192,-0.1488632,0.0537477,0.0641947,0.0697271,0.0493073,0.0100629,-0.0029365,0.0072053,0.0281766,0.1695077,0.7133568,0.9897040,0.1230667,0.1402418
54.529350755,1791080903.262923479,0,0,-0.1072298,0.0100347,-0.0099410,-10.0576830,-15.4238472,-12.1539249,-9.9156761,0.9297023,-0.6076442,-0.0640144,0.0792968,0.1978382,-0.0063202,0.1271518,-0.1523249,0.0536989,0.0640721,0.0698326,0.0493499,0.0100483,-0.0029911,0.0072721,0.0282171,0.1695602,0.7130938,0.9897338,0.1238475,0.1405647
54.548826980,1791080903.282399893,0,0,-0.1075314,0.0104952,-0.0100177,-10.0622702,-15.4259415,-12.1564703,-9.9166155,0.9292641,-0.6100255,-0.0636631,0.0801477,0.1988105,-0.0062379,0.1242393,-0.1514976,0.0536700,0.0639420,0.0695639,0.0493573,0.0100373,-0.0030389,0.0072480,0.0282513,0.1696559,0.7127920,0.9897621,0.1242877,0.1407149
54.570828345,1791080903.304401398,0,0,-0.1072361,0.0101944,-0.0103255,-10.0636377,-15.4324799,-12.1600943,-9.9215527,0.9296886,-0.6075433,-0.0629693,0.0798610,0.1983428,-0.0059921,0.1251564,-0.1492866,0.0536403,0.0638131,0.0693545,0.0493635,0.0100257,-0.0030865,0.0072068,0.0282842,0.1697512,0.7124906,0.9897904,0.1246722,0.1408650
54.590713277,1791080903.324286461,0,0,-0.1064546,0.0091495,-0.0107977,-10.0772333,-15.4427385,-12.2189627,-9.9345560,0.9311308,-0.6059663,-0.0616225,0.0787943,0.1980011,-0.0060421,0.1262819,-0.1492016,0.0536231,0.0636988,0.0695063,0.0492954,0.0099814,-0.0031389,0.0070422,0.0283184,0.1698093,0.7122642,0.9898155,0.1239036,0.1410804
54.612579473,1791080903.346152782,0,0,-0.1063166,0.0099458,-0.0111479,-10.0793972,-15.4273396,-12.2171335,-9.9389696,0.9300661,-0.6053212,-0.0614366,0.0787768,0.1968802,-0.0059304,0.1246478,-0.1494049,0.0536057,0.0635806,0.0696437,0.0492399,0.0099344,-0.0031912,0.0069423,0.0283552,0.1698666,0.7120348,0.9898410,0.1232553,0.1412681
54.630774887,1791080903.364347935,0,0,-0.1068368,0.0107248,-0.0102911,-10.0761309,-15.4313059,-12.1997671,-9.9484015,0.9301369,-0.6069387,-0.0619628,0.0791704,0.1972810,-0.0058884,0.1238213,-0.1496296,0.0535601,0.0634425,0.0696982,0.0492489,0.0099089,-0.0032402,0.0070380,0.0284036,0.1699123,0.7118227,0.9898660,0.1230664,0.1415377
54.650495561,1791080903.384068489,0,0,-0.1069513,0.0109205,-0.0107862,-10.0753307,-15.4428539,-12.1946135,-9.9340277,0.9310223,-0.6057649,-0.0614650,0.0788670,0.1968298,-0.0056173,0.1225472,-0.1470088,0.0535212,0.0633069,0.0694384,0.0492753,0.0098849,-0.0032854,0.0070483,0.0284367,0.1700101,0.7115164,0.9898936,0.1234655,0.1415734
54.670609455,1791080903.404182196,0,0,-0.1070223,0.0107529,-0.0108891,-10.0712175,-15.4338036,-12.1966734,-9.9285498,0.9313192,-0.6046958,-0.0610969,0.0789292,0.1966902,-0.0057710,0.1238874,-0.1466563,0.0534813,0.0631733,0.0692453,0.0492981,0.0098615,-0.0033310,0.0070252,0.0284680,0.1701069,0.7112128,0.9899212,0.1238055,0.1416329
54.691441914,1791080903.425014734,0,0,-0.1066999,0.0106667,-0.0105163,-10.0805712,-15.4449873,-12.2154570,-9.9293299,0.9314078,-0.6045142,-0.0604709,0.0789883,0.1967654,-0.0052129,0.1236727,-0.1443000,0.0534415,0.0630459,0.0692477,0.0493180,0.0098349,-0.0033812,0.0070120,0.0284952,0.1701734,0.7109190,0.9899475,0.1240952,0.1417528
54.711184093,1791080903.444756985,0,0,-0.1068755,0.0102550,-0.0102015,-10.0775576,-15.4363213,-12.2150249,-9.9228716,0.9308860,-0.6029997,-0.0604266,0.0786736,0.1960474,-0.0048845,0.1249366,-0.1422979,0.0533966,0.0629230,0.0694770,0.0492970,0.0098181,-0.0034316,0.0070387,0.0285391,0.1702210,0.7106898,0.9899735,0.1238791,0.1418806
54.731068033,1791080903.464641333,0,0,-0.1066055,0.0102250,-0.0097744,-10.0917015,-15.4437294,-12.2126760,-9.9427385,0.9310597,-0.6052878,-0.0602436,0.0790932,0.1967503,-0.0049219,0.1235317,-0.1422153,0.0533525,0.0628004,0.0696565,0.0492831,0.0098026,-0.0034818,0.0070776,0.0285828,0.1702679,0.7104595,0.9899996,0.1237246,0.1419911
54.750963397,1791080903.484536648,0,0,-0.1070025,0.0104912,-0.0105318,-10.0806646,-15.4373131,-12.1851969,-9.9371729,0.9314200,-0.6044127,-0.0600193,0.0798466,0.1966771,-0.0052593,0.1231922,-0.1428833,0.0533276,0.0626873,0.0698206,0.0492394,0.0097730,-0.0035341,0.0070283,0.0286146,0.1703383,0.7102253,0.9900256,0.1236199,0.1419764
54.774346373,1791080903.507919550,0,0,-0.1066172,0.0096409,-0.0101582,-10.0695419,-15.4208069,-12.1800833,-9.9381733,0.9320102,-0.6044706,-0.0607608,0.0791858,0.1965824,-0.0053516,0.1252873,-0.1466049,0.0533021,0.0625739,0.0699476,0.0492013,0.0097412,-0.0035863,0.0069784,0.0286459,0.1704057,0.7099913,0.9900516,0.1234941,0.1420195
54.795072240,1791080903.528645039,0,0,-0.1057635,0.0096158,-0.0102424,-10.0766430,-15.4242363,-12.2200823,-9.9474525,0.9324922,-0.6054167,-0.0603301,0.0790865,0.1967919,-0.0052587,0.1274031,-0.1472778,0.0532569,0.0624390,0.0699192,0.0492223,0.0097197,-0.0036366,0.0070654,0.0286867,0.1704651,0.7097962,0.9900783,0.1238590,0.1421415
54.812828450,1791080903.546401501,0,0,-0.1061589,0.0103350,-0.0103424,-10.0875101,-15.4339638,-12.2231188,-9.9485884,0.9312228,-0.6050174,-0.0613650,0.0805072,0.1970639,-0.0053653,0.1275216,-0.1458656,0.0532001,0.0623250,0.0700112,0.0492662,0.0096970,-0.0036841,0.0070797,0.0287230,0.1705073,0.7095177,0.9901044,0.1241382,0.1424243
54.833242442,1791080903.566815376,0,0,-0.1058191,0.0100928,-0.0104498,-10.0842724,-15.4515371,-12.2347708,-9.9653893,0.9315357,-0.6087505,-0.0614313,0.0809155,0.1984970,-0.0055654,0.1270367,-0.1482008,0.0531438,0.0622148,0.0700850,0.0493055,0.0096753,-0.0037317,0.0070708,0.0287574,0.1705501,0.7092417,0.9901303,0.1244015,0.1426980
54.852839340,1791080903.586411953,0,0,-0.1057636,0.0097322,-0.0105913,-10.0806637,-15.4512520,-12.2782068,-9.9747744,0.9333510,-0.6094289,-0.0605423,0.0809032,0.1988109,-0.0057406,0.1265281,-0.1480175,0.0530770,0.0620963,0.0701332,0.0493224,0.0096620,-0.0037819,0.0071294,0.0288000,0.1706076,0.7089640,0.9901578,0.1245273,0.1429258
54.875166435,1791080903.608739376,0,0,-0.1063508,0.0096328,-0.0111284,-10.0673923,-15.4354954,-12.2694149,-9.9662819,0.9337572,-0.6095703,-0.0606586,0.0814020,0.1984243,-0.0059619,0.1254727,-0.1512662,0.0530122,0.0619783,0.0701649,0.0493377,0.0096469,-0.0038321,0.0071904,0.0288427,0.1706641,0.7086892,0.9901851,0.1246167,0.1431608
54.894850150,1791080903.628422976,0,0,-0.1065807,0.0098216,-0.0108796,-10.0752831,-15.4322596,-12.2548513,-9.9540377,0.9333039,-0.6088177,-0.0609096,0.0813919,0.1982593,-0.0059708,0.1251341,-0.1489649,0.0529685,0.0618443,0.0698769,0.0493480,0.0096175,-0.0038750,0.0071829,0.0288899,0.1707229,0.7084934,0.9902093,0.1246491,0.1432646
54.913433247,1791080903.647006273,0,0,-0.1067946,0.0104225,-0.0104352,-10.0703917,-15.4286795,-12.1967735,-9.9401398,0.9320647,-0.6095036,-0.0625469,0.0816810,0.1986850,-0.0058237,0.1218377,-0.1463158,0.0529017,0.0617213,0.0698372,0.0493909,0.0095957,-0.0039188,0.0072301,0.0289292,0.1707653,0.7081898,0.9902359,0.1246976,0.1434474
54.935030064,1791080903.668602943,0,0,-0.1068534,0.0099278,-0.0110881,-10.0764341,-15.4297762,-12.2033129,-9.9402218,0.9320820,-0.6118750,-0.0615177,0.0812376,0.1996124,-0.0058759,0.1198710,-0.1477973,0.0528374,0.0616028,0.0698048,0.0494297,0.0095746,-0.0039630,0.0072369,0.0289648,0.1708075,0.7078893,0.9902622,0.1247407,0.1436429
54.954281263,1791080903.687854528,0,0,-0.1067685,0.0092850,-0.0114066,-10.0704927,-15.4122334,-12.2107582,-9.9524584,0.9322147,-0.6122777,-0.0617748,0.0812724,0.1995189,-0.0060233,0.1199012,-0.1540212,0.0527914,0.0614651,0.0696080,0.0494230,0.0095557,-0.0040088,0.0073064,0.0290065,0.1708654,0.7076717,0.9902886,0.1247423,0.1437975
54.977583919,1791080903.711157322,0,0,-0.1057650,0.0089694,-0.0112427,-10.0787230,-15.4068851,-12.2169199,-9.9609470,0.9326298,-0.6136808,-0.0610308,0.0808531,0.1995413,-0.0055297,0.1186092,-0.1546890,0.0527434,0.0613265,0.0694573,0.0494201,0.0095401,-0.0040544,0.0073863,0.0290492,0.1709238,0.7074521,0.9903148,0.1247337,0.1439253
54.996169832,1791080903.729743004,0,0,-0.1057561,0.0090209,-0.0112923,-10.0913363,-15.4275503,-12.2760534,-9.9760628,0.9329942,-0.6137449,-0.0601696,0.0807938,0.1996357,-0.0055066,0.1188171,-0.1524993,0.0527323,0.0612066,0.0695935,0.0493856,0.0095086,-0.0041094,0.0073915,0.0290831,0.1709815,0.7072618,0.9903379,0.1241898,0.1440295
55.014668544,1791080903.748241663,0,0,-0.1063547,0.0093346,-0.0116488,-10.0849524,-15.4282913,-12.2497797,-9.9758873,0.9328333,-0.6124891,-0.0602006,0.0812104,0.1993315,-0.0058046,0.1180463,-0.1516931,0.0526780,0.0610705,0.0692787,0.0494373,0.0094803,-0.0041501,0.0073608,0.0291175,0.1710448,0.7069867,0.9903640,0.1243449,0.1441049
55.034619973,1791080903.768192768,0,0,-0.1074653,0.0097241,-0.0114874,-10.0777788,-15.4038305,-12.2128811,-9.9647055,0.9312992,-0.6123183,-0.0605474,0.0808591,0.1986199,-0.0054445,0.1167648,-0.1553551,0.0526248,0.0609352,0.0690381,0.0494801,0.0094478,-0.0041912,0.0073220,0.0291517,0.1711059,0.7067150,0.9903899,0.1244346,0.1442125
55.054325255,1791080903.787898064,0,0,-0.1072923,0.0098752,-0.0104991,-10.0752373,-15.4012680,-12.2199125,-9.9745436,0.9316263,-0.6145691,-0.0612450,0.0807035,0.1994810,-0.0053683,0.1172648,-0.1571472,0.0525717,0.0608295,0.0693597,0.0494788,0.0094179,-0.0042413,0.0073129,0.0291942,0.1711218,0.7064723,0.9904141,0.1244165,0.1445373
55.073094914,1791080903.806668043,0,0,-0.1069104,0.0093508,-0.0111142,-10.0720701,-15.4166126,-12.2457256,-9.9905300,0.9323092,-0.6157404,-0.0619128,0.0807393,0.2004774,-0.0058570,0.1176674,-0.1608018,0.0525200,0.0607263,0.0696132,0.0494796,0.0093888,-0.0042914,0.0072903,0.0292345,0.1711368,0.7062308,0.9904381,0.1244164,0.1448691
55.095106423,1791080903.828679323,0,0,-0.1067223,0.0094711,-0.0115817,-10.0917358,-15.4409800,-12.2811651,-9.9943457,0.9320517,-0.6142124,-0.0618739,0.0813755,0.2004503,-0.0064072,0.1195407,-0.1575476,0.0524879,0.0606102,0.0696225,0.0494694,0.0093660,-0.0043376,0.0072722,0.0292741,0.1711895,0.7060159,0.9904619,0.1242928,0.1449770
55.114270709,1791080903.847843885,0,0,-0.1065475,0.0095651,-0.0117605,-10.0904064,-15.4410133,-12.2638435,-10.0008402,0.9327323,-0.6147421,-0.0618161,0.0809168,0.2006291,-0.0065038,0.1186747,-0.1570329,0.0524564,0.0604713,0.0691113,0.0495044,0.0093696,-0.0043811,0.0074004,0.0293185,0.1712836,0.7057800,0.9904867,0.1252518,0.1450845
55.134679293,1791080903.868252516,0,0,-0.1064394,0.0098163,-0.0121250,-10.0926428,-15.4423018,-12.2758856,-10.0054197,0.9329584,-0.6157507,-0.0613749,0.0812581,0.2011229,-0.0065500,0.1174167,-0.1559136,0.0524208,0.0603336,0.0687375,0.0495292,0.0093748,-0.0044252,0.0074891,0.0293622,0.1713771,0.7055463,0.9905116,0.1260904,0.1452281
55.154442751,1791080903.888016462,0,0,-0.1068392,0.0098620,-0.0120459,-10.0838137,-15.4450693,-12.2819567,-10.0103159,0.9325674,-0.6180627,-0.0618028,0.0824665,0.2021949,-0.0071567,0.1176971,-0.1578661,0.0524165,0.0602040,0.0685083,0.0495073,0.0093396,-0.0044690,0.0073089,0.0293989,0.1714188,0.7053319,0.9905333,0.1257950,0.1453172
55.174143522,1791080903.907716274,0,0,-0.1066341,0.0095472,-0.0127906,-10.0831375,-15.4545689,-12.3009977,-10.0152416,0.9327923,-0.6183625,-0.0608699,0.0826968,0.2028986,-0.0074564,0.1183227,-0.1578789,0.0524082,0.0600705,0.0683644,0.0494904,0.0093052,-0.0045132,0.0071655,0.0294372,0.1714617,0.7051128,0.9905553,0.1255183,0.1453767
55.194281544,1791080903.927854538,0,0,-0.1063377,0.0095818,-0.0126565,-10.0873823,-15.4500990,-12.3162870,-10.0148172,0.9333865,-0.6187882,-0.0603213,0.0827635,0.2030418,-0.0075891,0.1178901,-0.1545480,0.0523409,0.0599546,0.0687382,0.0495069,0.0093009,-0.0045631,0.0072472,0.0294863,0.1714973,0.7048796,0.9905801,0.1257923,0.1456997
55.214395501,1791080903.947968483,0,0,-0.1066552,0.0101670,-0.0133810,-10.0872726,-15.4473124,-12.3002577,-10.0140018,0.9334682,-0.6168111,-0.0599745,0.0832242,0.2023844,-0.0075544,0.1180111,-0.1531295,0.0522700,0.0598130,0.0688244,0.0495221,0.0092841,-0.0046051,0.0073122,0.0295371,0.1715282,0.7047046,0.9906031,0.1256975,0.1459310
55.234328369,1791080903.967901468,0,0,-0.1070873,0.0099222,-0.0123721,-10.0616465,-15.4369831,-12.2837648,-10.0144396,0.9341421,-0.6186017,-0.0603930,0.0832229,0.2031824,-0.0076382,0.1172435,-0.1552590,0.0521982,0.0596708,0.0688832,0.0495354,0.0092632,-0.0046467,0.0074010,0.0295909,0.1715566,0.7045307,0.9906259,0.1256358,0.1461853
55.252657960,1791080903.986230850,0,0,-0.1064836,0.0086732,-0.0132868,-10.0663347,-15.4330273,-12.3216696,-10.0169344,0.9345590,-0.6201452,-0.0598008,0.0828206,0.2032494,-0.0078082,0.1181076,-0.1603659,0.0521640,0.0595680,0.0690515,0.0495064,0.0092234,-0.0046931,0.0072556,0.0296318,0.1715905,0.7042908,0.9906479,0.1254248,0.1464169
55.274191543,1791080904.007764339,0,0,-0.1071613,0.0091119,-0.0128927,-10.0598583,-15.4137621,-12.2895145,-9.9856977,0.9322180,-0.6213163,-0.0605114,0.0829150,0.2034154,-0.0072298,0.1153075,-0.1575582,0.0521306,0.0594660,0.0691786,0.0494791,0.0091879,-0.0047387,0.0071257,0.0296716,0.1716269,0.7040491,0.9906701,0.1253006,0.1465611
55.295177497,1791080904.028750420,0,0,-0.1060286,0.0084456,-0.0131212,-10.0844450,-15.4396067,-12.3178644,-10.0091858,0.9326911,-0.6215918,-0.0597437,0.0825220,0.2038410,-0.0069538,0.1168680,-0.1546014,0.0520515,0.0593604,0.0695395,0.0494809,0.0091698,-0.0047853,0.0071246,0.0297127,0.1716507,0.7038159,0.9906939,0.1251500,0.1467751
55.313592327,1791080904.047165394,0,0,-0.1057062,0.0083311,-0.0129415,-10.0785131,-15.4222088,-12.3027954,-10.0042295,0.9331806,-0.6225256,-0.0597637,0.0813842,0.2033003,-0.0062378,0.1151442,-0.1568315,0.0520292,0.0592115,0.0690611,0.0494954,0.0091542,-0.0048251,0.0071209,0.0297411,0.1717257,0.7035713,0.9907153,0.1250203,0.1466674
55.333440032,1791080904.067013741,0,0,-0.1059099,0.0083396,-0.0133347,-10.0823240,-15.4176512,-12.3285646,-10.0138330,0.9333298,-0.6257340,-0.0596966,0.0819445,0.2039873,-0.0063941,0.1148096,-0.1601011,0.0520027,0.0590629,0.0687026,0.0495037,0.0091405,-0.0048653,0.0071093,0.0297702,0.1717997,0.7033280,0.9907368,0.1249082,0.1465987
55.356913974,1791080904.090487003,0,0,-0.1061866,0.0083335,-0.0134105,-10.0847425,-15.4234743,-12.3233747,-10.0003853,0.9343194,-0.6251595,-0.0593877,0.0822178,0.2042131,-0.0061356,0.1142583,-0.1567718,0.0519662,0.0589535,0.0689928,0.0494352,0.0091201,-0.0049102,0.0069802,0.0298016,0.1718487,0.7031198,0.9907609,0.1244468,0.1465874
55.376670126,1791080904.110243082,0,0,-0.1059714,0.0084668,-0.0142087,-10.0745783,-15.4212227,-12.3261194,-10.0123148,0.9350654,-0.6239151,-0.0592435,0.0827125,0.2038719,-0.0062736,0.1143651,-0.1590403,0.0519328,0.0588437,0.0692354,0.0493806,0.0090984,-0.0049555,0.0068717,0.0298317,0.1718970,0.7029111,0.9907848,0.1240274,0.1465786
55.396852554,1791080904.130425453,0,0,-0.1061029,0.0095043,-0.0135751,-10.0844259,-15.4173021,-12.3107643,-10.0043449,0.9349180,-0.6255403,-0.0595183,0.0821361,0.2040007,-0.0056340,0.1109796,-0.1557266,0.0518483,0.0587416,0.0695693,0.0493804,0.0090861,-0.0050045,0.0069370,0.0298784,0.1719165,0.7026619,0.9908091,0.1242495,0.1468261
55.414728820,1791080904.148301601,0,0,-0.1058050,0.0093309,-0.0133961,-10.0952902,-15.4265718,-12.3300085,-10.0179949,0.9361851,-0.6249306,-0.0591367,0.0822874,0.2040589,-0.0056385,0.1120414,-0.1549509,0.0518078,0.0586315,0.0696828,0.0493737,0.0090726,-0.0050528,0.0069598,0.0299213,0.1719551,0.7024451,0.9908313,0.1241873,0.1468337
55.435357331,1791080904.168930531,0,0,-0.1057345,0.0092435,-0.0134055,-10.0886812,-15.4045544,-12.3340578,-10.0195074,0.9364356,-0.6261191,-0.0595951,0.0828034,0.2042117,-0.0055247,0.1105246,-0.1570800,0.0517666,0.0585209,0.0697785,0.0493696,0.0090593,-0.0051011,0.0069890,0.0299646,0.1719908,0.7022291,0.9908536,0.1241338,0.1468936
55.455536495,1791080904.189109325,0,0,-0.1063951,0.0096487,-0.0130420,-10.0993147,-15.4188595,-12.3361712,-10.0275040,0.9365991,-0.6271134,-0.0595821,0.0832446,0.2047881,-0.0057902,0.1114556,-0.1562082,0.0517346,0.0584148,0.0698369,0.0493779,0.0090476,-0.0051481,0.0069697,0.0299998,0.1720182,0.7020042,0.9908779,0.1241954,0.1468731
55.478293919,1791080904.211867332,0,0,-0.1072682,0.0106037,-0.0136091,-10.0819006,-15.4350805,-12.2922144,-10.0149431,0.9356140,-0.6260809,-0.0606249,0.0847191,0.2054819,-0.0063209,0.1080004,-0.1524068,0.0517031,0.0583099,0.0698871,0.0493773,0.0090383,-0.0051943,0.0069534,0.0300356,0.1720480,0.7017807,0.9909021,0.1242431,0.1467973
55.494956032,1791080904.228528976,0,0,-0.1070554,0.0105739,-0.0138175,-10.0884724,-15.4358664,-12.2839613,-10.0215559,0.9353722,-0.6255363,-0.0604641,0.0847190,0.2053320,-0.0066677,0.1093327,-0.1519767,0.0516435,0.0581942,0.0697263,0.0493924,0.0090432,-0.0052364,0.0070605,0.0300777,0.1721141,0.7015615,0.9909266,0.1249207,0.1468993
55.516764552,1791080904.250337601,0,0,-0.1063420,0.0098395,-0.0135870,-10.0853043,-15.4261503,-12.2971373,-10.0314970,0.9358605,-0.6266212,-0.0607008,0.0840860,0.2056828,-0.0069819,0.1097635,-0.1553251,0.0516161,0.0581134,0.0701672,0.0493130,0.0090139,-0.0052875,0.0069407,0.0301097,0.1721350,0.7013640,0.9909478,0.1242655,0.1470124
55.536282911,1791080904.269855976,0,0,-0.1059626,0.0091025,-0.0139827,-10.0835390,-15.4328651,-12.3310175,-10.0448465,0.9357743,-0.6280378,-0.0608104,0.0841334,0.2063055,-0.0073829,0.1091384,-0.1581193,0.0515893,0.0580324,0.0705343,0.0492459,0.0089863,-0.0053381,0.0068485,0.0301413,0.1721566,0.7011641,0.9909691,0.1237121,0.1470977
55.556910974,1791080904.290483952,0,0,-0.1056612,0.0095095,-0.0138506,-10.0940990,-15.4401493,-12.3518505,-10.0541849,0.9364827,-0.6276009,-0.0603856,0.0849003,0.2061184,-0.0072376,0.1101882,-0.1549861,0.0515537,0.0579267,0.0706254,0.0491946,0.0089691,-0.0053869,0.0068642,0.0301765,0.1722061,0.7009974,0.9909931,0.1233611,0.1469794
55.576055218,1791080904.309628248,0,0,-0.1060034,0.0095045,-0.0138119,-10.0742292,-15.4323511,-12.3411245,-10.0395985,0.9368181,-0.6281880,-0.0607384,0.0852721,0.2061904,-0.0070917,0.1091740,-0.1547911,0.0515184,0.0578205,0.0706945,0.0491473,0.0089539,-0.0054350,0.0068979,0.0302131,0.1722554,0.7008308,0.9910169,0.1230496,0.1468315
55.597179285,1791080904.330753088,0,0,-0.1062770,0.0089136,-0.0141558,-10.0643816,-15.4217014,-12.3058462,-10.0298939,0.9377404,-0.6286209,-0.0612787,0.0845060,0.2062541,-0.0073724,0.1088446,-0.1590514,0.0514578,0.0577160,0.0706967,0.0491678,0.0089593,-0.0054826,0.0070610,0.0302537,0.1722938,0.7006031,0.9910404,0.1235073,0.1470116
55.619971237,1791080904.353543997,0,0,-0.1063845,0.0088388,-0.0142469,-10.0532570,-15.3967648,-12.2818861,-9.9978180,0.9369205,-0.6281864,-0.0617832,0.0834594,0.2056703,-0.0070283,0.1086656,-0.1604334,0.0514339,0.0576162,0.0705805,0.0491561,0.0089550,-0.0055261,0.0070517,0.0302784,0.1723630,0.7004053,0.9910641,0.1237889,0.1468587
55.640396770,1791080904.373969555,0,0,-0.1060813,0.0083559,-0.0130024,-10.0663891,-15.3942413,-12.3074350,-10.0151920,0.9357363,-0.6330192,-0.0629602,0.0836448,0.2072387,-0.0068740,0.1067370,-0.1642781,0.0514078,0.0575182,0.0704971,0.0491440,0.0089520,-0.0055694,0.0070346,0.0303027,0.1724310,0.7002079,0.9910880,0.1240288,0.1467390
55.658172012,1791080904.391745329,0,0,-0.1060050,0.0080556,-0.0133957,-10.0976677,-15.4298668,-12.3689575,-10.0462456,0.9367202,-0.6333454,-0.0615724,0.0839371,0.2082068,-0.0069383,0.1088106,-0.1630861,0.0513748,0.0574249,0.0704016,0.0491409,0.0089526,-0.0056139,0.0070242,0.0303429,0.1724809,0.7000381,0.9911132,0.1243188,0.1467341
55.678605257,1791080904.412178516,0,0,-0.1062589,0.0089063,-0.0148098,-10.0999537,-15.4197636,-12.3426580,-10.0446720,0.9360067,-0.6311769,-0.0610012,0.0839866,0.2070217,-0.0065981,0.1057829,-0.1607150,0.0513409,0.0573306,0.0703320,0.0491351,0.0089520,-0.0056582,0.0070272,0.0303842,0.1725302,0.6998693,0.9911384,0.1245463,0.1467254
55.700897462,1791080904.434470654,0,0,-0.1065632,0.0091406,-0.0149908,-10.0925808,-15.4091549,-12.3123617,-10.0413580,0.9369904,-0.6301444,-0.0601883,0.0837173,0.2063796,-0.0063874,0.1041603,-0.1605096,0.0512719,0.0572292,0.0702778,0.0491557,0.0089445,-0.0057021,0.0070903,0.0304324,0.1725644,0.6996816,0.9911621,0.1249111,0.1469343
55.718751007,1791080904.452323914,0,0,-0.1073496,0.0093780,-0.0152174,-10.0766535,-15.4061871,-12.3134737,-10.0374460,0.9366539,-0.6311863,-0.0603750,0.0842551,0.2068643,-0.0066872,0.1039529,-0.1633572,0.0512383,0.0571208,0.0702101,0.0491878,0.0089422,-0.0057479,0.0071763,0.0304733,0.1725967,0.6995137,0.9911849,0.1250870,0.1470670
55.738221974,1791080904.471794844,0,0,-0.1070692,0.0089688,-0.0151239,-10.0679235,-15.4115124,-12.3314543,-10.0364904,0.9362694,-0.6308094,-0.0598386,0.0834588,0.2069412,-0.0065348,0.1040786,-0.1620936,0.0512030,0.0570133,0.0701616,0.0492157,0.0089442,-0.0057933,0.0072457,0.0305135,0.1726296,0.6993447,0.9912077,0.1252480,0.1471808
55.758025039,1791080904.491598129,0,0,-0.1067013,0.0090245,-0.0149841,-10.0873022,-15.4173832,-12.3316069,-10.0373526,0.9355608,-0.6298153,-0.0598743,0.0831400,0.2069323,-0.0067506,0.1047041,-0.1587696,0.0511544,0.0569137,0.0700854,0.0492462,0.0089358,-0.0058314,0.0071709,0.0305379,0.1726724,0.6990691,0.9912304,0.1251126,0.1472432
55.778086026,1791080904.511658669,0,0,-0.1065594,0.0088605,-0.0145341,-10.0919695,-15.4177036,-12.3198938,-10.0335855,0.9349244,-0.6295284,-0.0607456,0.0825351,0.2069575,-0.0067118,0.1042906,-0.1565112,0.0511158,0.0568280,0.0700856,0.0492400,0.0089277,-0.0058767,0.0071463,0.0305759,0.1727202,0.6988602,0.9912530,0.1251496,0.1473476
55.800107764,1791080904.533681154,0,0,-0.1057476,0.0086181,-0.0148977,-10.1070137,-15.4200802,-12.3402729,-10.0510254,0.9349788,-0.6313812,-0.0604038,0.0818371,0.2069555,-0.0068176,0.1059693,-0.1599459,0.0510754,0.0567416,0.0701091,0.0492378,0.0089186,-0.0059226,0.0071309,0.0306141,0.1727670,0.6986506,0.9912758,0.1251590,0.1474809
55.818770884,1791080904.552343845,0,0,-0.1051144,0.0086299,-0.0149193,-10.0988674,-15.4189682,-12.3628874,-10.0572243,0.9356891,-0.6330155,-0.0600989,0.0822723,0.2077245,-0.0069059,0.1058168,-0.1621491,0.0510306,0.0566359,0.0701339,0.0492863,0.0089149,-0.0059693,0.0071925,0.0306544,0.1727923,0.6984519,0.9912971,0.1247509,0.1475848
55.838758558,1791080904.572331429,0,0,-0.1058323,0.0089292,-0.0145891,-10.0873833,-15.4162979,-12.3495760,-10.0475712,0.9367574,-0.6338788,-0.0599723,0.0832387,0.2085845,-0.0067439,0.1039203,-0.1611690,0.0509841,0.0565299,0.0701531,0.0493272,0.0089136,-0.0060152,0.0072595,0.0306961,0.1728185,0.6982530,0.9913184,0.1244296,0.1476504
55.859049979,1791080904.592622995,0,0,-0.1066961,0.0091191,-0.0156035,-10.0833187,-15.4178791,-12.3332987,-10.0360384,0.9359002,-0.6334735,-0.0597431,0.0839928,0.2086866,-0.0069009,0.1020082,-0.1620566,0.0509441,0.0564320,0.0701596,0.0493043,0.0088962,-0.0060583,0.0071994,0.0307215,0.1728611,0.6980178,0.9913393,0.1243179,0.1477629
55.880347583,1791080904.613920212,0,0,-0.1072797,0.0093242,-0.0150370,-10.0909815,-15.4162350,-12.3144865,-10.0397177,0.9357014,-0.6335914,-0.0595757,0.0837285,0.2088906,-0.0068967,0.1006765,-0.1609654,0.0509048,0.0563363,0.0701458,0.0492798,0.0088774,-0.0061009,0.0071370,0.0307460,0.1729024,0.6977841,0.9913600,0.1242258,0.1478643
55.900058871,1791080904.633631945,0,0,-0.1068979,0.0086413,-0.0151071,-10.0883169,-15.4035225,-12.3422899,-10.0523911,0.9363650,-0.6319743,-0.0583070,0.0828789,0.2079835,-0.0068583,0.1025947,-0.1640431,0.0508576,0.0562397,0.0701047,0.0492845,0.0088632,-0.0061425,0.0070936,0.0307779,0.1729486,0.6975526,0.9913833,0.1243173,0.1479324
55.919954641,1791080904.653527737,0,0,-0.1073679,0.0091470,-0.0148115,-10.0913382,-15.3994064,-12.3418112,-10.0510836,0.9345345,-0.6319306,-0.0584569,0.0830073,0.2076352,-0.0067843,0.1009319,-0.1643001,0.0508053,0.0561421,0.0700046,0.0493175,0.0088613,-0.0061796,0.0070542,0.0308162,0.1729749,0.6973230,0.9914062,0.1244288,0.1479648
55.938962788,1791080904.672535658,0,0,-0.1064909,0.0088677,-0.0148700,-10.0950918,-15.4267569,-12.3846521,-10.0696907,0.9358088,-0.6303586,-0.0570144,0.0826289,0.2072437,-0.0068489,0.1034527,-0.1620078,0.0507527,0.0560454,0.0699405,0.0493497,0.0088618,-0.0062170,0.0070152,0.0308539,0.1730030,0.6970926,0.9914289,0.1245152,0.1479643
55.961234640,1791080904.694807768,0,0,-0.1058396,0.0085936,-0.0154944,-10.0912733,-15.4211388,-12.3674059,-10.0537376,0.9352983,-0.6290530,-0.0572495,0.0817038,0.2066916,-0.0069674,0.1033505,-0.1604138,0.0506997,0.0559517,0.0699003,0.0493631,0.0088593,-0.0062580,0.0070158,0.0308898,0.1730304,0.6968847,0.9914501,0.1247751,0.1481355
55.980314563,1791080904.713887453,0,0,-0.1059577,0.0087341,-0.0153976,-10.0908442,-15.3969002,-12.3591146,-10.0523243,0.9356625,-0.6290524,-0.0572578,0.0814556,0.2059733,-0.0069056,0.1007859,-0.1629114,0.0506627,0.0558629,0.0700087,0.0493414,0.0088516,-0.0062998,0.0069666,0.0309228,0.1730801,0.6966905,0.9914737,0.1246085,0.1480379
55.998551824,1791080904.732124567,0,0,-0.1058159,0.0088000,-0.0156661,-10.1038332,-15.4193621,-12.4017258,-10.0693550,0.9357354,-0.6269106,-0.0564867,0.0822328,0.2054529,-0.0071204,0.1038156,-0.1625328,0.0506267,0.0557762,0.0701192,0.0493219,0.0088462,-0.0063417,0.0069044,0.0309536,0.1731302,0.6964969,0.9914971,0.1244737,0.1479473
56.018233448,1791080904.751806498,0,0,-0.1059335,0.0095572,-0.0146100,-10.0961142,-15.4435577,-12.4159746,-10.0912485,0.9351970,-0.6272702,-0.0568589,0.0842290,0.2064845,-0.0076944,0.1046464,-0.1619274,0.0505931,0.0556709,0.0699036,0.0493491,0.0088584,-0.0063801,0.0069366,0.0309896,0.1731751,0.6962991,0.9915193,0.1248263,0.1479637
56.040733653,1791080904.774306536,0,0,-0.1064655,0.0095832,-0.0143078,-10.0926561,-15.4368992,-12.3947725,-10.0749655,0.9356643,-0.6259550,-0.0576196,0.0838891,0.2055602,-0.0075672,0.1046955,-0.1598974,0.0505579,0.0555654,0.0697289,0.0493666,0.0088698,-0.0064181,0.0069671,0.0310269,0.1732194,0.6961024,0.9915415,0.1251225,0.1479914
56.060768464,1791080904.794341803,0,0,-0.1065757,0.0090346,-0.0144443,-10.0912657,-15.4283161,-12.3861370,-10.0755329,0.9355159,-0.6271292,-0.0576377,0.0833674,0.2059703,-0.0075836,0.1020022,-0.1615327,0.0505055,0.0554906,0.0700655,0.0493380,0.0088653,-0.0064672,0.0070084,0.0310629,0.1732412,0.6959004,0.9915628,0.1251826,0.1482853
56.080639081,1791080904.814211845,0,0,-0.1066153,0.0081355,-0.0151274,-10.0769453,-15.4034567,-12.3854580,-10.0677977,0.9356870,-0.6266125,-0.0574431,0.0827037,0.2057876,-0.0077257,0.1021455,-0.1653363,0.0504859,0.0553923,0.0698519,0.0493597,0.0088469,-0.0065056,0.0069368,0.0310959,0.1732538,0.6957401,0.9915835,0.1249044,0.1483690
56.100893958,1791080904.834467411,0,0,-0.1063739,0.0082187,-0.0147664,-10.0873518,-15.4032393,-12.4080582,-10.0854111,0.9363700,-0.6268233,-0.0564716,0.0828072,0.2060563,-0.0077488,0.1015697,-0.1661311,0.0504626,0.0552912,0.0696974,0.0493836,0.0088303,-0.0065439,0.0068941,0.0311311,0.1732661,0.6955781,0.9916044,0.1246506,0.1484337
56.119176115,1791080904.852749348,0,0,-0.1064480,0.0081157,-0.0152312,-10.0903692,-15.4198322,-12.4147482,-10.0945034,0.9361658,-0.6269242,-0.0560119,0.0831311,0.2064040,-0.0079181,0.0997582,-0.1657309,0.0504195,0.0551944,0.0698022,0.0493869,0.0088324,-0.0065830,0.0068781,0.0311566,0.1733001,0.6953788,0.9916268,0.1246936,0.1483876
56.140791578,1791080904.874364376,0,0,-0.1067858,0.0086478,-0.0150462,-10.1022005,-15.4299574,-12.4198856,-10.0936728,0.9360377,-0.6260234,-0.0557634,0.0842802,0.2066189,-0.0082296,0.1009489,-0.1619248,0.0503786,0.0551009,0.0698929,0.0493920,0.0088375,-0.0066218,0.0068455,0.0311798,0.1733356,0.6951804,0.9916490,0.1247583,0.1483144
56.162502818,1791080904.896075964,0,0,-0.1069423,0.0086826,-0.0151797,-10.0837860,-15.4300957,-12.4051905,-10.0930538,0.9360192,-0.6276869,-0.0562252,0.0836202,0.2070036,-0.0081403,0.1012851,-0.1658544,0.0502946,0.0550173,0.0700851,0.0494186,0.0088320,-0.0066654,0.0069224,0.0312134,0.1733593,0.6949686,0.9916704,0.1254955,0.1486827
56.179281315,1791080904.912854433,0,0,-0.1072998,0.0095748,-0.0147680,-10.0802603,-15.4222479,-12.4111719,-10.1005955,0.9363710,-0.6307198,-0.0571722,0.0848826,0.2082804,-0.0079943,0.0982990,-0.1676549,0.0502531,0.0549489,0.0704556,0.0493646,0.0088084,-0.0067145,0.0068906,0.0312498,0.1733755,0.6948214,0.9916913,0.1251680,0.1488982
56.200247589,1791080904.933820724,0,0,-0.1074210,0.0093361,-0.0147727,-10.0667067,-15.4351625,-12.4062891,-10.1020775,0.9380661,-0.6306150,-0.0580296,0.0856494,0.2090260,-0.0084945,0.1001024,-0.1681477,0.0502127,0.0548795,0.0707410,0.0493183,0.0087847,-0.0067627,0.0068779,0.0312869,0.1733900,0.6946745,0.9917122,0.1248969,0.1491122
56.220114206,1791080904.953687191,0,0,-0.1080014,0.0094375,-0.0156063,-10.0709438,-15.4426498,-12.4057245,-10.0949326,0.9375343,-0.6297367,-0.0582293,0.0863590,0.2096339,-0.0090847,0.0989822,-0.1664839,0.0501545,0.0547755,0.0702838,0.0493787,0.0087768,-0.0067955,0.0069082,0.0313212,0.1734283,0.6944394,0.9917333,0.1254742,0.1492375
56.242750157,1791080904.976323128,0,0,-0.1072122,0.0089026,-0.0156842,-10.0892105,-15.4562559,-12.3989420,-10.1032743,0.9373114,-0.6286476,-0.0586831,0.0859186,0.2095111,-0.0096066,0.0979768,-0.1637936,0.0500944,0.0546727,0.0699225,0.0494264,0.0087699,-0.0068286,0.0069165,0.0313556,0.1734661,0.6942057,0.9917542,0.1259310,0.1493457
56.262591014,1791080904.996163845,0,0,-0.1070577,0.0091411,-0.0155347,-10.0866556,-15.4606256,-12.4038725,-10.1155176,0.9380896,-0.6287664,-0.0584585,0.0865748,0.2105291,-0.0105029,0.0980039,-0.1636629,0.0500266,0.0545913,0.0699397,0.0494506,0.0087594,-0.0068664,0.0069167,0.0313928,0.1734860,0.6939775,0.9917737,0.1263352,0.1495976
56.280927982,1791080905.014500856,0,0,-0.1066948,0.0088738,-0.0154794,-10.0726042,-15.4581051,-12.4086733,-10.1114187,0.9387200,-0.6276532,-0.0584016,0.0859934,0.2097102,-0.0106554,0.0988494,-0.1656984,0.0499638,0.0545003,0.0699204,0.0494774,0.0087515,-0.0069013,0.0069094,0.0314416,0.1734732,0.6938142,0.9917929,0.1262392,0.1498339
56.301017280,1791080905.034590006,0,0,-0.1066726,0.0085508,-0.0152679,-10.0598154,-15.4521227,-12.4205990,-10.0962868,0.9403039,-0.6279941,-0.0585087,0.0865927,0.2100466,-0.0107524,0.0991276,-0.1657297,0.0499003,0.0544071,0.0699131,0.0495054,0.0087429,-0.0069360,0.0069333,0.0314923,0.1734609,0.6936497,0.9918122,0.1261767,0.1500547
56.318887841,1791080905.052460909,0,0,-0.1065326,0.0086239,-0.0151323,-10.0532770,-15.4390945,-12.4045591,-10.0861921,0.9399626,-0.6283386,-0.0596356,0.0868458,0.2101296,-0.0105081,0.0971645,-0.1656031,0.0498405,0.0543233,0.0700122,0.0494986,0.0087264,-0.0069771,0.0069549,0.0315224,0.1734901,0.6934357,0.9918327,0.1263960,0.1501441
56.340405821,1791080905.073978662,0,0,-0.1066151,0.0087670,-0.0152401,-10.0657492,-15.4603100,-12.3907080,-10.0949612,0.9407462,-0.6297299,-0.0603941,0.0877875,0.2120660,-0.0109521,0.0967821,-0.1627358,0.0497814,0.0542428,0.0700790,0.0494868,0.0087107,-0.0070179,0.0069482,0.0315508,0.1735187,0.6932238,0.9918531,0.1265724,0.1502373
56.360968594,1791080905.094541550,0,0,-0.1063284,0.0079059,-0.0154933,-10.0649099,-15.4364948,-12.3994322,-10.0902472,0.9401275,-0.6290225,-0.0595090,0.0852385,0.2103544,-0.0100977,0.0967029,-0.1656111,0.0497239,0.0541630,0.0699657,0.0495036,0.0086944,-0.0070544,0.0068889,0.0315816,0.1735390,0.6930146,0.9918743,0.1267936,0.1504101
56.380512191,1791080905.114085197,0,0,-0.1064149,0.0082669,-0.0153143,-10.0755787,-15.4316339,-12.4098091,-10.1042299,0.9398733,-0.6295432,-0.0596424,0.0860821,0.2105215,-0.0103362,0.0958387,-0.1660319,0.0496731,0.0540931,0.0701938,0.0494746,0.0086799,-0.0070960,0.0068714,0.0316075,0.1735659,0.6928204,0.9918959,0.1269176,0.1505728
56.400516336,1791080905.134089470,0,0,-0.1060972,0.0086296,-0.0158949,-10.0822725,-15.4432430,-12.4064016,-10.1056461,0.9388712,-0.6289059,-0.0585237,0.0850364,0.2093470,-0.0097030,0.0951356,-0.1650928,0.0496241,0.0540260,0.0703768,0.0494489,0.0086686,-0.0071372,0.0068443,0.0316315,0.1735947,0.6926271,0.9919172,0.1270508,0.1506987
56.419149975,1791080905.152722836,0,0,-0.1057527,0.0081883,-0.0155997,-10.0860128,-15.4403143,-12.4587507,-10.1096001,0.9389383,-0.6295073,-0.0575293,0.0837525,0.2085887,-0.0091198,0.0938558,-0.1641636,0.0495877,0.0539606,0.0705303,0.0493914,0.0086575,-0.0071854,0.0068426,0.0316588,0.1736408,0.6924590,0.9919389,0.1272553,0.1506877
56.442410751,1791080905.175984144,0,0,-0.1061160,0.0077073,-0.0162191,-10.0782900,-15.4077854,-12.4534769,-10.1126442,0.9389768,-0.6301211,-0.0566424,0.0832892,0.2080377,-0.0086209,0.0937038,-0.1686805,0.0495506,0.0538947,0.0706501,0.0493398,0.0086439,-0.0072336,0.0068405,0.0316861,0.1736836,0.6922925,0.9919607,0.1273922,0.1507650
56.460830852,1791080905.194403887,0,0,-0.1061830,0.0079422,-0.0162734,-10.0816727,-15.4026775,-12.4510736,-10.1223745,0.9396414,-0.6317697,-0.0565634,0.0843305,0.2088856,-0.0086931,0.0913048,-0.1709355,0.0495032,0.0538253,0.0706445,0.0493534,0.0086393,-0.0072725,0.0068436,0.0317218,0.1737010,0.6921023,0.9919810,0.1272965,0.1510294
56.478908679,1791080905.212481499,0,0,-0.1061603,0.0081610,-0.0162912,-10.0991430,-15.4093513,-12.4624100,-10.1162081,0.9391443,-0.6305164,-0.0558137,0.0831004,0.2077130,-0.0079042,0.0911303,-0.1679288,0.0494428,0.0537446,0.0704779,0.0493671,0.0086313,-0.0073081,0.0068603,0.0317492,0.1737516,0.6919050,0.9920024,0.1273682,0.1511570
56.503586714,1791080905.237160444,0,0,-0.1057816,0.0081649,-0.0159765,-10.1006413,-15.3961134,-12.4576807,-10.1264658,0.9383401,-0.6306105,-0.0556437,0.0819436,0.2068854,-0.0072805,0.0912983,-0.1681192,0.0493819,0.0536643,0.0703438,0.0493786,0.0086218,-0.0073436,0.0068801,0.0317777,0.1738009,0.6917079,0.9920238,0.1274145,0.1512741
56.518942697,1791080905.252515554,0,0,-0.1063315,0.0084608,-0.0160368,-10.1077080,-15.4160995,-12.4676447,-10.1334219,0.9375731,-0.6287895,-0.0553314,0.0831203,0.2067987,-0.0076732,0.0919753,-0.1684743,0.0493223,0.0535856,0.0703401,0.0494007,0.0086020,-0.0073763,0.0068644,0.0318169,0.1737883,0.6915031,0.9920422,0.1268037,0.1515448
56.540620838,1791080905.274193764,0,0,-0.1069729,0.0088293,-0.0157197,-10.0979681,-15.4079962,-12.4222765,-10.1172171,0.9366757,-0.6284879,-0.0563510,0.0831258,0.2062560,-0.0072415,0.0907306,-0.1681546,0.0492649,0.0535062,0.0703191,0.0494210,0.0085787,-0.0074084,0.0068689,0.0318569,0.1737748,0.6912988,0.9920607,0.1263031,0.1518074
56.560833144,1791080905.294406176,0,0,-0.1058520,0.0081985,-0.0158818,-10.1080532,-15.4130020,-12.4429941,-10.1235352,0.9368085,-0.6287565,-0.0554803,0.0821377,0.2059855,-0.0066085,0.0904307,-0.1675709,0.0492276,0.0534271,0.0700983,0.0494337,0.0085731,-0.0074396,0.0068425,0.0318888,0.1738030,0.6911111,0.9920813,0.1266951,0.1517832
56.580445318,1791080905.314018011,0,0,-0.1061467,0.0081352,-0.0160304,-10.1163635,-15.4402428,-12.4715281,-10.1205130,0.9374741,-0.6276526,-0.0548984,0.0826149,0.2064093,-0.0068202,0.0914257,-0.1630242,0.0491452,0.0533589,0.0701011,0.0494737,0.0085722,-0.0074718,0.0068930,0.0319254,0.1738215,0.6909082,0.9921026,0.1273578,0.1519305
56.600832058,1791080905.334404945,0,0,-0.1062098,0.0078824,-0.0153303,-10.0948820,-15.4289103,-12.4523020,-10.1290569,0.9380308,-0.6289815,-0.0551189,0.0826279,0.2070179,-0.0066707,0.0911246,-0.1645293,0.0490645,0.0532934,0.0700807,0.0495113,0.0085678,-0.0075042,0.0069235,0.0319609,0.1738375,0.6907084,0.9921237,0.1279255,0.1521284
56.618982557,1791080905.352555513,0,0,-0.1068011,0.0082005,-0.0160887,-10.0844069,-15.4099054,-12.4233713,-10.1120825,0.9386066,-0.6278456,-0.0561415,0.0832632,0.2067804,-0.0070633,0.0895935,-0.1661215,0.0490225,0.0532129,0.0699670,0.0495100,0.0085551,-0.0075357,0.0069106,0.0320013,0.1738523,0.6905246,0.9921441,0.1271030,0.1522110
56.640572377,1791080905.374145746,0,0,-0.1064955,0.0076106,-0.0166522,-10.0949850,-15.4166241,-12.4225235,-10.1047487,0.9380304,-0.6269990,-0.0558488,0.0820542,0.2060353,-0.0069934,0.0897197,-0.1677758,0.0489803,0.0531309,0.0698838,0.0495075,0.0085422,-0.0075668,0.0069091,0.0320420,0.1738672,0.6903391,0.9921646,0.1263659,0.1522733
56.662785434,1791080905.396357775,0,0,-0.1063614,0.0082093,-0.0152162,-10.1110249,-15.4196777,-12.4554873,-10.1215181,0.9370624,-0.6279439,-0.0566225,0.0828656,0.2066599,-0.0070262,0.0890603,-0.1658959,0.0489342,0.0530353,0.0698030,0.0494868,0.0085246,-0.0075945,0.0069405,0.0320777,0.1738924,0.6902051,0.9921834,0.1260351,0.1522877
56.680839133,1791080905.414412022,0,0,-0.1061672,0.0084600,-0.0159526,-10.1099129,-15.4461823,-12.4543314,-10.1444664,0.9366736,-0.6273355,-0.0571361,0.0838890,0.2070959,-0.0073857,0.0894199,-0.1654244,0.0488799,0.0529596,0.0697254,0.0494730,0.0085148,-0.0076253,0.0069694,0.0321074,0.1739419,0.6900159,0.9922040,0.1265211,0.1524045
56.700921838,1791080905.434494972,0,0,-0.1064531,0.0084174,-0.0159981,-10.1232624,-15.4452686,-12.4584932,-10.1464138,0.9367253,-0.6270008,-0.0570530,0.0835313,0.2067826,-0.0072125,0.0892812,-0.1656107,0.0488270,0.0528861,0.0696634,0.0494584,0.0085042,-0.0076563,0.0069732,0.0321350,0.1739905,0.6898283,0.9922244,0.1269249,0.1525512
56.720466748,1791080905.454039574,0,0,-0.1057720,0.0084121,-0.0158247,-10.1357889,-15.4575424,-12.4739141,-10.1601820,0.9367323,-0.6260287,-0.0572800,0.0838530,0.2064925,-0.0075100,0.0916436,-0.1652586,0.0487689,0.0528235,0.0698582,0.0494552,0.0084919,-0.0076944,0.0069954,0.0321664,0.1740185,0.6896207,0.9922458,0.1272351,0.1526609
56.740638254,1791080905.474211216,0,0,-0.1054287,0.0084484,-0.0143778,-10.1069994,-15.4302750,-12.4650116,-10.1605330,0.9381526,-0.6297373,-0.0580934,0.0833450,0.2072172,-0.0073455,0.0894540,-0.1676353,0.0487124,0.0527643,0.0699797,0.0494534,0.0084818,-0.0077324,0.0070079,0.0321967,0.1740449,0.6894152,0.9922671,0.1275064,0.1527745
56.760920001,1791080905.494493008,0,0,-0.1064184,0.0086838,-0.0150133,-10.1083651,-15.4453163,-12.4712763,-10.1385975,0.9380139,-0.6283846,-0.0582106,0.0835484,0.2074232,-0.0075696,0.0887776,-0.1662834,0.0486513,0.0527037,0.0700158,0.0494859,0.0084718,-0.0077656,0.0070229,0.0322295,0.1740655,0.6892107,0.9922869,0.1277466,0.1529082
56.780311949,1791080905.513885021,0,0,-0.1055535,0.0083355,-0.0152350,-10.1200628,-15.4509697,-12.4719753,-10.1545248,0.9397221,-0.6254377,-0.0572069,0.0830730,0.2067082,-0.0078590,0.0923304,-0.1641302,0.0485766,0.0526400,0.0698884,0.0495028,0.0084695,-0.0077954,0.0070428,0.0322588,0.1741215,0.6889663,0.9923087,0.1282091,0.1530413
56.800634880,1791080905.534207821,0,0,-0.1059114,0.0084181,-0.0154574,-10.1107492,-15.4305210,-12.4724760,-10.1486578,0.9393108,-0.6230966,-0.0565528,0.0825361,0.2052055,-0.0079528,0.0946169,-0.1665097,0.0485044,0.0525787,0.0697795,0.0495184,0.0084615,-0.0078255,0.0070389,0.0322867,0.1741743,0.6887273,0.9923303,0.1285897,0.1532355
56.822108379,1791080905.555680990,0,0,-0.1057545,0.0084226,-0.0155239,-10.1146526,-15.4326563,-12.4642096,-10.1629448,0.9383006,-0.6244972,-0.0572383,0.0832884,0.2055668,-0.0083054,0.0924382,-0.1688448,0.0484462,0.0525161,0.0697453,0.0495331,0.0084478,-0.0078616,0.0070934,0.0323199,0.1741924,0.6885518,0.9923497,0.1291367,0.1535466
56.840472256,1791080905.574045420,0,0,-0.1061893,0.0086365,-0.0151561,-10.1132851,-15.4326363,-12.4923964,-10.1670923,0.9375670,-0.6252764,-0.0564315,0.0832176,0.2059763,-0.0076999,0.0906693,-0.1667464,0.0483865,0.0524521,0.0697240,0.0495456,0.0084355,-0.0078968,0.0071737,0.0323560,0.1742128,0.6883748,0.9923691,0.1296277,0.1538204
56.862470048,1791080905.596043348,0,0,-0.1059911,0.0080606,-0.0159033,-10.1176214,-15.4481544,-12.5303879,-10.1810665,0.9381579,-0.6242490,-0.0546346,0.0839681,0.2063938,-0.0082289,0.0932885,-0.1682589,0.0483256,0.0523914,0.0700158,0.0495148,0.0084205,-0.0079298,0.0071566,0.0323892,0.1742225,0.6882079,0.9923885,0.1290893,0.1539687
56.882389488,1791080905.615962267,0,0,-0.1057880,0.0081652,-0.0160775,-10.1201239,-15.4342232,-12.5100927,-10.1826963,0.9369600,-0.6234857,-0.0548295,0.0835445,0.2054368,-0.0079836,0.0921405,-0.1695081,0.0482940,0.0523189,0.0699472,0.0494856,0.0084119,-0.0079630,0.0072143,0.0324333,0.1742665,0.6880847,0.9924068,0.1291217,0.1541402
56.902707363,1791080905.636280537,0,0,-0.1057768,0.0079157,-0.0147937,-10.1116056,-15.4325695,-12.5105104,-10.1891756,0.9375835,-0.6247320,-0.0558547,0.0836275,0.2056902,-0.0078399,0.0895826,-0.1691830,0.0482603,0.0522440,0.0698913,0.0494546,0.0084041,-0.0079956,0.0072926,0.0324798,0.1743103,0.6879604,0.9924253,0.1291747,0.1542987
56.920225954,1791080905.653799057,0,0,-0.1054797,0.0074816,-0.0152170,-10.1244574,-15.4498978,-12.5495996,-10.2037172,0.9386255,-0.6240757,-0.0547198,0.0836123,0.2053073,-0.0078459,0.0913307,-0.1683693,0.0481863,0.0521730,0.0697661,0.0494946,0.0083822,-0.0080209,0.0072548,0.0325139,0.1743257,0.6877283,0.9924446,0.1287728,0.1544571
56.940685974,1791080905.674258947,0,0,-0.1062677,0.0079657,-0.0153953,-10.1225367,-15.4473209,-12.5402384,-10.1879663,0.9379063,-0.6238245,-0.0548583,0.0838784,0.2051697,-0.0076884,0.0906110,-0.1674454,0.0481152,0.0521029,0.0696703,0.0495310,0.0083592,-0.0080464,0.0072202,0.0325478,0.1743417,0.6874968,0.9924637,0.1284230,0.1545680
56.964439010,1791080905.698011875,0,0,-0.1057720,0.0082330,-0.0152155,-10.1176977,-15.4377270,-12.5069933,-10.1953592,0.9386388,-0.6243867,-0.0549863,0.0842705,0.2056088,-0.0076287,0.0888754,-0.1671700,0.0480738,0.0520540,0.0699366,0.0495231,0.0083437,-0.0080820,0.0072236,0.0325830,0.1743497,0.6873213,0.9924821,0.1284836,0.1547673
56.982446404,1791080905.716019154,0,0,-0.1063461,0.0080631,-0.0154131,-10.1077948,-15.4448938,-12.5303965,-10.1831446,0.9404436,-0.6251107,-0.0545718,0.0841016,0.2067262,-0.0077108,0.0884647,-0.1672968,0.0480288,0.0520127,0.0702141,0.0494789,0.0083214,-0.0081160,0.0071559,0.0326124,0.1743580,0.6871358,0.9925011,0.1282726,0.1549204
57.003843679,1791080905.737416744,0,0,-0.1062593,0.0087491,-0.0153591,-10.1252823,-15.4556856,-12.5606241,-10.1953821,0.9395631,-0.6265247,-0.0557653,0.0851255,0.2071325,-0.0079696,0.0893786,-0.1668112,0.0479860,0.0519728,0.0704505,0.0494406,0.0083006,-0.0081497,0.0071043,0.0326415,0.1743678,0.6869506,0.9925202,0.1281295,0.1550451
57.022944905,1791080905.756517649,0,0,-0.1061129,0.0087805,-0.0161463,-10.1162996,-15.4674282,-12.5540371,-10.1938562,0.9386375,-0.6280563,-0.0561327,0.0855594,0.2082955,-0.0079090,0.0872081,-0.1657041,0.0479476,0.0519045,0.0700477,0.0494857,0.0082820,-0.0081718,0.0070537,0.0326634,0.1744136,0.6867351,0.9925398,0.1283115,0.1549400
57.042436150,1791080905.776008844,0,0,-0.1057743,0.0082657,-0.0155851,-10.1117344,-15.4477739,-12.5376081,-10.2022772,0.9399607,-0.6300553,-0.0568967,0.0850675,0.2091383,-0.0081814,0.0845542,-0.1684944,0.0479072,0.0518372,0.0697219,0.0495214,0.0082618,-0.0081943,0.0069952,0.0326863,0.1744564,0.6865215,0.9925594,0.1284187,0.1548817
57.062401447,1791080905.795974731,0,0,-0.1058122,0.0079959,-0.0160632,-10.1159773,-15.4363880,-12.5472240,-10.2165661,0.9408132,-0.6304945,-0.0562215,0.0847304,0.2088391,-0.0082100,0.0854016,-0.1717631,0.0478795,0.0518055,0.0701656,0.0494439,0.0082441,-0.0082342,0.0069526,0.0327105,0.1744937,0.6863225,0.9925789,0.1281672,0.1549473
57.080658155,1791080905.814231396,0,0,-0.1066290,0.0076296,-0.0162454,-10.1075420,-15.4260111,-12.5271025,-10.1990356,0.9409639,-0.6293864,-0.0567592,0.0845511,0.2082725,-0.0083172,0.0828640,-0.1737199,0.0478248,0.0517441,0.0700365,0.0494458,0.0082463,-0.0082640,0.0070556,0.0327579,0.1745170,0.6861470,0.9925980,0.1283319,0.1551327
57.101624387,1791080905.835198164,0,0,-0.1060705,0.0075533,-0.0158893,-10.1226864,-15.4339476,-12.5272303,-10.1967230,0.9417192,-0.6285456,-0.0569844,0.0850549,0.2085013,-0.0086307,0.0794716,-0.1710441,0.0477696,0.0516808,0.0699426,0.0494501,0.0082498,-0.0082934,0.0071819,0.0328075,0.1745415,0.6859702,0.9926171,0.1284760,0.1552757
57.124433736,1791080905.858006954,0,0,-0.1063974,0.0085641,-0.0156924,-10.1227961,-15.4560165,-12.5200377,-10.2217426,0.9415613,-0.6294668,-0.0576992,0.0863838,0.2098829,-0.0090017,0.0787707,-0.1709621,0.0477230,0.0516246,0.0699932,0.0494374,0.0082374,-0.0083219,0.0072133,0.0328484,0.1745525,0.6858105,0.9926362,0.1280477,0.1553550
57.145462368,1791080905.879035234,0,0,-0.1064569,0.0082553,-0.0164321,-10.1106339,-15.4716835,-12.5264177,-10.2080116,0.9424340,-0.6250942,-0.0572556,0.0858270,0.2085654,-0.0092691,0.0814998,-0.1686350,0.0476771,0.0515677,0.0700382,0.0494254,0.0082238,-0.0083500,0.0072503,0.0328899,0.1745631,0.6856504,0.9926552,0.1276684,0.1554277
57.164659723,1791080905.898232937,0,0,-0.1064568,0.0085199,-0.0158246,-10.1114779,-15.4685335,-12.5372286,-10.2091627,0.9415582,-0.6250675,-0.0582531,0.0869385,0.2088446,-0.0095209,0.0822176,-0.1696916,0.0476479,0.0515192,0.0700440,0.0494160,0.0082214,-0.0083798,0.0072647,0.0329156,0.1746092,0.6854413,0.9926761,0.1279238,0.1554281
57.184568219,1791080905.918141127,0,0,-0.1055230,0.0087801,-0.0152579,-10.1152048,-15.4814777,-12.5490770,-10.2139759,0.9408056,-0.6272650,-0.0590444,0.0866915,0.2096212,-0.0090290,0.0815326,-0.1681276,0.0476127,0.0514615,0.0699495,0.0494196,0.0082286,-0.0084084,0.0073328,0.0329537,0.1746242,0.6852745,0.9926963,0.1276761,0.1554766
57.206460153,1791080905.940033197,0,0,-0.1057340,0.0088624,-0.0156565,-10.1161318,-15.4868851,-12.5291147,-10.2169933,0.9397296,-0.6281017,-0.0603010,0.0865478,0.2100518,-0.0095015,0.0812384,-0.1697769,0.0475772,0.0514022,0.0698808,0.0494171,0.0082337,-0.0084366,0.0074158,0.0329941,0.1746391,0.6851079,0.9927164,0.1274175,0.1555229
57.224821982,1791080905.958395243,0,0,-0.1051213,0.0079797,-0.0156947,-10.1294756,-15.4900694,-12.5588827,-10.2284040,0.9408450,-0.6259279,-0.0589188,0.0851433,0.2091770,-0.0096272,0.0851732,-0.1690101,0.0475333,0.0513157,0.0694157,0.0494749,0.0082158,-0.0084575,0.0074772,0.0330399,0.1746524,0.6849411,0.9927336,0.1274762,0.1556695
57.244674926,1791080905.978247881,0,0,-0.1053075,0.0085511,-0.0155686,-10.1332617,-15.4713745,-12.5269613,-10.2072020,0.9393423,-0.6238809,-0.0590103,0.0848672,0.2073187,-0.0092747,0.0856052,-0.1669050,0.0474853,0.0512256,0.0690511,0.0495244,0.0081969,-0.0084781,0.0075593,0.0330896,0.1746662,0.6847740,0.9927509,0.1275444,0.1557842
57.265554661,1791080905.999127626,0,0,-0.1055544,0.0084283,-0.0157067,-10.1302004,-15.4718304,-12.5125904,-10.2210178,0.9383855,-0.6240268,-0.0598887,0.0849548,0.2071452,-0.0094539,0.0866143,-0.1701921,0.0474356,0.0511771,0.0694246,0.0494896,0.0081740,-0.0085134,0.0075893,0.0331213,0.1746716,0.6846324,0.9927696,0.1276176,0.1559889
57.284385799,1791080906.017958879,0,0,-0.1050507,0.0083663,-0.0159549,-10.1460238,-15.4939919,-12.5549212,-10.2359571,0.9379422,-0.6242223,-0.0584098,0.0855199,0.2074300,-0.0092527,0.0876321,-0.1676263,0.0473939,0.0511352,0.0697973,0.0494631,0.0081698,-0.0085488,0.0076301,0.0331563,0.1746746,0.6844612,0.9927878,0.1275398,0.1561737
57.304967890,1791080906.038541317,0,0,-0.1052734,0.0080810,-0.0157961,-10.1306734,-15.4901752,-12.5388765,-10.2337694,0.9382073,-0.6244035,-0.0578995,0.0859920,0.2080550,-0.0093612,0.0872563,-0.1676536,0.0473544,0.0510957,0.0700775,0.0494448,0.0081663,-0.0085840,0.0076509,0.0331885,0.1746756,0.6842908,0.9928061,0.1275012,0.1563862
57.325470173,1791080906.059043407,0,0,-0.1057143,0.0078218,-0.0153201,-10.1076231,-15.4619856,-12.5188456,-10.2181549,0.9397988,-0.6271973,-0.0584579,0.0858446,0.2087706,-0.0091391,0.0849699,-0.1714777,0.0473300,0.0510475,0.0701054,0.0494398,0.0081539,-0.0086159,0.0076181,0.0332183,0.1747073,0.6841150,0.9928247,0.1277534,0.1564845
57.346743374,1791080906.080316305,0,0,-0.1058410,0.0082067,-0.0157169,-10.1165648,-15.4506512,-12.5329533,-10.2153263,0.9395728,-0.6278801,-0.0587599,0.0857195,0.2086460,-0.0085075,0.0847600,-0.1723577,0.0473050,0.0509993,0.0701453,0.0494301,0.0081405,-0.0086478,0.0075863,0.0332485,0.1747397,0.6839402,0.9928433,0.1279572,0.1566009
57.365904528,1791080906.099477530,0,0,-0.1050908,0.0075785,-0.0160700,-10.1320782,-15.4757471,-12.5885630,-10.2193975,0.9395501,-0.6282312,-0.0567860,0.0847386,0.2090009,-0.0083135,0.0877093,-0.1686941,0.0472735,0.0509460,0.0701919,0.0494083,0.0081302,-0.0086753,0.0075221,0.0332875,0.1747525,0.6837826,0.9928610,0.1274563,0.1566529
57.384361773,1791080906.117934942,0,0,-0.1052433,0.0083237,-0.0159403,-10.1398764,-15.4783716,-12.5945129,-10.2213383,0.9387554,-0.6286910,-0.0561830,0.0853426,0.2094006,-0.0083448,0.0854765,-0.1640351,0.0472114,0.0508856,0.0699620,0.0494489,0.0081127,-0.0086980,0.0075194,0.0333216,0.1747590,0.6835649,0.9928790,0.1272427,0.1567630
57.404391093,1791080906.137963772,0,0,-0.1053068,0.0085186,-0.0162487,-10.1382103,-15.4800177,-12.5734205,-10.2358351,0.9394369,-0.6295689,-0.0564664,0.0864451,0.2099670,-0.0087304,0.0833579,-0.1663461,0.0471506,0.0508249,0.0697801,0.0494852,0.0080926,-0.0087212,0.0075228,0.0333564,0.1747653,0.6833489,0.9928968,0.1270284,0.1568719
57.426711244,1791080906.160283804,0,0,-0.1062728,0.0083236,-0.0167134,-10.1164827,-15.4725456,-12.5581255,-10.2392416,0.9408180,-0.6292142,-0.0565185,0.0868399,0.2104436,-0.0097034,0.0867829,-0.1717144,0.0471035,0.0507691,0.0699543,0.0495018,0.0080792,-0.0087510,0.0075822,0.0333772,0.1747944,0.6831385,0.9929158,0.1271617,0.1569632
57.442414839,1791080906.175987482,0,0,-0.1067631,0.0090351,-0.0165723,-10.1148863,-15.4695492,-12.5425711,-10.2311468,0.9398081,-0.6280214,-0.0570270,0.0875840,0.2104461,-0.0099947,0.0867917,-0.1701292,0.0470589,0.0507186,0.0700758,0.0495121,0.0080674,-0.0087802,0.0076052,0.0333955,0.1748232,0.6829330,0.9929345,0.1273296,0.1570583
57.464083946,1791080906.197656393,0,0,-0.1061572,0.0081808,-0.0161897,-10.1009579,-15.4632788,-12.5487738,-10.2378521,0.9409904,-0.6297392,-0.0570664,0.0872819,0.2111766,-0.0098009,0.0841309,-0.1725027,0.0470382,0.0506970,0.0704816,0.0494173,0.0080510,-0.0088178,0.0075613,0.0334222,0.1748443,0.6828039,0.9929520,0.1271897,0.1571745
57.482568999,1791080906.216141224,0,0,-0.1062507,0.0084816,-0.0156938,-10.1251497,-15.4687719,-12.5401335,-10.2264442,0.9410518,-0.6270574,-0.0580215,0.0876694,0.2103935,-0.0100754,0.0844011,-0.1696126,0.0469807,0.0506667,0.0707607,0.0494034,0.0080361,-0.0088515,0.0076140,0.0334562,0.1748443,0.6826131,0.9929704,0.1270628,0.1573799
57.505846149,1791080906.239419460,0,0,-0.1054385,0.0083614,-0.0167522,-10.1294317,-15.5040836,-12.5631752,-10.2399645,0.9419104,-0.6250920,-0.0574118,0.0880683,0.2101154,-0.0103193,0.0861909,-0.1678989,0.0469255,0.0506385,0.0709975,0.0493946,0.0080219,-0.0088855,0.0076560,0.0334889,0.1748462,0.6824221,0.9929885,0.1269467,0.1575704
57.524594981,1791080906.258167982,0,0,-0.1053248,0.0082182,-0.0160260,-10.1168661,-15.4906015,-12.5739012,-10.2405205,0.9415170,-0.6248378,-0.0571360,0.0877072,0.2091797,-0.0100546,0.0867699,-0.1700408,0.0468933,0.0506143,0.0710847,0.0493716,0.0080079,-0.0089159,0.0076188,0.0335152,0.1748703,0.6822504,0.9930070,0.1271801,0.1576340
57.548385670,1791080906.281959534,0,0,-0.1061087,0.0077348,-0.0146267,-10.0927858,-15.4845686,-12.5465822,-10.2418699,0.9421579,-0.6277105,-0.0594947,0.0886161,0.2111338,-0.0106931,0.0830803,-0.1739123,0.0468829,0.0505726,0.0707373,0.0493740,0.0080092,-0.0089408,0.0076099,0.0335406,0.1749108,0.6820920,0.9930264,0.1277461,0.1575925
57.568476366,1791080906.302049398,0,0,-0.1070674,0.0080939,-0.0147250,-10.1012373,-15.4678555,-12.5082598,-10.2134333,0.9417030,-0.6255153,-0.0595903,0.0871015,0.2092987,-0.0099225,0.0822227,-0.1704050,0.0468719,0.0505303,0.0704493,0.0493660,0.0080117,-0.0089645,0.0076029,0.0335675,0.1749533,0.6819339,0.9930457,0.1281970,0.1575169
57.585358305,1791080906.318931103,0,0,-0.1056156,0.0076318,-0.0149988,-10.1292171,-15.4799881,-12.5689745,-10.2395687,0.9426140,-0.6221716,-0.0574858,0.0859518,0.2079765,-0.0098110,0.0852655,-0.1674927,0.0468493,0.0504757,0.0702639,0.0493639,0.0080255,-0.0089924,0.0077225,0.0335995,0.1749990,0.6817842,0.9930650,0.1281518,0.1574826
57.606794322,1791080906.340367317,0,0,-0.1050844,0.0071046,-0.0158188,-10.1160402,-15.4625216,-12.5591450,-10.2379723,0.9434721,-0.6198230,-0.0568179,0.0847046,0.2065813,-0.0095296,0.0854224,-0.1687178,0.0468257,0.0504203,0.0701230,0.0493621,0.0080362,-0.0090206,0.0078239,0.0336315,0.1750410,0.6816348,0.9930843,0.1280552,0.1575077
57.628158275,1791080906.361731768,0,0,-0.1057400,0.0074650,-0.0151382,-10.1129999,-15.4416313,-12.5622864,-10.2377453,0.9428287,-0.6201712,-0.0575602,0.0839289,0.2051211,-0.0090171,0.0849693,-0.1721552,0.0467855,0.0503942,0.0703558,0.0493676,0.0080237,-0.0090490,0.0077941,0.0336560,0.1750509,0.6814402,0.9931018,0.1282613,0.1577505
57.643710477,1791080906.377282619,0,0,-0.1062700,0.0082287,-0.0141192,-10.1127243,-15.4397516,-12.5338659,-10.2369089,0.9424352,-0.6226276,-0.0593755,0.0852177,0.2062539,-0.0091547,0.0818623,-0.1729562,0.0467627,0.0503551,0.0702340,0.0493768,0.0080089,-0.0090760,0.0077918,0.0336874,0.1750529,0.6813028,0.9931194,0.1284951,0.1579522
57.666162789,1791080906.399735212,0,0,-0.1054969,0.0080331,-0.0148628,-10.1423693,-15.4666262,-12.5816202,-10.2485800,0.9423944,-0.6214014,-0.0576224,0.0839424,0.2060173,-0.0085455,0.0824472,-0.1678679,0.0467374,0.0503140,0.0701591,0.0493849,0.0079987,-0.0091022,0.0078172,0.0337214,0.1750590,0.6811621,0.9931370,0.1286831,0.1580575
57.684017950,1791080906.417589903,0,0,-0.1057800,0.0079885,-0.0147586,-10.1264467,-15.4571285,-12.6004858,-10.2626486,0.9421829,-0.6245582,-0.0575591,0.0837841,0.2073879,-0.0083138,0.0804821,-0.1700668,0.0467176,0.0502831,0.0703648,0.0493638,0.0079907,-0.0091300,0.0078189,0.0337543,0.1750633,0.6810092,0.9931555,0.1281404,0.1580571
57.704209767,1791080906.437782288,0,0,-0.1054930,0.0081050,-0.0159720,-10.1374340,-15.4534969,-12.5995970,-10.2669306,0.9415734,-0.6255503,-0.0574736,0.0834544,0.2067544,-0.0080400,0.0807831,-0.1721522,0.0467005,0.0502550,0.0705399,0.0493446,0.0079827,-0.0091584,0.0077971,0.0337837,0.1750675,0.6808580,0.9931740,0.1276937,0.1580949
57.725473176,1791080906.459045887,0,0,-0.1045371,0.0081735,-0.0165511,-10.1526833,-15.4696598,-12.6177626,-10.2696095,0.9415686,-0.6246394,-0.0571142,0.0840606,0.2064656,-0.0083436,0.0830082,-0.1713380,0.0466785,0.0502263,0.0706054,0.0493375,0.0079768,-0.0091892,0.0078122,0.0338121,0.1750712,0.6806884,0.9931918,0.1273504,0.1581777
57.743702131,1791080906.477274656,0,0,-0.1047542,0.0083249,-0.0158657,-10.1473846,-15.4679432,-12.6100941,-10.2715788,0.9423031,-0.6260065,-0.0569102,0.0846853,0.2070293,-0.0082807,0.0817163,-0.1705606,0.0466437,0.0501995,0.0707815,0.0493451,0.0079635,-0.0092168,0.0078241,0.0338359,0.1750721,0.6805241,0.9932101,0.1273001,0.1582820
57.764277823,1791080906.497850418,0,0,-0.1060994,0.0086313,-0.0156638,-10.1261892,-15.4577045,-12.5619259,-10.2449999,0.9422790,-0.6245478,-0.0571081,0.0845588,0.2067910,-0.0078406,0.0786577,-0.1673508,0.0466110,0.0501745,0.0708930,0.0493453,0.0079493,-0.0092432,0.0078368,0.0338602,0.1750741,0.6803613,0.9932283,0.1272811,0.1583428
57.783606434,1791080906.517178774,0,0,-0.1056979,0.0078925,-0.0160451,-10.1311655,-15.4580393,-12.5635948,-10.2474318,0.9432449,-0.6240904,-0.0564197,0.0845068,0.2067579,-0.0082360,0.0798220,-0.1685957,0.0466143,0.0501526,0.0708023,0.0493031,0.0079219,-0.0092644,0.0076806,0.0338784,0.1751147,0.6801960,0.9932472,0.1268211,0.1581367
57.803607018,1791080906.537179470,0,0,-0.1056946,0.0082343,-0.0159786,-10.1325035,-15.4496994,-12.5788231,-10.2524500,0.9427530,-0.6238959,-0.0564321,0.0848688,0.2066495,-0.0080469,0.0808390,-0.1691529,0.0466184,0.0501312,0.0707420,0.0492680,0.0078946,-0.0092857,0.0075325,0.0338951,0.1751548,0.6800305,0.9932660,0.1264354,0.1579494
57.823667730,1791080906.557240248,0,0,-0.1057234,0.0082260,-0.0160000,-10.1294470,-15.4595547,-12.5665941,-10.2446928,0.9421322,-0.6217597,-0.0571853,0.0849617,0.2060024,-0.0084329,0.0823237,-0.1694668,0.0466074,0.0500875,0.0705085,0.0492404,0.0078814,-0.0093028,0.0074937,0.0339078,0.1752077,0.6798927,0.9932853,0.1261631,0.1577412
57.843601049,1791080906.577173233,0,0,-0.1053386,0.0077673,-0.0147601,-10.1327238,-15.4738522,-12.5820303,-10.2533283,0.9428452,-0.6227698,-0.0569793,0.0846393,0.2067686,-0.0082339,0.0789150,-0.1676664,0.0465957,0.0500435,0.0703258,0.0492161,0.0078708,-0.0093193,0.0074811,0.0339223,0.1752613,0.6797521,0.9933045,0.1259106,0.1574724
57.864594120,1791080906.598167181,0,0,-0.1059490,0.0085955,-0.0151487,-10.1464863,-15.4962492,-12.6107054,-10.2663765,0.9423500,-0.6190628,-0.0572736,0.0861007,0.2062512,-0.0089067,0.0828207,-0.1646169,0.0465742,0.0500272,0.0705714,0.0492058,0.0078640,-0.0093486,0.0075208,0.0339483,0.1752885,0.6795424,0.9933233,0.1262501,0.1574377
57.883608297,1791080906.617180824,0,0,-0.1052692,0.0085960,-0.0146593,-10.1359644,-15.4954081,-12.6044941,-10.2707119,0.9436069,-0.6192111,-0.0572703,0.0858006,0.2061743,-0.0086006,0.0812017,-0.1646611,0.0465396,0.0499865,0.0702591,0.0492483,0.0078631,-0.0093666,0.0075858,0.0339759,0.1753375,0.6793633,0.9933420,0.1268819,0.1573638
57.903821810,1791080906.637394190,0,0,-0.1053616,0.0086601,-0.0148038,-10.1279583,-15.4837666,-12.5905313,-10.2727604,0.9439585,-0.6190305,-0.0576936,0.0850361,0.2054379,-0.0084928,0.0813366,-0.1661704,0.0465041,0.0499455,0.0700150,0.0492790,0.0078610,-0.0093844,0.0076503,0.0340054,0.1753873,0.6791858,0.9933605,0.1274069,0.1572818
57.925375076,1791080906.658947468,0,0,-0.1059226,0.0086522,-0.0152254,-10.1149969,-15.4638863,-12.5843096,-10.2531471,0.9433454,-0.6179424,-0.0580440,0.0845263,0.2047690,-0.0085945,0.0807008,-0.1676777,0.0464503,0.0499064,0.0699001,0.0493250,0.0078426,-0.0094028,0.0077212,0.0340429,0.1753731,0.6790015,0.9933780,0.1272476,0.1574664
57.943604160,1791080906.677176476,0,0,-0.1054900,0.0085439,-0.0156648,-10.1330328,-15.4869995,-12.6119146,-10.2738619,0.9443060,-0.6165770,-0.0569477,0.0851526,0.2051644,-0.0090291,0.0821132,-0.1663825,0.0464383,0.0498793,0.0700612,0.0493054,0.0078270,-0.0094276,0.0077154,0.0340703,0.1753964,0.6788461,0.9933967,0.1273119,0.1573611
57.966693373,1791080906.700267076,0,0,-0.1049435,0.0084543,-0.0157365,-10.1383381,-15.4881191,-12.6189470,-10.2761002,0.9449477,-0.6131112,-0.0562556,0.0844909,0.2037677,-0.0090460,0.0809463,-0.1632163,0.0464276,0.0498544,0.0701745,0.0492891,0.0078146,-0.0094521,0.0076930,0.0340954,0.1754189,0.6786913,0.9934154,0.1273766,0.1572512
57.988485137,1791080906.722058535,0,0,-0.1052608,0.0078524,-0.0157537,-10.1197624,-15.4585438,-12.5998163,-10.2678747,0.9443167,-0.6139305,-0.0561910,0.0833866,0.2032739,-0.0090552,0.0815524,-0.1701711,0.0464171,0.0498161,0.0698541,0.0492956,0.0078015,-0.0094659,0.0076400,0.0341198,0.1754520,0.6785696,0.9934338,0.1274566,0.1571677
58.007770163,1791080906.741342545,0,0,-0.1053896,0.0077241,-0.0142146,-10.1365118,-15.4610558,-12.6043501,-10.2690592,0.9436967,-0.6159125,-0.0575279,0.0831607,0.2039156,-0.0091210,0.0800761,-0.1693325,0.0464052,0.0497756,0.0696057,0.0492971,0.0077866,-0.0094793,0.0076190,0.0341474,0.1754831,0.6784467,0.9934523,0.1274913,0.1570799
58.024192707,1791080906.757765055,0,0,-0.1044120,0.0078756,-0.0150592,-10.1542950,-15.4962616,-12.6746397,-10.3068495,0.9442440,-0.6143063,-0.0558881,0.0847657,0.2035794,-0.0091799,0.0815548,-0.1696244,0.0463797,0.0497518,0.0698869,0.0492927,0.0077626,-0.0095062,0.0076574,0.0341682,0.1755055,0.6782815,0.9934698,0.1272388,0.1571344
58.044182347,1791080906.777754307,0,0,-0.1049959,0.0080833,-0.0149931,-10.1412954,-15.4854336,-12.6286478,-10.2850103,0.9442130,-0.6126781,-0.0556840,0.0842588,0.2027209,-0.0084789,0.0810456,-0.1665378,0.0463753,0.0497095,0.0698840,0.0492873,0.0077597,-0.0095289,0.0077341,0.0341913,0.1755343,0.6781324,0.9934872,0.1269102,0.1570146
58.064199794,1791080906.797772646,0,0,-0.1053683,0.0082805,-0.0142543,-10.1422739,-15.4805288,-12.5935297,-10.2880287,0.9433119,-0.6123753,-0.0570028,0.0851103,0.2026470,-0.0088217,0.0804709,-0.1673977,0.0463711,0.0496677,0.0698764,0.0492798,0.0077570,-0.0095513,0.0078051,0.0342145,0.1755624,0.6779840,0.9935047,0.1266376,0.1569082
58.084193882,1791080906.817765951,0,0,-0.1054268,0.0076483,-0.0140777,-10.1378565,-15.4934273,-12.6314344,-10.3007698,0.9452991,-0.6126683,-0.0556788,0.0854593,0.2038882,-0.0093092,0.0820574,-0.1685540,0.0463404,0.0496360,0.0700162,0.0492968,0.0077472,-0.0095749,0.0078679,0.0342392,0.1755628,0.6778124,0.9935223,0.1266518,0.1570557
58.105311785,1791080906.838884592,0,0,-0.1055487,0.0079438,-0.0148832,-10.1297436,-15.4926271,-12.6620560,-10.2951384,0.9459113,-0.6077968,-0.0546857,0.0851201,0.2020029,-0.0095694,0.0848819,-0.1687566,0.0463117,0.0496044,0.0701321,0.0493154,0.0077357,-0.0095986,0.0079314,0.0342639,0.1755632,0.6776422,0.9935398,0.1266391,0.1572042
58.124229098,1791080906.857801914,0,0,-0.1058802,0.0081846,-0.0144847,-10.1247206,-15.4925556,-12.6336584,-10.2850924,0.9447607,-0.6058421,-0.0555546,0.0853363,0.2013804,-0.0096147,0.0838922,-0.1676941,0.0462916,0.0495705,0.0700290,0.0493219,0.0077300,-0.0096201,0.0080054,0.0342908,0.1756009,0.6775081,0.9935570,0.1273578,0.1572785
58.145617755,1791080906.879190445,0,0,-0.1058680,0.0082835,-0.0133560,-10.1284056,-15.4933510,-12.6303263,-10.2773542,0.9452969,-0.6067112,-0.0558289,0.0851374,0.2017731,-0.0094961,0.0823843,-0.1649482,0.0462667,0.0495385,0.0699373,0.0493431,0.0077267,-0.0096391,0.0080813,0.0343187,0.1756075,0.6773490,0.9935737,0.1276814,0.1573839
58.166766538,1791080906.900340080,0,0,-0.1054526,0.0077391,-0.0139896,-10.1363497,-15.4900246,-12.6361494,-10.2865171,0.9453169,-0.6064491,-0.0557858,0.0841823,0.2015100,-0.0096553,0.0837864,-0.1666946,0.0462422,0.0495082,0.0698622,0.0493615,0.0077201,-0.0096585,0.0081272,0.0343448,0.1756121,0.6771911,0.9935904,0.1279416,0.1575584
58.188580478,1791080906.922153234,0,0,-0.0649658,0.0209070,-0.0012086,-10.3877163,-15.6310673,-11.9905243,-10.1754084,0.9171923,-0.6352642,-0.1329183,0.0750126,0.2023195,-0.0184388,0.0890117,-0.1466937,0.0462459,0.0495009,0.0703735,0.0493199,0.0077396,-0.0097093,0.0082073,0.0343691,0.1755541,0.6770654,0.9936126,0.1276396,0.1574421
58.210471571,1791080906.944044590,0,0,-0.0029050,0.0223522,-0.0221982,-11.2311811,-15.7431126,-11.3692036,-9.4566889,0.8767349,-0.6478882,-0.1621618,0.0737834,0.2208626,-0.0135915,0.0464065,-0.1366295,0.0462194,0.0495125,0.0716903,0.0494641,0.0078470,-0.0097934,0.0082165,0.0343584,0.1754427,0.6769300,0.9936449,0.1280781,0.1573824
58.228308268,1791080906.961881399,0,0,0.0316582,0.0202950,-0.0324807,-12.0472555,-16.0453701,-11.4525175,-9.2272844,0.8367776,-0.6392165,-0.1634178,0.0808512,0.2359415,-0.0193178,0.0775750,-0.1394035,0.0461230,0.0495338,0.0729930,0.0498424,0.0080259,-0.0098834,0.0082024,0.0343466,0.1753268,0.6766826,0.9936875,0.1297873,0.1576442
58.248452949,1791080906.982025623,0,0,0.0254723,0.0201876,-0.0309549,-12.4437561,-15.8818464,-10.8966532,-8.8601904,0.8101647,-0.5687764,-0.1663965,0.0858323,0.2347986,-0.0236180,0.1499281,-0.1129555,0.0459335,0.0495694,0.0742946,0.0498420,0.0081496,-0.0099856,0.0079172,0.0343581,0.1750431,0.6764057,0.9937168,0.1289198,0.1583001
58.268667326,1791080907.002240419,0,0,0.0163004,0.0162303,-0.0322809,-12.6080742,-15.7006760,-10.0424509,-8.4805298,0.7985889,-0.4233333,-0.1610477,0.0689273,0.1965567,-0.0259202,0.2050829,-0.0575371,0.0457589,0.0495751,0.0749099,0.0497830,0.0082414,-0.0100787,0.0079387,0.0344103,0.1747811,0.6760952,0.9937530,0.1280952,0.1586656
58.289328705,1791080907.022901773,0,0,0.0245654,0.0169207,-0.0253352,-12.7118168,-15.4372168,-9.0698099,-8.0157356,0.7795089,-0.3041759,-0.1521721,0.0578057,0.1708835,-0.0282447,0.2204177,-0.0073937,0.0457731,0.0495609,0.0743484,0.0494344,0.0082967,-0.0101677,0.0080011,0.0344412,0.1747834,0.6758847,0.9937977,0.1271465,0.1580327
58.308608252,1791080907.042181015,0,0,0.0354234,0.0182323,-0.0309066,-12.7341261,-15.5239773,-8.4012308,-7.7306833,0.7568740,-0.1854807,-0.1319634,0.0510942,0.1399425,-0.0437429,0.2181295,0.0297740,0.0457783,0.0495435,0.0738387,0.0490358,0.0083635,-0.0102490,0.0081592,0.0344910,0.1747819,0.6756593,0.9938508,0.1262748,0.1570819
58.330374567,1791080907.063947678,0,0,0.0531774,0.0159729,-0.0412403,-12.6934643,-15.4288931,-7.9964318,-7.5904031,0.7312642,-0.0751786,-0.1016532,0.0414258,0.1046714,-0.0642178,0.1970406,0.0528496,0.0457831,0.0495582,0.0745523,0.0485844,0.0084889,-0.0103270,0.0087411,0.0346156,0.1746233,0.6755449,0.9939265,0.1240701,0.1553686
58.350507207,1791080907.084080219,0,0,0.0803662,0.0104362,-0.0483372,-12.6726961,-15.3239622,-7.7185245,-7.7013144,0.7059366,0.0058713,-0.0881834,0.0385916,0.0903977,-0.0769826,0.1786454,0.0696851,0.0457517,0.0495745,0.0728808,0.0483018,0.0086415,-0.0103711,0.0094152,0.0347559,0.1745662,0.6757618,0.9940538,0.1267425,0.1529117
58.372282609,1791080907.105855465,0,0,0.1241066,0.0044991,-0.0547271,-12.8988924,-15.4779930,-7.8307595,-8.1103439,0.6800812,0.0072843,-0.1072136,0.0537834,0.1055932,-0.0856490,0.1893943,0.0834547,0.0456591,0.0496188,0.0723246,0.0478983,0.0088160,-0.0104229,0.0099911,0.0349140,0.1745068,0.6759679,0.9941871,0.1283669,0.1497726
58.392568562,1791080907.126141548,0,0,0.1602776,-0.0052639,-0.0532457,-12.9601202,-15.7499666,-8.3098278,-8.8260574,0.6660917,-0.0091403,-0.0973860,0.0569259,0.0907984,-0.1050003,0.1708023,0.0868436,0.0456757,0.0498227,0.0735918,0.0466135,0.0091203,-0.0105402,0.0099612,0.0350200,0.1746341,0.6757336,0.9943274,0.1265875,0.1444583
58.410469188,1791080907.144042015,0,0,0.1784645,-0.0092851,-0.0568416,-12.7926216,-15.9680119,-8.8247652,-9.2790079,0.6654158,-0.0496949,-0.0952188,0.0574297,0.0905071,-0.1145000,0.1472763,0.0811056,0.0456686,0.0500599,0.0745667,0.0454351,0.0094626,-0.0106552,0.0099883,0.0351109,0.1748121,0.6754776,0.9944866,0.1246244,0.1388466
58.430559140,1791080907.164132118,0,0,0.2040674,-0.0052070,-0.0732501,-12.5858784,-16.0044441,-9.3461485,-9.8279381,0.6596178,-0.1012152,-0.0929042,0.0586010,0.1025921,-0.1121984,0.1295974,0.0686338,0.0454649,0.0503801,0.0766395,0.0449468,0.0097720,-0.0107892,0.0101573,0.0352450,0.1745768,0.6748144,0.9947041,0.1251342,0.1344942
58.450555619,1791080907.184128284,0,0,0.2359860,0.0010674,-0.0906544,-12.4554625,-16.0548325,-9.9625130,-10.5937319,0.6610077,-0.1711685,-0.0975284,0.0628927,0.1278657,-0.1082997,0.1249142,0.0520804,0.0452722,0.0508650,0.0791599,0.0442002,0.0100555,-0.0109895,0.0101018,0.0353244,0.1744042,0.6744370,0.9949160,0.1208019,0.1279458
58.471152806,1791080907.204725742,0,0,0.2540165,0.0035234,-0.1103542,-12.3780985,-16.0046406,-10.7807150,-11.2694883,0.6792178,-0.2761325,-0.1034849,0.0644038,0.1714397,-0.1043038,0.1270705,0.0339020,0.0451035,0.0513680,0.0808631,0.0435641,0.0103402,-0.0111902,0.0100610,0.0354028,0.1742997,0.6740081,0.9951437,0.1165099,0.1217465
58.489615612,1791080907.223188400,0,0,0.2910638,0.0117044,-0.1374246,-12.1334391,-15.9353848,-11.8619699,-12.1158361,0.6947252,-0.3663143,-0.1207793,0.0769331,0.2785534,-0.1213222,0.1124202,0.0195086,0.0450047,0.0519412,0.0827781,0.0427718,0.0107579,-0.0114216,0.0099143,0.0354744,0.1742739,0.6734852,0.9954523,0.1138209,0.1162132
58.511782281,1791080907.245355368,0,0,0.2907145,0.0136278,-0.1606119,-11.8821478,-15.8888006,-12.7273474,-12.7105150,0.7308872,-0.4609504,-0.1591081,0.1002082,0.4796016,-0.1487664,0.0755724,0.0322637,0.0449478,0.0525104,0.0839235,0.0420327,0.0111693,-0.0116519,0.0097077,0.0355216,0.1743531,0.6729192,0.9957741,0.1108119,0.1112612
58.531124964,1791080907.264698267,0,0,0.3082701,0.0186488,-0.1824051,-11.5893412,-15.7552242,-13.9087172,-13.5437021,0.7683227,-0.5445802,-0.1981405,0.1030191,0.6982003,-0.1777190,0.0342155,0.0805841,0.0448473,0.0530518,0.0847973,0.0416840,0.0115996,-0.0118619,0.0095562,0.0355447,0.1745214,0.6724324,0.9960626,0.1076344,0.1052776
58.552399819,1791080907.285972834,0,0,0.3319935,0.0283059,-0.1989047,-11.1604643,-15.7103930,-14.7324610,-14.3129015,0.8060613,-0.5681199,-0.1973547,0.0590081,0.8792700,-0.2196685,-0.0487803,0.1347470,0.0449461,0.0535006,0.0841736,0.0414430,0.0120588,-0.0120163,0.0098581,0.0355954,0.1751244,0.6719573,0.9962901,0.1055994,0.0981675
58.571148066,1791080907.304720879,0,0,0.3448088,0.0337352,-0.2096975,-10.7178316,-15.6867561,-15.3434811,-14.7880049,0.8334601,-0.5862714,-0.0029185,-0.0016378,0.9472440,-0.2560656,-0.1085730,0.1601585,0.0449766,0.0539217,0.0833779,0.0412961,0.0125446,-0.0121548,0.0101631,0.0356342,0.1758306,0.6714520,0.9965362,0.1037024,0.0909322
58.591950695,1791080907.325523138,0,0,0.3540848,0.0406256,-0.2134007,-10.1899681,-15.6251831,-15.9050207,-15.4265776,0.8533424,-0.5980982,0.2483673,0.0014085,0.9750925,-0.2888401,-0.1614916,0.2197274,0.0449365,0.0544731,0.0831366,0.0413359,0.0129183,-0.0122445,0.0096227,0.0357249,0.1759872,0.6708398,0.9967282,0.0989727,0.0834849
58.612687787,1791080907.346260548,0,0,0.3619843,0.0390525,-0.2071849,-9.7982779,-15.7622051,-16.6706848,-16.1120415,0.8620447,-0.5527540,0.4892427,0.0011659,0.9161512,-0.2806058,-0.2105698,0.3154689,0.0450774,0.0549885,0.0819599,0.0415295,0.0133642,-0.0122434,0.0088857,0.0358190,0.1762592,0.6707572,0.9968963,0.0956170,0.0720268
58.632747498,1791080907.366320610,0,0,0.3473703,0.0202382,-0.1770982,-9.7360926,-15.8732414,-17.8474979,-16.0030708,0.8699957,-0.5167489,0.6519285,0.0108123,0.8405098,-0.2486403,-0.2577598,0.4051727,0.0452946,0.0554746,0.0813571,0.0418516,0.0139293,-0.0122392,0.0086726,0.0359912,0.1766780,0.6707252,0.9970946,0.0929012,0.0589452
58.651357249,1791080907.384930849,0,0,0.3241203,-0.0047778,-0.1590532,-9.9503784,-15.9515991,-19.0087395,-15.4065266,0.8702962,-0.4860096,0.6844291,0.0526887,0.7194958,-0.1947333,-0.3027143,0.4857539,0.0460936,0.0558401,0.0812474,0.0422492,0.0146544,-0.0122579,0.0086898,0.0361586,0.1775602,0.6715346,0.9972680,0.0945238,0.0448117
58.671380512,1791080907.404953718,0,0,0.3177271,-0.0137658,-0.1453246,-9.9906044,-15.7046375,-20.3825607,-14.7316980,0.8690480,-0.5185080,0.6182635,0.1429138,0.5924105,-0.1238541,-0.2407887,0.5271133,0.0469124,0.0562393,0.0813273,0.0425207,0.0154566,-0.0122715,0.0088934,0.0362771,0.1784814,0.6722848,0.9974360,0.0962885,0.0301111
58.694659572,1791080907.428232670,0,0,0.3331177,-0.0301403,-0.1559413,-9.5257044,-15.1946278,-22.0784988,-13.5692444,0.8605175,-0.5733831,0.5338081,0.1602533,0.5323676,-0.0689758,-0.1372156,0.5230061,0.0473603,0.0566592,0.0806017,0.0436801,0.0162025,-0.0122147,0.0091562,0.0362911,0.1792614,0.6731135,0.9976299,0.0975123,0.0125657
58.714379378,1791080907.447952271,0,0,0.3429118,-0.0638248,-0.1408313,-9.1256933,-14.6077652,-22.2714596,-13.2351065,0.8561431,-0.6204445,0.5832035,0.1840123,0.5053722,-0.0361202,-0.1064770,0.5866398,0.0481069,0.0571686,0.0799859,0.0444924,0.0170154,-0.0121948,0.0093407,0.0362636,0.1797613,0.6735529,0.9977333,0.0964681,-0.0036935
58.732550437,1791080907.466123343,0,0,0.3223858,-0.0789920,-0.0950245,-8.9171934,-14.0055008,-22.7473240,-12.7074232,0.8768722,-0.7284565,0.6052732,0.2066432,0.5137934,-0.0061974,-0.0485013,0.5990481,0.0491072,0.0575792,0.0791472,0.0448410,0.0177575,-0.0121891,0.0090903,0.0362427,0.1802168,0.6739001,0.9978324,0.0958174,-0.0157304
58.754143375,1791080907.487716436,0,0,0.3109484,-0.0743904,-0.0719962,-9.2316236,-13.8969097,-22.5697975,-12.3036661,0.8998367,-0.7266533,0.4546196,0.1906973,0.4104818,0.0205588,0.0134526,0.5271107,0.0501109,0.0578554,0.0768269,0.0447472,0.0183384,-0.0120984,0.0086070,0.0361842,0.1807193,0.6741695,0.9979289,0.0956377,-0.0256949
58.773238536,1791080907.506811380,0,0,0.3036045,-0.0594055,-0.0500910,-9.7804565,-14.0043097,-22.2247276,-12.3706179,0.8899126,-0.7387893,0.3148740,0.1705788,0.3474007,0.0293009,0.0465661,0.4274507,0.0512453,0.0580337,0.0748084,0.0444131,0.0187706,-0.0120569,0.0078621,0.0361307,0.1811990,0.6744046,0.9980227,0.0961081,-0.0326445
58.794678352,1791080907.528251410,0,0,0.3070403,-0.0463216,-0.0420568,-10.3248281,-14.4638119,-22.1579723,-12.5916452,0.8706008,-0.6833037,0.2120155,0.1581333,0.2825935,0.0295247,0.0725438,0.3125248,0.0524872,0.0582138,0.0744573,0.0447693,0.0192571,-0.0120882,0.0064736,0.0361134,0.1816892,0.6745684,0.9980781,0.0979978,-0.0359780
58.812491554,1791080907.546064615,0,0,0.3222595,-0.0428635,-0.0361713,-10.8179922,-14.8362274,-22.3307590,-12.9276991,0.8597035,-0.5872420,0.1378101,0.1369823,0.2168687,0.0315720,0.1033159,0.2160396,0.0536684,0.0584357,0.0736909,0.0463529,0.0195590,-0.0121028,0.0045728,0.0359610,0.1822653,0.6747659,0.9981221,0.0982756,-0.0397430
58.835373619,1791080907.568946600,0,0,0.3349356,-0.0400021,-0.0426369,-11.1398983,-15.2419853,-22.1704597,-13.2264233,0.8383234,-0.4175699,0.0784841,0.1271674,0.1273036,0.0246357,0.1355503,0.1289739,0.0549769,0.0586342,0.0729489,0.0477315,0.0198238,-0.0121236,0.0028111,0.0357991,0.1828864,0.6749591,0.9981709,0.0983301,-0.0424978
58.852326271,1791080907.585899591,0,0,0.3510315,-0.0437990,-0.0431826,-11.2002754,-15.3952694,-21.7464771,-13.3239565,0.8031855,-0.1816111,0.0740742,0.1227810,0.0590309,0.0227522,0.1514470,0.0682618,0.0573783,0.0587022,0.0724045,0.0482459,0.0200375,-0.0119968,0.0013970,0.0356290,0.1833019,0.6751050,0.9981818,0.0967903,-0.0446824
58.875185489,1791080907.608758450,0,0,0.3572193,-0.0517435,-0.0329473,-11.3513479,-15.3183479,-21.0211906,-13.3297834,0.7738765,0.0249373,0.0743340,0.1424998,0.0297466,0.0324641,0.1665908,0.0304556,0.0595301,0.0587406,0.0718877,0.0482266,0.0202516,-0.0118028,0.0002326,0.0354395,0.1836898,0.6752184,0.9981916,0.0951757,-0.0460218
58.896235542,1791080907.629808426,0,0,0.3669663,-0.0620576,-0.0131193,-11.5452080,-15.4659929,-20.5347519,-13.3726072,0.7281563,0.2933158,0.1089744,0.2006307,0.0027672,0.0565637,0.2066945,-0.0299472,0.0605487,0.0587416,0.0711994,0.0488896,0.0196367,-0.0113087,-0.0003180,0.0350285,0.1838588,0.6752398,0.9981878,0.0935131,-0.0448876
58.914475371,1791080907.648047924,0,0,0.3559991,-0.0458822,0.0000970,-11.4902887,-14.8066931,-18.6439781,-13.1008139,0.6573291,0.3616305,0.0709879,0.2263328,-0.0332369,0.0365000,0.1616106,-0.0919527,0.0610385,0.0588436,0.0696106,0.0485870,0.0187958,-0.0107213,-0.0000192,0.0345272,0.1839144,0.6752464,0.9981849,0.0921996,-0.0427517
58.932926080,1791080907.666499138,0,0,0.3479159,-0.0332063,0.0436541,-11.9280653,-15.0513954,-16.9307308,-14.5007963,0.6933808,0.2354468,0.0317332,0.1752211,-0.0341765,0.0093255,0.1473781,-0.1153987,0.0618387,0.0589411,0.0683325,0.0480128,0.0178706,-0.0101653,0.0001950,0.0340452,0.1839845,0.6752503,0.9981821,0.0910608,-0.0393226
58.954400713,1791080907.687973976,0,0,0.3840849,-0.0211714,0.0838877,-11.5167837,-15.3040171,-16.2575207,-14.9106760,0.7481338,0.0620430,0.0850808,0.2632367,0.0313056,-0.0335012,0.1747845,-0.1878592,0.0632140,0.0590260,0.0673555,0.0484959,0.0168372,-0.0096070,-0.0005597,0.0334033,0.1841704,0.6752505,0.9981876,0.0899663,-0.0327979
58.973174208,1791080907.706747055,0,0,0.3561226,-0.0115799,0.0259368,-11.4273119,-15.2201357,-12.8846807,-15.4974203,0.6557801,0.0644020,0.1795458,0.2606764,0.0565958,-0.0762499,0.1344153,-0.2174728,0.0644197,0.0590733,0.0664645,0.0483525,0.0159740,-0.0089205,-0.0012495,0.0327969,0.1842786,0.6752492,0.9981930,0.0884562,-0.0275171
58.994871754,1791080907.728445292,0,0,0.3268182,0.0028476,0.0480879,-11.1481504,-14.5572300,-14.9485264,-15.0195456,0.7334492,-0.0111319,0.1366545,0.2073447,0.0492444,-0.0365438,0.1136948,-0.1847031,0.0652582,0.0589938,0.0652223,0.0464912,0.0150540,-0.0076128,-0.0009555,0.0320178,0.1843811,0.6752642,0.9981527,0.0858335,-0.0246596
59.012571643,1791080907.746144772,0,0,0.3334751,0.0030653,0.0637072,-11.3252277,-14.2705259,-14.7088547,-15.1927576,0.8285909,-0.0964741,0.1781123,0.2022163,0.0905439,-0.0563760,0.1066840,-0.1993629,0.0655586,0.0588158,0.0641771,0.0452570,0.0140338,-0.0060439,-0.0008314,0.0313509,0.1845911,0.6752854,0.9981493,0.0832135,-0.0224714
59.035460428,1791080907.769033194,0,0,0.3337159,0.0148199,0.0648925,-11.6051207,-14.1946297,-14.1514330,-14.8547239,0.8497876,0.0204573,0.2204727,0.2270769,0.0837011,-0.0913010,0.1044683,-0.2047454,0.0657636,0.0585910,0.0632724,0.0445644,0.0131724,-0.0044501,-0.0005784,0.0307270,0.1848210,0.6753111,0.9981483,0.0807984,-0.0213032
59.053581823,1791080907.787154913,0,0,0.3483475,0.0054930,0.0625187,-11.8684740,-13.6940880,-13.1684084,-15.0496550,0.8376433,0.1366325,0.3136677,0.2232443,0.0700172,-0.1208870,0.0880852,-0.1764190,0.0655326,0.0582585,0.0619840,0.0440774,0.0121393,-0.0025990,-0.0001910,0.0298649,0.1852894,0.6753352,0.9981487,0.0782481,-0.0205398
59.074373540,1791080907.807946444,0,0,0.3698980,0.0052640,0.0731060,-12.5678663,-13.4374161,-12.0964231,-15.4259539,0.8626971,0.1684152,0.3119543,0.2128684,0.0720147,-0.1353844,0.0597718,-0.1113414,0.0650846,0.0579041,0.0607731,0.0442316,0.0112380,-0.0006496,0.0003081,0.0289774,0.1857848,0.6753610,0.9981499,0.0757775,-0.0204893
59.096447408,1791080907.830020905,0,0,0.3567729,0.0140664,0.0917319,-13.1081486,-13.3804617,-11.9956808,-15.7690210,0.8799447,0.1020512,0.2218376,0.1912504,0.0927634,-0.1329283,0.0683606,-0.0517509,0.0639181,0.0573792,0.0595929,0.0449291,0.0102263,0.0015950,0.0011052,0.0281871,0.1863472,0.6753803,0.9981502,0.0732806,-0.0208362
59.112817592,1791080907.846390724,0,0,0.3628616,0.0242197,0.0981395,-13.1969481,-13.5896749,-12.3252878,-16.5534782,0.8649184,0.1068722,0.2547372,0.1680355,0.0901778,-0.1329763,0.0309628,-0.0313160,0.0622520,0.0566968,0.0582287,0.0455426,0.0092045,0.0042319,0.0022075,0.0273899,0.1868769,0.6753973,0.9981486,0.0708615,-0.0208075
59.135827499,1791080907.869400740,0,0,0.3716735,0.0264558,0.1018374,-13.4064856,-13.6788979,-12.3837214,-17.1321697,0.8902573,0.1450710,0.2610309,0.0855818,0.0635078,-0.1071967,-0.0102626,0.0221787,0.0605921,0.0559392,0.0568465,0.0469751,0.0082373,0.0070355,0.0032799,0.0265127,0.1874110,0.6754140,0.9981478,0.0685194,-0.0207459
59.154239232,1791080907.887811899,0,0,0.3712619,0.0322870,0.1149334,-13.6616058,-14.0619993,-12.1628799,-17.6775360,0.8767974,0.2331377,0.2392359,0.0863474,0.0372533,-0.1234467,-0.0033477,-0.0253135,0.0592108,0.0550031,0.0555141,0.0473006,0.0073296,0.0101256,0.0045252,0.0256812,0.1878060,0.6754293,0.9981372,0.0659021,-0.0198283
59.175110341,1791080907.908683300,0,0,0.3667641,0.0337707,0.1175366,-14.1444092,-14.2478027,-12.4818792,-18.2471485,0.9124625,0.3795067,0.1556055,0.0360284,-0.0015217,-0.1107390,0.0027002,0.0062968,0.0581383,0.0539894,0.0542993,0.0481970,0.0065385,0.0131400,0.0056344,0.0248578,0.1881656,0.6754444,0.9981280,0.0633335,-0.0189690
59.196411884,1791080907.929984808,0,0,0.3542641,0.0322736,0.1472839,-14.3102074,-14.5658112,-13.5400724,-18.8182564,0.9592896,0.5411521,0.2360696,-0.0004092,-0.0273261,-0.1343816,0.0727957,0.0503572,0.0575579,0.0528925,0.0530586,0.0489396,0.0058480,0.0161722,0.0066923,0.0238897,0.1884735,0.6754580,0.9981148,0.0608202,-0.0175108
59.214443199,1791080907.948015928,0,0,0.3353245,0.0297486,0.1786779,-14.1678152,-15.0817966,-14.8976831,-18.9814110,0.9602378,0.7458851,0.1843493,-0.0516483,-0.0328580,-0.0857503,0.1889851,0.1002224,0.0571348,0.0512271,0.0518309,0.0509775,0.0053594,0.0197382,0.0081503,0.0234837,0.1887965,0.6754759,0.9980866,0.0588772,-0.0165093
59.235310436,1791080907.968883276,0,0,0.2871429,0.0189939,0.2304196,-14.4955359,-14.9820061,-15.3672543,-18.1474419,0.9102670,0.9862125,0.0575280,-0.1482662,-0.0446854,-0.0166768,0.2991158,0.1207463,0.0579004,0.0497327,0.0508923,0.0517153,0.0051822,0.0228661,0.0092681,0.0230785,0.1890380,0.6754907,0.9980443,0.0568144,-0.0159847
59.255148130,1791080907.988720894,0,0,0.2507818,0.0334529,0.2511735,-14.3861351,-15.1561680,-14.7759371,-16.9493179,0.7864560,1.1586241,-0.0676889,-0.1775067,-0.0686013,0.0561359,0.3807574,0.1099367,0.0597151,0.0484448,0.0503944,0.0534074,0.0053711,0.0255563,0.0100377,0.0229304,0.1891827,0.6755121,0.9979981,0.0548185,-0.0175736
59.276561991,1791080908.010134935,0,0,0.2910608,0.0790405,0.3239020,-14.1390486,-15.9410887,-13.6145334,-17.2219467,0.7046644,1.1449027,-0.0699785,-0.0987489,-0.0766627,0.0894278,0.4430701,0.1337923,0.0624462,0.0471413,0.0498442,0.0557485,0.0057800,0.0282722,0.0110820,0.0227430,0.1893971,0.6755494,0.9979742,0.0532233,-0.0212519
59.296475870,1791080908.030049086,0,0,0.3555542,0.0873366,0.4431711,-13.6497545,-17.2535019,-15.0420723,-16.6184082,0.6881208,0.8153243,0.1717670,0.0367497,0.0069070,0.0935209,0.3459203,0.2545660,0.0648912,0.0453441,0.0483402,0.0581984,0.0059507,0.0335345,0.0135764,0.0223856,0.1895889,0.6755838,0.9979555,0.0512764,-0.0279067
59.316598294,1791080908.050171375,0,0,0.3152073,0.0111147,0.4659700,-14.7352943,-17.6114273,-19.3165398,-17.5443001,0.7873313,0.5296334,0.1581659,-0.0202182,0.0667768,0.0024315,0.2950816,0.4755686,0.0653079,0.0453075,0.0474460,0.0599490,0.0069004,0.0382261,0.0153442,0.0219729,0.1894159,0.6755875,0.9979521,0.0475859,-0.0392224
59.336285995,1791080908.069859028,0,0,0.2565247,-0.0046721,0.4328953,-14.4281731,-16.4046097,-18.2512875,-16.6141491,0.6973774,0.5505476,0.0128059,-0.1636433,0.0432766,-0.0257343,0.3020419,0.5731045,0.0665193,0.0443469,0.0468033,0.0612619,0.0077326,0.0425461,0.0166018,0.0218966,0.1892309,0.6755899,0.9979442,0.0440711,-0.0483887
59.356432803,1791080908.090005398,0,0,0.3128842,0.0346685,0.4145707,-13.3574610,-16.1788044,-17.6428242,-16.8206940,0.7463544,0.7734048,0.2163280,0.0601458,0.0035004,-0.0245622,0.2555173,0.5731577,0.0676994,0.0416945,0.0455358,0.0656931,0.0077601,0.0480742,0.0183454,0.0215436,0.1890197,0.6755999,0.9979249,0.0412799,-0.0554952
59.376666812,1791080908.110239983,0,0,0.3265708,0.0390292,0.4638401,-13.7933416,-15.9386892,-15.6700401,-16.3683777,0.7763839,0.7508850,0.1676860,0.2590444,-0.0154840,-0.0620465,0.1803198,0.6114498,0.0695542,0.0385329,0.0444155,0.0690763,0.0076089,0.0535988,0.0200641,0.0213061,0.1887986,0.6756142,0.9979042,0.0389941,-0.0609351
59.398089404,1791080908.131662369,0,0,0.3004150,0.0022170,0.5089591,-14.7527905,-15.4790831,-16.0735302,-16.1445084,0.8291334,0.5647897,-0.0521791,0.2760966,-0.0092749,-0.1210498,-0.0175949,0.5999610,0.0753133,0.0344182,0.0433746,0.0722085,0.0077689,0.0583406,0.0217084,0.0208985,0.1886795,0.6756471,0.9978613,0.0370464,-0.0647380
59.416279944,1791080908.149852753,0,0,0.3163144,-0.0036586,0.5120658,-15.0359068,-15.5531712,-16.1911259,-15.9118824,0.8281935,0.5342467,-0.1116832,0.2134535,-0.0386950,-0.1213973,-0.2076041,0.5494204,0.0766995,0.0352151,0.0433643,0.0743701,0.0088194,0.0562863,0.0213397,0.0194139,0.1887444,0.6756554,0.9978614,0.0348363,-0.0653971
59.438944240,1791080908.172517300,0,0,0.3284469,0.0051128,0.4809737,-14.8664293,-15.6321392,-15.9577971,-15.5398283,0.8177366,0.5845956,-0.2124746,0.3174783,-0.1176205,-0.1588143,-0.3890520,0.5667206,0.0780116,0.0360001,0.0433164,0.0761301,0.0098269,0.0541167,0.0208658,0.0177858,0.1888516,0.6756630,0.9978614,0.0330694,-0.0647702
59.456750810,1791080908.190324068,0,0,0.3328512,-0.0051102,0.4436604,-13.9886694,-15.2633801,-15.3008242,-15.3868828,0.8159611,0.6582887,-0.0558172,0.3913803,-0.1796593,-0.2290631,-0.4655723,0.6038762,0.0749541,0.0371232,0.0431320,0.0773318,0.0105462,0.0535396,0.0210379,0.0164178,0.1887578,0.6756657,0.9978611,0.0307110,-0.0639311
59.475807083,1791080908.209380150,0,0,0.3264588,-0.0225370,0.3969628,-12.8357334,-15.0547323,-14.8048534,-15.1832676,0.8323990,0.6437265,0.1970779,0.4062877,-0.1626692,-0.2768355,-0.4959265,0.6174324,0.0714789,0.0379242,0.0429039,0.0781938,0.0110166,0.0529593,0.0211483,0.0150903,0.1886274,0.6756669,0.9978606,0.0282137,-0.0613801
59.496609543,1791080908.230182409,0,0,0.3261781,-0.0334796,0.3501438,-11.8895273,-14.5798912,-13.9791870,-14.5645256,0.8190241,0.6804845,0.1953880,0.2170157,-0.1990823,-0.2152149,-0.3945126,0.6281524,0.0703943,0.0375762,0.0419979,0.0775755,0.0108864,0.0526365,0.0213405,0.0129029,0.1888121,0.6756666,0.9978588,0.0244906,-0.0581857
59.517693125,1791080908.251266003,0,0,0.3303238,-0.0490634,0.3497710,-11.3883696,-14.3731070,-15.5113277,-14.7797041,0.7676982,0.6648483,0.2142452,0.1736560,-0.0848025,-0.1434863,-0.1365842,0.6176798,0.0728974,0.0370505,0.0414076,0.0770423,0.0114310,0.0507110,0.0213689,0.0108840,0.1890714,0.6756704,0.9978564,0.0206380,-0.0564297
59.538847171,1791080908.272420168,0,0,0.3206322,-0.0454663,0.3624257,-11.0330076,-14.6286297,-14.7428074,-15.1737795,0.7161813,0.6912397,0.2271274,0.1494767,-0.0119809,-0.0807574,0.0770497,0.5770845,0.0748777,0.0370408,0.0408745,0.0767239,0.0122192,0.0489805,0.0213511,0.0088188,0.1893772,0.6756753,0.9978561,0.0165610,-0.0566417
59.557972885,1791080908.291546583,0,0,0.3061171,-0.0144337,0.3262571,-10.4479237,-12.7155066,-14.0056057,-15.7885752,0.6518694,0.7760044,0.2744203,0.2123713,-0.0261688,-0.0962370,0.0649399,0.4808876,0.0741482,0.0379385,0.0400835,0.0786762,0.0125557,0.0489685,0.0217459,0.0064394,0.1898548,0.6756773,0.9978562,0.0122579,-0.0592296
59.580506044,1791080908.314079285,0,0,0.2071931,-0.0195058,0.2267902,-10.4097443,-10.3614988,-12.2556763,-14.7967300,0.7186748,0.7052012,0.2671307,0.0969973,0.0225941,-0.0534523,0.1256543,0.2846044,0.0759576,0.0387666,0.0391620,0.0802862,0.0133668,0.0500700,0.0221539,0.0043761,0.1901927,0.6756732,0.9978563,0.0065867,-0.0649467
59.602426559,1791080908.335999250,0,0,0.1584494,-0.0358470,0.1944972,-10.9519930,-5.3454638,-12.4914961,-12.4556541,0.7107895,0.3193022,0.2610349,0.0602427,0.0582059,-0.1028608,0.0429517,0.1211391,0.0801004,0.0398888,0.0384628,0.0821589,0.0146194,0.0504136,0.0226277,0.0026171,0.1906167,0.6756713,0.9978564,0.0017086,-0.0713281
59.621922483,1791080908.355495691,0,0,0.1593856,-0.0273304,0.1782066,-11.7333450,-2.5931001,-11.7838335,-10.0676775,0.6740978,0.3205258,0.1400641,0.0788806,0.0079392,-0.0691270,0.0355833,0.0098054,0.0823099,0.0402296,0.0387901,0.0787063,0.0167401,0.0466678,0.0221353,0.0017776,0.1904086,0.6756831,0.9978456,0.0022353,-0.0687965
59.641380007,1791080908.374953270,0,0,0.2624820,-0.0187751,0.1498661,-10.8368549,-5.7415757,-13.6634760,-10.7064962,0.5785343,0.3675174,0.0977572,0.1474730,0.0043836,0.0122908,0.1090274,-0.0270077,0.0774360,0.0411130,0.0379506,0.0783658,0.0171877,0.0494626,0.0232608,0.0006938,0.1900241,0.6756666,0.9978456,-0.0015883,-0.0758063
59.661520223,1791080908.395093441,0,0,0.3005325,0.0007884,0.1015896,-11.7049494,-7.8188963,-16.5176373,-10.8137140,0.5440271,0.1939873,0.0466687,0.2381982,0.0573374,0.1151847,0.0305660,-0.0049194,0.0707214,0.0420160,0.0372097,0.0785294,0.0181880,0.0528957,0.0248192,-0.0002000,0.1895464,0.6756541,0.9978457,-0.0061229,-0.0872329
59.682495452,1791080908.416068077,0,0,0.3590714,-0.0121910,0.0408860,-11.3306532,-5.4423332,-18.8188953,-10.9545488,0.4914507,0.3544704,0.0544998,0.1938702,-0.0181269,0.1218419,-0.0409926,-0.1082904,0.0618460,0.0417143,0.0375555,0.0810151,0.0192422,0.0501854,0.0243479,-0.0021352,0.1895645,0.6756682,0.9978461,-0.0082104,-0.0915935
59.702994582,1791080908.436567307,0,0,0.3370111,-0.0320843,0.0691775,-12.2464914,-5.5624304,-18.8854523,-11.4970922,0.5532875,0.3656128,0.0296707,0.1032659,-0.0247046,0.0916037,-0.0287678,-0.0667856,0.0560372,0.0410604,0.0379247,0.0821560,0.0206243,0.0473586,0.0236640,-0.0039740,0.1895467,0.6756828,0.9978466,-0.0102819,-0.0952883
59.720205629,1791080908.453778505,0,0,0.3404930,-0.0674103,0.0786797,-12.2489901,-4.2386026,-18.9841270,-12.5313292,0.5625972,0.3795873,0.0625858,0.0311675,-0.0525118,0.0287309,-0.0235320,-0.0671504,0.0492640,0.0401829,0.0385326,0.0813612,0.0219833,0.0447921,0.0217838,-0.0061397,0.1895895,0.6756925,0.9978470,-0.0144728,-0.0983600
59.740586615,1791080908.474159718,0,0,0.3225086,-0.0391177,0.0931153,-12.5849628,-4.9467010,-18.4121304,-12.5600519,0.5738616,0.1399513,0.0086933,0.0177211,-0.0231941,-0.0040826,-0.0826986,-0.0698539,0.0439376,0.0385785,0.0391009,0.0796076,0.0225513,0.0422544,0.0197935,-0.0076795,0.1895539,0.6757004,0.9978473,-0.0182631,-0.0995656
59.762431705,1791080908.496004343,0,0,0.3424801,-0.0340346,0.0352151,-12.9459467,-5.7080460,-18.2040997,-12.4615192,0.6532457,-0.1410175,-0.0153206,0.0093706,0.0295026,0.0060914,-0.2050988,-0.0951547,0.0286490,0.0366375,0.0395703,0.0749541,0.0220629,0.0416936,0.0188424,-0.0086398,0.1893755,0.6757042,0.9978474,-0.0228217,-0.1003027
59.785282593,1791080908.518856049,0,0,0.2974291,-0.0127414,0.0305442,-13.3219595,-6.0257273,-18.0296726,-11.4190817,0.6909447,-0.1713005,0.0015494,-0.0264792,0.0290537,0.0473803,-0.2199813,-0.0634058,0.0221819,0.0336546,0.0396468,0.0724107,0.0214612,0.0420987,0.0183947,-0.0088517,0.1892333,0.6757068,0.9978476,-0.0280200,-0.1021028
59.802562856,1791080908.536135912,0,0,0.2668877,0.0029580,0.0024766,-13.0474100,-5.3551278,-18.3486919,-11.0057068,0.6170563,-0.2569097,0.0930182,-0.0917459,0.0427854,0.0607991,-0.1616924,-0.0418215,0.0152713,0.0302663,0.0398730,0.0691761,0.0207146,0.0428226,0.0180094,-0.0088785,0.1890626,0.6757090,0.9978477,-0.0339360,-0.1042012
59.822682400,1791080908.556255579,0,0,0.2572614,0.0126283,0.0500397,-12.9455252,-5.4979382,-19.3341808,-11.0433025,0.5405846,-0.2051703,0.1635206,-0.0713650,0.0244183,0.0431195,-0.1694476,-0.0259054,0.0148174,0.0282510,0.0407331,0.0640317,0.0218150,0.0414439,0.0175492,-0.0077988,0.1887632,0.6757085,0.9978481,-0.0381341,-0.1073825
59.841616561,1791080908.575189829,0,0,0.2506111,0.0120496,0.0513688,-12.9019613,-6.1497602,-18.5774021,-9.7936697,0.5103863,-0.0981594,0.1723852,-0.0637137,0.0082267,0.0585571,-0.1727495,-0.0026302,0.0147492,0.0268722,0.0417213,0.0594152,0.0231247,0.0398954,0.0172159,-0.0067854,0.1884628,0.6757090,0.9978485,-0.0413112,-0.1117511
59.862656911,1791080908.596230030,0,0,0.2434366,0.0031193,0.0564986,-12.2190304,-6.1133943,-18.1493092,-8.8414812,0.4559793,0.1396929,0.2241169,-0.0332772,-0.0161630,0.0101775,-0.1046292,0.0020809,0.0102381,0.0241880,0.0424724,0.0569837,0.0230414,0.0403299,0.0169149,-0.0060740,0.1881753,0.6757081,0.9978486,-0.0442035,-0.1143934
59.882606662,1791080908.616179705,0,0,0.2683465,-0.0156525,0.0804604,-11.5734205,-6.4869385,-17.1706257,-9.0128069,0.5078366,0.3803182,0.2136513,-0.0002281,-0.0206007,-0.0597553,-0.0068477,0.0101159,0.0109115,0.0203844,0.0441559,0.0558223,0.0244105,0.0367164,0.0156710,-0.0041985,0.1877573,0.6757110,0.9978492,-0.0415641,-0.1128535
59.902940607,1791080908.636513710,0,0,0.3141026,-0.0348329,0.0978495,-9.5200167,-7.5968151,-17.4210453,-10.3579512,0.5390273,0.5197307,0.3317938,0.0929566,-0.0049368,-0.3013569,0.2469961,0.0052905,0.0094114,0.0175933,0.0457986,0.0539554,0.0246679,0.0332338,0.0144098,-0.0026545,0.1873923,0.6757101,0.9978498,-0.0382954,-0.1083078
59.922816021,1791080908.656389236,0,0,0.3366964,-0.0201357,0.0579531,-6.6611557,-7.9169869,-16.8324203,-11.0243177,0.5989200,0.5188159,0.3659301,0.3007360,0.0087553,-0.5243583,0.4563394,-0.0980233,0.0073206,0.0147243,0.0477117,0.0508625,0.0240901,0.0298550,0.0128960,-0.0005826,0.1869867,0.6756946,0.9978470,-0.0302412,-0.0985587
59.942658284,1791080908.676231146,0,0,0.3266850,0.0097695,-0.0315622,-3.4075735,-8.0632811,-16.3201733,-10.9052906,0.6498194,0.5168262,0.4062740,0.7498317,0.0352428,-0.6159455,0.5222680,-0.2149957,0.0070137,0.0126938,0.0495552,0.0486129,0.0233209,0.0265587,0.0116872,0.0014892,0.1866656,0.6756808,0.9978458,-0.0214645,-0.0884516
59.963093510,1791080908.696666718,0,0,0.3506232,-0.0113455,-0.0754855,-1.3505604,-8.5557690,-17.0932903,-10.4263153,0.6478682,0.3116938,0.2731078,0.9248863,0.2254670,-0.6655990,0.6533921,-0.2378995,0.0030735,0.0126596,0.0509683,0.0465675,0.0230219,0.0237086,0.0117719,0.0041293,0.1861130,0.6756792,0.9978442,-0.0138707,-0.0763779
59.982336632,1791080908.715909958,0,0,0.3512595,-0.0601727,-0.2731346,-0.0472362,-10.5856829,-18.5647221,-8.4130592,0.6967144,0.3967249,0.1703038,0.8042716,0.1737077,-0.5954580,0.6350737,-0.0377868,-0.0087569,0.0122495,0.0538686,0.0420537,0.0202056,0.0221021,0.0097620,0.0053065,0.1855557,0.6756806,0.9978451,-0.0064978,-0.0665415
60.002229167,1791080908.735802174,0,0,0.2941247,-0.0927682,-0.3704448,-1.8130648,-11.8563099,-15.5864906,-7.6962037,0.5659506,0.4929182,0.0280182,0.4607067,0.0604948,-0.4171552,0.4882523,0.1233887,-0.0094327,0.0094372,0.0572458,0.0384102,0.0190281,0.0212538,0.0080926,0.0075116,0.1847746,0.6756863,0.9978480,-0.0015702,-0.0651076
60.023842736,1791080908.757415771,1,0,0.2643784,-0.0975911,-0.4134203,-2.4300966,-14.1751976,-13.1439714,-7.7756352,0.5107645,0.4776998,0.0262050,0.1055752,0.0910188,-0.2224988,0.1411479,0.0917531,-0.0053885,0.0072600,0.0583181,0.0347041,0.0201389,0.0205359,0.0080173,0.0107723,0.1838533,0.6756927,0.9978533,0.0017049,-0.0696650
60.042537023,1791080908.776110172,1,0,0.3286014,-0.1082525,-0.5122280,3.9694636,-15.6455288,-15.8045626,-8.5363693,0.6519842,0.3122626,0.0772221,0.0671248,0.0430530,-0.1390409,0.1096041,0.1186159,-0.0197090,0.0047447,0.0582348,0.0307225,0.0201563,0.0203775,0.0080284,0.0138148,0.1831513,0.6756971,0.9978667,0.0028473,-0.0745878
60.063306523,1791080908.796879768,1,0,0.3476723,-0.0722006,-0.5862144,6.6194687,-15.6207666,-14.1739874,-10.4623156,0.7152618,0.1069644,0.1296497,0.0692582,0.0427253,-0.0772495,0.0230504,0.1220616,-0.0517571,0.0045719,0.0636960,0.0237813,0.0248094,0.0176830,0.0119865,0.0222536,0.1820524,0.6756982,0.9978961,0.0132969,-0.0821377
60.082683535,1791080908.816256523,1,0,0.3616818,-0.0109832,-0.5981714,8.0042753,-13.9406805,-13.4202623,-11.9497728,0.6694752,0.0023424,0.1533725,0.0983271,0.0664251,-0.0508456,-0.0471171,0.0790125,-0.0599813,0.0036799,0.0723254,0.0183401,0.0283324,0.0140480,0.0148007,0.0306355,0.1810935,0.6756850,0.9979101,0.0217028,-0.0838628
60.104326160,1791080908.837898970,1,0,0.2743512,0.0059678,-0.5954195,7.3174381,-12.3701382,-9.6561594,-11.0351877,0.6380185,0.0821666,0.1575053,0.0898499,0.0501699,-0.0622353,-0.0035892,0.0223647,-0.0460277,0.0001695,0.0720626,0.0159264,0.0291745,0.0104562,0.0164582,0.0366684,0.1802630,0.6756726,0.9979683,0.0280911,-0.0814165
60.122160026,1791080908.855732918,1,0,0.2333881,0.0161668,-0.5726172,7.1908884,-11.4975729,-9.1121464,-10.1199598,0.6053273,0.1709827,0.1539980,0.0565916,0.0147085,-0.0429511,0.0104462,-0.0334871,-0.0371852,-0.0023536,0.0652055,0.0143247,0.0292226,0.0090444,0.0187272,0.0398400,0.1795368,0.6756632,0.9979665,0.0358234,-0.0768794
60.144458079,1791080908.878030777,1,0,0.2561807,0.0485821,-0.4978198,6.4929781,-10.9919367,-8.0624075,-10.8653469,0.5303716,0.1823838,0.1481067,0.0526018,0.0093487,-0.0575620,0.0221817,-0.0807021,-0.0313409,-0.0028568,0.0608127,0.0135201,0.0287646,0.0063435,0.0210369,0.0412313,0.1788062,0.6756515,0.9980904,0.0406617,-0.0744214
60.164364566,1791080908.897937298,1,0,0.2775233,0.0435184,-0.4772657,7.1090899,-7.0518293,-7.4398799,-12.5181599,0.4744714,0.2657186,0.1344065,0.0462013,-0.0159148,-0.0494103,0.0721798,-0.1662411,-0.0239153,-0.0047456,0.0618938,0.0127718,0.0272724,0.0030749,0.0226681,0.0398401,0.1783974,0.6756189,0.9983461,0.0472199,-0.0675709
60.182378530,1791080908.915951729,1,1,0.2445692,-0.0153945,-0.4313973,7.4923429,-3.5370426,-7.6811538,-11.8245792,0.5501459,0.3311851,0.1015115,0.0243462,-0.0230529,-0.0502485,0.1491331,-0.1510305,-0.0176338,-0.0076372,0.0716382,0.0108102,0.0286074,0.0008949,0.0245979,0.0380341,0.1782268,0.6755833,0.9984147,0.0506935,-0.0697195
60.204162467,1791080908.937735081,1,0,0.3095095,-0.0230194,-0.4040643,7.0116892,7.8256102,-9.2672043,-13.5738211,0.5416100,0.4695172,0.0402959,0.0471142,-0.0161045,-0.0501544,0.2556559,-0.0747263,-0.0231399,-0.0080581,0.0714725,0.0101052,0.0298605,-0.0014385,0.0265604,0.0352808,0.1784595,0.6755373,0.9987919,0.0509000,-0.0818674
60.222397520,1791080908.955970287,0,0,0.3785316,0.0098226,-0.4195014,5.3148861,0.2526288,-9.3385935,-14.3692465,0.4157709,0.3292004,0.0966773,0.0059270,-0.0500963,-0.0716857,0.2305002,0.0206456,-0.0229721,-0.0095775,0.0731393,0.0092727,0.0302258,-0.0002761,0.0317535,0.0300777,0.1800937,0.6754723,0.9991557,0.0549629,-0.0999039
60.242635849,1791080908.976208687,0,1,0.3832766,0.0496243,-0.3762535,-2.2570627,0.0419399,-8.9558878,-14.0947905,0.4163781,0.3839881,0.1070855,0.0112568,-0.0519281,-0.0715439,0.1879346,0.0256304,-0.0136337,-0.0092957,0.0970804,0.0084902,0.0294573,0.0012012,0.0367697,0.0292560,0.1833313,0.6753689,0.9995781,0.0616604,-0.1257958
60.264172041,1791080908.997745514,0,0,0.3218535,0.0019578,-0.2760255,-7.0680771,-0.4419866,-8.0167198,-11.7607889,0.5308343,0.4121942,0.0832674,0.0175116,-0.0233442,-0.0122686,0.1356141,0.0772747,-0.0103400,-0.0020990,0.0881756,0.0081149,0.0301842,-0.0050331,0.0397239,0.0290509,0.1863700,0.6752113,0.9998538,0.0670616,-0.1425182
60.282569138,1791080909.016142130,0,0,0.3472053,-0.0052531,-0.2050489,-8.6204166,-0.7802022,-8.3776922,-10.2449169,0.7289348,0.4624032,0.0509336,0.0473116,-0.0092252,0.0553425,0.1729211,0.1524908,-0.0044644,0.0038624,0.1009516,0.0076684,0.0317159,-0.0108983,0.0422449,0.0296096,0.1893420,0.6750824,0.9999418,0.0745893,-0.1573482
60.302483489,1791080909.036056519,0,0,0.4148654,0.0019391,-0.1628995,-10.0772877,-1.0247738,-7.5717158,-9.2649336,0.8595474,0.6280103,0.0204657,0.0988360,-0.0104834,0.1087375,0.2317563,0.1892693,-0.0043385,0.0099506,0.1005417,0.0071470,0.0327382,-0.0149045,0.0448637,0.0301686,0.1935392,0.6749738,0.9999692,0.0802866,-0.1540465
60.322746291,1791080909.056319237,0,0,0.3993512,-0.0044274,-0.1299105,-10.2347374,-0.7564855,-7.6141839,-7.3950129,0.8719306,0.8298645,0.0308364,0.0675168,-0.0583440,-0.0043273,0.2046521,0.1432391,-0.0111247,0.0197053,0.0902667,0.0064939,0.0331256,-0.0174715,0.0474175,0.0317669,0.1983793,0.6748900,0.9999723,0.0818294,-0.1284666
60.342739394,1791080909.076312542,0,0,0.3805351,0.0071821,-0.1076479,-11.6252165,-1.6678157,-7.4909372,-5.9790587,0.8591814,0.8834357,-0.0110360,0.0595175,-0.0536760,-0.1103198,0.1773287,0.1096056,-0.0173816,0.0263942,0.0831485,0.0061883,0.0323842,-0.0215604,0.0493064,0.0326083,0.2036945,0.6747805,0.9999733,0.0801145,-0.0918073
60.364654013,1791080909.098227024,0,0,0.4147096,0.0427897,-0.1586936,-12.5952406,-1.5202837,-8.5864162,-6.1807122,0.8271831,1.0159841,-0.0051730,0.0502711,-0.0806575,-0.1544000,0.1798672,0.0084583,-0.0275580,0.0228398,0.0917575,0.0062741,0.0280973,-0.0198034,0.0486049,0.0333123,0.2109966,0.6747008,0.9999741,0.0707575,-0.0556230
60.384273835,1791080909.117846727,0,1,0.4163256,0.0370218,-0.1265831,-13.8437891,-1.2324429,-8.7114344,-7.0308995,0.8333764,0.8338261,-0.0188787,0.0179235,-0.0159683,-0.1594127,0.1129857,-0.1303636,-0.0350181,0.0257683,0.0626579,0.0064289,0.0257878,-0.0242871,0.0479208,0.0354868,0.2228311,0.6744702,0.9999746,0.0685954,-0.0118409
60.402371056,1791080909.135943890,0,1,0.3667172,0.0242038,-0.0721278,-13.3274508,5.0485334,-8.2461901,-7.1741776,0.8416350,0.9277726,-0.0207071,0.0549454,-0.0052361,-0.2243953,0.2067587,-0.1422816,-0.0398805,0.0278090,0.0656179,0.0064999,0.0246808,-0.0314243,0.0474893,0.0371799,0.2284997,0.6741584,0.9999750,0.0674229,0.0201073
60.424596268,1791080909.158169270,0,1,0.3044815,-0.0021461,-0.0740739,-12.2965794,6.5682807,-6.5680394,-8.7702341,0.8249817,0.8241608,-0.0374923,0.0868240,0.0092067,-0.1863154,0.2101480,-0.0620984,-0.0406181,0.0280859,0.0676500,0.0063148,0.0250378,-0.0388119,0.0464319,0.0389461,0.2319001,0.6737980,0.9999753,0.0664476,0.0450674
60.446614567,1791080909.180187941,0,1,0.3189884,-0.0257387,-0.1897107,-9.8144875,7.7932577,-7.0218477,-10.1688089,0.7944204,0.8212984,-0.1028637,0.1506575,0.0464464,-0.2809185,0.2349197,-0.0691383,-0.0447742,0.0219460,0.0711663,0.0060067,0.0242956,-0.0419661,0.0441634,0.0413200,0.2372792,0.6735169,0.9999757,0.0637931,0.0588638
60.466446390,1791080909.200019598,0,1,0.3383469,-0.0056825,-0.2056165,-8.8924923,7.2108192,-7.2685289,-11.1248360,0.7710220,0.6925691,-0.0954748,0.1864236,0.1096766,-0.3051063,0.1343687,0.0356115,-0.0490296,0.0149998,0.0643231,0.0054786,0.0243707,-0.0443451,0.0410060,0.0449605,0.2438765,0.6731594,0.9999763,0.0639971,0.0640770
60.482714641,1791080909.216287851,0,1,0.3016347,-0.0515144,-0.1770646,-8.4411640,8.2768269,-7.6597066,-10.3731909,0.7227608,0.6459184,-0.0925920,0.1848263,0.1368126,-0.3031107,0.0967283,0.0350696,-0.0514190,0.0086104,0.0624971,0.0045035,0.0250534,-0.0463314,0.0377619,0.0482544,0.2473130,0.6729082,0.9999770,0.0632255,0.0618094
60.504613324,1791080909.238186836,0,1,0.2649104,-0.0623505,-0.1687948,-7.1532478,9.1224508,-8.0700731,-9.4558611,0.6325462,0.6765454,-0.0545238,0.1143437,0.0838935,-0.2048151,0.0372928,-0.0042910,-0.0512029,0.0029170,0.0599953,0.0032509,0.0250043,-0.0457636,0.0343371,0.0511838,0.2495025,0.6727014,0.9999778,0.0638679,0.0670995
60.528710418,1791080909.262283564,0,1,0.2763888,-0.0497630,-0.0927815,-6.9207983,8.5027666,-8.5253448,-9.1300135,0.6496670,0.5656159,-0.0234207,0.0765030,0.0292239,-0.0699887,-0.0050203,0.0309434,-0.0533458,0.0037403,0.0569035,0.0018064,0.0263608,-0.0518460,0.0328708,0.0533288,0.2508907,0.6724977,0.9999782,0.0720346,0.0717571
60.543194915,1791080909.276767969,1,1,0.3124580,-0.0855492,-0.0163205,-3.2288575,7.4331303,-9.4447336,-6.1972241,0.7523742,0.5326769,-0.0005661,0.0837901,0.0414773,-0.0682547,-0.0179687,0.0619995,-0.0589895,0.0068769,0.0628441,-0.0000249,0.0284387,-0.0621676,0.0313371,0.0553407,0.2500413,0.6724007,0.9999787,0.0750032,0.0608601
60.566426757,1791080909.299999475,1,1,0.3125831,-0.0832378,-0.0580476,6.3918924,7.4757719,-9.5684633,-4.1775889,0.8347683,0.6909331,-0.0069306,0.0869797,0.0240053,-0.0458826,0.0127450,0.1209695,-0.0636380,0.0104669,0.0639294,-0.0019930,0.0303097,-0.0738612,0.0298038,0.0573601,0.2447718,0.6723697,0.9999792,0.0756735,0.0264678
60.584282473,1791080909.317855835,1,1,0.2721930,-0.0548580,-0.1323869,7.5168104,8.1571102,-10.7445269,-2.0353730,0.7240736,0.7277203,-0.0161887,0.0761565,0.0294251,0.0466035,-0.0374301,0.1296733,-0.0653754,0.0118534,0.0485686,-0.0036959,0.0328287,-0.0806276,0.0288343,0.0601439,0.2356050,0.6723620,0.9999761,0.0787417,-0.0244762
60.604697819,1791080909.338270903,1,1,0.2684480,-0.0469364,-0.1886747,8.5370798,9.6245031,-10.9457741,1.4312538,0.4587341,0.8462399,-0.0628329,0.0577690,-0.0277539,0.1156306,0.0138101,0.1025182,-0.0663773,0.0099083,0.0501126,-0.0056681,0.0337735,-0.0775679,0.0293071,0.0618425,0.2203927,0.6723483,0.9999726,0.0810005,-0.0475374
60.626756151,1791080909.360328913,1,1,0.2915844,-0.0115734,-0.1601612,9.9169550,10.6106186,-11.9532423,1.2974168,0.4457901,0.8636592,-0.0995788,0.0545574,-0.0447901,0.1712156,0.0567281,0.0883677,-0.0711852,0.0083719,0.0230725,-0.0068217,0.0336150,-0.0722367,0.0333852,0.0634545,0.1939006,0.6723236,0.9999729,0.0809836,-0.0538096
60.644293369,1791080909.377866983,1,1,0.2840974,0.0436351,-0.1402071,9.3470106,9.3793430,-10.2290640,1.7627864,0.2661959,0.8390459,-0.0770789,0.0476283,-0.0310711,0.1209923,0.0141061,0.0734520,-0.0680424,0.0102182,0.0198363,-0.0068393,0.0318243,-0.0672304,0.0391913,0.0643432,0.1717421,0.6722996,0.9999729,0.0791984,-0.0371457
60.666540597,1791080909.400113821,1,1,0.2491076,0.0501758,-0.1741328,9.4535627,9.5060625,-10.0229845,2.0257227,0.1865281,0.7990957,-0.0716188,0.0276938,-0.0178286,0.0691421,-0.0415525,0.0600232,-0.0593228,0.0087990,0.0046978,-0.0061342,0.0296367,-0.0555546,0.0447361,0.0656943,0.1549967,0.6722692,0.9999729,0.0769474,-0.0189067
60.684726267,1791080909.418299437,1,1,0.2716911,0.0364012,-0.1390061,9.8006887,10.1826715,-10.6404562,1.9545887,0.2754819,0.7588199,-0.0717531,-0.0175962,0.0037573,0.0250772,-0.0715102,0.0476422,-0.0507431,0.0090999,-0.0062400,-0.0046610,0.0279964,-0.0462965,0.0515898,0.0665734,0.1409319,0.6722355,0.9999729,0.0764838,-0.0051083
60.705004556,1791080909.438577414,1,1,0.2861325,0.0328199,-0.0873569,9.7276688,9.7079506,-12.4636707,2.1748781,0.4391650,0.7160430,-0.0743518,-0.0629808,0.0455387,0.0332414,-0.0374341,0.0248068,-0.0449922,0.0119586,-0.0059042,-0.0034613,0.0280532,-0.0447765,0.0573451,0.0670118,0.1314888,0.6722118,0.9999729,0.0761967,-0.0060202
60.727226376,1791080909.460799456,1,1,0.3003868,0.0498327,-0.0934591,9.3741808,9.1451445,-12.8874483,2.5930188,0.5060195,0.5912063,-0.0709947,-0.1378011,0.1021417,0.0535280,0.0163740,-0.0068680,-0.0388663,0.0153939,-0.0066464,-0.0024325,0.0282457,-0.0433979,0.0626463,0.0666229,0.1239007,0.6721908,0.9999729,0.0758222,-0.0048601
60.744694506,1791080909.478267431,1,1,0.2815251,0.0625253,-0.1087112,9.2648087,8.6082134,-13.0781698,2.8961811,0.5893075,0.6967710,-0.0846069,-0.1565709,0.1329436,0.0496093,0.0597109,-0.0293655,-0.0324188,0.0185239,-0.0086201,-0.0016361,0.0284892,-0.0410148,0.0672754,0.0657820,0.1179076,0.6721697,0.9999729,0.0753897,-0.0046037
60.766796038,1791080909.500369072,1,1,0.2444113,0.0756269,-0.0837999,9.4678345,8.4310627,-13.0793219,3.0585406,0.7235072,0.7171981,-0.0943829,-0.1729477,0.1647217,0.0684225,0.0327317,-0.0427996,-0.0277454,0.0213886,-0.0076608,-0.0011185,0.0288157,-0.0397637,0.0710558,0.0650519,0.1153913,0.6721519,0.9999729,0.0757887,-0.0034075
60.786404563,1791080909.519977570,1,1,0.2420115,0.1044397,-0.0887536,9.4372988,8.1188898,-13.8278522,3.3900733,0.8395853,0.6814961,-0.1131369,-0.2216260,0.2227970,0.0854330,-0.0174765,-0.0330650,-0.0237252,0.0253429,-0.0049334,-0.0002845,0.0282989,-0.0364751,0.0758780,0.0642546,0.1153117,0.6721312,0.9999729,0.0766803,0.0048633
60.806462467,1791080909.540035009,1,1,0.2571176,0.1194691,-0.1124861,9.6992273,8.1839666,-14.3191366,3.8990645,0.9131140,0.5807621,-0.1061220,-0.2607977,0.2159511,0.1090123,-0.0078644,-0.0824211,-0.0175489,0.0278337,-0.0043877,0.0014513,0.0269057,-0.0266025,0.0817575,0.0634865,0.1226724,0.6721057,0.9999729,0.0781224,0.0165711
60.828551423,1791080909.562124491,1,1,0.2745071,0.1148582,-0.1152139,9.6813831,8.1603241,-14.3371534,4.2048006,0.9274324,0.6078972,-0.1152738,-0.2438210,0.2725621,0.1194780,-0.0011589,-0.0925856,-0.0105895,0.0299636,0.0051598,0.0033848,0.0255112,-0.0148811,0.0867678,0.0624359,0.1351863,0.6720803,0.9999729,0.0794517,0.0284714
60.845252636,1791080909.578825474,1,1,0.2795096,0.1122701,-0.1030436,9.7185717,7.8920240,-14.6117458,4.2387767,0.9370360,0.6740251,-0.2052027,-0.3174970,0.4674435,0.1963753,0.0718559,-0.1060933,-0.0045629,0.0332005,0.0123789,0.0051282,0.0247450,-0.0055688,0.0900247,0.0611827,0.1517607,0.6720514,0.9999729,0.0805370,0.0358523
60.866990870,1791080909.600564003,1,1,0.2646622,0.0934872,-0.1007499,9.4779387,7.5812302,-14.3117437,4.3555479,0.9324450,0.6796873,-0.3163068,-0.5429515,0.8180560,0.3033556,0.0904040,-0.1754524,0.0009283,0.0363585,0.0186573,0.0067545,0.0242735,0.0028469,0.0910071,0.0599610,0.1712513,0.6720246,0.9999729,0.0811632,0.0388762
60.886411394,1791080909.619984388,1,1,0.2721668,0.0773678,-0.1129338,9.4576550,7.0193639,-13.3024406,4.9159961,0.9368161,0.5790910,-0.2957729,-0.6768819,0.8923004,0.3313811,0.0443791,-0.2532924,0.0072905,0.0386020,0.0215411,0.0082564,0.0237171,0.0131140,0.0888444,0.0582259,0.1928810,0.6720021,0.9999729,0.0814014,0.0430457
60.906525075,1791080909.640098095,1,0,0.2888393,0.0803689,-0.0922615,9.6889353,4.7703161,-8.8192282,5.5199385,0.9666173,0.5052417,-0.2440372,-0.5282747,0.6556607,0.2437840,-0.1062140,-0.3089034,0.0118690,0.0417444,0.0548653,0.0090561,0.0218157,0.0220130,0.0848975,0.0530298,0.2287716,0.6719686,0.9999729,0.0828139,0.0547585
60.927633961,1791080909.661206722,1,0,0.3012407,0.0826231,-0.0168363,9.7545271,-4.7509747,-5.9559612,5.9780922,0.9797754,0.4503437,-0.1470538,-0.1807436,0.3353530,0.1297418,-0.1610946,-0.2789423,0.0136851,0.0472743,0.0281542,0.0093204,0.0203922,0.0234777,0.0797506,0.0481772,0.2614959,0.6719338,0.9999729,0.0848101,0.0598217
60.948471389,1791080909.682044506,1,0,0.2767284,0.0605756,0.0480979,9.9780712,-9.0103359,-6.2504239,5.3996477,0.9770270,0.3602926,-0.1030642,-0.0351692,0.2285697,0.0219092,-0.2776116,-0.2188459,0.0136961,0.0540264,0.0166700,0.0097258,0.0197170,0.0174984,0.0759788,0.0444672,0.2738470,0.6719055,0.9999729,0.0859063,0.0695051
60.968484173,1791080909.702057123,1,0,0.2354228,0.0630393,0.0341026,9.6050806,-9.4499807,-0.7450886,5.2047944,0.9621119,0.3887632,-0.1879243,0.0438023,0.4423172,-0.1591418,-0.6196491,-0.2820603,0.0138253,0.0598084,0.0131087,0.0100508,0.0186826,0.0119236,0.0721936,0.0411233,0.2817343,0.6718830,0.9999729,0.0870176,0.0847111
60.988392893,1791080909.721966028,1,0,0.2266840,0.0156673,-0.0114656,9.0301008,-9.8097591,4.9486051,5.4684281,0.9207257,0.2234233,-0.1679854,-0.2208515,0.1511705,-0.1946567,-0.8438756,-0.3187579,0.0140742,0.0624955,0.0171633,0.0096982,0.0184962,0.0106766,0.0639710,0.0367878,0.2883489,0.6718612,0.9999729,0.0871000,0.0684689
61.010277623,1791080909.743850708,1,0,0.2247242,-0.0345815,-0.0287547,9.6299381,-11.6306744,4.0076823,5.9602695,0.9877396,0.1860408,-0.1538238,-0.1159603,-0.1578917,-0.0996606,-0.7155538,-0.1873726,0.0153494,0.0574829,0.0179065,0.0084862,0.0184888,0.0247473,0.0473170,0.0288793,0.2912859,0.6718416,0.9999729,0.0858055,0.0291228
61.030656201,1791080909.764229059,1,0,0.2483461,-0.0612635,0.0283025,10.4048700,-11.0420294,3.9398665,5.1197820,1.0576438,0.3081498,-0.1598967,-0.0681614,-0.2655245,-0.0245564,-0.5505474,-0.1355461,0.0148862,0.0566802,0.0126143,0.0072951,0.0194745,0.0287840,0.0344100,0.0202867,0.2915737,0.6718264,0.9999729,0.0850202,-0.0133350
61.048419532,1791080909.781992435,1,0,0.2503451,-0.0580115,0.0534859,10.5086718,-10.2554703,3.3048151,4.5862689,1.0625173,0.4835313,-0.0884843,-0.0523539,-0.2743824,0.0009257,-0.3160270,-0.1143330,0.0135889,0.0557764,0.0122740,0.0057504,0.0205869,0.0246869,0.0242963,0.0143377,0.2914458,0.6718190,0.9999729,0.0847055,-0.0573052
61.068490396,1791080909.802063704,1,0,0.2187845,-0.0318214,0.0582076,10.9338779,-8.2410135,2.5487123,4.4273596,1.0633619,0.6582468,-0.0334892,-0.0839944,-0.3044775,0.0203274,-0.1198817,-0.1051874,0.0122186,0.0558162,0.0147259,0.0040396,0.0220858,0.0161692,0.0167955,0.0101776,0.2906251,0.6718149,0.9999729,0.0849879,-0.1130428
61.088450092,1791080909.822022915,1,0,0.1980076,-0.0218014,0.0981647,11.7623959,-5.4942741,3.1489584,3.8133130,1.0806309,0.5714333,-0.0141956,-0.1727915,-0.3271665,0.0272993,-0.0534007,-0.0336308,0.0108183,0.0582686,0.0223265,0.0021402,0.0243737,0.0041121,0.0113492,0.0070021,0.2912914,0.6718110,0.9999729,0.0854419,-0.1662896
61.108764542,1791080909.842337370,1,0,0.2063441,-0.0073796,0.0748759,10.8711386,-2.1723766,4.3710389,3.7603106,1.0255630,0.5161987,-0.0195528,-0.2221580,-0.3260032,0.0503802,-0.0458328,0.0583732,0.0092064,0.0606360,0.0199351,-0.0002346,0.0257754,-0.0078856,0.0061177,0.0036282,0.2892655,0.6718044,0.9999729,0.0869315,-0.2173782
61.128340011,1791080909.861913204,1,0,0.1815524,0.0403594,0.0556119,10.2039070,-5.0841293,5.0445194,3.9498620,0.9633226,0.5434264,-0.0123026,-0.0982211,-0.2871640,0.0358012,-0.0083531,0.1146272,0.0078295,0.0608529,0.0201742,-0.0030386,0.0253641,-0.0128016,-0.0001571,0.0000527,0.2837809,0.6717985,0.9999729,0.0885112,-0.2369031
61.150321350,1791080909.883894444,0,0,0.1686859,0.1021606,0.0314467,2.1786187,-5.1396570,5.6628194,4.5964274,0.8954128,0.6238546,0.0130824,-0.0278714,-0.2529127,-0.0047151,-0.0101774,0.1283191,0.0070907,0.0608073,0.0233279,-0.0052209,0.0242005,-0.0206388,-0.0051369,-0.0026165,0.2794014,0.6717921,0.9999729,0.0901928,-0.2209107
61.168833198,1791080909.902405977,0,0,0.1913192,0.0846989,-0.0231031,-0.5913956,-4.3962030,5.5380559,4.4275007,0.7866743,0.7039602,0.0216110,-0.0482222,-0.2370432,-0.0406344,0.0578978,0.0978531,0.0062753,0.0576953,0.0205120,-0.0080038,0.0224781,-0.0267349,-0.0120382,-0.0057083,0.2713903,0.6717833,0.9999729,0.0903055,-0.1817089
61.186861202,1791080909.920433998,1,0,0.2086432,0.0597166,0.0559682,-2.5043154,-5.2549148,4.1411223,3.9663804,0.7182323,0.7772865,-0.0374959,-0.0653254,-0.1422408,-0.0884418,0.1014639,0.0240435,0.0054272,0.0581071,0.0198179,-0.0092994,0.0229876,-0.0366559,-0.0140710,-0.0066726,0.2711710,0.6717770,0.9999729,0.0905445,-0.1374630
61.208323722,1791080909.941896677,1,0,0.1567803,0.0563358,0.1022500,5.0212383,-2.3683529,-1.6363328,3.7381508,0.9693279,0.7011353,-0.0460267,-0.0216366,-0.0904108,-0.1051436,0.0051378,-0.0523993,0.0047317,0.0590011,0.0194095,-0.0097360,0.0237269,-0.0426049,-0.0147016,-0.0070457,0.2723605,0.6717728,0.9999729,0.0912496,-0.1070395
61.230348325,1791080909.963921070,1,0,0.1145759,0.0771254,0.1621672,5.4262638,-6.9147062,2.0524004,4.5725627,1.0114174,0.5888901,-0.1264196,-0.0863635,0.1232802,-0.1267896,-0.0698493,-0.0314396,0.0043432,0.0596613,0.0197957,-0.0100331,0.0239347,-0.0460446,-0.0151198,-0.0071918,0.2744208,0.6717662,0.9999729,0.0926765,-0.0837405
61.249198511,1791080909.982770920,1,0,0.1149245,-0.0180694,0.0401974,6.2181273,-8.1824684,1.2928002,5.5974069,1.0079802,0.5351133,-0.2215019,-0.4056085,0.2908106,-0.2265972,-0.1633571,-0.0003133,0.0037279,0.0579950,0.0195769,-0.0112859,0.0224535,-0.0477246,-0.0184335,-0.0077076,0.2698832,0.6717617,0.9999729,0.0911905,-0.0632711
61.268578235,1791080910.002151251,1,0,0.0834885,-0.0082731,-0.0170183,7.8601027,-9.7189798,4.5385423,6.1042309,1.1217102,0.5083884,-0.2925237,-0.3003979,0.4846238,-0.2893863,-0.5554707,0.0855523,0.0032973,0.0543191,0.0206672,-0.0127249,0.0197693,-0.0458797,-0.0230414,-0.0084980,0.2610299,0.6717570,0.9999729,0.0893264,-0.0349252
61.288223682,1791080910.021796703,1,0,0.0934709,0.0190901,-0.0305438,7.6709747,-12.1950188,4.7932634,4.8674169,1.1080805,0.3488107,-0.0922414,-0.2791228,0.5704921,-0.4196551,-0.7760233,0.0604074,0.0027265,0.0523496,0.0247695,-0.0138642,0.0166656,-0.0469355,-0.0263687,-0.0096803,0.2518279,0.6717527,0.9999729,0.0859080,0.0250510
61.306693411,1791080910.040266752,1,0,0.0942971,0.0272058,-0.0210494,8.0215759,-12.3335733,4.8495464,4.8536019,1.1116399,0.3063577,-0.0492712,-0.3263324,0.4511808,-0.4242999,-0.7617399,-0.0125338,0.0019532,0.0508489,0.0255077,-0.0149473,0.0144914,-0.0480663,-0.0290603,-0.0105466,0.2468017,0.6717479,0.9999729,0.0836624,0.0554127
61.330372159,1791080910.063945293,1,0,0.0620657,0.0393607,0.0692752,8.8214397,-13.4555626,4.3540392,5.4807324,1.1169518,0.4300940,-0.1245493,-0.1824397,0.3510460,-0.3765979,-0.8762511,-0.0600129,0.0013433,0.0507542,0.0261807,-0.0155491,0.0132746,-0.0500860,-0.0303820,-0.0108382,0.2470277,0.6717438,0.9999729,0.0828724,0.0612028
61.348431934,1791080910.082004786,1,0,0.0878797,0.0190544,0.1254265,9.1399374,-12.9965916,5.1242867,5.4093499,1.1533900,0.3844181,-0.0417023,-0.0767712,-0.1852395,-0.2233027,-0.4219868,-0.0656604,0.0004021,0.0502961,0.0275644,-0.0163713,0.0130318,-0.0525394,-0.0319654,-0.0110678,0.2458671,0.6717395,0.9999729,0.0825022,0.0305814
61.368546087,1791080910.102119207,1,0,0.1226152,-0.0032290,0.0890444,10.6952524,-9.8388319,5.2035060,4.3135390,1.1286601,0.3485349,0.0060591,-0.1781621,-0.2203875,-0.1028540,-0.1174913,-0.0789392,-0.0010569,0.0484862,0.0282748,-0.0180310,0.0143296,-0.0552151,-0.0344958,-0.0112160,0.2410478,0.6717363,0.9999729,0.0813940,-0.0345357
61.388004909,1791080910.121577978,0,0,0.1545313,-0.0252888,0.0666956,11.5286789,-6.3003492,4.4239168,3.0605109,1.0211077,0.1934681,-0.0018511,-0.3511435,-0.1734879,-0.0616699,-0.0532265,-0.1355192,-0.0026921,0.0456053,0.0295536,-0.0203236,0.0171120,-0.0577855,-0.0374568,-0.0114135,0.2340184,0.6717354,0.9999729,0.0800820,-0.1060135
61.412121452,1791080910.145694256,0,0,0.1016866,-0.0200065,0.0297370,9.8234491,0.2962384,4.2628160,2.0625725,0.9210063,0.2058806,-0.0947679,-0.5969549,-0.0272118,-0.1813488,-0.1750375,-0.1456965,-0.0036821,0.0444609,0.0341046,-0.0217899,0.0185959,-0.0592321,-0.0392877,-0.0116331,0.2304722,0.6717343,0.9999729,0.0789146,-0.1643642
61.428559906,1791080910.162132978,0,0,0.0763464,0.0238191,0.0201371,0.7836010,-3.0842123,4.6928186,3.1128707,0.8744981,0.2961277,0.0007258,-0.4345413,-0.2767509,-0.2613899,-0.3168819,-0.0367569,-0.0051383,0.0401073,0.0383284,-0.0244782,0.0175835,-0.0564971,-0.0425976,-0.0129977,0.2156332,0.6717309,0.9999729,0.0780126,-0.1937340
61.450528629,1791080910.184101582,0,0,0.0496745,0.0961137,0.0218198,-0.7651596,-5.4152021,4.2316384,2.8066730,0.7963568,0.3841959,0.1322028,-0.3060735,-0.4943247,-0.3264053,-0.4033026,0.1481833,-0.0065586,0.0364096,0.0380596,-0.0262983,0.0158148,-0.0553960,-0.0453072,-0.0140817,0.2026237,0.6717274,0.9999729,0.0773067,-0.2058058
61.472839562,1791080910.206412315,0,0,0.0645185,0.1104328,-0.0221452,-2.3737452,-4.4868360,4.5917859,3.7183542,0.6863564,0.4227183,0.2655378,-0.3960244,-0.7828954,-0.4184332,-0.2634117,0.1610622,-0.0080442,0.0297160,0.0329779,-0.0284154,0.0134801,-0.0521679,-0.0489619,-0.0155598,0.1913022,0.6717213,0.9999729,0.0761914,-0.1944553
61.492000111,1791080910.225572824,0,0,0.1168881,0.0555283,0.1022704,-4.8950562,-3.2304659,4.3197746,2.6181667,0.7219160,0.3754178,0.1047327,-0.5156989,-0.4207402,-0.4352423,-0.0366637,0.1188748,-0.0089383,0.0299987,0.0335121,-0.0290757,0.0138387,-0.0569478,-0.0492803,-0.0157052,0.1943561,0.6717159,0.9999729,0.0760206,-0.1661124
61.512613691,1791080910.246186256,0,0,0.1192554,-0.0406552,0.2106319,-9.2518978,-3.6193275,-0.5037405,1.7224702,0.5357031,0.3488036,-0.1459072,-0.5138370,0.0720381,-0.3700231,0.1738030,0.0311021,-0.0093831,0.0304951,0.0338497,-0.0292261,0.0164618,-0.0594280,-0.0491964,-0.0157242,0.1973492,0.6717054,0.9999730,0.0747924,-0.1666305
61.534662446,1791080910.268235207,0,0,0.1327094,-0.0423704,0.1188795,-8.3315315,-4.7445316,-5.8102093,0.9643801,0.4593502,0.2424507,-0.0176980,-0.3178846,-0.0256447,-0.2458412,0.1629816,-0.1029315,-0.0099904,0.0308074,0.0334785,-0.0295871,0.0188252,-0.0629049,-0.0491711,-0.0157431,0.1994684,0.6716954,0.9999730,0.0732310,-0.1726490
61.552409739,1791080910.285983086,0,0,0.0580134,0.0523026,0.0733452,-6.2155104,-5.8654838,-4.2581768,0.9496391,0.5217118,0.2244149,0.0570890,-0.2496952,-0.1515733,-0.1228557,0.2134761,-0.1669514,-0.0105139,0.0308403,0.0330648,-0.0299941,0.0190490,-0.0655908,-0.0494424,-0.0157240,0.2010459,0.6716891,0.9999730,0.0735692,-0.1625700
61.572425268,1791080910.305998087,0,0,0.0287661,0.1235700,0.0564153,-4.1026335,-6.6999474,-3.0618792,1.8324642,0.6031269,0.2385341,0.1467684,-0.2151398,-0.1884792,-0.1938650,0.2015597,-0.1554286,-0.0111442,0.0310617,0.0336640,-0.0303739,0.0174408,-0.0682448,-0.0499392,-0.0158925,0.2028459,0.6716832,0.9999730,0.0743795,-0.1055312
61.592892383,1791080910.326465368,0,0,0.0544812,0.0929428,0.0107396,-2.4047487,-7.6216788,-0.1285371,2.1964545,0.5876650,0.1544203,0.3807109,-0.6157302,-0.4273507,-0.4676557,0.0388368,-0.3549253,-0.0119790,0.0318967,0.0318346,-0.0307969,0.0141599,-0.0710885,-0.0506873,-0.0163142,0.2046889,0.6716739,0.9999730,0.0740971,-0.0150957
61.612343749,1791080910.345916748,0,0,0.0076569,0.0087691,0.0019312,-3.7743199,-7.8947802,1.6057630,3.5662935,0.5739427,0.2375609,0.2741940,-0.6671450,-0.4745262,-0.4620897,-0.2845306,-0.3713771,-0.0125430,0.0315831,0.0301700,-0.0312636,0.0129807,-0.0722945,-0.0512144,-0.0162414,0.2062033,0.6716657,0.9999730,0.0740085,-0.0043151
61.632379086,1791080910.365952015,1,0,0.0148775,-0.0553541,-0.0733681,2.9842732,-7.4496331,0.4937473,4.2483048,0.5281246,0.0649687,0.2327374,-0.2564948,-0.3560973,-0.1676648,-0.1365326,-0.1744788,-0.0136016,0.0232237,0.0246058,-0.0333418,0.0121798,-0.0648943,-0.0541819,-0.0152729,0.2025656,0.6716675,0.9999730,0.0722128,-0.0570013
61.652967066,1791080910.386539698,1,0,-0.0040504,-0.0649520,-0.0615753,9.4620762,-7.6188560,-5.3855524,5.0306516,0.6251826,0.0817996,0.2365119,-0.1196451,-0.3917831,0.0427627,0.0830446,-0.0244448,-0.0144729,0.0061332,0.0294350,-0.0364603,0.0114910,-0.0466179,-0.0585222,-0.0150342,0.1954674,0.6716782,0.9999730,0.0696468,-0.1116562
61.679582086,1791080910.413155794,1,0,-0.0858555,-0.0086411,0.0383363,9.9412193,-8.0597296,-5.2943320,4.7735314,0.6866043,0.2908745,0.4116598,-0.0912072,-0.4778627,0.1312699,0.2847546,0.0218994,-0.0148976,0.0027232,0.0361505,-0.0370971,0.0111881,-0.0414267,-0.0595382,-0.0151028,0.1940430,0.6716832,0.9999730,0.0686256,-0.1603707
61.696421790,1791080910.429995537,1,0,-0.2158103,0.0304838,0.1303342,9.3621035,-7.8689013,-8.9422836,3.1522632,0.5720959,0.4987839,0.1252327,-0.0564291,-0.3397831,0.0905690,0.2696725,-0.0829917,-0.0150120,0.0023549,0.0426640,-0.0371846,0.0095774,-0.0404411,-0.0598008,-0.0151566,0.1940802,0.6716815,0.9999730,0.0677473,-0.1740969
61.714311516,1791080910.447884798,1,0,-0.2676098,0.0528944,0.1240778,6.3161774,-9.7886448,-1.8839684,3.0112612,0.6377890,0.6804638,-0.0326104,0.0581925,-0.2265233,-0.0517771,0.0890080,-0.0807560,-0.0149974,0.0025372,0.0461895,-0.0372280,0.0075745,-0.0400997,-0.0599619,-0.0151846,0.1948734,0.6716759,0.9999730,0.0672208,-0.1443879
61.732745501,1791080910.466318846,1,0,-0.2189783,0.0224534,0.1427985,4.8512182,-9.3417721,0.1154659,2.8856936,0.7374454,0.6937181,-0.1361453,0.1815312,-0.2705011,-0.2425183,-0.1899030,-0.1747407,-0.0149986,0.0026800,0.0468309,-0.0372616,0.0056685,-0.0400610,-0.0600778,-0.0151934,0.1959909,0.6716669,0.9999730,0.0667482,-0.0909197
61.753033255,1791080910.486606836,1,0,-0.1919594,-0.0069083,0.1400437,6.7463465,-8.6341515,0.2120960,1.7810199,0.9388529,0.6450787,-0.1591395,0.1396632,-0.0348872,-0.2164802,-0.2910651,-0.1590580,-0.0150227,0.0028958,0.0467978,-0.0372864,0.0041677,-0.0403036,-0.0600949,-0.0151942,0.1974623,0.6716596,0.9999730,0.0660377,-0.0414896
61.774014069,1791080910.507587671,1,0,-0.1729585,-0.0125634,0.0970858,7.1632862,-11.5679083,1.9119635,2.7259045,0.9387933,0.4730865,-0.1349234,0.1621164,0.0927503,-0.1006983,-0.2898563,-0.0625388,-0.0150937,0.0031964,0.0459784,-0.0373257,0.0027360,-0.0407448,-0.0601024,-0.0151966,0.1991315,0.6716522,0.9999730,0.0651528,-0.0187240
61.794314175,1791080910.527887821,1,0,-0.0249701,-0.0687470,-0.0395660,9.0486927,-10.1594639,3.7479913,3.5198107,0.7617133,0.3388082,-0.0989353,0.1053689,0.1195856,-0.0106397,-0.3209880,-0.1019086,-0.0155938,0.0035873,0.0361104,-0.0376022,0.0025032,-0.0415805,-0.0601228,-0.0149999,0.2007380,0.6716477,0.9999730,0.0625356,-0.0546527
61.814096007,1791080910.547669411,1,0,0.0399060,-0.0079748,-0.0002396,10.4940825,-10.0022430,3.5223486,4.4287930,0.7432206,0.4927209,-0.1279105,0.1591792,0.1575459,-0.0024765,-0.3085119,0.0330981,-0.0164431,0.0035207,0.0284930,-0.0380690,0.0028084,-0.0431635,-0.0603128,-0.0148150,0.2021568,0.6716426,0.9999730,0.0606199,-0.1042417
61.834541266,1791080910.568114519,1,0,0.0594445,-0.0097550,-0.0035410,10.6859236,-11.0888882,3.7466016,2.6845586,0.8949406,0.6267939,-0.2659691,0.2905677,0.4791536,-0.1923056,-0.4841717,0.1099109,-0.0172273,0.0042910,0.0252478,-0.0383724,0.0025379,-0.0460397,-0.0603134,-0.0147527,0.2044342,0.6716383,0.9999730,0.0585005,-0.1222515
61.854968157,1791080910.588541031,1,0,0.0450799,-0.0038815,-0.0232048,9.1365767,-10.9341011,4.2020154,2.5928197,0.8954777,0.7673961,-0.6230764,0.4083567,0.9471468,-0.4187618,-0.8000982,0.1004277,-0.0179367,0.0051505,0.0202770,-0.0385980,0.0012036,-0.0482883,-0.0601931,-0.0147057,0.2054498,0.6716334,0.9999730,0.0570754,-0.1235898
61.874413699,1791080910.607986927,1,0,0.0373069,0.0104557,0.0259154,8.7021971,-11.4724998,4.6625900,2.9381661,0.7680421,0.7977424,-0.6854519,0.3239633,1.3943493,-0.5397032,-0.9577342,0.0098527,-0.0184295,0.0060119,0.0180160,-0.0386899,-0.0002251,-0.0502437,-0.0599860,-0.0147046,0.2076650,0.6716281,0.9999730,0.0560337,-0.1036747
61.894982895,1791080910.628555775,1,0,0.0529825,0.0102068,0.0617990,8.1094484,-12.8938599,5.0053697,3.4952126,0.7725551,0.7618240,-0.6148848,0.3247561,1.4109305,-0.5730301,-1.0081644,0.0086218,-0.0190107,0.0067359,0.0170796,-0.0387676,-0.0013988,-0.0520329,-0.0598227,-0.0147612,0.2100610,0.6716194,0.9999730,0.0560252,-0.0749938
61.913903154,1791080910.647476673,1,0,0.0779491,0.0033043,0.0561871,8.8928661,-13.7339230,4.7779508,3.7239227,0.8266618,0.6585242,-0.4408213,0.3028155,0.9108914,-0.4881373,-0.7428372,0.0438964,-0.0199427,0.0073371,0.0158960,-0.0389299,-0.0017881,-0.0540301,-0.0596516,-0.0148452,0.2109833,0.6716072,0.9999730,0.0550337,-0.0839222
61.933851611,1791080910.667424679,1,0,0.1440313,-0.0025403,0.0309794,9.9872065,-12.3549643,4.4382739,4.2971749,0.6595142,0.5442067,-0.3508700,0.1813909,0.7352678,-0.3864026,-0.5642543,0.0104043,-0.0220803,0.0076887,0.0117626,-0.0395394,-0.0003968,-0.0572924,-0.0594085,-0.0148471,0.2097131,0.6715963,0.9999730,0.0540648,-0.1312334
61.955137482,1791080910.688710928,1,0,0.1756110,-0.0590831,0.0777699,10.7412510,-11.4329691,4.5244060,3.9567304,0.6037167,0.3766509,-0.1757518,-0.3175224,0.3717955,-0.3711490,-0.3253791,-0.0613037,-0.0248559,0.0059408,0.0110030,-0.0409098,0.0024534,-0.0602584,-0.0599128,-0.0143624,0.2025845,0.6715876,0.9999730,0.0521566,-0.2004082
61.974267375,1791080910.707840204,1,0,0.1577417,-0.1114299,0.0661183,10.7044973,-6.8355536,4.4111304,2.8142505,0.6847779,0.2907035,-0.0137156,-0.6337094,-0.1721510,-0.3461660,-0.0676761,-0.1261755,-0.0274746,0.0017574,0.0207856,-0.0425751,0.0059405,-0.0613504,-0.0610242,-0.0137325,0.1933199,0.6715827,0.9999730,0.0493307,-0.2740493
61.994198103,1791080910.727771044,0,0,0.1321661,-0.1195192,0.0076081,10.8271360,-0.2566877,5.2557607,2.8036542,0.6425281,0.3109148,-0.0033594,-0.7494688,-0.3302202,-0.3527063,-0.0209480,-0.0943867,-0.0295627,-0.0004920,0.0272646,-0.0441709,0.0078634,-0.0608230,-0.0617888,-0.0131128,0.1900298,0.6715791,0.9999730,0.0459232,-0.3257742
62.014049407,1791080910.747622490,0,0,0.1438477,-0.1063128,-0.0497289,2.9973323,-2.0164833,4.9522123,2.7027557,0.5962951,0.1877829,0.1937155,-0.6650935,-0.4631209,-0.5007513,-0.0501194,-0.0492134,-0.0317657,-0.0167315,0.0327860,-0.0476564,0.0068997,-0.0401537,-0.0645044,-0.0117540,0.1742106,0.6715746,0.9999730,0.0414552,-0.3428974
62.034536203,1791080910.768109560,0,0,0.1762784,-0.0177553,-0.0182685,0.1053803,-1.7728190,4.1282520,1.8476278,0.6380941,0.2368893,0.2648050,-0.2586977,-0.5916631,-0.4574463,-0.0372884,-0.0026388,-0.0339399,-0.0280481,0.0433064,-0.0495849,0.0039596,-0.0239881,-0.0650322,-0.0094874,0.1603708,0.6715657,0.9999730,0.0381518,-0.3360461
62.053556814,1791080910.787129879,0,0,0.1822341,0.0363754,-0.0003200,4.3691025,-1.6972990,3.8480701,1.9586504,0.5287138,0.4430816,0.1552363,0.0072283,-0.7094682,-0.4254558,0.0956109,-0.0204909,-0.0352912,-0.0320388,0.0400499,-0.0502912,0.0006630,-0.0184356,-0.0634925,-0.0055816,0.1551230,0.6715541,0.9999730,0.0368751,-0.3062987
62.074279867,1791080910.807852745,0,0,0.2241111,0.0359566,-0.0408352,-1.4032023,-4.6725478,3.0055079,1.1621646,0.4612097,0.5241360,0.2127704,-0.0423289,-0.8517104,-0.4056413,0.2945358,-0.0172396,-0.0337292,-0.0451717,0.0368077,-0.0514857,-0.0037672,-0.0024533,-0.0610832,0.0032184,0.1611665,0.6715192,0.9999730,0.0354193,-0.2515431
62.094050371,1791080910.827623606,0,0,0.2065482,-0.0297258,0.0555746,-3.4602342,1.8858294,1.4081447,1.7197162,0.4630180,0.5503310,-0.0282906,-0.1937283,-0.4635421,-0.3744841,0.3138299,0.0502140,-0.0325579,-0.0458263,0.0407960,-0.0528125,-0.0038708,-0.0085815,-0.0595104,0.0079799,0.1716632,0.6715064,0.9999730,0.0358121,-0.1926376
62.116075670,1791080910.849648714,0,0,0.1106426,-0.0598753,0.2569192,-0.3655925,-3.1039104,-2.0962965,1.8766016,0.3363176,0.5788473,-0.0917341,-0.1339948,-0.0873407,-0.2858258,0.2132221,0.0189189,-0.0326886,-0.0448189,0.0421069,-0.0528778,-0.0011397,-0.0117824,-0.0591378,0.0081733,0.1757349,0.6714975,0.9999730,0.0366070,-0.1534235
62.134468246,1791080910.868041039,0,0,0.0294131,0.0198441,0.0763000,-1.4313872,-3.5448868,-1.5640042,0.9467908,0.4096763,0.5092895,0.0976901,-0.1080157,-0.2975155,-0.2573423,0.2621444,-0.0382403,-0.0326523,-0.0437654,0.0425462,-0.0529960,-0.0008132,-0.0157348,-0.0586261,0.0087715,0.1791472,0.6714877,0.9999730,0.0368762,-0.1341371
62.154399935,1791080910.887973070,1,0,0.0198479,0.0669606,-0.0094742,-2.3769822,-5.5091205,-1.9262774,4.1080480,0.6161227,0.3669510,0.3910629,0.0208619,-0.7926945,-0.3784518,0.0852869,-0.0323228,-0.0326011,-0.0423256,0.0447918,-0.0531506,-0.0038487,-0.0192849,-0.0580976,0.0097155,0.1838949,0.6714784,0.9999730,0.0363960,-0.0891717
62.174326183,1791080910.907899380,0,0,-0.0136525,-0.0274982,-0.0453153,-2.2198591,-6.3923979,3.7145219,5.2760601,0.7849896,0.3090984,0.3767775,-0.0771197,-0.8531846,-0.6279483,-0.2927244,-0.0681736,-0.0324628,-0.0407501,0.0483802,-0.0532331,-0.0077956,-0.0212092,-0.0577509,0.0107968,0.1873923,0.6714689,0.9999730,0.0338311,-0.0290081
62.196043257,1791080910.929616213,1,0,-0.0191289,-0.0619573,0.0516982,-3.3098855,-8.8953142,3.9546926,5.8948793,1.0033633,0.1748152,0.3652399,0.1265203,-0.4722012,-0.7171705,-0.5908996,-0.1153317,-0.0325254,-0.0393362,0.0506142,-0.0532601,-0.0090158,-0.0240890,-0.0572937,0.0112753,0.1918017,0.6714566,0.9999730,0.0329892,0.0228892
62.213466261,1791080910.947039604,1,0,0.0121661,-0.0678919,-0.0101056,3.8425076,-10.6336231,4.2949309,5.0042043,0.8886720,-0.0621727,0.3874136,-0.0183678,-0.1344274,-0.5839707,-0.5338824,-0.1678052,-0.0326238,-0.0380576,0.0486846,-0.0533128,-0.0089150,-0.0269427,-0.0565005,0.0119358,0.1948180,0.6714478,0.9999730,0.0321170,0.0290204
62.233242364,1791080910.966815472,1,0,0.0276659,-0.0679078,-0.0472626,6.9492073,-11.5871716,2.5215745,5.2485170,0.7680163,-0.0639229,0.2875219,-0.1987916,0.0639499,-0.3965675,-0.2647823,-0.0332381,-0.0328255,-0.0372958,0.0445147,-0.0534746,-0.0079546,-0.0288790,-0.0556507,0.0131087,0.1969961,0.6714354,0.9999730,0.0310006,-0.0171209
62.255975155,1791080910.989549160,1,0,0.0652912,-0.0382805,0.0103373,9.2060452,-12.6399517,2.7885768,5.2188511,0.6932390,0.1258428,0.1993886,-0.2911825,-0.1333663,-0.2602141,0.0768533,-0.0320456,-0.0330271,-0.0374412,0.0519281,-0.0538672,-0.0073389,-0.0284241,-0.0551063,0.0149614,0.1990176,0.6714299,0.9999730,0.0299390,-0.0709443
62.275939994,1791080911.009512663,1,0,0.0645366,-0.0049906,0.0532774,10.2945671,-12.9424477,3.8857522,5.0443597,0.7745831,0.1943216,0.1627789,-0.3135777,-0.1831392,-0.2634058,0.0882837,-0.1080532,-0.0333705,-0.0367855,0.0591768,-0.0542117,-0.0072454,-0.0291706,-0.0546690,0.0162897,0.2009643,0.6714255,0.9999730,0.0296216,-0.1129415
62.294006515,1791080911.027579308,1,0,0.0436668,-0.0061547,0.0298310,10.3488340,-10.9411392,4.9698482,5.1751685,0.7903969,0.2345812,0.0653318,-0.2296921,-0.1338677,-0.2513461,-0.0865636,-0.2566877,-0.0338769,-0.0351004,0.0613216,-0.0545449,-0.0073753,-0.0296240,-0.0541286,0.0173608,0.2040642,0.6714191,0.9999730,0.0283240,-0.1516373
62.314002965,1791080911.047575712,1,0,0.0472663,-0.0049516,0.0807658,10.0937967,-10.3095074,5.1688333,4.4732709,0.7328031,0.3306226,-0.0848698,-0.2835281,-0.0031995,-0.1895990,-0.0709265,-0.3235611,-0.0341365,-0.0344357,0.0645184,-0.0548191,-0.0071643,-0.0304144,-0.0537765,0.0181650,0.2063359,0.6714160,0.9999730,0.0283602,-0.1760122
62.335591935,1791080911.069164753,1,0,0.0705837,-0.0409546,0.0715396,10.4445009,-6.9319201,5.7920899,4.4311557,0.6147335,0.4119673,-0.1281029,-0.3966769,0.0021112,-0.1764660,-0.0209229,-0.2933519,-0.0344687,-0.0336778,0.0654199,-0.0551226,-0.0055711,-0.0323601,-0.0533974,0.0189584,0.2091759,0.6714135,0.9999730,0.0276181,-0.2109966
62.358652176,1791080911.092225075,0,0,0.0911524,-0.0683288,0.0632678,10.6654387,-3.8264475,5.5068002,3.5985131,0.6348630,0.3491535,-0.0805806,-0.3112275,-0.0763337,-0.1044034,0.0990016,-0.1267580,-0.0349143,-0.0324408,0.0637785,-0.0554283,-0.0024778,-0.0354033,-0.0527086,0.0196911,0.2110894,0.6714106,0.9999730,0.0262288,-0.2513059
62.380559868,1791080911.114132643,0,1,0.1274316,-0.0478054,-0.0055169,3.1723330,-0.7318092,5.1186767,4.3775573,0.5069126,0.3863375,-0.0684514,-0.2532830,-0.0586218,-0.0801688,0.1861263,-0.0752070,-0.0355711,-0.0301899,0.0652236,-0.0560605,0.0002425,-0.0386562,-0.0516499,0.0209924,0.2117103,0.6714052,0.9999730,0.0239207,-0.2933386
62.401187809,1791080911.134760618,0,0,0.1880591,0.0490660,0.0167518,-0.8303978,5.6747026,4.9500222,2.8634286,0.4741125,0.2854268,-0.0769865,-0.4238204,0.0245175,-0.2280948,0.2202366,-0.0808355,-0.0369961,-0.0236758,0.0683545,-0.0569567,0.0010004,-0.0459756,-0.0490347,0.0226697,0.2079955,0.6713930,0.9999730,0.0246230,-0.3046452
62.420161118,1791080911.153734207,0,1,0.1999117,0.0533475,0.0334556,-4.8219376,-0.1595450,4.7734771,2.2021174,0.5081834,0.3240479,-0.0899948,-0.7740664,0.0976737,-0.3065537,0.0878253,-0.1934917,-0.0383561,-0.0165712,0.0680464,-0.0576294,0.0014976,-0.0556420,-0.0464518,0.0237994,0.2054442,0.6713766,0.9999730,0.0253616,-0.2941905
62.441315174,1791080911.174888134,0,1,0.1842553,0.0277707,-0.0576625,-6.4578733,6.4526124,4.3748760,1.8570465,0.4045445,0.3690864,-0.1490569,-1.2272396,-0.1480219,-0.3311860,-0.1967600,-0.1525329,-0.0403632,-0.0079861,0.0656131,-0.0588155,0.0027610,-0.0650890,-0.0422045,0.0263650,0.2030572,0.6713470,0.9999730,0.0243724,-0.3045748
62.461270569,1791080911.194844007,0,1,0.1980615,0.0164347,-0.1078655,-8.0880709,7.3359532,4.4377732,3.1068928,0.3643210,0.3744852,-0.1029925,-1.1244202,-0.3517156,-0.2815172,-0.3794259,-0.1156988,-0.0404512,-0.0025551,0.0642857,-0.0608620,0.0033502,-0.0625435,-0.0357054,0.0313603,0.1955833,0.6712965,0.9999730,0.0213919,-0.3217933
62.480665640,1791080911.214238644,0,1,0.2147912,0.0190142,-0.1388453,-8.7664442,8.6946459,4.5783110,3.1371298,0.4190657,0.4134763,-0.1185964,-0.9734926,-0.3739486,-0.2669344,-0.5707726,-0.0074389,-0.0369138,-0.0012407,0.0515424,-0.0613704,0.0019035,-0.0461128,-0.0267999,0.0372107,0.1803481,0.6712430,0.9999730,0.0187575,-0.3270484
62.500312456,1791080911.233885527,0,0,0.2274750,0.0254262,-0.0673087,-10.1432819,9.3493166,4.4895229,3.9478862,0.4638940,0.4280468,-0.1380548,-1.0716707,-0.1129390,-0.2951738,-0.6130092,0.2967562,-0.0350582,0.0059874,0.0478569,-0.0608310,0.0013570,-0.0464125,-0.0186686,0.0405948,0.1710564,0.6711825,0.9999730,0.0176308,-0.3197001
62.520519596,1791080911.254092455,0,0,0.2509376,0.0377312,-0.0640068,-11.9506187,4.6580496,4.6368108,3.2699919,0.5504734,0.3181115,-0.2017297,-0.8016860,0.0037471,-0.1965337,-0.4253096,0.3097558,-0.0315888,0.0126263,0.0405139,-0.0596483,0.0012158,-0.0421201,-0.0087372,0.0449652,0.1518175,0.6710905,0.9999730,0.0173914,-0.3037791
62.541742292,1791080911.275315523,0,0,0.2355689,0.0698580,-0.1044186,-13.2468233,2.1179008,4.2074809,2.7748826,0.6974402,0.2403360,-0.0606710,-0.3125304,-0.0995589,-0.0671553,-0.3401099,0.2101478,-0.0218607,0.0117824,0.0078709,-0.0555497,-0.0015025,-0.0110071,0.0055908,0.0496412,0.1116004,0.6709735,0.9999730,0.0161845,-0.2781449
62.562566330,1791080911.296139240,0,1,0.2247020,0.0902798,-0.1004208,-13.9863653,0.9123389,4.3529634,3.2185378,0.7217287,0.2863517,-0.0537754,-0.2287073,-0.1074086,-0.0105798,-0.3333687,0.0827981,-0.0133129,0.0128038,0.0144238,-0.0471599,-0.0059090,0.0261436,0.0194211,0.0537299,0.0923918,0.6708159,0.9999730,0.0143106,-0.2382550
62.582186459,1791080911.315759659,0,1,0.2309658,0.1058899,-0.0754417,-12.7058296,7.7280512,4.7674060,1.4725832,0.8242191,0.4777219,-0.0511878,-0.1522388,-0.2152427,-0.0872813,-0.3711630,0.0059458,-0.0062328,0.0173830,0.0263521,-0.0413508,-0.0094308,0.0486353,0.0307376,0.0540249,0.1070485,0.6706167,0.9999730,0.0139616,-0.1736457
62.600642069,1791080911.334215403,0,1,0.2520337,0.0705330,-0.0984036,-10.7075253,9.9310274,4.5899277,-7.5684505,0.8856699,0.6992989,-0.0402942,0.1417177,-0.3843925,-0.2091059,-0.2097283,-0.1400459,0.0010613,0.0204109,-0.0249390,-0.0341184,-0.0130365,0.0688098,0.0405540,0.0522291,0.1373398,0.6703748,0.9999730,0.0140283,-0.0964788
62.622097791,1791080911.355670929,0,1,0.2705874,0.0462569,-0.0614953,-9.4345989,11.7283335,4.6427751,-9.4974661,0.8661548,0.8049384,0.0076763,0.6878785,-0.6661075,-0.3846490,0.3142368,-0.3528881,0.0064453,0.0240732,-0.0138745,-0.0273392,-0.0163482,0.0818390,0.0476930,0.0502782,0.1397832,0.6701750,0.9999730,0.0153448,-0.0246455
62.642681124,1791080911.376254320,0,1,0.2305934,-0.0382902,0.0990456,-8.2394133,12.1340208,5.3237963,-10.5840721,0.8389744,0.8534874,-0.1803570,0.6100343,-0.1884522,-0.4162120,0.4113638,-0.2029141,0.0059592,0.0316264,-0.0036600,-0.0260257,-0.0152531,0.0682415,0.0508443,0.0500258,0.1373398,0.6700400,0.9999730,0.0169655,0.0038573
62.663493066,1791080911.397066593,0,1,0.1962474,-0.0784707,0.0654980,-7.1824255,11.4994183,5.7956758,-11.2926016,0.8712380,0.9394635,-0.2199891,0.7323897,-0.3050289,-0.3718305,0.5466993,-0.0628764,0.0057013,0.0369370,-0.0018618,-0.0245125,-0.0119905,0.0579402,0.0535878,0.0494597,0.1440584,0.6699345,0.9999730,0.0183292,-0.0105927
62.682849353,1791080911.416422367,0,1,0.1816769,-0.1087772,0.0426697,-7.2962713,11.3569431,5.8426929,-10.5088701,0.7974709,0.9374101,-0.2099163,0.8158447,-0.3974750,-0.3602263,0.5196971,-0.1454765,0.0072377,0.0410815,-0.0080103,-0.0216272,-0.0077647,0.0531163,0.0560556,0.0475802,0.1645805,0.6697702,0.9999730,0.0176455,-0.0534485
62.702340073,1791080911.435913324,0,1,0.1390395,-0.1169736,0.0597378,-6.5094481,10.7405100,5.4052920,-10.0339556,0.7568730,0.8464822,-0.1338499,0.8817079,-0.5076503,-0.4345029,0.3404008,-0.0765015,0.0085345,0.0458382,-0.0101218,-0.0197798,-0.0041339,0.0468782,0.0578009,0.0454871,0.1690776,0.6696550,0.9999730,0.0171884,-0.0900963
62.724065908,1791080911.457638741,0,1,0.1412516,-0.0348467,0.0445387,-3.7054913,9.1779709,4.0553641,-10.0813723,0.6985978,1.0298252,-0.1437777,1.1197298,-0.9649276,-0.4175810,0.1783799,-0.0202478,0.0107498,0.0490087,-0.0259591,-0.0167016,-0.0022169,0.0508489,0.0593766,0.0431038,0.1703337,0.6694732,0.9999730,0.0192665,-0.1079041
62.742210829,1791080911.475783587,1,1,0.1739903,-0.1003290,0.1440367,5.9478188,8.4539585,2.9511425,-5.0534053,0.8922036,1.1152495,-0.3662286,0.7206135,-0.5410199,-0.2049396,-0.2006972,0.1588468,0.0103688,0.0526644,-0.0202818,-0.0156355,0.0020527,0.0408710,0.0606121,0.0419585,0.1591617,0.6693649,0.9999730,0.0206956,-0.1273050
62.764522203,1791080911.498095274,1,1,0.2400188,-0.0984510,0.1094987,3.1038754,6.3766742,2.1702313,0.9966160,0.8516672,0.9524068,-0.1480161,0.3526486,-0.1651217,-0.0800118,-0.0972371,0.3143228,0.0105154,0.0591842,-0.0161308,-0.0152771,0.0054706,0.0231749,0.0625460,0.0403231,0.1305752,0.6692809,0.9999730,0.0212854,-0.1510645
62.780500265,1791080911.514073372,1,1,0.2813689,-0.0976765,-0.0594936,8.4665480,8.9714880,-2.2286656,1.4036988,0.4878165,0.8782818,-0.0347266,0.1603409,-0.2325475,0.0369706,0.0381290,0.3086366,0.0149025,0.0615447,-0.0161792,-0.0118054,0.0085287,0.0289312,0.0653049,0.0297229,0.0903332,0.6691673,0.9999730,0.0232111,-0.1390034
62.802528054,1791080911.536101341,1,1,0.3403499,-0.0357912,0.0014072,8.9255018,9.9823294,-5.9700375,3.2528565,0.4620337,0.8177038,0.0126483,0.1854358,-0.3697880,0.1186948,0.0223918,0.2372213,0.0195035,0.0641431,-0.0265952,-0.0078060,0.0087320,0.0435241,0.0705666,0.0128009,0.0806803,0.6689935,0.9999730,0.0255451,-0.0794370
62.822313751,1791080911.555886507,0,1,0.3331400,0.0266713,0.1761033,9.5286112,8.8696337,-11.4207506,5.0060077,0.5400609,0.7631566,-0.0350729,0.1131387,-0.0975211,0.0742880,0.0751751,0.1215940,0.0172407,0.0677754,-0.0240539,-0.0078996,0.0104122,0.0270227,0.0722483,0.0106580,0.0730067,0.6689669,0.9999730,0.0266440,0.0123688
62.842520122,1791080911.576093435,0,1,0.2605376,0.0214972,0.0613428,2.3795989,8.0852480,-11.7914124,4.1550660,0.4618346,0.7881061,-0.0479194,0.0559740,-0.0076944,0.0553833,0.0820464,0.0817824,0.0149811,0.0705405,-0.0221651,-0.0081281,0.0110763,0.0143601,0.0729172,0.0084462,0.0687036,0.6689271,0.9999730,0.0257395,0.0631449
62.865108937,1791080911.598681688,1,1,0.2341157,-0.0340225,-0.1030298,0.4849479,8.7226324,-10.1835032,4.0966907,0.2874274,0.8854393,-0.1030948,-0.1350093,-0.0262228,0.0724462,0.1094496,0.0723537,0.0150116,0.0696890,-0.0331419,-0.0074580,0.0120755,0.0179848,0.0714596,0.0036126,0.1137449,0.6688868,0.9999730,0.0235216,0.0663093
62.882291582,1791080911.615864277,1,1,0.2326776,-0.0253255,-0.1194736,7.1572781,9.2161207,-8.7976084,4.6894560,0.4158528,1.0283649,-0.2868378,-0.4267484,0.1196779,0.1576846,0.2362924,0.0431031,0.0161806,0.0667092,-0.0480757,-0.0050066,0.0148982,0.0298455,0.0683008,-0.0003876,0.1475857,0.6688054,0.9999730,0.0212235,0.0373583
62.903079972,1791080911.636652708,1,1,0.2927982,0.0295449,-0.0401457,9.2915831,9.5306225,-11.6400051,4.6885457,0.5117030,0.8571340,-0.4004995,-0.6989566,0.4827537,0.2358478,0.4415191,0.0314021,0.0169563,0.0650875,-0.0421503,-0.0043438,0.0176313,0.0317532,0.0661692,-0.0036819,0.1464549,0.6687455,0.9999730,0.0204096,0.0200865
62.922071169,1791080911.655643940,1,1,0.3353462,0.0544614,-0.0251598,9.2728004,9.2167892,-12.8104734,4.3485847,0.6048871,0.7567365,-0.3835986,-0.7166329,0.6662268,0.2490514,0.5518129,-0.1106410,0.0177845,0.0633137,-0.0323624,-0.0043725,0.0203179,0.0327786,0.0632779,-0.0075576,0.1496650,0.6686965,0.9999730,0.0194480,0.0068277
62.940591964,1791080911.674165010,1,1,0.3131561,0.0498661,-0.0192892,8.7572651,8.8674984,-12.5496664,3.9111500,0.6537397,0.6558850,-0.3979320,-0.7274495,0.9523489,0.2604365,0.4122804,-0.0965226,0.0184498,0.0619839,-0.0264720,-0.0048777,0.0231103,0.0310596,0.0605337,-0.0098523,0.1574968,0.6686556,0.9999730,0.0184267,-0.0039175
62.964444945,1791080911.698018074,1,1,0.2514138,0.0440213,-0.0252531,8.9676418,8.7451773,-12.4870195,3.9763041,0.6429493,0.4530963,-0.2636837,-0.8422961,1.0510232,0.3189237,0.3398654,-0.1330181,0.0191519,0.0607723,-0.0235307,-0.0057975,0.0252953,0.0296528,0.0576614,-0.0107662,0.1637703,0.6686200,0.9999730,0.0176201,-0.0119202
62.982546698,1791080911.716119528,1,1,0.2367255,0.0373049,-0.0743080,9.1330824,8.4946613,-13.7692652,4.5468941,0.6260426,0.2444298,-0.0241158,-0.9695640,0.7677931,0.3808019,0.1859803,-0.2821496,0.0213236,0.0558930,-0.0186178,-0.0063043,0.0265911,0.0372178,0.0516259,-0.0121767,0.1761126,0.6685722,0.9999730,0.0172863,-0.0146815
63.003742194,1791080911.737316370,1,1,0.2336337,0.0160729,-0.0891718,9.4367628,8.4451675,-13.4195242,5.1798811,0.6577036,0.2777963,-0.0836289,-0.9736220,0.8500175,0.3798273,-0.0229453,-0.3244231,0.0240518,0.0485138,-0.0093585,-0.0063475,0.0275987,0.0474731,0.0438064,-0.0125986,0.1874042,0.6685337,0.9999730,0.0164506,-0.0190099
63.026213217,1791080911.759787321,1,1,0.2404394,0.0092501,-0.0243988,9.7312202,7.3610010,-12.4815969,5.7319846,0.6853145,0.3299664,-0.1389507,-0.8512712,0.7830647,0.3680371,-0.1100985,-0.3423471,0.0255871,0.0442708,0.0077652,-0.0062348,0.0295594,0.0479495,0.0390344,-0.0130417,0.1944286,0.6685048,0.9999730,0.0158115,-0.0228580
63.044417626,1791080911.777991533,1,0,0.2265753,0.0117456,0.0258941,10.1526403,4.4801974,-10.1677141,6.2767973,0.7155303,0.2928708,-0.0579656,-0.9365315,0.3235184,0.2878495,-0.1471369,-0.4353806,0.0265141,0.0432061,0.0175081,-0.0064579,0.0323481,0.0411203,0.0359131,-0.0127100,0.2020520,0.6684649,0.9999730,0.0158363,-0.0284673
63.063323191,1791080911.796896696,1,0,0.2171913,0.0251068,0.0672684,10.7681723,-4.8372021,-4.7047801,6.3324742,0.6869090,0.3476479,-0.1517825,-0.7883312,-0.0127767,0.1799653,-0.2366694,-0.4001543,0.0274373,0.0423736,0.0262550,-0.0066451,0.0347423,0.0333903,0.0327285,-0.0118943,0.2110845,0.6684213,0.9999730,0.0160809,-0.0417084
63.082500757,1791080911.816073895,1,0,0.1837616,0.0386293,0.1050663,10.8844967,-8.5972996,-6.2117267,5.7716289,0.6454872,0.2595083,-0.1558619,-0.2630360,0.0174396,0.0470811,-0.3961736,-0.2232315,0.0281413,0.0426869,0.0303282,-0.0065768,0.0363824,0.0257257,0.0302330,-0.0110971,0.2193115,0.6683761,0.9999730,0.0165517,-0.0454087
63.103367836,1791080911.836940289,1,0,0.1648221,0.0572881,0.0913047,10.2698421,-8.4045324,-1.0700674,5.3951755,0.6350028,0.2456770,-0.1924921,-0.2049581,-0.0190668,-0.0592025,-0.6909585,-0.1824796,0.0288333,0.0430796,0.0313053,-0.0063418,0.0373952,0.0178699,0.0279180,-0.0102792,0.2265287,0.6683189,0.9999730,0.0175431,-0.0409951
63.123049629,1791080911.856622696,1,0,0.1548935,0.0095365,0.0338632,10.0703173,-9.4047260,0.9476261,5.7655606,0.7112172,0.2417061,-0.2361119,-0.4583695,-0.1959058,-0.1603724,-0.9396207,-0.1802113,0.0301715,0.0401137,0.0287158,-0.0059768,0.0384891,0.0148060,0.0240656,-0.0087792,0.2330232,0.6682743,0.9999730,0.0177528,-0.0521057
63.142295643,1791080911.875868082,1,0,0.1885902,-0.0163752,-0.0214437,10.6101236,-10.5819559,4.9025846,6.0948491,0.7755505,0.2683371,-0.2137303,-0.4870366,-0.2889735,-0.1407241,-0.8074006,-0.1537892,0.0336026,0.0283051,0.0249054,-0.0045793,0.0394400,0.0237223,0.0157087,-0.0055857,0.2365265,0.6682365,0.9999730,0.0175570,-0.0813343
63.163677316,1791080911.897250414,1,0,0.2239496,-0.0388972,-0.0013690,11.7906437,-10.4783258,4.3325639,5.2172170,0.9058619,0.3381301,-0.1034419,-0.2647156,-0.3505681,-0.0211184,-0.4468721,-0.0499330,0.0382718,0.0112980,0.0339315,-0.0024434,0.0424153,0.0367364,0.0053365,-0.0014147,0.2372285,0.6682640,0.9999730,0.0174354,-0.1301691
63.182274016,1791080911.915846348,1,0,0.2331473,-0.0504241,0.0785629,12.2231865,-9.9201994,3.3277462,4.5762639,0.9005382,0.4544724,-0.0475630,-0.2436197,-0.3654346,0.0181003,-0.2633218,-0.0195751,0.0405594,0.0086071,0.0487453,-0.0009722,0.0474742,0.0248628,0.0006386,0.0005603,0.2405155,0.6683226,0.9999730,0.0180936,-0.1849305
63.204539341,1791080911.938112736,1,0,0.1928478,-0.0391978,0.1005774,12.1146698,-8.5419016,3.5208242,4.4888306,0.8652490,0.5746418,-0.0486528,-0.3886505,-0.3909808,0.0662400,-0.1449669,0.0081263,0.0416504,0.0112348,0.0524085,-0.0003021,0.0529421,0.0101912,-0.0016129,0.0016394,0.2443346,0.6683698,0.9999730,0.0190578,-0.2413819
63.227354397,1791080911.960927486,1,0,0.1804640,-0.0268854,0.0886558,11.8833532,-4.0339284,5.3188958,4.5065942,0.8869119,0.5232071,-0.0196553,-0.6154318,-0.4529823,0.1169710,-0.1375337,0.0902829,0.0425405,0.0155855,0.0540502,-0.0000231,0.0578601,-0.0038481,-0.0034379,0.0022435,0.2462298,0.6684419,0.9999730,0.0204511,-0.2909226
63.246533020,1791080911.980106354,0,0,0.1604418,0.0098802,0.0884706,11.2689543,-4.2525063,5.8942699,3.7861240,0.8708678,0.4700297,-0.0426705,-0.4399927,-0.4173105,0.0898608,-0.1720394,0.1608981,0.0429458,0.0204009,0.0561267,-0.0001177,0.0607204,-0.0155690,-0.0050756,0.0022910,0.2470383,0.6684704,0.9999730,0.0219223,-0.3170086
63.265229143,1791080911.998802423,0,0,0.1582918,0.0465269,0.0498403,3.3708336,-2.8029218,6.5118852,4.2209640,0.8413125,0.5554414,-0.0643017,-0.2245475,-0.3425740,0.0712604,-0.1080975,0.1680439,0.0433470,0.0248702,0.0570711,-0.0002498,0.0609635,-0.0279695,-0.0066824,0.0020664,0.2471226,0.6684322,0.9999730,0.0236870,-0.3205925
63.284997172,1791080912.018569946,0,0,0.1618814,0.0564118,0.0297315,1.2003314,-2.8654804,6.9265575,4.6239829,0.8216236,0.5692471,-0.0531805,-0.1896249,-0.2633634,0.0373724,-0.0359779,0.1543504,0.0435313,0.0292795,0.0560584,-0.0005636,0.0609124,-0.0409123,-0.0082164,0.0020720,0.2476048,0.6683717,0.9999730,0.0250681,-0.3064170
63.306711800,1791080912.040284872,0,0,0.1679838,0.0563091,-0.0006301,-0.2632806,-2.7395144,6.9912553,5.4957914,0.8309206,0.6310881,-0.0593138,-0.2243386,-0.2283574,0.0203783,0.0033711,0.0921679,0.0435401,0.0336012,0.0560005,-0.0011093,0.0612511,-0.0542832,-0.0097212,0.0021945,0.2471742,0.6682937,0.9999730,0.0260596,-0.3025469
63.327526136,1791080912.061099291,0,0,0.1767074,0.0385156,-0.0261393,-0.6893284,-2.4649835,7.1939425,5.0899482,0.8463250,0.6415122,-0.0513798,-0.2251065,-0.2467844,-0.0109697,-0.0643895,0.0724132,0.0436536,0.0368067,0.0551911,-0.0020499,0.0624369,-0.0645001,-0.0123020,0.0027208,0.2455347,0.6682627,0.9999730,0.0259979,-0.3121298
63.346631280,1791080912.080204487,1,0,0.1787437,0.0343206,-0.0075429,-1.4866655,-3.0103807,7.2400494,5.0078311,0.8085548,0.6549908,-0.0673335,-0.2429292,-0.3227574,-0.0537960,-0.1753877,0.0689545,0.0437256,0.0400629,0.0564505,-0.0028609,0.0634263,-0.0740795,-0.0150241,0.0029461,0.2426087,0.6682269,0.9999730,0.0258912,-0.3209049
63.368553749,1791080912.102126598,0,0,0.1989951,0.0310089,0.0439777,4.7455950,-3.0750828,7.1615424,4.6287899,0.8241004,0.6725790,-0.1508126,-0.4834467,-0.4855974,-0.1754101,-0.4135913,0.0876749,0.0434937,0.0440996,0.0558004,-0.0035919,0.0638263,-0.0812738,-0.0172806,0.0029972,0.2397402,0.6681724,0.9999730,0.0266507,-0.3223882
63.386785161,1791080912.120358229,0,0,0.2080552,0.0222490,0.0371235,-0.8941753,-2.8917632,7.3454118,4.6792340,0.7678515,0.8457522,-0.1300149,-0.4486454,-0.7185681,-0.2612921,-0.4749123,0.1929989,0.0433662,0.0474232,0.0541998,-0.0039983,0.0636427,-0.0890888,-0.0194872,0.0028926,0.2359655,0.6681030,0.9999730,0.0271894,-0.3187873
63.410393973,1791080912.143966675,0,0,0.2205586,0.0185569,0.0190418,-2.8452151,-2.8533049,7.0238543,4.6096067,0.7761923,0.8220387,-0.0364602,-0.3629820,-0.8733453,-0.3131078,-0.4895621,0.2927319,0.0431725,0.0491854,0.0470092,-0.0039029,0.0625514,-0.0924943,-0.0224002,0.0020044,0.2288766,0.6679971,0.9999730,0.0274028,-0.3093345
63.428003335,1791080912.161575794,0,0,0.2194875,0.0295250,0.0297535,-4.9789953,-3.1909533,6.8517776,4.4697094,0.7813499,0.8463269,-0.0097958,-0.2165833,-0.9427062,-0.3520831,-0.4652909,0.3885820,0.0426364,0.0499409,0.0382297,-0.0033503,0.0610100,-0.0972984,-0.0248108,0.0007892,0.2215683,0.6678396,0.9999730,0.0281835,-0.2946516
63.448315716,1791080912.181888580,0,0,0.1900689,0.0157599,0.0205823,-6.8087034,-3.9072342,6.5538969,3.9657626,0.7759608,0.8459089,-0.0637002,-0.1906431,-0.8320283,-0.3349660,-0.4671098,0.3387743,0.0417649,0.0505709,0.0309928,-0.0030487,0.0596958,-0.1027324,-0.0263448,-0.0004698,0.2150274,0.6676934,0.9999730,0.0286174,-0.2829013
63.468509249,1791080912.202082157,0,0,0.1736360,-0.0077579,-0.0159978,-7.5096436,-4.1601415,6.7287312,4.1444869,0.7355105,0.8272864,-0.0110984,-0.2956206,-0.8927068,-0.3063162,-0.5006801,0.3184646,0.0407467,0.0472802,0.0171454,-0.0016421,0.0581064,-0.0981351,-0.0290810,-0.0024377,0.2047695,0.6675554,0.9999730,0.0279860,-0.2841159
63.488389821,1791080912.221962452,0,0,0.1789968,-0.0088418,-0.0157166,-8.5422335,-4.2701340,6.9096580,4.5024009,0.7233344,0.7609092,0.0251767,-0.2930574,-0.7943503,-0.2297946,-0.5614154,0.3057057,0.0393759,0.0423060,0.0044817,0.0001158,0.0566480,-0.0905491,-0.0310221,-0.0052725,0.1909308,0.6674572,0.9999730,0.0268355,-0.2914172
63.508173336,1791080912.241746187,0,0,0.1708213,0.0108992,-0.0047216,-9.4603539,-4.5015473,6.9703155,4.2105207,0.7080598,0.7073121,0.0256903,-0.1902826,-0.7073936,-0.1820744,-0.5272429,0.2720241,0.0375164,0.0381817,-0.0012972,0.0009350,0.0552148,-0.0864305,-0.0310981,-0.0082487,0.1794871,0.6673428,0.9999730,0.0262025,-0.2930936
63.527798418,1791080912.261371613,0,0,0.1765791,0.0264883,0.0037298,-9.7998800,-4.2442045,6.9077315,3.7856591,0.7211285,0.6572030,0.0469717,-0.2322518,-0.6715116,-0.1914223,-0.4834867,0.2250392,0.0351216,0.0350119,-0.0060625,0.0005131,0.0533229,-0.0835462,-0.0297074,-0.0109240,0.1700767,0.6672373,0.9999730,0.0257510,-0.2799364
63.550979165,1791080912.284552336,0,0,0.1736463,0.0203964,0.0074356,-10.1195745,-3.9794335,7.2477489,3.1573081,0.7262151,0.6729776,-0.0031538,-0.3144335,-0.6300058,-0.2048174,-0.4581701,0.1257127,0.0321979,0.0334810,-0.0102823,-0.0001253,0.0514039,-0.0820752,-0.0275986,-0.0127512,0.1655303,0.6671039,0.9999730,0.0253093,-0.2572474
63.572334944,1791080912.305908203,0,0,0.1506599,0.0159608,0.0280228,-11.7442312,-3.8588510,6.9687085,3.7818396,0.7397401,0.5948919,-0.0565809,-0.2069648,-0.4034230,-0.1356860,-0.4061231,0.0497670,0.0292598,0.0332286,-0.0110836,-0.0009714,0.0508669,-0.0834271,-0.0258311,-0.0135209,0.1657870,0.6670032,0.9999730,0.0246814,-0.2485538
63.590633780,1791080912.324206352,0,0,0.1239750,0.0211701,0.0364596,-13.5586987,-4.1495247,5.2486720,4.4842029,0.7644031,0.4597802,-0.0370720,-0.1122250,-0.3008645,0.0130171,-0.2929168,0.0487349,0.0264901,0.0324907,-0.0101150,-0.0014382,0.0510461,-0.0842106,-0.0249640,-0.0140177,0.1706889,0.6669559,0.9999730,0.0234899,-0.2549558
63.611063666,1791080912.344636440,0,0,0.1254330,0.0480409,0.0264444,-14.0200605,-4.9679151,4.5201583,4.6342320,0.8239905,0.3776994,-0.0410132,-0.1183482,-0.4380776,0.0720952,-0.2843806,0.0565205,0.0233733,0.0293700,-0.0061379,-0.0017687,0.0502724,-0.0798896,-0.0249528,-0.0148353,0.1825483,0.6669699,0.9999730,0.0223383,-0.2616245
63.630370187,1791080912.363943100,0,0,0.2400289,0.1301605,0.0257090,-13.6170893,-5.9047704,1.9188643,3.7737939,0.6607699,0.1409096,0.1323328,-0.0468395,-0.4744124,0.1114581,-0.1199135,0.1098785,0.0195022,0.0151175,0.0074331,-0.0037046,0.0453219,-0.0604596,-0.0280377,-0.0169127,0.2086417,0.6670894,0.9999730,0.0223810,-0.2328365
63.652972051,1791080912.386544943,0,0,0.3982637,0.1196117,-0.0357199,-11.6854525,-4.8385868,-0.3354654,-9.1728354,0.4510041,0.1258154,0.1750901,0.0132932,-0.1399881,0.0013086,0.1374837,0.0337070,0.0148580,0.0052077,0.0110136,-0.0117559,0.0361090,-0.0596926,-0.0288731,-0.0087228,0.2387439,0.6671133,0.9999730,0.0210240,-0.0516556
63.672502445,1791080912.406076193,0,0,0.2121642,0.0479211,0.0890096,-6.8237429,-8.7102785,-0.8594117,-7.3616538,0.4392929,0.2502235,-0.0421746,0.0378068,0.0331024,-0.0670837,0.0829968,0.0190920,0.0189153,0.0593492,-0.0003886,-0.0026759,0.0325477,-0.0748437,-0.0218891,-0.0038021,0.2209908,0.6670823,0.9999707,0.0155332,0.3269765
63.695932569,1791080912.429505587,0,0,0.1618205,0.2023141,0.3009593,-4.0182772,-15.9469357,-2.0036054,-3.6385894,0.1807854,0.2756397,-0.1256106,-0.0113520,0.0223658,-0.0973485,-0.0171947,0.0097412,0.0698685,0.1371824,0.0332951,0.0293637,0.0327778,-0.0850430,-0.0151957,0.0006927,0.1402193,0.6670581,0.9999611,0.0104164,0.5960935
63.712709702,1791080912.446282864,0,0,0.1346338,0.2707159,0.2989867,-5.8747892,-12.7373629,-3.6525629,-4.5089774,0.4688638,-0.0452435,-0.0339077,0.0156246,0.0238770,-0.1581364,-0.0000154,-0.0200357,-0.0051804,0.1655125,0.0447107,0.0478921,0.0425627,-0.1038173,-0.0136004,-0.0137382,0.1378435,0.6670485,0.9999561,0.0062036,0.6743241
63.734393418,1791080912.467965841,0,0,0.0543999,0.0509789,0.2501567,-4.1706762,-10.4212208,-3.7589951,-6.8597322,0.2955788,0.0333176,0.2950503,-0.1203225,0.1899805,-0.3764186,0.0469868,-0.0715864,-0.0477907,0.1701215,0.0431109,0.0494654,0.0465622,-0.1105805,-0.0120757,-0.0205031,0.1484458,0.6670381,0.9999554,0.0026576,0.7078309
63.753079424,1791080912.486652136,0,0,-0.0787274,0.0054043,0.1646197,-4.9936891,-12.1000443,-3.9671962,-7.8805180,0.3014207,0.2556803,0.0480155,-0.0662667,0.2328387,-0.2692035,-0.0034696,-0.0318855,-0.0416029,0.1559142,0.0570979,0.0517548,0.0456027,-0.1053640,-0.0098428,-0.0217696,0.1519632,0.6670306,0.9999520,-0.0020566,0.7255736
63.774500195,1791080912.508073330,0,0,0.0448106,0.1435959,0.2459259,-7.0961065,-12.1757164,-2.5883605,-9.5469522,0.3173049,0.1182379,0.2596104,-0.1207742,0.3513431,-0.4963027,0.0330396,-0.0314817,-0.0358709,0.1437878,0.0627256,0.0542446,0.0467410,-0.1052428,-0.0064754,-0.0237766,0.1530945,0.6670208,0.9999470,-0.0051868,0.7289541
63.796636713,1791080912.530209541,0,0,0.0736837,0.2609070,0.2137179,-7.4551277,-12.3038015,-2.5985975,-10.2726889,0.3854164,0.1029786,0.1674532,0.1842359,0.5534708,-0.6330285,-0.0720713,-0.0714092,-0.0176852,0.1331164,0.0828338,0.0572480,0.0478716,-0.1058266,-0.0022611,-0.0259837,0.1479573,0.6670167,0.9999294,-0.0060786,0.7291495
63.814353403,1791080912.547926188,0,0,-0.0234661,0.1963190,0.1717975,-5.0844378,-13.1580505,-1.1179516,-6.2888961,0.3016857,0.2766668,-0.0910379,0.2306860,0.5372884,-0.6065187,-0.1961331,-0.0367862,-0.0183083,0.1306847,0.0895807,0.0623963,0.0464539,-0.1045819,0.0007376,-0.0280847,0.1442235,0.6670136,0.9999232,-0.0069352,0.7513628
63.834250582,1791080912.567823648,0,0,-0.0927642,0.1081873,0.2331608,-4.2063112,-14.9477205,-0.0854074,-3.9201219,0.4411218,0.3443734,-0.0477257,0.1042040,0.5115963,-0.6395457,-0.3575886,0.0088176,-0.0147215,0.1291852,0.1053614,0.0672173,0.0465501,-0.1040038,0.0018616,-0.0287628,0.1387955,0.6670090,0.9999057,-0.0077098,0.7712905
63.856062811,1791080912.589635611,0,0,-0.1424016,0.0609798,0.1964343,-3.3699079,-15.9461117,-2.1553268,-5.8737540,0.6503769,0.3314095,0.0794239,0.2472261,0.5941619,-0.6008705,-0.4255798,0.1073054,-0.0246518,0.1312170,0.0912504,0.0865861,0.0486930,-0.1039198,0.0033076,-0.0308884,0.1326972,0.6670056,0.9998984,-0.0080823,0.7960810
63.874957906,1791080912.608530998,0,0,-0.0593272,0.0780948,0.0685110,-4.2319460,-14.4310045,-5.7139950,-8.4681206,0.6845864,0.1273157,0.1153478,0.1493635,0.4900846,-0.5538005,-0.2770477,0.0985864,-0.0573927,0.1204117,0.0937890,0.0801134,0.0542757,-0.1035555,0.0040748,-0.0337250,0.1339160,0.6670059,0.9998934,-0.0087200,0.7942155
63.896364244,1791080912.629937172,0,0,0.1726772,0.0874295,-0.1649196,-6.1183462,-18.8830795,-5.9790187,-10.1909342,0.5744578,-0.0763109,0.0511274,0.0758602,0.1738446,-0.1996486,-0.1264226,0.1214032,-0.0689943,0.0837166,0.0950970,0.0801588,0.0593578,-0.1018065,0.0130715,-0.0335223,0.1422272,0.6670067,0.9998888,-0.0107771,0.8025665
63.912664511,1791080912.646237373,0,0,0.2550651,0.0167988,-0.1260154,-8.0724468,-22.3988609,-5.8622336,-11.0946980,0.4983752,-0.0457042,0.0822550,0.0661412,0.1851075,-0.1240725,-0.1151962,0.1261863,-0.0532002,0.0770120,0.0993633,0.0576730,0.0626152,-0.0989179,0.0225712,-0.0278020,0.1398647,0.6670079,0.9998858,-0.0127653,0.7999610
63.934584196,1791080912.668156862,0,0,0.1924304,-0.0620126,0.0261927,-8.0003071,-19.3850060,-6.5277128,-11.3891134,0.5140528,-0.0254283,0.1306847,0.0544222,0.2029981,-0.0891151,-0.0936816,0.0825875,-0.0392224,0.0795811,0.0860817,0.0516360,0.0711783,-0.0960226,0.0304827,-0.0250223,0.1387889,0.6670095,0.9998843,-0.0141351,0.7906061
63.955193475,1791080912.688766479,0,0,0.0180177,-0.0436808,0.1222195,-6.3450422,-10.3076077,-4.9183555,-10.7802305,0.5234098,-0.0529949,0.1136754,0.0339355,0.1273551,-0.0663404,-0.0587295,0.0563210,-0.0458855,0.0726611,0.0599018,0.0532998,0.0642853,-0.0924194,0.0322234,-0.0223268,0.1422597,0.6670097,0.9998836,-0.0129053,0.7828389
63.975553153,1791080912.709126234,0,0,-0.1312466,0.0079995,0.1232482,-4.5595474,-5.2465625,-2.4089668,-7.7121215,0.5220481,0.0111279,0.0222218,0.0026522,0.0012985,-0.0918017,-0.0533964,0.0582988,-0.0161120,0.0688201,0.0601425,0.0564666,0.0592965,-0.0897635,0.0326388,-0.0202150,0.1453675,0.6670096,0.9998831,-0.0116477,0.7890536
63.996694531,1791080912.730267763,0,0,-0.1630147,0.0831295,0.0135395,-3.6307552,-2.5407085,-1.0476627,-5.6406054,0.4174565,0.2201843,-0.0297332,-0.0367848,-0.0661325,-0.1044357,-0.0596943,0.0036944,0.0408265,0.0748105,0.0944835,0.0680438,0.0564946,-0.0886818,0.0339446,-0.0191355,0.1408986,0.6670096,0.9998795,-0.0068016,0.8190307
64.016340573,1791080912.749913692,0,0,-0.1528687,0.0895275,-0.0569976,-3.4026635,-2.5816555,-0.6983320,-3.4743793,0.4754473,0.4198744,-0.0287043,-0.0601918,-0.0423779,-0.1086879,-0.0555062,-0.0535000,0.0394143,0.0758377,0.0539714,0.0695865,0.0500280,-0.0871899,0.0346683,-0.0185612,0.1407747,0.6670096,0.9998770,-0.0027283,0.8359692
64.036273241,1791080912.769846439,0,0,-0.1640356,0.0927012,-0.0993670,-3.2702129,-3.2866535,-0.9175028,-3.2434406,0.6341339,0.4611014,-0.0404155,-0.0287097,0.0536001,-0.0347301,-0.0034871,-0.0991982,0.0365893,0.0757848,0.0516075,0.0695588,0.0420078,-0.0856996,0.0356355,-0.0180513,0.1405686,0.6670096,0.9998763,0.0002522,0.8444009
64.056326677,1791080912.789900064,0,0,-0.0718841,0.0424281,-0.1573430,-2.8726165,-4.6722541,-1.0209804,-3.5329120,0.5891640,0.5106357,-0.0254272,0.0067706,0.1625120,0.0752740,0.0087170,-0.1425838,0.0292329,0.0802037,0.0511408,0.0744952,0.0339786,-0.0839888,0.0384410,-0.0174144,0.1393925,0.6670092,0.9998750,0.0020878,0.8667838
64.076119761,1791080912.809692621,0,0,-0.0264027,-0.0392615,-0.2009973,-2.8833511,-9.6292419,-0.7196929,-2.5923157,0.5692603,0.5613170,-0.0586676,-0.0297503,0.2601696,0.1645053,0.0487943,-0.2637134,0.0079975,0.0887339,0.0385149,0.0800217,0.0273040,-0.0821107,0.0407077,-0.0176281,0.1386152,0.6670089,0.9998745,0.0025320,0.8861289
64.097090993,1791080912.830663919,0,0,0.0196190,-0.1001839,-0.1861842,-2.2388973,-11.4481449,0.1418946,-1.2357957,0.5794706,0.5420313,-0.2429935,-0.4897552,0.0397570,0.2419696,0.0009919,-0.4242195,0.0024786,0.1079878,0.0424036,0.0878979,0.0237040,-0.0807153,0.0424689,-0.0185453,0.1382614,0.6670080,0.9998740,0.0012402,0.9029815
64.116226537,1791080912.849799633,0,0,0.0333661,-0.0780086,-0.1054920,-3.0435615,-14.6883354,-1.9169567,-2.6464827,0.7707675,0.5516854,0.3335095,-0.9264357,-0.1343963,0.3343007,-0.1283202,-0.5111542,-0.0058638,0.1146671,0.0441244,0.0904001,0.0218737,-0.0798554,0.0430113,-0.0190425,0.1398655,0.6670080,0.9998739,-0.0005678,0.9104853
64.136470599,1791080912.870043993,0,0,0.0784256,-0.0215143,0.0109956,-2.1180456,-18.9615479,-1.4472854,-2.3184028,0.7474027,0.4736140,0.3411046,-0.8950264,0.2784552,0.4454226,-0.2619397,-0.3382994,-0.0155005,0.1200916,0.0469128,0.0928750,0.0222056,-0.0795170,0.0432967,-0.0197442,0.1416991,0.6670079,0.9998738,-0.0022053,0.9158219
64.158362475,1791080912.891935349,0,0,0.1852720,-0.0422098,0.0629363,-1.1942097,-20.6133327,0.2549284,-1.4300686,0.5122326,0.3746027,-0.2639436,-0.7406062,0.6472186,0.5011583,-0.2408647,-0.2592446,-0.0343874,0.1191096,0.0603026,0.0859782,0.0290762,-0.0796125,0.0430152,-0.0196262,0.1444462,0.6670077,0.9998735,-0.0032494,0.9197763
64.180259216,1791080912.913832188,0,0,0.2141359,-0.0369025,0.0103920,-0.8673532,-15.2566156,0.3211196,-0.8975454,0.3487687,0.3457279,-0.5646715,-0.6276599,0.7727042,0.4867423,-0.2071845,-0.1444634,-0.0554670,0.1185901,0.0637885,0.0748124,0.0380007,-0.0798267,0.0419796,-0.0186064,0.1466726,0.6670074,0.9998726,-0.0035635,0.9229516
64.200159916,1791080912.933732748,0,0,0.2578779,0.0242088,-0.0148169,-1.6770365,-8.9973516,-0.8735949,-0.9180236,0.0964345,0.2992529,-0.6543321,-0.5615449,0.8059891,0.4285444,-0.1649962,-0.0327889,-0.0798576,0.1212921,0.0455957,0.0563149,0.0464112,-0.0792029,0.0424737,-0.0183283,0.1463531,0.6670077,0.9998720,-0.0009510,0.9222564
64.218356864,1791080912.951929808,0,0,0.2373173,0.0274515,-0.0637160,-2.8994052,-1.3536386,-3.5729001,-1.1591564,0.0158253,0.2745678,-0.6318850,-0.3242772,0.7362444,0.3478809,-0.1294161,0.1081258,-0.0671944,0.1221648,0.0459587,0.0446624,0.0509982,-0.0775627,0.0462257,-0.0172523,0.1443150,0.6670107,0.9998706,0.0047059,0.9092808
64.240373573,1791080912.973946571,0,0,0.1727599,0.0528429,-0.1288215,-2.6055124,-0.0219637,-5.2657800,-2.6341588,0.1494872,0.5844079,-0.3475942,-0.1710617,0.5731306,0.2194819,-0.1231005,-0.0421827,-0.0184889,0.1186250,0.0274069,0.0380247,0.0552754,-0.0753399,0.0491948,-0.0148138,0.1332509,0.6670122,0.9998677,0.0066506,0.8983247
64.258415800,1791080912.991988897,0,0,0.0203357,0.0735963,-0.1495959,-3.6547573,-1.0870013,-3.7818005,-3.3806438,0.1847297,0.7016641,-0.1307569,0.0915223,0.3436157,0.1373097,0.0122727,-0.1358491,0.0143586,0.1165506,0.0253971,0.0403555,0.0578220,-0.0734908,0.0506748,-0.0146696,0.1197916,0.6670130,0.9998645,0.0094250,0.8892285
64.278278321,1791080913.011851311,0,0,0.0113457,0.0773608,-0.1469841,-4.0936780,-2.4808660,-1.9638984,-2.6587048,0.1998465,0.6367902,-0.1160636,0.0822645,0.3099954,0.1461919,0.0138260,-0.1753649,0.0333937,0.1205600,0.0481375,0.0494188,0.0601784,-0.0720590,0.0503195,-0.0152880,0.1073261,0.6670136,0.9998637,0.0111095,0.8841734
64.298353768,1791080913.031927109,0,0,0.0244834,0.0899917,-0.1504736,-3.9693742,-3.1447818,-1.4062755,-2.9167485,0.2563207,0.5726278,-0.1013364,0.0394302,0.2260267,0.1213068,0.0263900,-0.1842171,0.0335202,0.1227659,0.0273746,0.0549077,0.0631059,-0.0711225,0.0494472,-0.0166428,0.1071741,0.6670140,0.9998634,0.0124779,0.8821970
