time_s,wall_time_s,FL,FR,reconstructed_00,reconstructed_01,reconstructed_02,reconstructed_03,reconstructed_04,reconstructed_05,reconstructed_06,reconstructed_07,reconstructed_08,reconstructed_09,reconstructed_10,reconstructed_11,reconstructed_12,reconstructed_13,reconstructed_14,reconstructed_15,reconstructed_16,reconstructed_17,reconstructed_18,reconstructed_19,reconstructed_20,reconstructed_21,reconstructed_22,reconstructed_23,reconstructed_24,reconstructed_25,reconstructed_26,reconstructed_27
4.384143976,1791082584.761634350,0,0,-0.7062890,0.2875248,0.0038664,-9.6855974,-12.3138552,-26.4371262,-27.4722748,0.5663322,0.4285754,-0.2253502,0.4310998,0.1363852,0.1044745,-0.0145624,-0.1315589,0.0545564,0.0115355,0.0153756,0.0077488,-0.0103414,0.0001698,-0.0002643,-0.0000661,0.1867646,0.7023992,0.7529798,0.0019501,0.0064121
4.405512171,1791082584.783001184,0,0,-0.7075982,0.2746249,-0.0137797,-9.6100826,-12.3706732,-26.5552406,-27.7002907,0.5839459,0.4233643,-0.2074185,0.4216895,0.1411234,0.1016266,-0.0155707,-0.1354659,0.0550480,0.0142348,0.0156676,0.0236435,-0.0106377,0.0001663,-0.0002744,-0.0000659,0.1864217,0.7064084,0.7510601,0.0023990,0.0089129
4.423805215,1791082584.801294804,1,0,-0.5861933,0.2643072,0.0350066,-12.4959192,-12.5102100,-23.8987751,-27.0521908,0.6387932,0.5136549,-0.3255019,0.3910148,0.1153446,0.0707234,0.0093048,-0.0487087,0.0550141,0.0163090,0.0160699,0.0390720,-0.0108718,0.0001628,-0.0002885,-0.0000666,0.1862098,0.7083293,0.7566045,0.0030525,0.0111665
4.443905812,1791082584.821394444,0,0,-0.5593318,0.2263732,-0.0346366,-12.0744333,-12.1290731,-23.2484570,-27.2324257,0.6831378,0.4958166,-0.3262052,0.3564137,0.1231490,0.0662152,0.0146555,-0.0603461,0.0549961,0.0188603,0.0160392,0.0385853,-0.0110034,0.0001524,-0.0002959,-0.0000597,0.1860776,0.6994964,0.6361987,0.0039403,0.0099392
4.463980968,1791082584.841469765,0,0,-0.5230939,0.2022889,0.0077077,-14.1744404,-12.7446594,-22.5935745,-26.7822590,0.6711155,0.5462195,-0.3494786,0.3524079,0.1138454,0.0501136,0.0138906,-0.0156376,0.0551371,0.0233729,0.0162632,0.0358977,-0.0111833,0.0001475,-0.0003017,-0.0000633,0.1851793,0.6868059,0.6397344,0.0047664,0.0087851
4.483772978,1791082584.861262321,0,0,-0.4942839,0.2054730,0.0344522,-14.0382023,-11.8840485,-21.2839394,-24.2140236,0.6228225,0.5540564,-0.2069333,0.3213534,0.0884869,0.0470394,-0.0010372,-0.0429554,0.0554058,0.0286989,0.0167750,0.0346428,-0.0112768,0.0001458,-0.0003119,-0.0000688,0.1845721,0.6704836,0.6500658,0.0054953,0.0073826
4.503750562,1791082584.881239414,0,0,-0.3857484,0.1990501,0.0382163,-13.7378473,-11.2713566,-19.0887527,-22.1374702,0.6215143,0.5428190,-0.1427933,0.2715778,0.0554043,0.0359839,-0.0021346,-0.0328128,0.0557208,0.0349664,0.0173828,0.0356243,-0.0113353,0.0001456,-0.0003205,-0.0000765,0.1842009,0.6512233,0.6583531,0.0063741,0.0052189
4.523833303,1791082584.901322603,0,0,-0.2878172,0.1687704,0.0154314,-12.2919865,-10.3553410,-16.6652451,-19.2117043,0.6205076,0.5176520,-0.0364359,0.1994564,0.0267187,0.0237699,-0.0096482,-0.0373474,0.0560368,0.0408426,0.0181786,0.0393213,-0.0113600,0.0001450,-0.0003332,-0.0000911,0.1839007,0.6210755,0.6632699,0.0073854,0.0024378
4.544125554,1791082584.921614408,0,0,-0.2216324,0.1334885,0.0586350,-11.4825821,-11.0842133,-13.8253260,-15.6679602,0.5792490,0.4828632,0.0702295,0.1264629,0.0067165,0.0139209,-0.0133839,-0.0349845,0.0561827,0.0476422,0.0198416,0.0472899,-0.0113311,0.0001454,-0.0003814,-0.0001215,0.1835177,0.5226592,0.6445417,0.0082144,-0.0016684
4.563757750,1791082584.941246748,0,0,-0.1426341,0.0904050,0.1734463,-11.0349178,-10.9122677,-11.1569099,-12.1370621,0.5920880,0.4559629,0.1461028,0.0597066,-0.0030350,0.0078765,-0.0131218,-0.0483150,0.0562553,0.0533700,0.0212120,0.0548391,-0.0112701,0.0001477,-0.0004412,-0.0001692,0.1833620,0.4930101,0.5533345,0.0086030,-0.0067269
4.583744295,1791082584.961233139,0,0,-0.0743120,0.0656862,0.2988012,-10.0028696,-9.8955421,-8.2261171,-8.4653072,0.6881275,0.5752705,0.1605655,0.0146407,-0.0089931,-0.0017706,-0.0015959,-0.0592185,0.0562847,0.0568914,0.0217993,0.0601818,-0.0111894,0.0001531,-0.0004570,-0.0002193,0.1833429,0.4984025,0.5091521,0.0081609,-0.0104860
4.603928863,1791082584.981417656,0,0,-0.0050144,0.0932785,0.4922149,-8.7018938,-8.6792612,-7.8380246,-5.4301949,0.8935652,0.7767406,0.1095589,-0.0097367,-0.0173968,-0.0081204,0.0282405,-0.0215436,0.0563609,0.0592888,0.0220236,0.0594827,-0.0110235,0.0001570,-0.0004519,-0.0002627,0.1836016,0.5134045,0.4995586,0.0060476,-0.0081912
4.623818861,1791082585.001307964,0,0,0.0917459,0.0675264,0.7221908,-8.7110863,-7.5216198,-10.7427568,-5.7344122,1.0771641,0.7250262,-0.0113713,0.0345118,-0.0043197,-0.0402306,0.0320857,-0.0666918,0.0564182,0.0606118,0.0221245,0.0486115,-0.0107786,0.0001590,-0.0004391,-0.0002794,0.1840367,0.5170708,0.4869377,0.0045184,-0.0000197
4.643765885,1791082585.021254301,0,0,0.1390437,0.0321763,0.5688599,-8.1663542,-7.5172081,-11.0681734,-6.0237007,1.1123604,0.6821150,-0.0247479,0.0271386,0.0146574,-0.0373168,-0.0118212,-0.0893146,0.0564690,0.0627795,0.0221973,0.0320028,-0.0103907,0.0001678,-0.0004488,-0.0002470,0.1842258,0.5216199,0.4940256,0.0016962,0.0088809
4.663830898,1791082585.041319847,0,0,0.1137208,0.0111912,0.3343256,-6.8748908,-7.6088667,-12.0223751,-6.4310918,1.0601206,0.4299290,-0.0071706,-0.0013509,0.0348883,-0.0146324,-0.0346751,-0.0950402,0.0564540,0.0652860,0.0222796,0.0319697,-0.0102671,0.0002975,-0.0004580,-0.0001070,0.1840123,0.5277512,0.4670395,-0.0017522,0.0168658
4.684723782,1791082585.062212706,0,0,0.0616822,-0.0014383,0.1325380,-5.3807616,-7.4072380,-13.0083122,-7.1764922,0.9242836,0.3154503,-0.0108735,-0.0325453,0.0278445,-0.0019420,-0.0619492,-0.0724163,0.0563718,0.0678051,0.0223177,0.0363414,-0.0102378,0.0004579,-0.0004684,0.0000618,0.1837814,0.5349109,0.4396724,-0.0060357,0.0247799
4.703756342,1791082585.081245184,0,0,0.0208862,0.0198715,0.0178611,-4.2016373,-6.4580393,-12.4118919,-7.5862179,0.7641279,0.1428043,-0.0426793,-0.0730060,0.0390664,0.0065059,-0.1059274,-0.0421788,0.0561877,0.0706833,0.0220800,0.0441025,-0.0102925,0.0007208,-0.0004894,0.0003706,0.1833226,0.5400099,0.4147463,-0.0097143,0.0416226
4.723833387,1791082585.101322889,0,0,0.0034884,0.0469320,-0.0051931,-3.4586797,-6.2413998,-11.2550583,-7.5770607,0.5610902,-0.4477307,-0.0880548,-0.0558617,0.2156313,0.0013881,-0.2475384,-0.1246846,0.0560048,0.0730931,0.0220308,0.0483047,-0.0104502,0.0009960,-0.0005004,0.0007489,0.1829529,0.5435734,0.4022453,-0.0134419,0.0608752
4.744098024,1791082585.121587276,0,0,-0.0086824,0.0610172,-0.0127680,-2.6429338,-6.2435393,-8.6135597,-6.3570266,0.3592517,-0.8328638,0.0682837,0.0001561,0.2649990,-0.0355285,-0.2465784,-0.1682956,0.0558186,0.0741889,0.0218240,0.0491952,-0.0106791,0.0013166,-0.0005066,0.0012217,0.1826817,0.5447761,0.3974905,-0.0168573,0.0770860
4.763827217,1791082585.141316414,0,0,-0.0014768,0.0483307,-0.0656515,-1.4933401,-5.4651785,-4.4983449,-4.4120436,0.3802534,-0.4937247,0.0874822,-0.0037219,0.0238797,0.0030932,-0.0452660,-0.0592039,0.0555703,0.0766825,0.0217214,0.0605267,-0.0109767,0.0015975,-0.0005015,0.0016244,0.1822281,0.5460055,0.3916081,-0.0207507,0.0945485
4.783749889,1791082585.161238670,0,0,0.0163432,0.0500070,-0.1079125,-2.1162233,-5.2771683,-4.0550117,-4.5473938,0.4303715,-0.0900155,0.0953058,-0.0056674,-0.0023778,0.0232922,-0.0311138,-0.0901992,0.0554581,0.0788981,0.0218636,0.0631656,-0.0112624,0.0017339,-0.0004878,0.0018726,0.1816815,0.5477893,0.3866704,-0.0249378,0.1057988
4.803756724,1791082585.181245804,0,0,0.0436555,0.0519550,-0.1315208,-3.2095308,-6.0243430,-4.7034779,-5.2269239,0.4423372,0.0437718,0.0944336,-0.0071269,-0.0112192,0.0195306,-0.0217667,-0.0778531,0.0553602,0.0822121,0.0223576,0.0640779,-0.0114394,0.0018354,-0.0004785,0.0020989,0.1811014,0.5505380,0.3809568,-0.0281673,0.1145560
4.823783720,1791082585.201272726,0,0,0.0451788,0.0489349,-0.1553731,-3.2997575,-6.4342308,-5.4624343,-5.2030706,0.4673769,-0.0405316,0.0890712,-0.0098215,-0.0125223,0.0064070,-0.0103254,-0.0422312,0.0552416,0.0844463,0.0228845,0.0636815,-0.0116202,0.0019472,-0.0004899,0.0023141,0.1805006,0.5536587,0.3745303,-0.0309775,0.1220481
4.843997443,1791082585.221486568,0,0,0.0107867,0.0397999,-0.2016339,-3.6233878,-6.3960366,-6.6757565,-5.4318566,0.3398507,-0.2313803,0.0539337,-0.0272783,0.0406259,-0.0342007,0.0567604,0.0410021,0.0550761,0.0850051,0.0231709,0.0580274,-0.0120367,0.0020802,-0.0004793,0.0025458,0.1799341,0.5551940,0.3698704,-0.0350600,0.1317347
4.863760909,1791082585.241249800,0,0,-0.0270077,0.0142559,-0.2229714,-4.9461217,-6.9050250,-9.5699215,-6.8096914,0.3015395,-0.2132871,0.0178886,-0.0283936,0.1881926,-0.0959191,0.2151220,0.0711538,0.0548611,0.0854007,0.0229572,0.0575154,-0.0123730,0.0022202,-0.0004767,0.0027930,0.1796416,0.5557390,0.3673176,-0.0392186,0.1395389
4.883769440,1791082585.261258125,0,0,-0.0492470,0.0168693,-0.2046089,-6.3624196,-7.9706736,-11.7317047,-7.7849207,0.4160364,0.1413435,0.0242155,-0.1083497,0.2113837,-0.1291640,0.3005256,0.0818470,0.0546606,0.0858412,0.0227677,0.0520481,-0.0126527,0.0023699,-0.0004776,0.0030331,0.1793495,0.5561022,0.3653462,-0.0430165,0.1470865
4.904186402,1791082585.281675339,0,0,-0.0597354,0.0460106,-0.1488304,-7.4099431,-8.3869514,-13.4420214,-7.9959130,0.3785894,0.4589393,-0.0293410,-0.0436179,0.0761305,-0.1173161,0.2247817,0.1151065,0.0545523,0.0859546,0.0226984,0.0527364,-0.0128074,0.0024711,-0.0004659,0.0032423,0.1791484,0.5563841,0.3646452,-0.0450775,0.1491777
4.923768454,1791082585.301257372,0,0,-0.0645422,0.0621773,-0.0663177,-8.2193413,-8.3986530,-15.2364798,-8.2103281,0.3463030,0.5685099,-0.0474349,-0.0354262,0.0334829,-0.1176231,0.1496023,0.1202350,0.0544872,0.0861336,0.0226400,0.0498576,-0.0129260,0.0025482,-0.0004566,0.0033655,0.1789056,0.5566803,0.3638459,-0.0469112,0.1506142
4.944111749,1791082585.321600676,0,0,-0.0637973,0.0536001,-0.0189459,-8.9020700,-8.4193792,-15.8436298,-8.4856386,0.3395505,0.5614675,-0.0208785,-0.0686537,0.0151879,-0.0946687,0.0530895,0.0939636,0.0544436,0.0863005,0.0225979,0.0484381,-0.0129826,0.0026345,-0.0004529,0.0034380,0.1787712,0.5568941,0.3632472,-0.0484262,0.1497222
4.964741071,1791082585.342231035,0,0,-0.0605033,0.0377880,0.0106018,-9.4197502,-8.4470778,-15.9865494,-8.6838121,0.2858954,0.4737077,-0.0305334,-0.0893218,0.0212177,-0.0649455,0.0206721,0.0919074,0.0543824,0.0864920,0.0225726,0.0478589,-0.0129849,0.0027413,-0.0004518,0.0034899,0.1787092,0.5570046,0.3628313,-0.0495139,0.1484149
4.987124600,1791082585.364614964,0,0,-0.0583832,0.0347742,0.0447883,-9.7863503,-8.4851713,-16.2180595,-8.8974848,0.2939309,0.3367836,-0.0371322,-0.0966236,0.0320296,-0.0439239,0.0105586,0.0920347,0.0543234,0.0867141,0.0225507,0.0464237,-0.0129810,0.0028439,-0.0004515,0.0035305,0.1786364,0.5571286,0.3623685,-0.0506109,0.1471801
5.004804727,1791082585.382293940,0,0,-0.0575379,0.0399098,0.0721116,-9.9231234,-8.4457970,-16.2905235,-8.9889002,0.3231756,0.2559579,-0.0309587,-0.0926742,0.0359927,-0.0253516,0.0195066,0.0810521,0.0542908,0.0869070,0.0224564,0.0345668,-0.0130631,0.0029052,-0.0004503,0.0035462,0.1783829,0.5573938,0.3611809,-0.0531719,0.1459481
5.027060091,1791082585.404549837,0,0,-0.0440257,0.0402387,0.0771917,-10.1273088,-8.5979309,-16.1011963,-8.4933491,0.4200808,0.2986454,-0.0418915,-0.0751982,0.0309774,-0.0236376,0.0378918,0.0673330,0.0542514,0.0871083,0.0223339,0.0307961,-0.0131410,0.0029830,-0.0004466,0.0035887,0.1781794,0.5577024,0.3603730,-0.0555176,0.1457363
5.046802885,1791082585.424292564,0,0,-0.0307426,0.0372345,0.0615051,-9.8013468,-8.5102329,-15.7279272,-8.2048035,0.4582462,0.4076396,-0.0503281,-0.0810046,0.0289776,-0.0134732,0.0458786,0.0553525,0.0542051,0.0872971,0.0221958,0.0309923,-0.0132270,0.0030696,-0.0004427,0.0036377,0.1780181,0.5579411,0.3596813,-0.0579200,0.1455808
5.067233479,1791082585.444722891,0,0,-0.0245752,0.0329456,0.0481792,-9.4038687,-8.2582188,-15.4287519,-7.9213991,0.5068345,0.4586553,-0.0573528,-0.0862085,0.0305848,-0.0071695,0.0495004,0.0497773,0.0541718,0.0874373,0.0221027,0.0349961,-0.0132930,0.0031501,-0.0004411,0.0036674,0.1779335,0.5579206,0.3589587,-0.0598118,0.1438690
5.086426877,1791082585.463916302,0,0,-0.0188468,0.0300359,0.0415783,-9.2848759,-8.1280918,-15.1812820,-7.7975264,0.5494159,0.4799795,-0.0666484,-0.0907005,0.0331634,-0.0026665,0.0569065,0.0482232,0.0541338,0.0875745,0.0220101,0.0345501,-0.0133694,0.0032320,-0.0004388,0.0036945,0.1778265,0.5579128,0.3581739,-0.0616649,0.1421458
5.107030150,1791082585.484519482,0,0,-0.0107078,0.0291160,0.0388558,-9.2156010,-8.0601988,-15.0343571,-7.8269310,0.5662935,0.4876615,-0.0770283,-0.0977064,0.0371420,0.0017027,0.0678559,0.0477284,0.0540747,0.0877331,0.0219355,0.0327490,-0.0134414,0.0033275,-0.0004368,0.0037291,0.1777359,0.5580297,0.3574199,-0.0632618,0.1405967
5.126130328,1791082585.503619432,0,0,-0.0027194,0.0291805,0.0391233,-9.1836090,-8.0505552,-15.0939636,-8.0151148,0.5780903,0.4774540,-0.0813976,-0.1044124,0.0432140,0.0074379,0.0785919,0.0441464,0.0540128,0.0878927,0.0218665,0.0326636,-0.0135188,0.0034250,-0.0004348,0.0037684,0.1776456,0.5581756,0.3566403,-0.0648498,0.1391398
5.144363019,1791082585.521852016,0,0,0.0010981,0.0295252,0.0394459,-9.1078053,-8.0423393,-15.0830879,-8.1047802,0.5800133,0.4767255,-0.0857701,-0.1115326,0.0471107,0.0119711,0.0863253,0.0445757,0.0539375,0.0880528,0.0218210,0.0341860,-0.0135660,0.0035482,-0.0004374,0.0038184,0.1776547,0.5582256,0.3560051,-0.0659940,0.1375165
5.165549833,1791082585.543039799,0,0,0.0019618,0.0292187,0.0415431,-9.0212917,-7.9948835,-15.0460386,-8.1256456,0.5857524,0.4561886,-0.0816314,-0.1111336,0.0502177,0.0143572,0.0854641,0.0435682,0.0538436,0.0881750,0.0218064,0.0358335,-0.0135777,0.0036931,-0.0004373,0.0038696,0.1777550,0.5582981,0.3555593,-0.0668076,0.1358794
5.186367097,1791082585.563856840,0,0,0.0036905,0.0284970,0.0417319,-8.9931993,-8.0009851,-15.0509396,-8.2010651,0.5924383,0.4305784,-0.0573981,-0.0928032,0.0479001,0.0156760,0.0699856,0.0315353,0.0537463,0.0883112,0.0217961,0.0368378,-0.0135867,0.0038388,-0.0004380,0.0039282,0.1778459,0.5584052,0.3550318,-0.0675828,0.1344715
5.207168681,1791082585.584658623,0,0,0.0040277,0.0273019,0.0422676,-8.9899635,-8.0294266,-15.0337925,-8.2815828,0.5962131,0.4100640,-0.0342066,-0.0757907,0.0442290,0.0162194,0.0536045,0.0184354,0.0536568,0.0884746,0.0217909,0.0380800,-0.0136033,0.0039838,-0.0004396,0.0039810,0.1779051,0.5584798,0.3544608,-0.0684553,0.1329532
5.226333598,1791082585.603823423,0,0,0.0044519,0.0258772,0.0420510,-9.0076447,-8.0783758,-15.0079880,-8.3882065,0.5978310,0.3951021,-0.0216784,-0.0692791,0.0427277,0.0184835,0.0439712,0.0108678,0.0535657,0.0886459,0.0217888,0.0390036,-0.0136175,0.0041301,-0.0004420,0.0040387,0.1779593,0.5585717,0.3538386,-0.0693182,0.1315493
5.247659809,1791082585.625149965,0,0,0.0055682,0.0253745,0.0390080,-9.0637541,-8.1341219,-14.9948721,-8.5250406,0.5935320,0.3862731,-0.0169547,-0.0690787,0.0426108,0.0201900,0.0405922,0.0097281,0.0534861,0.0888547,0.0217736,0.0395184,-0.0136447,0.0042648,-0.0004483,0.0040964,0.1779479,0.5587026,0.3530057,-0.0702963,0.1304667
5.265138361,1791082585.642627954,0,0,0.0075003,0.0259758,0.0361680,-9.1207123,-8.1941338,-15.0632668,-8.7278833,0.5882327,0.3736498,-0.0138957,-0.0692720,0.0424068,0.0214026,0.0379906,0.0122787,0.0533985,0.0890194,0.0217655,0.0393222,-0.0136643,0.0044114,-0.0004596,0.0041582,0.1779885,0.5587902,0.3521557,-0.0710754,0.1292839
5.287052273,1791082585.664541960,0,0,0.0077900,0.0264570,0.0354094,-9.1485310,-8.2494688,-15.1343117,-8.8981924,0.5885543,0.3567657,-0.0118127,-0.0699854,0.0424265,0.0226721,0.0366164,0.0156146,0.0533118,0.0891895,0.0217610,0.0393483,-0.0136838,0.0045593,-0.0004718,0.0042206,0.1780268,0.5588929,0.3512628,-0.0718431,0.1281036
5.306967904,1791082585.684457541,0,0,0.0076978,0.0270937,0.0342479,-9.1924562,-8.2924671,-15.1973457,-9.0729694,0.5867834,0.3454320,-0.0103072,-0.0717154,0.0422031,0.0233713,0.0365550,0.0206221,0.0532042,0.0894705,0.0217664,0.0398393,-0.0137121,0.0047242,-0.0004838,0.0043193,0.1779564,0.5591784,0.3502682,-0.0727338,0.1274366
5.324573757,1791082585.702062845,0,0,0.0076494,0.0280144,0.0322160,-9.2034683,-8.3064137,-15.2616606,-9.2187061,0.5820168,0.3292485,-0.0119850,-0.0748589,0.0421662,0.0233792,0.0359967,0.0281137,0.0530979,0.0897427,0.0217763,0.0402998,-0.0137379,0.0048885,-0.0004970,0.0044181,0.1778962,0.5594525,0.3492969,-0.0736285,0.1267401
5.346205899,1791082585.723695040,0,0,0.0056347,0.0301782,0.0304586,-9.2016382,-8.3346901,-15.3281393,-9.3127747,0.5811771,0.3192089,-0.0186721,-0.0824502,0.0432414,0.0225875,0.0388327,0.0396714,0.0529849,0.0900319,0.0218155,0.0394167,-0.0137591,0.0050761,-0.0005100,0.0045048,0.1778569,0.5596713,0.3486013,-0.0744061,0.1261476
5.366958105,1791082585.744447708,0,0,0.0048504,0.0316501,0.0291801,-9.2080145,-8.3694439,-15.4049635,-9.4605274,0.5803432,0.3045886,-0.0198331,-0.0860167,0.0434842,0.0215248,0.0371604,0.0467408,0.0528730,0.0903118,0.0218439,0.0419815,-0.0137800,0.0052627,-0.0005233,0.0046414,0.1777856,0.5599918,0.3477261,-0.0751997,0.1257524
5.391023199,1791082585.768512726,0,0,0.0037764,0.0325621,0.0263376,-9.2045393,-8.4133644,-15.4687338,-9.5896788,0.5776036,0.2917075,-0.0175802,-0.0854927,0.0424543,0.0184566,0.0324833,0.0494760,0.0527630,0.0905926,0.0218698,0.0429742,-0.0137998,0.0054457,-0.0005367,0.0047766,0.1777057,0.5603019,0.3468579,-0.0759915,0.1253369
5.409898569,1791082585.787388325,0,0,0.0040115,0.0329033,0.0248094,-9.2362423,-8.4623604,-15.5401049,-9.7358141,0.5795880,0.2736582,-0.0171062,-0.0856221,0.0421474,0.0159159,0.0272390,0.0531339,0.0526802,0.0908350,0.0218706,0.0406268,-0.0138592,0.0055784,-0.0005409,0.0048807,0.1775681,0.5606654,0.3458967,-0.0772709,0.1247948
5.426585316,1791082585.804074764,0,0,0.0024126,0.0332698,0.0227754,-9.2386150,-8.5130215,-15.5867014,-9.8368349,0.5813538,0.2536570,-0.0178092,-0.0870195,0.0422628,0.0132174,0.0210657,0.0567299,0.0525800,0.0911196,0.0219074,0.0417101,-0.0138517,0.0057419,-0.0005502,0.0049673,0.1775515,0.5609402,0.3451901,-0.0781829,0.1240072
5.447407381,1791082585.824897289,0,0,0.0006646,0.0337480,0.0226063,-9.2441921,-8.5903349,-15.6765699,-9.9498243,0.5822566,0.2340470,-0.0145885,-0.0837085,0.0412688,0.0092434,0.0152763,0.0544925,0.0524814,0.0914098,0.0219462,0.0422048,-0.0138456,0.0059038,-0.0005601,0.0050451,0.1775273,0.5612442,0.3444175,-0.0790826,0.1232325
5.466930390,1791082585.844419956,0,0,-0.0006697,0.0341129,0.0222224,-9.2611332,-8.6530228,-15.7578354,-10.0526533,0.5865834,0.2172810,-0.0125679,-0.0808756,0.0405637,0.0064716,0.0101188,0.0538078,0.0523929,0.0916060,0.0219590,0.0370727,-0.0139191,0.0060384,-0.0005682,0.0050890,0.1774343,0.5615647,0.3435633,-0.0804370,0.1218688
5.486486457,1791082585.863976002,0,0,-0.0016326,0.0341278,0.0201981,-9.2396154,-8.6865120,-15.8120241,-10.1295004,0.5861560,0.1945408,-0.0069136,-0.0739165,0.0389745,0.0032472,0.0035159,0.0467820,0.0523087,0.0917962,0.0219749,0.0361319,-0.0139882,0.0061751,-0.0005764,0.0051361,0.1773621,0.5618354,0.3427742,-0.0817628,0.1205391
5.507220230,1791082585.884710073,0,0,-0.0034099,0.0340119,0.0192850,-9.2222624,-8.7129440,-15.8787880,-10.1894140,0.5866227,0.1779347,-0.0066154,-0.0733561,0.0388525,0.0012966,-0.0017730,0.0466703,0.0522452,0.0919788,0.0219967,0.0374528,-0.0140484,0.0063252,-0.0005843,0.0052101,0.1773078,0.5621004,0.3420375,-0.0829050,0.1191745
5.527204889,1791082585.904694557,0,0,-0.0053571,0.0342463,0.0181227,-9.2190037,-8.7441626,-15.9306107,-10.2602148,0.5856992,0.1596397,-0.0064703,-0.0731273,0.0387814,-0.0008678,-0.0077036,0.0467630,0.0521825,0.0921611,0.0220149,0.0379585,-0.0141083,0.0064738,-0.0005921,0.0052809,0.1772510,0.5623564,0.3413159,-0.0840304,0.1177940
5.547336464,1791082585.924825907,0,0,-0.0062986,0.0345076,0.0170104,-9.2348547,-8.7849522,-15.9807377,-10.3541050,0.5842645,0.1442181,-0.0081733,-0.0754852,0.0393993,-0.0029160,-0.0130912,0.0480497,0.0521105,0.0923772,0.0220508,0.0389867,-0.0141465,0.0066380,-0.0005982,0.0053536,0.1772202,0.5625806,0.3407528,-0.0850304,0.1166022
5.566914196,1791082585.944403887,0,0,-0.0072289,0.0349779,0.0163626,-9.2536478,-8.8390217,-16.0484695,-10.4653225,0.5815587,0.1350924,-0.0106746,-0.0787725,0.0401896,-0.0048486,-0.0173096,0.0509104,0.0520395,0.0925841,0.0220970,0.0410765,-0.0141619,0.0068279,-0.0006066,0.0054326,0.1772181,0.5627550,0.3402922,-0.0857481,0.1154325
5.586695999,1791082585.964185715,0,0,-0.0078723,0.0353433,0.0154218,-9.2402554,-8.8804960,-16.0947762,-10.5250530,0.5792449,0.1214928,-0.0133716,-0.0810385,0.0410210,-0.0063231,-0.0213600,0.0512180,0.0519686,0.0927923,0.0221403,0.0420352,-0.0141788,0.0070146,-0.0006152,0.0055048,0.1772105,0.5629387,0.3398176,-0.0864600,0.1142492
5.605733071,1791082585.983222485,0,0,-0.0086003,0.0358443,0.0150547,-9.2482138,-8.9123583,-16.1285934,-10.5666771,0.5815646,0.1110442,-0.0177113,-0.0854825,0.0425651,-0.0072846,-0.0249604,0.0549039,0.0518908,0.0930250,0.0221780,0.0412291,-0.0142123,0.0071760,-0.0006242,0.0055244,0.1771937,0.5630897,0.3393040,-0.0873656,0.1127740
5.628940310,1791082586.006430149,0,0,-0.0094057,0.0366772,0.0138174,-9.2385826,-8.9430485,-16.1581059,-10.6188526,0.5806324,0.1039442,-0.0214127,-0.0893510,0.0438936,-0.0087780,-0.0288476,0.0586099,0.0518136,0.0932517,0.0222179,0.0410825,-0.0142457,0.0073372,-0.0006335,0.0055425,0.1771791,0.5632389,0.3387935,-0.0882516,0.1113104
5.648183311,1791082586.025672674,0,0,-0.0104241,0.0372505,0.0142552,-9.1972504,-8.9448881,-16.1869106,-10.5949345,0.5796831,0.0949869,-0.0251604,-0.0922523,0.0450703,-0.0096912,-0.0310675,0.0604370,0.0517571,0.0934918,0.0222859,0.0411585,-0.0142930,0.0075131,-0.0006392,0.0055926,0.1771308,0.5634889,0.3383427,-0.0892445,0.1101057
5.666767952,1791082586.044257879,0,0,-0.0115376,0.0379141,0.0141350,-9.1792431,-8.9666128,-16.2156219,-10.6102858,0.5798270,0.0844875,-0.0264600,-0.0928570,0.0456986,-0.0117620,-0.0325216,0.0607673,0.0516905,0.0937161,0.0223223,0.0424928,-0.0143028,0.0076857,-0.0006528,0.0056170,0.1771500,0.5635633,0.3379019,-0.0899155,0.1088402
5.688694762,1791082586.066184521,0,0,-0.0121900,0.0379519,0.0129613,-9.1354704,-8.9524794,-16.1986027,-10.5688667,0.5800257,0.0739954,-0.0307061,-0.0953373,0.0467373,-0.0128941,-0.0354560,0.0606384,0.0516242,0.0939433,0.0223579,0.0429959,-0.0143156,0.0078572,-0.0006660,0.0056378,0.1771630,0.5636488,0.3374401,-0.0905763,0.1075714
5.708623548,1791082586.086112976,0,0,-0.0128782,0.0375217,0.0117853,-9.1202335,-8.9441404,-16.1938210,-10.5497236,0.5793498,0.0714617,-0.0379987,-0.1036853,0.0496332,-0.0136462,-0.0375005,0.0677347,0.0515802,0.0941675,0.0224136,0.0426975,-0.0143652,0.0080075,-0.0006684,0.0056664,0.1771310,0.5638802,0.3369696,-0.0916531,0.1060312
5.726783950,1791082586.104273319,0,0,-0.0128616,0.0373285,0.0124241,-9.0968399,-8.9281359,-16.1736736,-10.5266733,0.5791507,0.0617731,-0.0441940,-0.1100653,0.0524654,-0.0144011,-0.0400838,0.0720861,0.0515367,0.0943853,0.0224646,0.0429200,-0.0144117,0.0081575,-0.0006708,0.0056962,0.1771102,0.5640838,0.3365349,-0.0927278,0.1044786
5.747591392,1791082586.125081301,0,0,-0.0133701,0.0375149,0.0117438,-9.0724182,-8.9335270,-16.1669121,-10.5181561,0.5790698,0.0576264,-0.0464240,-0.1126228,0.0537514,-0.0150186,-0.0417867,0.0746079,0.0514548,0.0946312,0.0224868,0.0438444,-0.0144237,0.0083285,-0.0006848,0.0057249,0.1771001,0.5642291,0.3360240,-0.0934975,0.1034001
5.766353383,1791082586.143843174,0,0,-0.0137660,0.0369910,0.0124864,-9.0377092,-8.9099712,-16.1552715,-10.5031614,0.5793771,0.0526840,-0.0543830,-0.1225670,0.0575777,-0.0149920,-0.0443349,0.0814418,0.0513978,0.0948920,0.0225280,0.0433086,-0.0144735,0.0084780,-0.0006888,0.0057626,0.1770275,0.5645057,0.3354635,-0.0946640,0.1021513
5.786769387,1791082586.164259672,0,0,-0.0147969,0.0368015,0.0121966,-9.0027170,-8.8897638,-16.1441460,-10.4668512,0.5796757,0.0542859,-0.0593951,-0.1282690,0.0596908,-0.0155510,-0.0464259,0.0882872,0.0513421,0.0951440,0.0225662,0.0432368,-0.0145214,0.0086274,-0.0006928,0.0058008,0.1769660,0.5647604,0.3349389,-0.0958239,0.1008796
5.806987271,1791082586.184476376,0,0,-0.0148715,0.0371850,0.0123456,-8.9764309,-8.8602982,-16.1347961,-10.4359035,0.5789729,0.0523559,-0.0657990,-0.1355079,0.0626210,-0.0159234,-0.0489432,0.0953996,0.0512947,0.0953802,0.0226087,0.0424537,-0.0145875,0.0087728,-0.0006952,0.0058434,0.1768873,0.5650135,0.3344526,-0.0971184,0.0997248
5.827477133,1791082586.204967022,0,0,-0.0148645,0.0379134,0.0124917,-8.9472170,-8.8591805,-16.1563606,-10.4416771,0.5789030,0.0503345,-0.0613351,-0.1306598,0.0607595,-0.0171209,-0.0476783,0.0908356,0.0512483,0.0956103,0.0226471,0.0425987,-0.0146503,0.0089195,-0.0006975,0.0058894,0.1768198,0.5652447,0.3340045,-0.0983902,0.0986394
5.846653636,1791082586.224143028,0,0,-0.0154265,0.0378849,0.0122677,-8.9148808,-8.8378773,-16.1504765,-10.4102602,0.5806305,0.0505094,-0.0619746,-0.1315767,0.0609254,-0.0179974,-0.0482307,0.0913556,0.0512007,0.0957865,0.0226550,0.0439480,-0.0146658,0.0090686,-0.0007048,0.0059408,0.1768076,0.5653824,0.3335606,-0.0991813,0.0976933
5.866296587,1791082586.243785620,0,0,-0.0157776,0.0382131,0.0116603,-8.8898907,-8.8117990,-16.1541901,-10.3859282,0.5808345,0.0541452,-0.0657548,-0.1353168,0.0619251,-0.0187366,-0.0492478,0.0954444,0.0511483,0.0959569,0.0226801,0.0417443,-0.0147275,0.0092164,-0.0007078,0.0059648,0.1767800,0.5655450,0.3331648,-0.1002490,0.0960372
5.886830195,1791082586.264319420,0,0,-0.0157466,0.0378508,0.0121868,-8.8686028,-8.8061733,-16.1510620,-10.4038763,0.5823208,0.0504241,-0.0680857,-0.1383115,0.0630731,-0.0194492,-0.0517182,0.0963471,0.0510968,0.0961230,0.0227054,0.0411790,-0.0147890,0.0093660,-0.0007108,0.0059882,0.1767603,0.5656978,0.3327786,-0.1013048,0.0943830
5.908359775,1791082586.285849333,0,0,-0.0153712,0.0381613,0.0118525,-8.8809519,-8.8037949,-16.1702042,-10.4294052,0.5783189,0.0553766,-0.0650187,-0.1358188,0.0619557,-0.0201960,-0.0500729,0.0963550,0.0510525,0.0963254,0.0227148,0.0419315,-0.0148609,0.0095029,-0.0007116,0.0060501,0.1766595,0.5659788,0.3322503,-0.1024941,0.0934495
5.928451191,1791082586.305940628,0,0,-0.0145985,0.0381993,0.0126489,-8.8765125,-8.7864113,-16.1760368,-10.4375124,0.5776410,0.0526703,-0.0629030,-0.1335562,0.0612604,-0.0204633,-0.0493859,0.0936633,0.0510087,0.0965287,0.0227207,0.0421862,-0.0149290,0.0096381,-0.0007126,0.0061151,0.1765627,0.5662366,0.3317579,-0.1036752,0.0925461
5.948765335,1791082586.326254845,0,0,-0.0146772,0.0383652,0.0124770,-8.8461971,-8.7713585,-16.1849785,-10.4161711,0.5757011,0.0559051,-0.0604540,-0.1300373,0.0596504,-0.0212297,-0.0476780,0.0909947,0.0509230,0.0967437,0.0227500,0.0428699,-0.0149479,0.0098227,-0.0007180,0.0061587,0.1765463,0.5663491,0.3314548,-0.1043677,0.0915270
5.969129496,1791082586.346618891,0,0,-0.0143841,0.0380197,0.0119708,-8.8445797,-8.7578526,-16.1718102,-10.4319534,0.5775484,0.0576591,-0.0625333,-0.1334632,0.0607762,-0.0208948,-0.0493631,0.0947063,0.0508867,0.0969078,0.0227802,0.0410017,-0.0149918,0.0099643,-0.0007204,0.0061615,0.1765311,0.5664572,0.3310997,-0.1053214,0.0900841
5.989510907,1791082586.367000818,0,0,-0.0139321,0.0379717,0.0119021,-8.8638039,-8.7705679,-16.1695633,-10.4487638,0.5744185,0.0581432,-0.0610458,-0.1325948,0.0608467,-0.0205878,-0.0481597,0.0955908,0.0508502,0.0970683,0.0228122,0.0406022,-0.0150365,0.0101083,-0.0007226,0.0061652,0.1765195,0.5665628,0.3307496,-0.1062507,0.0886580
6.006558468,1791082586.384047508,0,0,-0.0137008,0.0378869,0.0124505,-8.8724947,-8.7778921,-16.1860981,-10.4485521,0.5729245,0.0570022,-0.0577111,-0.1285628,0.0599205,-0.0202715,-0.0458045,0.0934456,0.0508466,0.0972291,0.0228179,0.0418514,-0.0151178,0.0102366,-0.0007233,0.0062271,0.1764191,0.5668918,0.3302114,-0.1074025,0.0875926
6.028932014,1791082586.406421423,0,0,-0.0127033,0.0386221,0.0128452,-8.8784723,-8.7763004,-16.1772385,-10.4528246,0.5722556,0.0542929,-0.0569521,-0.1271020,0.0599499,-0.0201776,-0.0446376,0.0922832,0.0508080,0.0974148,0.0228191,0.0436926,-0.0151584,0.0103737,-0.0007273,0.0062810,0.1763685,0.5670685,0.3297526,-0.1082780,0.0866449
6.048486323,1791082586.425975800,0,0,-0.0125767,0.0382167,0.0110327,-8.8633022,-8.7717419,-16.1516571,-10.4515944,0.5723857,0.0536757,-0.0587174,-0.1293361,0.0606321,-0.0200612,-0.0444135,0.0921182,0.0507679,0.0976039,0.0228202,0.0441457,-0.0152021,0.0105090,-0.0007311,0.0063320,0.1763049,0.5672592,0.3292755,-0.1091492,0.0856763
6.069207905,1791082586.446697235,0,0,-0.0120906,0.0382513,0.0119027,-8.8933439,-8.7809505,-16.1585503,-10.4776735,0.5719611,0.0515467,-0.0623495,-0.1337619,0.0631477,-0.0205169,-0.0462034,0.0980680,0.0507078,0.0978098,0.0228377,0.0434000,-0.0152294,0.0106625,-0.0007330,0.0063950,0.1762368,0.5674566,0.3288728,-0.1098609,0.0851559
6.090698860,1791082586.468188524,0,0,-0.0112991,0.0380059,0.0120141,-8.9027119,-8.7818060,-16.1522255,-10.4994946,0.5723175,0.0474468,-0.0657195,-0.1378333,0.0653378,-0.0202907,-0.0470479,0.1008247,0.0506479,0.0980115,0.0228595,0.0431456,-0.0152559,0.0108154,-0.0007353,0.0064565,0.1761712,0.5676544,0.3284701,-0.1105747,0.0846449
6.108297673,1791082586.485787392,0,0,-0.0108519,0.0381441,0.0119147,-8.8920879,-8.7744131,-16.1553631,-10.4803314,0.5714781,0.0458182,-0.0665710,-0.1375387,0.0653898,-0.0203663,-0.0463481,0.1006281,0.0505646,0.0982167,0.0228928,0.0438894,-0.0152685,0.0109772,-0.0007380,0.0065065,0.1761291,0.5678197,0.3281216,-0.1111837,0.0840051
6.128836273,1791082586.506325722,0,0,-0.0110240,0.0381184,0.0117786,-8.8602848,-8.7507410,-16.1748581,-10.4525080,0.5691356,0.0442608,-0.0687153,-0.1388816,0.0660576,-0.0200988,-0.0459521,0.1013774,0.0505368,0.0983621,0.0228988,0.0442910,-0.0153121,0.0111109,-0.0007391,0.0065696,0.1760621,0.5680667,0.3276457,-0.1120166,0.0830371
6.149029357,1791082586.526519060,0,0,-0.0105172,0.0378929,0.0120475,-8.8701401,-8.7289715,-16.1427765,-10.4117994,0.5684541,0.0451616,-0.0720779,-0.1422204,0.0674749,-0.0202479,-0.0445056,0.1047916,0.0505086,0.0985087,0.0229012,0.0443813,-0.0153553,0.0112442,-0.0007396,0.0066346,0.1759923,0.5683050,0.3271780,-0.1128422,0.0820552
6.167738610,1791082586.545228243,0,0,-0.0100771,0.0382070,0.0119487,-8.8832893,-8.7174444,-16.1232796,-10.3925495,0.5657459,0.0489947,-0.0779310,-0.1483600,0.0702114,-0.0206777,-0.0449102,0.1128778,0.0504475,0.0986870,0.0229304,0.0415663,-0.0154054,0.0114000,-0.0007411,0.0066804,0.1759263,0.5684835,0.3268167,-0.1136245,0.0810720
6.188929458,1791082586.566419125,0,0,-0.0088527,0.0386390,0.0115125,-8.8926773,-8.7310915,-16.1076546,-10.3862934,0.5653237,0.0476904,-0.0796319,-0.1492895,0.0712102,-0.0209224,-0.0431853,0.1143593,0.0503867,0.0988553,0.0229641,0.0408465,-0.0154546,0.0115583,-0.0007429,0.0067257,0.1758728,0.5686590,0.3264644,-0.1143938,0.0801231
6.209285011,1791082586.586774588,0,0,-0.0080515,0.0382014,0.0113065,-8.8668823,-8.7229319,-16.0959892,-10.3690252,0.5650864,0.0440897,-0.0832991,-0.1524108,0.0724735,-0.0210812,-0.0426314,0.1145156,0.0503201,0.0990510,0.0229999,0.0422235,-0.0154787,0.0117112,-0.0007434,0.0067687,0.1758208,0.5688470,0.3260926,-0.1151408,0.0794177
6.226646920,1791082586.604137182,0,0,-0.0088400,0.0374379,0.0105532,-8.8561230,-8.7204256,-16.0816994,-10.3388271,0.5663378,0.0436564,-0.0882676,-0.1581569,0.0751569,-0.0208559,-0.0427645,0.1197889,0.0502530,0.0992467,0.0230354,0.0427044,-0.0155040,0.0118628,-0.0007440,0.0068101,0.1757639,0.5690375,0.3257151,-0.1158873,0.0786968
6.247824039,1791082586.625313282,0,0,-0.0089132,0.0372684,0.0102774,-8.8477230,-8.7114420,-16.0541973,-10.3268871,0.5662952,0.0433616,-0.0920261,-0.1630720,0.0772362,-0.0210149,-0.0434200,0.1237069,0.0502303,0.0993732,0.0230236,0.0417615,-0.0155734,0.0119741,-0.0007459,0.0068548,0.1756850,0.5692962,0.3251436,-0.1168346,0.0775592
6.267312649,1791082586.644802332,0,0,-0.0088779,0.0375247,0.0103027,-8.8459988,-8.7000370,-16.0372467,-10.3059044,0.5679023,0.0422018,-0.0957466,-0.1668646,0.0793476,-0.0214730,-0.0441900,0.1278256,0.0501883,0.0995262,0.0230621,0.0399276,-0.0156478,0.0121252,-0.0007462,0.0068903,0.1756261,0.5694800,0.3248123,-0.1177665,0.0761725
6.288404741,1791082586.665894032,0,0,-0.0079490,0.0379166,0.0107729,-8.8406973,-8.7055540,-16.0606251,-10.3428707,0.5663093,0.0350260,-0.0952714,-0.1670828,0.0803394,-0.0215876,-0.0454316,0.1270996,0.0501463,0.0996709,0.0231012,0.0400738,-0.0157203,0.0122784,-0.0007467,0.0069258,0.1755829,0.5696499,0.3244978,-0.1186841,0.0748265
6.308542462,1791082586.686031818,0,0,-0.0091857,0.0378443,0.0101270,-8.7918568,-8.7027388,-16.0814915,-10.3399658,0.5631015,0.0309692,-0.0919148,-0.1639763,0.0790796,-0.0224409,-0.0471520,0.1235880,0.0501177,0.0997965,0.0231001,0.0425978,-0.0157705,0.0124014,-0.0007470,0.0069684,0.1755411,0.5698267,0.3240750,-0.1195485,0.0736697
6.329081158,1791082586.706570387,0,0,-0.0101083,0.0375355,0.0099355,-8.7790585,-8.6918526,-16.0996857,-10.3525801,0.5639820,0.0300968,-0.0899262,-0.1628356,0.0784035,-0.0225441,-0.0492315,0.1223625,0.0500664,0.0999241,0.0231016,0.0424387,-0.0158151,0.0125371,-0.0007482,0.0070314,0.1754877,0.5700239,0.3236802,-0.1201249,0.0729489
6.348725710,1791082586.726215124,0,0,-0.0100387,0.0368112,0.0102800,-8.7822933,-8.6695700,-16.0774727,-10.3578491,0.5644001,0.0287828,-0.0927029,-0.1672517,0.0803323,-0.0222671,-0.0513217,0.1253129,0.0500152,0.1000550,0.0231044,0.0421601,-0.0158604,0.0126717,-0.0007492,0.0070933,0.1754281,0.5702266,0.3232768,-0.1207051,0.0722116
6.368344437,1791082586.745833874,0,0,-0.0092746,0.0362753,0.0114000,-8.7921333,-8.6602011,-16.0674973,-10.3775301,0.5646362,0.0234667,-0.0972091,-0.1736087,0.0834426,-0.0218346,-0.0531886,0.1283028,0.0499602,0.1002184,0.0231083,0.0406848,-0.0159172,0.0128038,-0.0007497,0.0071526,0.1753243,0.5704775,0.3228140,-0.1214999,0.0715133
6.387394183,1791082586.764883995,0,0,-0.0087196,0.0366299,0.0110217,-8.8037233,-8.6779528,-16.0712166,-10.3713160,0.5644412,0.0259026,-0.0947027,-0.1692127,0.0817482,-0.0218813,-0.0499676,0.1262796,0.0499056,0.1003774,0.0231162,0.0402411,-0.0159730,0.0129359,-0.0007503,0.0072123,0.1752278,0.5707226,0.3223629,-0.1222824,0.0708249
6.412152743,1791082586.789642572,0,0,-0.0086301,0.0368948,0.0113694,-8.7750196,-8.6672287,-16.0708618,-10.3385963,0.5652733,0.0256626,-0.0943857,-0.1673224,0.0807036,-0.0218213,-0.0484125,0.1231733,0.0498437,0.1004989,0.0231355,0.0408252,-0.0159914,0.0130903,-0.0007532,0.0072826,0.1751854,0.5708857,0.3220143,-0.1226747,0.0704270
6.429166160,1791082586.806655645,0,0,-0.0074837,0.0373508,0.0109212,-8.7704544,-8.6450090,-16.0588627,-10.3282909,0.5624086,0.0269874,-0.0983178,-0.1708659,0.0821496,-0.0218222,-0.0486599,0.1261333,0.0498146,0.1006264,0.0231473,0.0406631,-0.0160636,0.0132179,-0.0007542,0.0073260,0.1751097,0.5711064,0.3215912,-0.1234800,0.0692355
6.451083242,1791082586.828572989,0,0,-0.0062725,0.0373030,0.0111792,-8.7845383,-8.6449203,-16.0557747,-10.3349485,0.5631749,0.0238849,-0.1014046,-0.1736169,0.0840971,-0.0216473,-0.0485496,0.1292939,0.0497851,0.1007504,0.0231579,0.0408390,-0.0161345,0.0133462,-0.0007549,0.0073707,0.1750424,0.5713124,0.3211842,-0.1242762,0.0680462
6.470775123,1791082586.848265409,0,0,-0.0064554,0.0373592,0.0102069,-8.7682972,-8.6325665,-16.0361023,-10.2870760,0.5611455,0.0228761,-0.1020730,-0.1733992,0.0841592,-0.0214336,-0.0470801,0.1286564,0.0497317,0.1008973,0.0231870,0.0412597,-0.0161749,0.0134963,-0.0007560,0.0074061,0.1750157,0.5714368,0.3208925,-0.1248645,0.0670804
6.491028912,1791082586.868518353,0,0,-0.0067590,0.0372461,0.0097327,-8.7498140,-8.6124163,-16.0163078,-10.2557201,0.5584618,0.0261168,-0.1082060,-0.1801202,0.0870376,-0.0216360,-0.0480969,0.1357759,0.0496778,0.1010393,0.0232158,0.0415125,-0.0162165,0.0136467,-0.0007572,0.0074391,0.1749913,0.5715618,0.3206008,-0.1254489,0.0660866
6.511215308,1791082586.888705015,0,0,-0.0056750,0.0374096,0.0093386,-8.7559547,-8.6230574,-16.0165634,-10.2806511,0.5573643,0.0237944,-0.1121405,-0.1839043,0.0892002,-0.0226335,-0.0498768,0.1390640,0.0496297,0.1011420,0.0232157,0.0409161,-0.0162641,0.0137824,-0.0007619,0.0074789,0.1749710,0.5716811,0.3202020,-0.1259886,0.0650905
6.531397575,1791082586.908887625,0,0,-0.0055933,0.0376030,0.0095730,-8.7584667,-8.6336088,-16.0331249,-10.2906065,0.5583884,0.0239470,-0.1108205,-0.1817082,0.0886216,-0.0233701,-0.0484745,0.1387820,0.0496089,0.1012591,0.0232187,0.0429067,-0.0163065,0.0139072,-0.0007614,0.0075296,0.1749254,0.5718593,0.3198072,-0.1265845,0.0641313
6.552477954,1791082586.929967165,0,0,-0.0051317,0.0375964,0.0101273,-8.7738400,-8.6272917,-16.0281563,-10.2857294,0.5589426,0.0219184,-0.1113954,-0.1807167,0.0889056,-0.0241647,-0.0476423,0.1388060,0.0495871,0.1013804,0.0232195,0.0437395,-0.0163479,0.0140298,-0.0007610,0.0075811,0.1748724,0.5720410,0.3194098,-0.1271657,0.0631936
6.570478798,1791082586.947968006,0,0,-0.0046925,0.0372842,0.0100055,-8.7824678,-8.6097059,-15.9957695,-10.2828569,0.5578538,0.0172034,-0.1158122,-0.1856420,0.0920286,-0.0243357,-0.0493616,0.1426839,0.0495488,0.1015515,0.0232388,0.0423817,-0.0163978,0.0141514,-0.0007584,0.0076195,0.1747737,0.5722646,0.3189950,-0.1280242,0.0623184
6.592391528,1791082586.969881058,0,0,-0.0041990,0.0372642,0.0097023,-8.7725811,-8.6211128,-15.9701576,-10.2976789,0.5570266,0.0096689,-0.1178834,-0.1876215,0.0938414,-0.0254153,-0.0514956,0.1430869,0.0495104,0.1017148,0.0232617,0.0423279,-0.0164438,0.0142735,-0.0007564,0.0076590,0.1746932,0.5724738,0.3186023,-0.1288764,0.0614721
6.612910479,1791082586.990400076,0,0,-0.0052674,0.0374100,0.0091448,-8.7404919,-8.6254082,-15.9983482,-10.3007011,0.5560367,0.0112641,-0.1161543,-0.1860453,0.0928411,-0.0264699,-0.0502447,0.1426279,0.0494575,0.1018593,0.0232968,0.0435053,-0.0164821,0.0144270,-0.0007576,0.0076961,0.1746641,0.5726073,0.3183253,-0.1294541,0.0604227
6.631792635,1791082587.009282351,0,0,-0.0051590,0.0380909,0.0094856,-8.7176828,-8.6048536,-16.0090485,-10.3097649,0.5536249,0.0108905,-0.1197147,-0.1908796,0.0954337,-0.0272365,-0.0526327,0.1479582,0.0494016,0.1020125,0.0233223,0.0419976,-0.0165353,0.0145639,-0.0007580,0.0077329,0.1745842,0.5727828,0.3179816,-0.1301848,0.0596716
6.651019509,1791082587.028509140,0,0,-0.0050261,0.0378787,0.0089837,-8.7098770,-8.5968142,-15.9908733,-10.3111553,0.5513582,0.0084043,-0.1242064,-0.1972431,0.0992950,-0.0279940,-0.0545019,0.1545425,0.0493466,0.1021615,0.0233492,0.0415973,-0.0165876,0.0147020,-0.0007584,0.0077707,0.1745111,0.5729484,0.3176543,-0.1309135,0.0589172
6.669287788,1791082587.046777248,0,0,-0.0046090,0.0376270,0.0083761,-8.6910849,-8.5907497,-15.9793968,-10.3214207,0.5514776,0.0033366,-0.1265815,-0.2008703,0.1010809,-0.0281869,-0.0559027,0.1552344,0.0492799,0.1022820,0.0233668,0.0422083,-0.0166303,0.0148479,-0.0007592,0.0078233,0.1744822,0.5730802,0.3173757,-0.1314336,0.0581567
6.690737527,1791082587.068227053,0,0,-0.0049747,0.0366157,0.0078742,-8.6777296,-8.5853357,-15.9589157,-10.3217907,0.5527795,0.0017067,-0.1366296,-0.2145493,0.1076022,-0.0287964,-0.0606059,0.1658703,0.0492128,0.1024060,0.0233830,0.0422088,-0.0166746,0.0149929,-0.0007597,0.0078741,0.1744465,0.5732175,0.3170891,-0.1319601,0.0573715
6.710158616,1791082587.087647915,0,0,-0.0051789,0.0365328,0.0078736,-8.6700516,-8.5928469,-15.9565449,-10.3392191,0.5533884,-0.0010198,-0.1432940,-0.2233744,0.1130976,-0.0291805,-0.0649733,0.1749999,0.0491399,0.1025506,0.0234275,0.0398783,-0.0167196,0.0151471,-0.0007590,0.0079208,0.1743754,0.5733714,0.3168093,-0.1324714,0.0568451
6.732082356,1791082587.109572172,0,0,-0.0052559,0.0371924,0.0075860,-8.6303558,-8.5873899,-15.9565582,-10.3343811,0.5559323,-0.0060863,-0.1400983,-0.2190514,0.1112965,-0.0293237,-0.0642066,0.1697592,0.0491089,0.1026531,0.0234455,0.0414565,-0.0167741,0.0152724,-0.0007569,0.0079596,0.1743424,0.5735494,0.3164902,-0.1331206,0.0557443
6.750811964,1791082587.128301620,0,0,-0.0057009,0.0379525,0.0074895,-8.6185598,-8.5845928,-15.9900932,-10.3312254,0.5566335,-0.0070362,-0.1318631,-0.2090213,0.1067292,-0.0294992,-0.0604305,0.1620023,0.0490772,0.1027588,0.0234598,0.0420499,-0.0168286,0.0153971,-0.0007547,0.0080013,0.1743024,0.5737296,0.3161700,-0.1337457,0.0546898
6.772898781,1791082587.150388479,0,0,-0.0050913,0.0379317,0.0081976,-8.6129007,-8.5515661,-15.9713669,-10.3150558,0.5539809,-0.0075523,-0.1372513,-0.2153107,0.1104818,-0.0299969,-0.0621301,0.1683277,0.0490086,0.1028633,0.0234818,0.0440535,-0.0168253,0.0155640,-0.0007611,0.0080285,0.1743229,0.5737852,0.3159297,-0.1337959,0.0540245
6.793523402,1791082587.171013117,0,0,-0.0043734,0.0372593,0.0078749,-8.6142988,-8.5242968,-15.9320774,-10.3043756,0.5525780,-0.0089014,-0.1429260,-0.2219321,0.1139294,-0.0301104,-0.0644411,0.1729781,0.0489377,0.1029747,0.0235056,0.0448619,-0.0168261,0.0157293,-0.0007673,0.0080489,0.1743347,0.5738578,0.3156630,-0.1338523,0.0533460
6.813855404,1791082587.191344976,0,0,-0.0024874,0.0370350,0.0086573,-8.6590042,-8.5335369,-15.9203033,-10.3185940,0.5532899,-0.0131987,-0.1442775,-0.2219942,0.1149933,-0.0290786,-0.0609694,0.1720273,0.0488814,0.1030739,0.0235209,0.0444440,-0.0168345,0.0158748,-0.0007721,0.0080832,0.1743173,0.5739799,0.3152922,-0.1341338,0.0527285
6.832676215,1791082587.210165739,0,0,-0.0012888,0.0370714,0.0083527,-8.6719580,-8.5251513,-15.8788109,-10.2669258,0.5542014,-0.0166507,-0.1473753,-0.2217187,0.1161865,-0.0286851,-0.0582280,0.1724839,0.0488140,0.1031627,0.0235502,0.0418602,-0.0168821,0.0160254,-0.0007731,0.0081132,0.1742962,0.5741079,0.3150036,-0.1344029,0.0517357
6.854958624,1791082587.232448339,0,0,-0.0008648,0.0369128,0.0087679,-8.6572723,-8.5104275,-15.8702183,-10.2379007,0.5535829,-0.0191461,-0.1514758,-0.2247052,0.1179870,-0.0286233,-0.0556418,0.1733916,0.0487476,0.1032451,0.0235807,0.0411015,-0.0169282,0.0161779,-0.0007743,0.0081443,0.1742861,0.5742257,0.3147241,-0.1346710,0.0507487
6.873408414,1791082587.250897884,0,0,-0.0007189,0.0367120,0.0080637,-8.6456528,-8.4990854,-15.8220673,-10.1981564,0.5546796,-0.0185821,-0.1586615,-0.2317559,0.1221951,-0.0290336,-0.0547620,0.1802505,0.0486992,0.1033873,0.0235982,0.0427764,-0.0169659,0.0163140,-0.0007759,0.0081876,0.1742277,0.5743907,0.3143272,-0.1352393,0.0500666
6.892961316,1791082587.270450592,0,0,-0.0005094,0.0368872,0.0071651,-8.6431017,-8.4856043,-15.7694798,-10.1768951,0.5566781,-0.0204352,-0.1670828,-0.2410432,0.1280897,-0.0294673,-0.0571209,0.1894178,0.0486502,0.1035300,0.0236145,0.0434822,-0.0170024,0.0164484,-0.0007776,0.0082321,0.1741680,0.5745487,0.3139413,-0.1358013,0.0493782
6.913223747,1791082587.290713549,0,0,-0.0004656,0.0364982,0.0065930,-8.6101885,-8.4745569,-15.7489691,-10.1586723,0.5570589,-0.0276718,-0.1757360,-0.2514192,0.1344680,-0.0293853,-0.0585466,0.1949300,0.0485950,0.1036391,0.0236378,0.0457311,-0.0169931,0.0166045,-0.0007860,0.0082672,0.1741875,0.5746306,0.3136126,-0.1359468,0.0488031
6.932741960,1791082587.310231447,0,0,0.0001266,0.0359268,0.0064510,-8.6002703,-8.4561729,-15.7290230,-10.1486149,0.5553012,-0.0307157,-0.1877139,-0.2639052,0.1418077,-0.0297545,-0.0608353,0.2031726,0.0485562,0.1036643,0.0236524,0.0461670,-0.0169809,0.0167383,-0.0007947,0.0082930,0.1742566,0.5746892,0.3132561,-0.1359024,0.0482309
6.952673339,1791082587.330163002,0,0,0.0010458,0.0361197,0.0061266,-8.6262798,-8.4501410,-15.7042608,-10.1267424,0.5563848,-0.0260541,-0.1950312,-0.2681950,0.1444433,-0.0305066,-0.0577434,0.2084629,0.0485171,0.1036980,0.0236675,0.0462754,-0.0169711,0.0168724,-0.0008030,0.0083170,0.1743220,0.5747597,0.3128693,-0.1358542,0.0476344
6.972914202,1791082587.350403786,0,0,0.0025093,0.0362831,0.0069384,-8.6309357,-8.4303436,-15.6629887,-10.1103201,0.5565662,-0.0298844,-0.2048259,-0.2754551,0.1493898,-0.0311642,-0.0572556,0.2123263,0.0484712,0.1038524,0.0236832,0.0433899,-0.0170329,0.0170013,-0.0008032,0.0083690,0.1741479,0.5750623,0.3122897,-0.1364823,0.0470525
6.993566503,1791082587.371055841,0,0,0.0026939,0.0355485,0.0075526,-8.6230621,-8.4298592,-15.6357985,-10.0959539,0.5595383,-0.0340611,-0.2064580,-0.2768022,0.1506595,-0.0316336,-0.0562754,0.2115829,0.0484258,0.1039954,0.0237025,0.0428312,-0.0170865,0.0171304,-0.0008042,0.0084253,0.1740219,0.5753282,0.3117818,-0.1371178,0.0465013
7.013102156,1791082587.390591860,0,0,0.0022616,0.0364241,0.0071932,-8.5918589,-8.4250956,-15.6592140,-10.0658102,0.5559026,-0.0344125,-0.1991537,-0.2685786,0.1461999,-0.0327458,-0.0534648,0.2066082,0.0483444,0.1041217,0.0237213,0.0429565,-0.0171145,0.0172704,-0.0008073,0.0084774,0.1739442,0.5755125,0.3113782,-0.1374796,0.0462096
7.032968254,1791082587.410458565,0,0,0.0025112,0.0368139,0.0075290,-8.5887423,-8.4083481,-15.6360207,-10.0393209,0.5546851,-0.0328557,-0.2057235,-0.2738648,0.1500199,-0.0338359,-0.0561563,0.2124289,0.0482925,0.1042383,0.0237503,0.0433086,-0.0171652,0.0174057,-0.0008062,0.0085422,0.1738463,0.5757136,0.3110047,-0.1379611,0.0457092
7.053416644,1791082587.430906057,0,0,0.0017489,0.0357245,0.0072996,-8.5738602,-8.3885813,-15.5636330,-9.9989100,0.5549546,-0.0303017,-0.2235628,-0.2906957,0.1597511,-0.0348620,-0.0633293,0.2250188,0.0482408,0.1043500,0.0237752,0.0435298,-0.0172144,0.0175414,-0.0008048,0.0086064,0.1737585,0.5759006,0.3106510,-0.1384541,0.0451494
7.072701376,1791082587.450190783,0,0,0.0019069,0.0352392,0.0061716,-8.5757093,-8.3979931,-15.5485229,-10.0207100,0.5532479,-0.0286746,-0.2389830,-0.3053914,0.1685883,-0.0361420,-0.0679290,0.2360573,0.0481678,0.1044486,0.0237977,0.0437177,-0.0172290,0.0176925,-0.0008087,0.0086443,0.1737430,0.5759941,0.3103469,-0.1386795,0.0445322
7.092633139,1791082587.470122814,0,0,0.0020929,0.0352749,0.0055014,-8.5725365,-8.4090376,-15.5432100,-10.0382423,0.5526078,-0.0287692,-0.2502541,-0.3156274,0.1751051,-0.0372808,-0.0704685,0.2430248,0.0480940,0.1045511,0.0238217,0.0436441,-0.0172466,0.0178433,-0.0008125,0.0086776,0.1737196,0.5761016,0.3100246,-0.1389013,0.0439126
7.114557519,1791082587.492046833,0,0,0.0025462,0.0352368,0.0055022,-8.5584564,-8.4064140,-15.5498180,-10.0543785,0.5530151,-0.0315976,-0.2519988,-0.3183267,0.1759365,-0.0379651,-0.0708824,0.2420644,0.0480240,0.1045974,0.0238479,0.0442514,-0.0172507,0.0179942,-0.0008145,0.0087299,0.1737233,0.5762213,0.3097046,-0.1389764,0.0434172
7.134929971,1791082587.512419224,0,0,0.0023483,0.0351126,0.0055084,-8.5484438,-8.4039602,-15.5606766,-10.0514975,0.5556638,-0.0336316,-0.2534341,-0.3191575,0.1763999,-0.0386030,-0.0713631,0.2414301,0.0479729,0.1047506,0.0238658,0.0443018,-0.0173036,0.0181230,-0.0008152,0.0087671,0.1736076,0.5764197,0.3092453,-0.1396910,0.0426202
7.156571332,1791082587.534060478,0,0,0.0019499,0.0358000,0.0052355,-8.5452032,-8.4137249,-15.5722847,-10.0626001,0.5556063,-0.0316549,-0.2484059,-0.3143580,0.1733266,-0.0400153,-0.0693527,0.2399034,0.0479219,0.1048977,0.0238839,0.0446743,-0.0173518,0.0182514,-0.0008163,0.0088086,0.1735101,0.5765951,0.3088251,-0.1403927,0.0418565
7.175591511,1791082587.553080797,0,0,0.0021885,0.0359617,0.0064077,-8.5670547,-8.4171009,-15.5991707,-10.0744600,0.5580773,-0.0337438,-0.2390419,-0.3073584,0.1695759,-0.0406304,-0.0668930,0.2354146,0.0478765,0.1050187,0.0239073,0.0436553,-0.0173898,0.0183773,-0.0008157,0.0088550,0.1734324,0.5767710,0.3084407,-0.1409000,0.0413071
7.198731199,1791082587.576220751,0,0,0.0018706,0.0357058,0.0069253,-8.5605087,-8.4035196,-15.5794621,-10.0572624,0.5575873,-0.0364604,-0.2393774,-0.3102593,0.1705446,-0.0407363,-0.0669578,0.2343994,0.0478322,0.1051397,0.0239311,0.0432652,-0.0174272,0.0185032,-0.0008151,0.0089013,0.1733562,0.5769449,0.3080615,-0.1414035,0.0407733
7.216728812,1791082587.594218493,0,0,0.0018169,0.0356659,0.0059100,-8.5469065,-8.4138279,-15.5550117,-10.0340395,0.5572297,-0.0380419,-0.2407664,-0.3115581,0.1712730,-0.0412790,-0.0658226,0.2336485,0.0477605,0.1052796,0.0239654,0.0443876,-0.0174432,0.0186594,-0.0008182,0.0089552,0.1732991,0.5770918,0.3077357,-0.1416930,0.0404917
7.236610718,1791082587.614100218,0,0,0.0023483,0.0356144,0.0040872,-8.5461321,-8.4207487,-15.5273495,-10.0520535,0.5566586,-0.0315392,-0.2531983,-0.3228029,0.1770688,-0.0423494,-0.0689672,0.2424326,0.0477068,0.1053885,0.0239963,0.0455402,-0.0174725,0.0188070,-0.0008198,0.0089715,0.1732814,0.5771728,0.3074556,-0.1420787,0.0393702
7.255219649,1791082587.632709265,0,0,0.0029759,0.0357430,0.0049399,-8.5331421,-8.4103251,-15.5138102,-10.0582237,0.5555092,-0.0350060,-0.2650449,-0.3341992,0.1846624,-0.0422773,-0.0720887,0.2486864,0.0476528,0.1054990,0.0240256,0.0461228,-0.0175035,0.0189544,-0.0008209,0.0089858,0.1732594,0.5772585,0.3071703,-0.1424585,0.0382437
7.278258981,1791082587.655749321,0,0,0.0029897,0.0348322,0.0047775,-8.5169945,-8.4174089,-15.5134830,-10.0732260,0.5559927,-0.0430766,-0.2672784,-0.3390234,0.1880337,-0.0419845,-0.0732899,0.2486550,0.0475873,0.1056267,0.0240497,0.0466983,-0.0175140,0.0190963,-0.0008213,0.0090357,0.1732053,0.5774102,0.3068247,-0.1428368,0.0378801
7.296153647,1791082587.673643112,0,0,0.0022895,0.0348906,0.0047811,-8.4877386,-8.3952703,-15.5242052,-10.0532084,0.5561578,-0.0459546,-0.2636908,-0.3348911,0.1860676,-0.0423579,-0.0723486,0.2457945,0.0475338,0.1057577,0.0240760,0.0455951,-0.0175271,0.0192280,-0.0008202,0.0090794,0.1731325,0.5775623,0.3064751,-0.1431992,0.0376615
7.316857278,1791082587.694346905,0,0,0.0019093,0.0347328,0.0048957,-8.4555988,-8.3577681,-15.5028534,-10.0468721,0.5570641,-0.0490052,-0.2749006,-0.3441340,0.1934565,-0.0421489,-0.0776296,0.2526676,0.0474809,0.1058846,0.0241049,0.0450957,-0.0175390,0.0193597,-0.0008194,0.0091234,0.1730643,0.5777132,0.3061286,-0.1435591,0.0374358
7.334909966,1791082587.712398767,0,0,0.0019532,0.0348066,0.0048753,-8.4491072,-8.3457451,-15.4990902,-10.0311260,0.5569280,-0.0529903,-0.2782367,-0.3456050,0.1964884,-0.0422609,-0.0797104,0.2554695,0.0474078,0.1060522,0.0241533,0.0452224,-0.0175739,0.0195205,-0.0008207,0.0091784,0.1729611,0.5778437,0.3058254,-0.1439882,0.0371919
7.356775047,1791082587.734264135,0,0,0.0017268,0.0353470,0.0045169,-8.4397116,-8.3474836,-15.4921074,-10.0101490,0.5562320,-0.0504636,-0.2742649,-0.3418286,0.1941637,-0.0423506,-0.0765841,0.2552124,0.0473354,0.1062064,0.0242008,0.0457835,-0.0176057,0.0196821,-0.0008222,0.0092357,0.1728743,0.5779634,0.3055484,-0.1444121,0.0369786
7.376969220,1791082587.754458904,0,0,0.0010749,0.0350819,0.0043165,-8.4148350,-8.3357620,-15.4835033,-9.9992142,0.5537554,-0.0493255,-0.2790588,-0.3485174,0.1970811,-0.0422973,-0.0774465,0.2582067,0.0472682,0.1062620,0.0242331,0.0475350,-0.0175874,0.0198313,-0.0008264,0.0092495,0.1729160,0.5780051,0.3053354,-0.1443940,0.0363665
7.396098011,1791082587.773587704,0,0,0.0011825,0.0339494,0.0036907,-8.4090357,-8.3161898,-15.4321909,-9.9903116,0.5519031,-0.0505187,-0.2982299,-0.3679847,0.2088327,-0.0419470,-0.0828636,0.2688516,0.0471988,0.1063320,0.0242640,0.0482184,-0.0175737,0.0199805,-0.0008296,0.0092573,0.1729503,0.5780593,0.3050999,-0.1443877,0.0357067
7.418799027,1791082587.796287775,0,0,0.0019473,0.0334329,0.0029557,-8.4226427,-8.3230562,-15.4091978,-10.0098391,0.5529678,-0.0538342,-0.3075418,-0.3789887,0.2154988,-0.0416365,-0.0838015,0.2729883,0.0471523,0.1063878,0.0242769,0.0468009,-0.0175790,0.0201103,-0.0008312,0.0092873,0.1729183,0.5781834,0.3047402,-0.1445897,0.0352559
7.434080765,1791082587.811569691,0,0,0.0028756,0.0339207,0.0036695,-8.4313745,-8.3207302,-15.4005003,-10.0090294,0.5551714,-0.0560761,-0.3113369,-0.3823326,0.2183158,-0.0420582,-0.0810890,0.2746378,0.0471480,0.1064657,0.0242767,0.0447648,-0.0176447,0.0202168,-0.0008297,0.0093264,0.1728192,0.5783509,0.3042706,-0.1451437,0.0342880
7.455544617,1791082587.833033562,0,0,0.0034832,0.0348894,0.0044670,-8.4368114,-8.3167067,-15.4114275,-10.0062113,0.5563320,-0.0595776,-0.3093105,-0.3791024,0.2181675,-0.0425016,-0.0774741,0.2725694,0.0471429,0.1065429,0.0242767,0.0440883,-0.0177066,0.0203235,-0.0008283,0.0093709,0.1727344,0.5784979,0.3038283,-0.1456723,0.0333571
7.475596448,1791082587.853085518,0,0,0.0049688,0.0359026,0.0056177,-8.4295588,-8.3119879,-15.4421959,-10.0057545,0.5604054,-0.0689807,-0.2938511,-0.3639702,0.2099359,-0.0428741,-0.0726085,0.2601064,0.0470798,0.1067166,0.0243129,0.0422918,-0.0177690,0.0204458,-0.0008267,0.0093896,0.1726183,0.5786642,0.3034707,-0.1463183,0.0328380
7.494130241,1791082587.871619225,0,0,0.0047455,0.0358501,0.0051250,-8.3812933,-8.2936115,-15.4552469,-9.9929705,0.5596671,-0.0692951,-0.2906412,-0.3592623,0.2070939,-0.0441391,-0.0736650,0.2574864,0.0470401,0.1067729,0.0243334,0.0459718,-0.0177446,0.0205903,-0.0008370,0.0094170,0.1726597,0.5786965,0.3031966,-0.1462194,0.0325732
7.519162414,1791082587.896652699,0,0,0.0037748,0.0353715,0.0030895,-8.3691626,-8.2572956,-15.4095058,-9.9634705,0.5544745,-0.0613490,-0.3101183,-0.3737695,0.2171178,-0.0447978,-0.0812540,0.2711908,0.0469981,0.1068472,0.0243528,0.0476586,-0.0177269,0.0207333,-0.0008460,0.0094359,0.1726868,0.5787495,0.3028847,-0.1461242,0.0322550
7.538654353,1791082587.916143656,0,0,0.0041126,0.0337374,0.0040018,-8.3839712,-8.2263775,-15.3399544,-9.9388561,0.5540345,-0.0666851,-0.3262452,-0.3888809,0.2279676,-0.0438750,-0.0851749,0.2783187,0.0469128,0.1069311,0.0243878,0.0478706,-0.0177197,0.0209006,-0.0008502,0.0094541,0.1727187,0.5788222,0.3026190,-0.1460641,0.0315649
7.556856198,1791082587.934345722,0,0,0.0060804,0.0336029,0.0034532,-8.4190331,-8.2582302,-15.3287611,-9.9655237,0.5536421,-0.0742591,-0.3214294,-0.3850166,0.2268967,-0.0431994,-0.0809715,0.2729835,0.0468259,0.1070131,0.0244247,0.0481084,-0.0177127,0.0210680,-0.0008548,0.0094712,0.1727511,0.5788997,0.3023412,-0.1460083,0.0309180
7.575355205,1791082587.952844620,0,0,0.0070895,0.0338868,0.0030423,-8.3850670,-8.2530603,-15.3166761,-9.9562254,0.5508609,-0.0788715,-0.3261892,-0.3887130,0.2296788,-0.0425059,-0.0788135,0.2719557,0.0467024,0.1071518,0.0244654,0.0464216,-0.0176994,0.0212392,-0.0008585,0.0095143,0.1726820,0.5790548,0.3019972,-0.1461008,0.0311038
7.597127612,1791082587.974617243,0,0,0.0074568,0.0343121,0.0036519,-8.3697548,-8.2510748,-15.3080540,-9.9487963,0.5497904,-0.0850582,-0.3368264,-0.3939502,0.2386385,-0.0430326,-0.0820510,0.2791310,0.0465803,0.1072806,0.0245115,0.0456636,-0.0176843,0.0214106,-0.0008630,0.0095591,0.1726219,0.5792061,0.3016630,-0.1461883,0.0313247
7.616727363,1791082587.994216919,0,0,0.0071815,0.0338922,0.0023377,-8.3466110,-8.2359056,-15.2776241,-9.9405432,0.5499275,-0.0842060,-0.3479376,-0.4037770,0.2460341,-0.0425296,-0.0828863,0.2875361,0.0465178,0.1073570,0.0245386,0.0447222,-0.0177079,0.0215463,-0.0008657,0.0095885,0.1725773,0.5793407,0.3012951,-0.1464035,0.0309075
7.637592761,1791082588.015082121,0,0,0.0065583,0.0337773,0.0014634,-8.3374062,-8.2165718,-15.2369604,-9.9042282,0.5509622,-0.0824805,-0.3580998,-0.4105164,0.2528190,-0.0427768,-0.0821614,0.2953257,0.0464599,0.1074320,0.0245671,0.0460372,-0.0177067,0.0216929,-0.0008737,0.0095996,0.1725903,0.5793990,0.3009811,-0.1464437,0.0304131
7.658798493,1791082588.036288261,0,0,0.0070795,0.0338897,0.0024727,-8.3530111,-8.2021561,-15.1937790,-9.8726664,0.5516084,-0.0805962,-0.3712080,-0.4199826,0.2602710,-0.0427462,-0.0768846,0.3022808,0.0464015,0.1075119,0.0245949,0.0466926,-0.0177073,0.0218389,-0.0008813,0.0096097,0.1725977,0.5794641,0.3006576,-0.1464797,0.0299179
7.681071271,1791082588.058560848,0,0,0.0085896,0.0334737,0.0015740,-8.3711538,-8.1794548,-15.1018600,-9.8661966,0.5485849,-0.0804553,-0.4002253,-0.4428908,0.2774886,-0.0434115,-0.0816859,0.3164353,0.0463107,0.1076597,0.0246253,0.0460520,-0.0177459,0.0219845,-0.0008845,0.0096601,0.1724962,0.5796286,0.3002587,-0.1468216,0.0296932
7.700715121,1791082588.078204632,0,0,0.0092744,0.0331963,0.0010567,-8.3512545,-8.1965485,-15.0688515,-9.8732691,0.5502717,-0.0849349,-0.4144681,-0.4526969,0.2859013,-0.0455970,-0.0845943,0.3216691,0.0462276,0.1078292,0.0246641,0.0467278,-0.0177778,0.0221385,-0.0008873,0.0097300,0.1723684,0.5797827,0.2998646,-0.1472954,0.0296685
7.720947921,1791082588.098437309,0,0,0.0089832,0.0336053,0.0012567,-8.3296623,-8.2028627,-15.0954828,-9.8947649,0.5532762,-0.0904214,-0.4152284,-0.4543200,0.2877288,-0.0474444,-0.0868680,0.3219510,0.0461453,0.1079918,0.0247019,0.0472159,-0.0178060,0.0222903,-0.0008904,0.0098016,0.1722499,0.5799259,0.2994978,-0.1477643,0.0296915
7.738991970,1791082588.116481543,0,0,0.0078523,0.0339369,0.0013626,-8.3022270,-8.2047997,-15.1250868,-9.8887186,0.5546279,-0.0919752,-0.4103915,-0.4537478,0.2856807,-0.0492267,-0.0865545,0.3210147,0.0460537,0.1080202,0.0247396,0.0467400,-0.0178060,0.0224519,-0.0008953,0.0098048,0.1722954,0.5799551,0.2993045,-0.1475137,0.0289291
7.759190976,1791082588.136680603,0,0,0.0064776,0.0332247,0.0022631,-8.2669992,-8.1777287,-15.1253071,-9.8604031,0.5551336,-0.0939845,-0.4093983,-0.4558563,0.2854275,-0.0503663,-0.0889665,0.3195670,0.0459625,0.1080552,0.0247764,0.0464180,-0.0178097,0.0226153,-0.0008993,0.0098033,0.1723374,0.5799920,0.2990963,-0.1472708,0.0281618
7.776441652,1791082588.153930426,0,0,0.0063013,0.0325842,0.0017872,-8.2613983,-8.1684589,-15.0925083,-9.8586216,0.5548427,-0.0905298,-0.4222839,-0.4666186,0.2928233,-0.0506366,-0.0968232,0.3283995,0.0458788,0.1081794,0.0248152,0.0469524,-0.0178065,0.0227656,-0.0009001,0.0098507,0.1722686,0.5801340,0.2987497,-0.1475538,0.0281373
7.799421496,1791082588.176911116,0,0,0.0061032,0.0328883,0.0005275,-8.2513180,-8.1739321,-15.0517769,-9.8454084,0.5514254,-0.0884373,-0.4313207,-0.4726739,0.2985692,-0.0516326,-0.1014142,0.3353193,0.0458306,0.1082644,0.0248344,0.0464420,-0.0178463,0.0228902,-0.0009010,0.0098771,0.1722089,0.5802442,0.2984051,-0.1479669,0.0274236
7.819600118,1791082588.197089911,0,0,0.0069872,0.0336719,0.0019597,-8.2528381,-8.1768208,-15.0738049,-9.8669138,0.5495294,-0.0911018,-0.4312691,-0.4737775,0.2987503,-0.0521165,-0.1012825,0.3332659,0.0457822,0.1083522,0.0248526,0.0461718,-0.0178849,0.0230147,-0.0009015,0.0099059,0.1721485,0.5803503,0.2980691,-0.1483642,0.0267279
7.838925301,1791082588.216414690,0,0,0.0077177,0.0331418,0.0023080,-8.2552423,-8.1819668,-15.0819397,-9.8930492,0.5519864,-0.0975924,-0.4258602,-0.4749741,0.2964453,-0.0523485,-0.0983478,0.3268496,0.0457351,0.1084109,0.0248782,0.0473448,-0.0178917,0.0231559,-0.0009066,0.0099075,0.1721681,0.5803624,0.2978174,-0.1483434,0.0258780
7.860760559,1791082588.238250256,0,0,0.0080400,0.0328823,0.0014945,-8.2542400,-8.1721172,-15.0675602,-9.8812943,0.5524705,-0.0972568,-0.4275464,-0.4758610,0.2966305,-0.0525857,-0.0954739,0.3260817,0.0456864,0.1084732,0.0249027,0.0479411,-0.0179020,0.0232974,-0.0009112,0.0099057,0.1721831,0.5803785,0.2975535,-0.1483239,0.0250066
7.879424758,1791082588.256914139,0,0,0.0082691,0.0327967,0.0017859,-8.2551670,-8.1508904,-15.0427799,-9.8638697,0.5506685,-0.0988122,-0.4409996,-0.4844216,0.3050260,-0.0527208,-0.1001768,0.3337680,0.0456138,0.1085353,0.0249310,0.0474651,-0.0179073,0.0234506,-0.0009150,0.0099245,0.1721827,0.5804535,0.2972691,-0.1483273,0.0244987
7.900357615,1791082588.277847052,0,0,0.0082442,0.0326734,0.0023637,-8.2427177,-8.1276989,-15.0204010,-9.8433418,0.5490186,-0.1010101,-0.4462156,-0.4886719,0.3084428,-0.0525685,-0.0990302,0.3348558,0.0455886,0.1086108,0.0249561,0.0457732,-0.0179719,0.0235781,-0.0009143,0.0099344,0.1720807,0.5805703,0.2969303,-0.1487492,0.0234978
7.919118682,1791082588.296608686,0,0,0.0084628,0.0329923,0.0014026,-8.2415352,-8.1191874,-15.0111437,-9.8190575,0.5476216,-0.1056096,-0.4402818,-0.4819438,0.3069820,-0.0526674,-0.0962316,0.3312899,0.0455623,0.1086814,0.0249796,0.0454491,-0.0180345,0.0237075,-0.0009135,0.0099483,0.1720002,0.5806617,0.2966199,-0.1491551,0.0225218
7.938604510,1791082588.316093922,0,0,0.0090147,0.0327704,0.0005948,-8.2106533,-8.0960579,-14.9893398,-9.8121386,0.5437320,-0.1094199,-0.4460357,-0.4867391,0.3113242,-0.0531271,-0.0979441,0.3328674,0.0455311,0.1087503,0.0249951,0.0462476,-0.0180836,0.0238405,-0.0009123,0.0099955,0.1719422,0.5807684,0.2963011,-0.1495185,0.0217901
7.961213237,1791082588.338703156,0,0,0.0100537,0.0325772,0.0005642,-8.1958666,-8.0790644,-14.9705696,-9.8332243,0.5434407,-0.1166870,-0.4584982,-0.4946652,0.3203392,-0.0549345,-0.1078792,0.3379880,0.0454989,0.1088222,0.0250091,0.0464224,-0.0181326,0.0239719,-0.0009111,0.0100412,0.1718818,0.5808713,0.2959887,-0.1498844,0.0210293
7.981500663,1791082588.358990431,0,0,0.0091436,0.0321529,0.0002179,-8.1730595,-8.0652943,-14.9547920,-9.8376884,0.5428116,-0.1191223,-0.4696163,-0.5027065,0.3281088,-0.0565138,-0.1171592,0.3451171,0.0454157,0.1089391,0.0250338,0.0461323,-0.0181617,0.0241193,-0.0009132,0.0100658,0.1718353,0.5809635,0.2957101,-0.1501351,0.0205853
7.999481125,1791082588.376970530,0,0,0.0095866,0.0326868,0.0005583,-8.1624279,-8.0637980,-14.9882164,-9.8457003,0.5436224,-0.1262595,-0.4642645,-0.4957963,0.3261245,-0.0577036,-0.1161088,0.3404416,0.0453759,0.1090666,0.0250678,0.0462703,-0.0182420,0.0242573,-0.0009103,0.0101104,0.1716911,0.5811302,0.2953907,-0.1508088,0.0198629
8.018106698,1791082588.395596266,0,0,0.0083337,0.0325045,0.0009477,-8.0965815,-8.0416117,-14.9900093,-9.8055696,0.5416404,-0.1369975,-0.4629108,-0.4940822,0.3273138,-0.0576573,-0.1192209,0.3358467,0.0453378,0.1091877,0.0250971,0.0468117,-0.0183181,0.0243957,-0.0009076,0.0101576,0.1715698,0.5812746,0.2951050,-0.1514780,0.0191718
8.039307278,1791082588.416797400,0,0,0.0067151,0.0335189,0.0016459,-8.0485916,-8.0464993,-15.0211468,-9.7556772,0.5424438,-0.1452031,-0.4478768,-0.4798540,0.3194872,-0.0585335,-0.1146879,0.3256987,0.0452757,0.1093322,0.0251165,0.0467991,-0.0183719,0.0245250,-0.0009046,0.0102002,0.1714614,0.5814047,0.2948039,-0.1520637,0.0188168
8.059402536,1791082588.436891317,0,0,0.0058469,0.0334893,0.0019736,-8.0301075,-8.0360088,-15.0242786,-9.7503872,0.5441059,-0.1447311,-0.4415175,-0.4758524,0.3157423,-0.0593654,-0.1111209,0.3226275,0.0452145,0.1094766,0.0251358,0.0466753,-0.0184259,0.0246532,-0.0009015,0.0102424,0.1713506,0.5815313,0.2945123,-0.1526441,0.0184629
8.079729708,1791082588.457219601,0,0,0.0065098,0.0332592,0.0004761,-8.0119677,-8.0223351,-15.0248528,-9.7537069,0.5422546,-0.1460573,-0.4377081,-0.4717204,0.3154563,-0.0595754,-0.1127729,0.3222330,0.0451569,0.1095223,0.0251378,0.0471742,-0.0184599,0.0247792,-0.0009071,0.0102655,0.1713624,0.5815337,0.2942724,-0.1528043,0.0177967
8.098088008,1791082588.475576878,0,0,0.0071767,0.0330551,0.0013229,-8.0158796,-8.0013485,-15.0114517,-9.7431746,0.5430370,-0.1448969,-0.4329996,-0.4700532,0.3128955,-0.0591239,-0.1091356,0.3198922,0.0451116,0.1096156,0.0251364,0.0461065,-0.0185178,0.0248940,-0.0009077,0.0102898,0.1712962,0.5815893,0.2939665,-0.1532265,0.0171364
8.118081279,1791082588.495570183,0,0,0.0089675,0.0337595,0.0024665,-8.0573063,-8.0052757,-15.0113382,-9.7584524,0.5434974,-0.1440214,-0.4247867,-0.4627880,0.3092718,-0.0585338,-0.1015864,0.3167597,0.0450655,0.1097082,0.0251373,0.0456477,-0.0185747,0.0250089,-0.0009083,0.0103157,0.1712337,0.5816422,0.2936646,-0.1536357,0.0164820
8.138103575,1791082588.515592337,0,0,0.0112655,0.0334847,0.0031487,-8.0790892,-7.9988680,-14.9837217,-9.7674561,0.5472682,-0.1472499,-0.4185153,-0.4586490,0.3065181,-0.0575925,-0.0952380,0.3120795,0.0450354,0.1097957,0.0251253,0.0454847,-0.0186353,0.0251101,-0.0009109,0.0103510,0.1711136,0.5817109,0.2932548,-0.1540567,0.0161272
8.158826345,1791082588.536315918,0,0,0.0122034,0.0333234,0.0027766,-8.0799198,-7.9806662,-14.9936323,-9.7672787,0.5485705,-0.1462045,-0.4127992,-0.4530160,0.3036120,-0.0566904,-0.0926069,0.3097247,0.0450049,0.1098858,0.0251147,0.0452109,-0.0186961,0.0252107,-0.0009130,0.0103885,0.1709831,0.5817846,0.2928440,-0.1544662,0.0157850
8.180732326,1791082588.558222055,0,0,0.0126281,0.0331951,0.0019808,-8.0908289,-7.9679451,-14.9978352,-9.7585783,0.5477856,-0.1379385,-0.4056059,-0.4480090,0.2977487,-0.0555528,-0.0835144,0.3084257,0.0449378,0.1100268,0.0251265,0.0438660,-0.0187684,0.0253279,-0.0009104,0.0104416,0.1708281,0.5819349,0.2924944,-0.1550473,0.0154567
8.200744446,1791082588.578234196,0,0,0.0134753,0.0326273,0.0027849,-8.1066694,-7.9464936,-14.9885578,-9.7683172,0.5450993,-0.1373693,-0.4103040,-0.4518117,0.3017542,-0.0539665,-0.0863360,0.3126960,0.0449023,0.1100976,0.0251437,0.0423097,-0.0188466,0.0254476,-0.0009090,0.0104775,0.1707492,0.5820194,0.2922230,-0.1554453,0.0146516
8.220737973,1791082588.598227262,0,0,0.0133969,0.0317241,0.0010503,-8.0963326,-7.9646645,-14.9888306,-9.8049831,0.5399275,-0.1351515,-0.4232104,-0.4621477,0.3100119,-0.0522824,-0.0954706,0.3232745,0.0448669,0.1101638,0.0251597,0.0420155,-0.0189263,0.0255699,-0.0009071,0.0105123,0.1706811,0.5820941,0.2919606,-0.1558511,0.0138008
8.241806579,1791082588.619296312,0,0,0.0128740,0.0312815,0.0000463,-8.0887594,-7.9844799,-14.9912958,-9.8083954,0.5395007,-0.1322892,-0.4315677,-0.4657671,0.3149369,-0.0507867,-0.1039602,0.3304886,0.0448135,0.1102501,0.0251692,0.0450343,-0.0189648,0.0256961,-0.0009088,0.0105493,0.1706517,0.5821160,0.2917025,-0.1561778,0.0131751
8.262733997,1791082588.640223742,0,0,0.0124592,0.0319622,-0.0006517,-8.0906706,-8.0021572,-15.0079021,-9.8143768,0.5368727,-0.1273532,-0.4358187,-0.4670097,0.3170086,-0.0497412,-0.1069636,0.3362773,0.0447594,0.1103449,0.0251775,0.0462238,-0.0190060,0.0258201,-0.0009104,0.0105843,0.1706055,0.5821486,0.2914308,-0.1564933,0.0125488
8.282795366,1791082588.660285234,0,0,0.0127255,0.0311500,-0.0001815,-8.0965595,-7.9991026,-15.0093164,-9.8634329,0.5343851,-0.1301512,-0.4502481,-0.4794860,0.3276088,-0.0483151,-0.1190376,0.3450420,0.0447189,0.1104260,0.0251978,0.0467624,-0.0190248,0.0259439,-0.0009063,0.0106243,0.1705511,0.5822412,0.2911765,-0.1567926,0.0121181
8.302845664,1791082588.680334806,0,0,0.0127613,0.0315227,0.0001248,-8.1087198,-8.0308685,-15.0659647,-9.9048452,0.5356268,-0.1373556,-0.4423226,-0.4717663,0.3251294,-0.0479067,-0.1215277,0.3407058,0.0447237,0.1105062,0.0252153,0.0451050,-0.0191092,0.0260508,-0.0008991,0.0106495,0.1704305,0.5823531,0.2908991,-0.1574796,0.0109410
8.324529044,1791082588.702018499,0,0,0.0129692,0.0318781,0.0000507,-8.1015491,-8.0403528,-15.0915813,-9.9431429,0.5365898,-0.1441632,-0.4449076,-0.4715492,0.3296055,-0.0471122,-0.1302299,0.3428078,0.0447287,0.1105830,0.0252310,0.0450169,-0.0191901,0.0261588,-0.0008919,0.0106775,0.1703325,0.5824452,0.2906398,-0.1581453,0.0097784
8.345399596,1791082588.722889423,0,0,0.0121514,0.0326578,-0.0004956,-8.0826273,-8.0484800,-15.1327391,-9.9558725,0.5355214,-0.1457838,-0.4408868,-0.4660021,0.3293235,-0.0470196,-0.1368423,0.3435127,0.0446740,0.1106364,0.0252444,0.0456509,-0.0192276,0.0262894,-0.0008911,0.0106865,0.1703352,0.5824528,0.2904403,-0.1581964,0.0088898
8.366681842,1791082588.744171619,0,0,0.0117962,0.0325030,-0.0013113,-8.0621786,-8.0263882,-15.1354713,-9.9742823,0.5337951,-0.1509201,-0.4415848,-0.4708555,0.3307848,-0.0466832,-0.1425383,0.3415216,0.0446254,0.1107110,0.0252603,0.0469931,-0.0192648,0.0264220,-0.0008920,0.0107011,0.1703388,0.5824566,0.2902301,-0.1583214,0.0080046
8.384752771,1791082588.762242317,0,0,0.0125166,0.0321272,-0.0003965,-8.0832243,-8.0300093,-15.1553326,-9.9991751,0.5365157,-0.1583914,-0.4373482,-0.4706602,0.3292058,-0.0459235,-0.1401027,0.3361962,0.0445765,0.1107892,0.0252769,0.0476797,-0.0193023,0.0265530,-0.0008929,0.0107146,0.1703365,0.5824640,0.2900111,-0.1584520,0.0071422
8.406758339,1791082588.784248114,0,0,0.0136620,0.0314485,-0.0012165,-8.1063528,-8.0184050,-15.1142788,-10.0204039,0.5345117,-0.1631807,-0.4547194,-0.4822574,0.3431564,-0.0461605,-0.1498642,0.3464488,0.0444931,0.1108726,0.0253059,0.0454078,-0.0193493,0.0266970,-0.0008903,0.0107650,0.1702542,0.5825659,0.2897844,-0.1586560,0.0068146
8.429179539,1791082588.806669474,0,0,0.0143551,0.0318574,-0.0021780,-8.0885191,-8.0273237,-15.0821171,-10.0356779,0.5330861,-0.1696736,-0.4662718,-0.4910584,0.3525005,-0.0460033,-0.1558004,0.3512119,0.0444118,0.1109471,0.0253373,0.0447024,-0.0193946,0.0268426,-0.0008881,0.0108164,0.1701869,0.5826606,0.2895669,-0.1588632,0.0065071
8.448703161,1791082588.826192856,0,0,0.0142492,0.0317834,-0.0016624,-8.0337315,-8.0167770,-15.0858955,-10.0193644,0.5353032,-0.1809867,-0.4724281,-0.4946723,0.3575278,-0.0455268,-0.1573168,0.3514111,0.0443828,0.1110399,0.0253521,0.0470770,-0.0194267,0.0269629,-0.0008881,0.0108568,0.1701362,0.5827205,0.2892886,-0.1591832,0.0061130
8.468330787,1791082588.845820189,0,0,0.0149442,0.0324876,-0.0032124,-8.0262146,-8.0216904,-15.0947409,-10.0410299,0.5359998,-0.1879179,-0.4728841,-0.4956684,0.3594034,-0.0463442,-0.1560858,0.3500661,0.0443675,0.1111240,0.0253750,0.0480065,-0.0194591,0.0270919,-0.0008871,0.0109042,0.1700510,0.5827773,0.2890455,-0.1594127,0.0058310
8.486490232,1791082588.863979816,0,0,0.0141992,0.0312328,-0.0037661,-7.9961724,-7.9766083,-15.0143995,-10.0173616,0.5349775,-0.1898902,-0.4940879,-0.5152169,0.3764672,-0.0460705,-0.1701582,0.3645753,0.0443506,0.1112047,0.0253964,0.0485788,-0.0194920,0.0272207,-0.0008856,0.0109508,0.1699685,0.5828308,0.2888057,-0.1596536,0.0055183
8.506648693,1791082588.884138346,0,0,0.0138162,0.0312259,-0.0038186,-7.9889140,-7.9713287,-14.9897747,-9.9966192,0.5345650,-0.1915425,-0.5031073,-0.5183918,0.3844278,-0.0466589,-0.1746960,0.3720265,0.0443039,0.1112578,0.0254180,0.0492145,-0.0195111,0.0273643,-0.0008877,0.0109977,0.1699497,0.5828689,0.2885873,-0.1597229,0.0051246
8.527566510,1791082588.905056238,0,0,0.0145304,0.0319545,-0.0041768,-7.9807544,-7.9676971,-14.9924517,-9.9930725,0.5352484,-0.1993900,-0.5019394,-0.5169032,0.3848249,-0.0468096,-0.1702925,0.3688709,0.0442569,0.1113159,0.0254400,0.0494533,-0.0195324,0.0275070,-0.0008896,0.0110432,0.1699220,0.5829139,0.2883578,-0.1597859,0.0047627
8.548621580,1791082588.926111460,0,0,0.0154549,0.0316201,-0.0025782,-7.9693685,-7.9407368,-14.9678802,-9.9752808,0.5381626,-0.2094473,-0.5047627,-0.5181598,0.3864051,-0.0469145,-0.1649227,0.3639535,0.0441907,0.1114232,0.0254603,0.0482991,-0.0195660,0.0276405,-0.0008891,0.0110978,0.1698251,0.5830219,0.2880675,-0.1600307,0.0047008
8.568654948,1791082588.946144581,0,0,0.0160231,0.0318104,-0.0030758,-7.9659953,-7.9436269,-14.9684696,-9.9627790,0.5383617,-0.2149449,-0.5020239,-0.5158458,0.3847229,-0.0475155,-0.1603543,0.3601184,0.0441524,0.1115147,0.0254685,0.0472854,-0.0196250,0.0277556,-0.0008903,0.0111399,0.1697204,0.5831042,0.2877407,-0.1603785,0.0043584
8.586940126,1791082588.964429855,0,0,0.0158318,0.0313852,-0.0041293,-7.9452729,-7.9156914,-14.9017334,-9.9289408,0.5390379,-0.2125610,-0.5147426,-0.5254180,0.3935672,-0.0476865,-0.1658400,0.3686670,0.0441141,0.1116031,0.0254766,0.0467762,-0.0196835,0.0278710,-0.0008911,0.0111827,0.1696212,0.5831775,0.2874272,-0.1607277,0.0039750
8.606900788,1791082588.984390259,0,0,0.0155469,0.0312905,-0.0024407,-7.9466271,-7.9033003,-14.8659191,-9.9011641,0.5405615,-0.2130523,-0.5269656,-0.5303867,0.4042566,-0.0488484,-0.1715852,0.3796809,0.0440586,0.1116735,0.0255006,0.0473507,-0.0197105,0.0280045,-0.0008916,0.0112236,0.1695821,0.5832286,0.2872138,-0.1607436,0.0038090
8.625255951,1791082589.002745628,0,0,0.0160693,0.0313502,-0.0039278,-7.9461102,-7.9006672,-14.8253918,-9.8985968,0.5404193,-0.2153018,-0.5309042,-0.5355913,0.4062963,-0.0491011,-0.1699208,0.3792556,0.0440017,0.1117428,0.0255248,0.0476652,-0.0197384,0.0281378,-0.0008921,0.0112628,0.1695414,0.5832821,0.2869961,-0.1607622,0.0036588
8.648640131,1791082589.026129723,0,0,0.0168848,0.0314926,-0.0049126,-7.9661050,-7.8998194,-14.8111267,-9.8993654,0.5393555,-0.2126588,-0.5303088,-0.5374182,0.4056252,-0.0503872,-0.1632096,0.3806808,0.0439168,0.1117913,0.0255436,0.0476413,-0.0197593,0.0282797,-0.0008976,0.0113170,0.1695114,0.5833427,0.2867731,-0.1606465,0.0038382
8.666433004,1791082589.043922424,0,0,0.0179096,0.0317321,-0.0041838,-7.9572062,-7.8835831,-14.7767944,-9.8913488,0.5381383,-0.2106018,-0.5441775,-0.5429565,0.4147691,-0.0519008,-0.1673097,0.3896881,0.0438861,0.1118494,0.0255591,0.0487519,-0.0197737,0.0284025,-0.0009031,0.0113632,0.1694800,0.5833858,0.2864959,-0.1606671,0.0037820
8.687120478,1791082589.064610004,0,0,0.0180093,0.0318174,-0.0043887,-7.9536214,-7.8776741,-14.7306557,-9.8891459,0.5372812,-0.2071314,-0.5607826,-0.5536125,0.4253646,-0.0526955,-0.1742746,0.4010187,0.0438546,0.1119111,0.0255742,0.0492614,-0.0197889,0.0285246,-0.0009083,0.0114088,0.1694431,0.5834314,0.2862135,-0.1606883,0.0036950
8.708988411,1791082589.086477995,0,0,0.0186302,0.0318259,-0.0032588,-7.9730067,-7.8741837,-14.7114487,-9.8775244,0.5389570,-0.2114397,-0.5669560,-0.5551881,0.4309231,-0.0530608,-0.1735089,0.4053861,0.0438067,0.1119857,0.0255970,0.0483262,-0.0198226,0.0286550,-0.0009088,0.0114584,0.1693705,0.5835069,0.2859584,-0.1607715,0.0035433
8.730906426,1791082589.108396053,0,0,0.0189288,0.0318201,-0.0042411,-7.9750352,-7.8866191,-14.7227306,-9.8646593,0.5385602,-0.2194484,-0.5571198,-0.5507948,0.4235631,-0.0524925,-0.1611790,0.3929164,0.0437586,0.1120539,0.0256211,0.0481266,-0.0198543,0.0287857,-0.0009099,0.0115103,0.1693072,0.5835787,0.2857085,-0.1608525,0.0034550
8.749142995,1791082589.126632452,0,0,0.0193375,0.0315161,-0.0041615,-7.9755425,-7.8830457,-14.7558632,-9.8727446,0.5387343,-0.2255395,-0.5495204,-0.5499751,0.4192696,-0.0519282,-0.1563411,0.3859897,0.0436660,0.1121340,0.0256576,0.0492105,-0.0198661,0.0289336,-0.0009114,0.0115551,0.1692817,0.5836318,0.2855172,-0.1608222,0.0034086
8.769566139,1791082589.147055626,0,0,0.0193371,0.0313486,-0.0048383,-7.9444795,-7.8686862,-14.7222919,-9.8514566,0.5387779,-0.2253082,-0.5556641,-0.5539394,0.4236987,-0.0518309,-0.1575503,0.3897842,0.0436040,0.1122062,0.0256731,0.0489452,-0.0199039,0.0290489,-0.0009130,0.0116124,0.1691945,0.5837336,0.2851935,-0.1610323,0.0033357
8.788683348,1791082589.166172743,0,0,0.0186761,0.0308158,-0.0053764,-7.9511724,-7.8683038,-14.6899815,-9.8345423,0.5427645,-0.2223428,-0.5594031,-0.5610033,0.4246467,-0.0505251,-0.1536073,0.3918846,0.0435433,0.1122812,0.0256878,0.0486678,-0.0199413,0.0291637,-0.0009141,0.0116715,0.1691021,0.5838339,0.2848726,-0.1612433,0.0032424
8.813295509,1791082589.190784931,0,0,0.0192948,0.0302683,-0.0041922,-7.9612250,-7.8502574,-14.6691475,-9.8281946,0.5433364,-0.2293723,-0.5593243,-0.5646148,0.4254717,-0.0492374,-0.1475038,0.3881164,0.0435074,0.1122881,0.0256983,0.0493522,-0.0199556,0.0292682,-0.0009181,0.0117051,0.1690950,0.5838501,0.2846043,-0.1611197,0.0030901
8.831036732,1791082589.208526611,0,0,0.0201464,0.0302113,-0.0035693,-7.9890199,-7.8542123,-14.6738720,-9.8532448,0.5424880,-0.2363567,-0.5548336,-0.5650290,0.4231689,-0.0475658,-0.1445806,0.3806152,0.0434321,0.1123493,0.0257205,0.0487108,-0.0199564,0.0293946,-0.0009233,0.0117371,0.1690626,0.5839184,0.2843341,-0.1610197,0.0032040
8.852594478,1791082589.230084181,0,0,0.0212252,0.0305778,-0.0036616,-8.0030212,-7.8795033,-14.6812325,-9.8713560,0.5411596,-0.2376598,-0.5528225,-0.5632520,0.4229556,-0.0461305,-0.1411191,0.3802627,0.0433559,0.1124074,0.0257456,0.0483957,-0.0199582,0.0295212,-0.0009290,0.0117667,0.1690327,0.5839907,0.2840554,-0.1609207,0.0033171
8.872869745,1791082589.250359535,0,0,0.0220144,0.0308410,-0.0044975,-7.9937482,-7.8713756,-14.6553764,-9.8692865,0.5407401,-0.2352152,-0.5623405,-0.5653352,0.4297081,-0.0454317,-0.1467832,0.3876947,0.0433229,0.1124347,0.0257690,0.0482920,-0.0199643,0.0296353,-0.0009319,0.0117885,0.1690195,0.5840378,0.2837822,-0.1607870,0.0032339
8.896890140,1791082589.274379492,0,0,0.0227504,0.0313604,-0.0050778,-7.9948030,-7.8718214,-14.6456423,-9.8754644,0.5395793,-0.2344218,-0.5675434,-0.5668930,0.4354277,-0.0442581,-0.1493503,0.3947017,0.0432898,0.1124611,0.0257926,0.0482829,-0.0199703,0.0297499,-0.0009348,0.0118114,0.1690066,0.5840861,0.2835057,-0.1606502,0.0031495
8.914323512,1791082589.291812897,0,0,0.0221627,0.0309546,-0.0050290,-8.0027037,-7.8645930,-14.6209364,-9.8504267,0.5387287,-0.2331189,-0.5705990,-0.5714789,0.4394827,-0.0434625,-0.1457238,0.4001866,0.0432222,0.1124429,0.0258300,0.0504372,-0.0199251,0.0298929,-0.0009473,0.0118197,0.1690891,0.5840976,0.2832806,-0.1601072,0.0031679
8.935289748,1791082589.312779427,0,0,0.0229557,0.0299645,-0.0050186,-8.0209036,-7.8516068,-14.5980530,-9.8411674,0.5399723,-0.2396947,-0.5701997,-0.5769463,0.4396102,-0.0417069,-0.1400834,0.3953118,0.0431451,0.1124681,0.0258482,0.0488994,-0.0199415,0.0300138,-0.0009603,0.0118333,0.1690849,0.5841121,0.2830036,-0.1597016,0.0032735
8.956699872,1791082589.334189653,0,0,0.0238722,0.0295157,-0.0065173,-8.0164909,-7.8458595,-14.5592880,-9.8402128,0.5409055,-0.2407444,-0.5795316,-0.5823735,0.4461927,-0.0399163,-0.1441343,0.4001175,0.0430685,0.1124877,0.0258678,0.0481768,-0.0199571,0.0301355,-0.0009733,0.0118492,0.1690872,0.5841208,0.2827359,-0.1593079,0.0033462
8.974916824,1791082589.352406502,0,0,0.0252413,0.0297128,-0.0069846,-8.0380344,-7.8729510,-14.6139145,-9.8821058,0.5426266,-0.2466315,-0.5648410,-0.5783825,0.4361749,-0.0384549,-0.1350062,0.3876677,0.0429878,0.1125484,0.0259000,0.0477901,-0.0199639,0.0302577,-0.0009789,0.0118657,0.1690608,0.5841743,0.2824774,-0.1591451,0.0034542
8.996760596,1791082589.374249935,0,0,0.0255227,0.0292125,-0.0070412,-8.0257559,-7.8680472,-14.6553574,-9.8849592,0.5434567,-0.2528596,-0.5480985,-0.5727894,0.4247525,-0.0357250,-0.1246137,0.3734795,0.0429083,0.1126061,0.0259333,0.0477927,-0.0199693,0.0303796,-0.0009852,0.0118842,0.1690392,0.5842250,0.2822238,-0.1589870,0.0036056
9.017105178,1791082589.394594193,0,0,0.0253585,0.0289912,-0.0081158,-8.0421782,-7.8883152,-14.7369995,-9.9241190,0.5430975,-0.2553950,-0.5220601,-0.5621924,0.4082001,-0.0328123,-0.1131891,0.3580594,0.0428515,0.1126383,0.0259519,0.0482902,-0.0199828,0.0304954,-0.0009996,0.0118932,0.1690661,0.5842175,0.2819256,-0.1587647,0.0034570
9.037090930,1791082589.414581299,0,0,0.0261058,0.0285919,-0.0089877,-8.0682669,-7.8818512,-14.7805023,-9.9485073,0.5431358,-0.2573811,-0.4947878,-0.5540288,0.3910284,-0.0284929,-0.1042444,0.3411860,0.0427802,0.1126689,0.0259769,0.0477164,-0.0199880,0.0306014,-0.0010027,0.0119065,0.1690537,0.5842701,0.2816351,-0.1587101,0.0034366
9.058742792,1791082589.436232567,0,0,0.0268670,0.0284023,-0.0080569,-8.1047592,-7.9140930,-14.8666611,-9.9813194,0.5408282,-0.2556910,-0.4649611,-0.5409623,0.3710937,-0.0235077,-0.0908688,0.3238156,0.0427109,0.1127008,0.0260026,0.0474425,-0.0199925,0.0307074,-0.0010063,0.0119209,0.1690411,0.5843253,0.2813393,-0.1586591,0.0034270
9.079807592,1791082589.457297325,0,0,0.0281876,0.0300293,-0.0056804,-8.1654606,-7.9596987,-14.9854259,-10.0408239,0.5393314,-0.2623355,-0.4234623,-0.5095512,0.3450075,-0.0192144,-0.0806101,0.3007193,0.0426034,0.1127676,0.0260500,0.0468488,-0.0199860,0.0308365,-0.0010078,0.0119599,0.1689808,0.5844305,0.2810801,-0.1585008,0.0039374
9.100865383,1791082589.478355169,0,0,0.0281585,0.0307938,-0.0052552,-8.1828823,-8.0045042,-15.0982933,-10.0909100,0.5357732,-0.2648956,-0.3902327,-0.4821923,0.3239349,-0.0147250,-0.0750731,0.2851584,0.0425290,0.1128061,0.0260874,0.0475485,-0.0199891,0.0309604,-0.0010164,0.0119859,0.1689561,0.5844594,0.2808304,-0.1581718,0.0041938
9.122429849,1791082589.499919415,0,0,0.0278536,0.0307285,-0.0060306,-8.1938705,-8.0314674,-15.1487064,-10.1375141,0.5308135,-0.2591051,-0.3818120,-0.4749579,0.3190714,-0.0105899,-0.0755892,0.2849986,0.0424376,0.1129015,0.0261181,0.0471883,-0.0199860,0.0310791,-0.0010260,0.0120117,0.1688870,0.5845471,0.2805086,-0.1581588,0.0046606
9.143260912,1791082589.520750523,0,0,0.0267817,0.0305334,-0.0065581,-8.1797886,-8.0432215,-15.1756573,-10.1754551,0.5286176,-0.2610887,-0.3808183,-0.4745479,0.3208361,-0.0071420,-0.0824897,0.2884510,0.0423486,0.1129939,0.0261508,0.0470052,-0.0199826,0.0311975,-0.0010360,0.0120373,0.1688222,0.5846292,0.2802018,-0.1581472,0.0050866
9.165010409,1791082589.542499781,0,0,0.0251593,0.0305805,-0.0078820,-8.1833391,-8.0765686,-15.2139244,-10.2152281,0.5261357,-0.2571450,-0.3898625,-0.4779356,0.3296702,-0.0039751,-0.0929023,0.3013071,0.0422613,0.1130820,0.0261846,0.0468981,-0.0199795,0.0313161,-0.0010460,0.0120631,0.1687590,0.5847090,0.2799040,-0.1581327,0.0054792
9.184881533,1791082589.562371254,0,0,0.0238535,0.0305021,-0.0078317,-8.1733255,-8.0923624,-15.2320423,-10.2371197,0.5221971,-0.2546135,-0.4022099,-0.4847205,0.3404505,-0.0012217,-0.1023759,0.3143580,0.0421381,0.1131671,0.0262340,0.0481597,-0.0199608,0.0314538,-0.0010576,0.0120753,0.1687264,0.5847594,0.2796884,-0.1580323,0.0056958
9.205035708,1791082589.582525492,0,0,0.0231818,0.0306199,-0.0073707,-8.1611557,-8.1089344,-15.2334414,-10.2727156,0.5182907,-0.2504373,-0.4243354,-0.4946670,0.3583203,0.0000128,-0.1199089,0.3341257,0.0420052,0.1132362,0.0262858,0.0474369,-0.0199545,0.0315941,-0.0010686,0.0120722,0.1687058,0.5848010,0.2795040,-0.1578469,0.0057925
9.224696041,1791082589.602185488,0,0,0.0222713,0.0298367,-0.0077902,-8.1267385,-8.1135731,-15.2122478,-10.2926226,0.5165140,-0.2496308,-0.4452558,-0.5075354,0.3759523,0.0010914,-0.1367686,0.3513116,0.0418748,0.1132981,0.0263373,0.0471928,-0.0199495,0.0317363,-0.0010797,0.0120665,0.1686913,0.5848391,0.2793253,-0.1576747,0.0058427
9.245605635,1791082589.623095036,0,0,0.0219566,0.0301468,-0.0085764,-8.0953665,-8.1234751,-15.2333946,-10.3014841,0.5150375,-0.2514928,-0.4485323,-0.5072191,0.3830422,0.0017220,-0.1471869,0.3591729,0.0418018,0.1133385,0.0263716,0.0472673,-0.0199348,0.0318443,-0.0010877,0.0120747,0.1686774,0.5849184,0.2790576,-0.1576498,0.0060384
9.264757821,1791082589.642247438,0,0,0.0215428,0.0302652,-0.0079685,-8.0700750,-8.0897169,-15.2250385,-10.2596636,0.5142959,-0.2537043,-0.4560253,-0.5057732,0.3873053,0.0018890,-0.1547443,0.3622832,0.0417116,0.1133933,0.0264093,0.0465072,-0.0199442,0.0319636,-0.0010903,0.0120650,0.1686415,0.5849771,0.2788321,-0.1575789,0.0058599
9.286854562,1791082589.664344549,0,0,0.0217289,0.0299498,-0.0072611,-8.0643682,-8.0634727,-15.2119255,-10.2301588,0.5134660,-0.2625240,-0.4586105,-0.5028599,0.3892975,0.0016468,-0.1593385,0.3593826,0.0416214,0.1134475,0.0264461,0.0462149,-0.0199537,0.0320833,-0.0010927,0.0120558,0.1686076,0.5850346,0.2786077,-0.1575102,0.0057025
9.306845211,1791082589.684334517,0,0,0.0226148,0.0295369,-0.0081018,-8.0646019,-8.0533895,-15.1845360,-10.2425756,0.5139512,-0.2662717,-0.4629281,-0.5043086,0.3900560,0.0005124,-0.1635965,0.3564520,0.0415203,0.1134695,0.0264826,0.0466858,-0.0199464,0.0322131,-0.0011044,0.0120611,0.1686181,0.5850704,0.2784084,-0.1572028,0.0058746
9.326847348,1791082589.704336643,0,0,0.0232082,0.0296859,-0.0083656,-8.0795898,-8.0524931,-15.2028799,-10.2587881,0.5147549,-0.2688734,-0.4618272,-0.4986865,0.3875345,-0.0013736,-0.1650700,0.3522160,0.0414197,0.1134944,0.0265194,0.0468921,-0.0199393,0.0323418,-0.0011161,0.0120659,0.1686250,0.5851093,0.2782027,-0.1568979,0.0060636
9.344973929,1791082589.722463369,0,0,0.0240385,0.0304006,-0.0090676,-8.0563946,-8.0369749,-15.2056599,-10.2662048,0.5143396,-0.2740019,-0.4633282,-0.4951973,0.3862438,-0.0023724,-0.1679752,0.3466251,0.0413218,0.1135519,0.0265638,0.0465601,-0.0199540,0.0324700,-0.0011182,0.0120880,0.1685756,0.5851787,0.2779930,-0.1568211,0.0062110
9.365487253,1791082589.742976665,0,0,0.0238600,0.0306748,-0.0093625,-8.0212564,-8.0207739,-15.2045803,-10.2756824,0.5151836,-0.2801184,-0.4624647,-0.4917968,0.3838473,-0.0025059,-0.1729349,0.3371198,0.0412249,0.1136039,0.0266070,0.0466634,-0.0199663,0.0325978,-0.0011207,0.0121120,0.1685341,0.5852425,0.2777910,-0.1567460,0.0063819
9.386710010,1791082589.764199734,0,0,0.0233565,0.0303148,-0.0093021,-7.9767060,-8.0147152,-15.2064781,-10.2830296,0.5147889,-0.2855763,-0.4729782,-0.4933568,0.3899136,-0.0022842,-0.1842401,0.3336403,0.0411305,0.1136920,0.0266324,0.0458165,-0.0199914,0.0327060,-0.0011287,0.0121236,0.1684586,0.5853038,0.2775151,-0.1569780,0.0064636
9.404786861,1791082589.782276630,0,0,0.0231540,0.0303648,-0.0093904,-7.9610877,-8.0111904,-15.1929512,-10.3076878,0.5128406,-0.2808684,-0.4895075,-0.4956372,0.4050398,-0.0032103,-0.2048512,0.3452696,0.0410135,0.1137671,0.0266953,0.0477645,-0.0199674,0.0328493,-0.0011305,0.0121406,0.1684270,0.5853608,0.2773530,-0.1568843,0.0067752
9.430765696,1791082589.808255196,0,0,0.0235102,0.0308630,-0.0075862,-7.9182725,-7.9913998,-15.2025270,-10.3294792,0.5102767,-0.2850432,-0.4971896,-0.4965363,0.4130290,-0.0027450,-0.2158697,0.3462110,0.0408969,0.1138384,0.0267575,0.0489705,-0.0199444,0.0329921,-0.0011328,0.0121548,0.1683966,0.5854193,0.2771884,-0.1567907,0.0071128
9.450029086,1791082589.827518940,0,0,0.0236544,0.0302547,-0.0079790,-7.8858247,-8.0056076,-15.2042351,-10.3559637,0.5094839,-0.2904765,-0.5020272,-0.4989837,0.4216810,-0.0010533,-0.2236124,0.3510543,0.0407817,0.1138379,0.0268093,0.0514145,-0.0199127,0.0331489,-0.0011454,0.0121407,0.1684331,0.5854222,0.2770501,-0.1563759,0.0069830
9.471410058,1791082589.848899841,0,0,0.0240044,0.0298570,-0.0086469,-7.8572135,-7.9829273,-15.1620502,-10.3598118,0.5078610,-0.2916909,-0.5140625,-0.5039189,0.4361895,-0.0000707,-0.2386464,0.3609191,0.0407030,0.1139271,0.0268442,0.0505816,-0.0199326,0.0332660,-0.0011503,0.0121669,0.1683389,0.5854969,0.2767817,-0.1565527,0.0072097
9.494776029,1791082589.872265816,0,0,0.0236964,0.0290429,-0.0089880,-7.8366914,-7.9683895,-15.0895061,-10.3447800,0.5082834,-0.2921484,-0.5313013,-0.5127796,0.4578137,0.0008358,-0.2595508,0.3780757,0.0406250,0.1140103,0.0268778,0.0502461,-0.0199497,0.0333824,-0.0011549,0.0121973,0.1682568,0.5855592,0.2765387,-0.1567347,0.0073870
9.512085780,1791082589.889575720,0,0,0.0244856,0.0292062,-0.0078821,-7.8348832,-7.9627361,-15.0595016,-10.3644381,0.5120934,-0.2960650,-0.5384066,-0.5142218,0.4705114,0.0012138,-0.2724837,0.3871598,0.0405254,0.1140856,0.0269160,0.0508176,-0.0199396,0.0335152,-0.0011636,0.0122091,0.1682240,0.5855989,0.2763428,-0.1566949,0.0075501
9.534807664,1791082589.912297249,0,0,0.0253778,0.0284404,-0.0088751,-7.8190684,-7.9367185,-15.0386238,-10.3658752,0.5143362,-0.3023659,-0.5439764,-0.5222958,0.4792460,0.0021500,-0.2761333,0.3922164,0.0403914,0.1141307,0.0269713,0.0502949,-0.0199114,0.0336475,-0.0011622,0.0121895,0.1682299,0.5856419,0.2762060,-0.1565639,0.0074946
9.555060915,1791082589.932550669,0,0,0.0262485,0.0283648,-0.0084715,-7.8069129,-7.9296470,-15.0306587,-10.3614473,0.5175329,-0.3118422,-0.5482485,-0.5254374,0.4859626,0.0025260,-0.2766705,0.3954963,0.0402575,0.1141741,0.0270280,0.0500802,-0.0198842,0.0337804,-0.0011612,0.0121675,0.1682371,0.5856869,0.2760651,-0.1564395,0.0074572
9.573279819,1791082589.950769186,0,0,0.0269771,0.0279447,-0.0091791,-7.7831082,-7.9176354,-14.9910917,-10.3458023,0.5200844,-0.3175468,-0.5597801,-0.5343015,0.4980161,0.0030023,-0.2844147,0.4022846,0.0401440,0.1142783,0.0270783,0.0490265,-0.0199134,0.0338989,-0.0011581,0.0121994,0.1681351,0.5857723,0.2758442,-0.1568339,0.0076558
9.595357679,1791082589.972847462,0,0,0.0267379,0.0278356,-0.0092124,-7.7256589,-7.8838844,-14.9392643,-10.3166323,0.5234213,-0.3230374,-0.5758269,-0.5470766,0.5114853,0.0028356,-0.2958218,0.4068090,0.0400329,0.1143766,0.0271251,0.0486678,-0.0199384,0.0340172,-0.0011549,0.0122352,0.1680461,0.5858492,0.2756441,-0.1572296,0.0078474
9.614717393,1791082589.992207050,0,0,0.0265264,0.0283959,-0.0098038,-7.6913457,-7.8664122,-14.9291992,-10.2976704,0.5248439,-0.3231957,-0.5763956,-0.5495602,0.5174189,0.0019203,-0.3024389,0.4139920,0.0398985,0.1143679,0.0271789,0.0490453,-0.0199145,0.0341597,-0.0011580,0.0122337,0.1680603,0.5858728,0.2755311,-0.1568995,0.0079810
9.634683241,1791082590.012172699,0,0,0.0274429,0.0284206,-0.0092778,-7.6694274,-7.8403978,-14.9192743,-10.3040094,0.5272365,-0.3281967,-0.5811623,-0.5552176,0.5214220,0.0012072,-0.3043562,0.4118842,0.0398234,0.1143975,0.0272098,0.0498671,-0.0199020,0.0342835,-0.0011671,0.0122405,0.1680537,0.5859159,0.2753239,-0.1567841,0.0082325
9.656872564,1791082590.034362078,0,0,0.0283964,0.0283460,-0.0093401,-7.6556039,-7.8168569,-14.8813591,-10.3155870,0.5279815,-0.3297327,-0.5926581,-0.5636857,0.5318350,0.0008387,-0.3132871,0.4193431,0.0397483,0.1144346,0.0272410,0.0500640,-0.0198917,0.0344064,-0.0011754,0.0122463,0.1680385,0.5859637,0.2751096,-0.1566718,0.0084490
9.677026004,1791082590.054515600,0,0,0.0286369,0.0283276,-0.0089846,-7.6531568,-7.8179574,-14.8455696,-10.3143539,0.5298905,-0.3301533,-0.6064591,-0.5659129,0.5439195,0.0001649,-0.3256309,0.4276003,0.0396583,0.1144885,0.0272851,0.0501061,-0.0198654,0.0345210,-0.0011778,0.0122474,0.1680239,0.5860271,0.2749091,-0.1567052,0.0086321
9.697098865,1791082590.074588299,0,0,0.0294340,0.0285873,-0.0098494,-7.6453996,-7.8103676,-14.8054094,-10.3129721,0.5313516,-0.3324470,-0.6140779,-0.5671705,0.5491012,-0.0009997,-0.3290928,0.4314006,0.0395689,0.1145398,0.0273304,0.0501882,-0.0198388,0.0346348,-0.0011810,0.0122483,0.1680112,0.5860921,0.2747048,-0.1567410,0.0088209
9.717225072,1791082590.094714880,0,0,0.0298001,0.0287719,-0.0095202,-7.6260624,-7.7662191,-14.7801952,-10.2973900,0.5318837,-0.3404938,-0.6165373,-0.5694914,0.5527605,-0.0017538,-0.3280029,0.4306902,0.0394910,0.1146292,0.0273609,0.0497628,-0.0198621,0.0347456,-0.0011850,0.0122540,0.1679412,0.5861537,0.2744546,-0.1570398,0.0087512
9.736443310,1791082590.113932848,0,0,0.0298553,0.0286691,-0.0101106,-7.6208806,-7.7560821,-14.7687359,-10.2785168,0.5309729,-0.3446209,-0.6157004,-0.5715787,0.5558516,-0.0015635,-0.3284974,0.4324341,0.0393586,0.1146905,0.0274132,0.0501266,-0.0198400,0.0348838,-0.0011883,0.0122568,0.1679175,0.5862092,0.2742908,-0.1569629,0.0089946
9.757072160,1791082590.134561539,0,0,0.0304936,0.0281901,-0.0091458,-7.6070380,-7.7346287,-14.7353544,-10.2796087,0.5299582,-0.3487601,-0.6258419,-0.5790359,0.5668845,-0.0021051,-0.3370518,0.4398921,0.0392255,0.1147488,0.0274661,0.0503902,-0.0198188,0.0350217,-0.0011916,0.0122563,0.1678952,0.5862651,0.2741262,-0.1568946,0.0092360
9.775896527,1791082590.153385639,0,0,0.0305915,0.0278872,-0.0093773,-7.5917497,-7.7223153,-14.7111397,-10.2692757,0.5298738,-0.3516943,-0.6355538,-0.5854803,0.5762773,-0.0021046,-0.3430990,0.4488519,0.0391530,0.1147884,0.0274982,0.0505910,-0.0198099,0.0351334,-0.0012000,0.0122280,0.1679007,0.5862805,0.2739156,-0.1568815,0.0090621
9.798688592,1791082590.176178217,0,0,0.0313225,0.0275707,-0.0093518,-7.5815344,-7.7038965,-14.6842384,-10.2827835,0.5281154,-0.3573157,-0.6478039,-0.5960895,0.5858400,-0.0006690,-0.3496948,0.4527022,0.0390805,0.1148324,0.0275301,0.0506261,-0.0198032,0.0352457,-0.0012075,0.0121993,0.1679018,0.5862979,0.2736990,-0.1568718,0.0088752
9.817302584,1791082590.194792032,0,0,0.0314494,0.0268061,-0.0103384,-7.5679488,-7.7086434,-14.6777573,-10.2550392,0.5288611,-0.3679501,-0.6489725,-0.5950611,0.5894825,0.0000255,-0.3442643,0.4517034,0.0389943,0.1148960,0.0275678,0.0495907,-0.0198190,0.0353559,-0.0012062,0.0122111,0.1678318,0.5863866,0.2734536,-0.1570951,0.0089067
9.836733181,1791082590.214222908,0,0,0.0317594,0.0269043,-0.0108055,-7.5373406,-7.6760569,-14.6489363,-10.2468052,0.5291274,-0.3707580,-0.6549848,-0.5973211,0.5924720,-0.0005844,-0.3448570,0.4521762,0.0388867,0.1149482,0.0276157,0.0492652,-0.0198193,0.0354712,-0.0012057,0.0122082,0.1678017,0.5864322,0.2732758,-0.1572269,0.0088514
9.856689174,1791082590.234178543,0,0,0.0317174,0.0269465,-0.0110023,-7.5224795,-7.6741605,-14.6386166,-10.2676573,0.5305276,-0.3740159,-0.6535046,-0.6020073,0.5963211,-0.0004290,-0.3473122,0.4552691,0.0387785,0.1149973,0.0276636,0.0492610,-0.0198197,0.0355873,-0.0012054,0.0122053,0.1677758,0.5864761,0.2731013,-0.1573582,0.0088024
9.877172578,1791082590.254661798,0,0,0.0325402,0.0270637,-0.0106363,-7.5189099,-7.6698866,-14.6364861,-10.2772913,0.5314125,-0.3789847,-0.6566839,-0.6015100,0.6039298,-0.0000038,-0.3540107,0.4599391,0.0386712,0.1149910,0.0277075,0.0506943,-0.0198067,0.0357259,-0.0012107,0.0121991,0.1678022,0.5864983,0.2729426,-0.1571458,0.0086679
9.898673268,1791082590.276163340,0,0,0.0331043,0.0277475,-0.0115046,-7.5291233,-7.6871581,-14.6544895,-10.2995615,0.5313340,-0.3830624,-0.6511546,-0.5971544,0.6042442,-0.0007989,-0.3524044,0.4588282,0.0385640,0.1149956,0.0277512,0.0513072,-0.0197959,0.0358629,-0.0012157,0.0121904,0.1678211,0.5865277,0.2727734,-0.1569285,0.0085511
9.919468715,1791082590.296958447,0,0,0.0336322,0.0275093,-0.0113599,-7.5056348,-7.6510463,-14.5966387,-10.2952003,0.5312669,-0.3867042,-0.6636019,-0.6069793,0.6153203,-0.0001607,-0.3612176,0.4635490,0.0384989,0.1150569,0.0277817,0.0513251,-0.0198061,0.0359766,-0.0012237,0.0121752,0.1677933,0.5865525,0.2725378,-0.1570022,0.0083921
9.938750091,1791082590.316239357,0,0,0.0337451,0.0274204,-0.0114108,-7.4969559,-7.6464014,-14.5723352,-10.2632895,0.5296889,-0.3900873,-0.6726174,-0.6076941,0.6227412,-0.0002206,-0.3648213,0.4695402,0.0383800,0.1151279,0.0278344,0.0502197,-0.0198213,0.0360989,-0.0012184,0.0121691,0.1677535,0.5866148,0.2723636,-0.1572492,0.0080976
9.959752043,1791082590.337242126,0,0,0.0343809,0.0277732,-0.0116378,-7.4892054,-7.6473074,-14.5508242,-10.2737045,0.5290090,-0.3961343,-0.6758877,-0.6080694,0.6283851,-0.0009387,-0.3675476,0.4715592,0.0382612,0.1151899,0.0278869,0.0499812,-0.0198350,0.0362223,-0.0012138,0.0121639,0.1677257,0.5866718,0.2721989,-0.1574954,0.0078219
9.979055948,1791082590.356545448,0,0,0.0343492,0.0276044,-0.0130908,-7.4557734,-7.6356130,-14.5531540,-10.2817669,0.5271928,-0.3966947,-0.6769007,-0.6115032,0.6296735,-0.0014620,-0.3693238,0.4724796,0.0381508,0.1152143,0.0279307,0.0502207,-0.0198413,0.0363532,-0.0012199,0.0121621,0.1677126,0.5867079,0.2720375,-0.1575005,0.0078439
9.998743067,1791082590.376232386,0,0,0.0343920,0.0276097,-0.0123940,-7.4170036,-7.6180677,-14.5521908,-10.2977991,0.5280124,-0.4013257,-0.6803219,-0.6177166,0.6377680,-0.0013120,-0.3798561,0.4746484,0.0380606,0.1152583,0.0279756,0.0512236,-0.0198365,0.0364892,-0.0012260,0.0121599,0.1677022,0.5867448,0.2718705,-0.1574278,0.0079530
10.018686355,1791082590.396175861,0,0,0.0340592,0.0270744,-0.0131071,-7.3780022,-7.6075315,-14.5196600,-10.3031378,0.5269841,-0.4001444,-0.6908528,-0.6277378,0.6473513,-0.0012891,-0.3935328,0.4845089,0.0379706,0.1153006,0.0280197,0.0517574,-0.0198335,0.0366254,-0.0012317,0.0121564,0.1676911,0.5867811,0.2717049,-0.1573646,0.0080321
10.040544017,1791082590.418033600,0,0,0.0337106,0.0263611,-0.0132795,-7.3553724,-7.5941935,-14.4405727,-10.3054533,0.5279161,-0.3983104,-0.7050910,-0.6376906,0.6592948,-0.0020228,-0.4146763,0.4983369,0.0379387,0.1153490,0.0280477,0.0520889,-0.0198336,0.0367256,-0.0012342,0.0121613,0.1676736,0.5868424,0.2714615,-0.1576171,0.0080446
10.058858574,1791082590.436348200,0,0,0.0341850,0.0273197,-0.0132769,-7.3492236,-7.5893435,-14.4336472,-10.3179131,0.5278804,-0.4004508,-0.7111180,-0.6406714,0.6652412,-0.0021984,-0.4233467,0.5040458,0.0379074,0.1154056,0.0280755,0.0520645,-0.0198338,0.0368244,-0.0012363,0.0121675,0.1676480,0.5869087,0.2712115,-0.1578604,0.0080496
10.080758414,1791082590.458248138,0,0,0.0343628,0.0276180,-0.0120140,-7.3358555,-7.5717602,-14.4193277,-10.3191338,0.5300749,-0.4073806,-0.7176829,-0.6424120,0.6705883,-0.0029227,-0.4249947,0.5034635,0.0377894,0.1154103,0.0281227,0.0517045,-0.0198169,0.0369475,-0.0012366,0.0121608,0.1676572,0.5869463,0.2710636,-0.1577629,0.0080408
10.099348309,1791082590.476837873,0,0,0.0347735,0.0275593,-0.0115972,-7.3253493,-7.5617895,-14.4425068,-10.3288803,0.5296926,-0.4116026,-0.7200758,-0.6408835,0.6731810,-0.0033446,-0.4237732,0.5007401,0.0376722,0.1154140,0.0281706,0.0516014,-0.0198005,0.0370705,-0.0012373,0.0121519,0.1676673,0.5869861,0.2709105,-0.1576694,0.0080496
10.118645910,1791082590.496135473,0,0,0.0345617,0.0273950,-0.0116507,-7.2959747,-7.5450797,-14.4075794,-10.2966108,0.5305394,-0.4145853,-0.7275357,-0.6435319,0.6783504,-0.0030113,-0.4297381,0.5048406,0.0375629,0.1153827,0.0282228,0.0528859,-0.0197514,0.0372088,-0.0012469,0.0121179,0.1677146,0.5870108,0.2707612,-0.1571493,0.0082267
10.138651185,1791082590.516140699,0,0,0.0352097,0.0271026,-0.0125201,-7.2953715,-7.5270996,-14.3833618,-10.2875948,0.5311739,-0.4185021,-0.7276388,-0.6447541,0.6819538,-0.0032971,-0.4288583,0.5083139,0.0374916,0.1154253,0.0282589,0.0512628,-0.0197895,0.0373335,-0.0012490,0.0121306,0.1676551,0.5870721,0.2705448,-0.1571944,0.0082626
10.158654475,1791082590.536143780,0,0,0.0361158,0.0272528,-0.0125642,-7.2814746,-7.4994540,-14.3386049,-10.2573938,0.5306934,-0.4223554,-0.7352663,-0.6467022,0.6894321,-0.0032163,-0.4319263,0.5164794,0.0374200,0.1154596,0.0282946,0.0506362,-0.0198252,0.0374594,-0.0012508,0.0121474,0.1676079,0.5871232,0.2703456,-0.1572372,0.0082876
10.180629422,1791082590.558118820,0,0,0.0361290,0.0271021,-0.0130376,-7.2674975,-7.4923110,-14.2913170,-10.2470665,0.5312785,-0.4251358,-0.7462450,-0.6525910,0.6959826,-0.0033030,-0.4373181,0.5215002,0.0373362,0.1155376,0.0283249,0.0502937,-0.0198324,0.0375681,-0.0012493,0.0121355,0.1675724,0.5871934,0.2701110,-0.1575635,0.0081853
10.199249398,1791082590.576738834,0,0,0.0365895,0.0268553,-0.0141646,-7.2723193,-7.4836874,-14.2589836,-10.2383547,0.5345472,-0.4287203,-0.7492028,-0.6534677,0.6989785,-0.0037793,-0.4359109,0.5214225,0.0373160,0.1155752,0.0283451,0.0508813,-0.0198567,0.0376556,-0.0012526,0.0121364,0.1675387,0.5872258,0.2698326,-0.1578508,0.0079741
10.218903588,1791082590.596392632,0,0,0.0378191,0.0273433,-0.0136973,-7.2917724,-7.4621196,-14.2116604,-10.2318735,0.5344397,-0.4248306,-0.7616804,-0.6571844,0.7014024,-0.0045165,-0.4406204,0.5310962,0.0372942,0.1156205,0.0283641,0.0509198,-0.0198817,0.0377420,-0.0012544,0.0121376,0.1674951,0.5872614,0.2695509,-0.1581257,0.0077292
10.238645653,1791082590.616134644,0,0,0.0382518,0.0273716,-0.0123320,-7.2917991,-7.4477720,-14.1633463,-10.2317305,0.5344861,-0.4220806,-0.7787147,-0.6642199,0.7043499,-0.0043119,-0.4492309,0.5401183,0.0371903,0.1156887,0.0284037,0.0495948,-0.0199108,0.0378610,-0.0012521,0.0121436,0.1674403,0.5873227,0.2693594,-0.1583093,0.0075305
10.258765780,1791082590.636255741,0,0,0.0382841,0.0273742,-0.0124273,-7.2981257,-7.4713364,-14.2072830,-10.2573805,0.5320912,-0.4253471,-0.7728768,-0.6619493,0.7039760,-0.0048148,-0.4456915,0.5359296,0.0370867,0.1157458,0.0284448,0.0493873,-0.0199380,0.0379814,-0.0012506,0.0121507,0.1674001,0.5873784,0.2691773,-0.1584957,0.0073747
10.277206550,1791082590.654696226,0,0,0.0383864,0.0277460,-0.0122073,-7.2825079,-7.4815383,-14.2408714,-10.2672434,0.5325251,-0.4303694,-0.7716733,-0.6577830,0.7060443,-0.0048994,-0.4470611,0.5265446,0.0370158,0.1158164,0.0284830,0.0497437,-0.0199797,0.0380917,-0.0012427,0.0121637,0.1673270,0.5874405,0.2689803,-0.1589606,0.0070896
10.298176116,1791082590.675665379,0,0,0.0374562,0.0274418,-0.0116784,-7.2558503,-7.4768763,-14.2384787,-10.2734118,0.5317308,-0.4282064,-0.7744693,-0.6620488,0.7057352,-0.0051699,-0.4562100,0.5283023,0.0369880,0.1158670,0.0285092,0.0507253,-0.0199889,0.0381866,-0.0012426,0.0121545,0.1673130,0.5874737,0.2687620,-0.1591968,0.0069114
10.319502174,1791082590.696991205,0,0,0.0375533,0.0275583,-0.0126696,-7.2456460,-7.4721231,-14.2131329,-10.2817898,0.5302987,-0.4204594,-0.7815880,-0.6677328,0.7033607,-0.0049576,-0.4677380,0.5344830,0.0369601,0.1159227,0.0285348,0.0510068,-0.0200002,0.0382813,-0.0012415,0.0121431,0.1672913,0.5875117,0.2685359,-0.1594299,0.0066930
10.338914179,1791082590.716403484,0,0,0.0380583,0.0274390,-0.0129784,-7.2705283,-7.4880753,-14.2339621,-10.3150454,0.5317119,-0.4198570,-0.7766430,-0.6677452,0.7009470,-0.0046072,-0.4662155,0.5303885,0.0369039,0.1159549,0.0285679,0.0509686,-0.0200157,0.0383846,-0.0012384,0.0121664,0.1672525,0.5875745,0.2683378,-0.1595386,0.0067487
10.358644724,1791082590.736133814,0,0,0.0379884,0.0275918,-0.0114393,-7.2750649,-7.4882398,-14.2354240,-10.3014183,0.5318553,-0.4229166,-0.7841306,-0.6661847,0.7044003,-0.0038251,-0.4649115,0.5292320,0.0367845,0.1160267,0.0286213,0.0504495,-0.0200403,0.0385133,-0.0012319,0.0121619,0.1672066,0.5876210,0.2681938,-0.1597164,0.0064250
10.381383347,1791082590.758873940,0,0,0.0380656,0.0275595,-0.0119176,-7.2632079,-7.5190411,-14.2427197,-10.3388281,0.5290013,-0.4216809,-0.7892820,-0.6709972,0.7050699,-0.0024906,-0.4716621,0.5330293,0.0366656,0.1160867,0.0286746,0.0505589,-0.0200643,0.0386436,-0.0012262,0.0121553,0.1671732,0.5876627,0.2680569,-0.1599010,0.0060962
10.398716556,1791082590.776206017,0,0,0.0380259,0.0277782,-0.0125207,-7.2329683,-7.5307565,-14.2496567,-10.3597097,0.5275344,-0.4229726,-0.7910872,-0.6713282,0.7066136,-0.0019446,-0.4785092,0.5350477,0.0365648,0.1161473,0.0287081,0.0488827,-0.0200902,0.0387504,-0.0012240,0.0121482,0.1671235,0.5877230,0.2678785,-0.1601798,0.0060407
10.418666244,1791082590.796155453,0,0,0.0377421,0.0278245,-0.0126774,-7.2030482,-7.5279245,-14.2572298,-10.3687096,0.5315389,-0.4278059,-0.7863565,-0.6705533,0.7087296,-0.0011532,-0.4827505,0.5346798,0.0364674,0.1162075,0.0287426,0.0480376,-0.0201153,0.0388582,-0.0012216,0.0121435,0.1670741,0.5877808,0.2677059,-0.1604518,0.0059904
10.438531834,1791082590.816021204,0,0,0.0373534,0.0271349,-0.0133077,-7.1842141,-7.4974470,-14.2380638,-10.3596783,0.5322784,-0.4268528,-0.7856179,-0.6757695,0.7109510,0.0002359,-0.4926473,0.5424294,0.0364056,0.1162660,0.0287750,0.0485759,-0.0201478,0.0389486,-0.0012116,0.0121787,0.1669892,0.5878732,0.2675061,-0.1609156,0.0061507
10.460002090,1791082590.837492466,0,0,0.0373720,0.0268375,-0.0128406,-7.1782451,-7.4792552,-14.2004738,-10.3434563,0.5317000,-0.4296120,-0.7920168,-0.6810884,0.7161077,0.0011633,-0.4984304,0.5469121,0.0363432,0.1163281,0.0288037,0.0486796,-0.0201768,0.0390370,-0.0012013,0.0122167,0.1669022,0.5879606,0.2673139,-0.1613761,0.0063063
10.480670269,1791082590.858159781,0,0,0.0375424,0.0269197,-0.0129466,-7.1974025,-7.4917612,-14.1997910,-10.3677187,0.5337774,-0.4305739,-0.7942985,-0.6846851,0.7167730,0.0012101,-0.5016877,0.5452136,0.0362960,0.1163906,0.0288302,0.0500903,-0.0201581,0.0391385,-0.0012050,0.0122034,0.1669038,0.5879956,0.2671490,-0.1614224,0.0064181
10.499721493,1791082590.877211094,0,0,0.0379822,0.0269442,-0.0121539,-7.2081380,-7.5005350,-14.2152424,-10.3759346,0.5349449,-0.4295124,-0.7985719,-0.6839211,0.7164432,0.0014840,-0.5014910,0.5463356,0.0361979,0.1163715,0.0288776,0.0516192,-0.0201188,0.0392644,-0.0012064,0.0121517,0.1669548,0.5879973,0.2670448,-0.1609503,0.0061687
10.521064705,1791082590.898554325,0,0,0.0385677,0.0273221,-0.0110249,-7.2016025,-7.4966488,-14.2082558,-10.3938103,0.5351728,-0.4336194,-0.8033584,-0.6855575,0.7220953,0.0024378,-0.5047330,0.5496431,0.0360998,0.1163589,0.0289265,0.0525998,-0.0200820,0.0393901,-0.0012081,0.0120945,0.1670043,0.5880021,0.2669298,-0.1604823,0.0059424
10.538779752,1791082590.916269302,0,0,0.0389575,0.0278529,-0.0130209,-7.1891341,-7.4941916,-14.2170801,-10.3829947,0.5328121,-0.4381308,-0.7998322,-0.6823928,0.7235246,0.0031790,-0.5000131,0.5456913,0.0360340,0.1164077,0.0289564,0.0505918,-0.0200820,0.0394887,-0.0012071,0.0120888,0.1669673,0.5880869,0.2667144,-0.1606374,0.0061553
10.559381336,1791082590.936870575,0,0,0.0390981,0.0279477,-0.0120496,-7.1845336,-7.4644580,-14.2079372,-10.3380232,0.5337825,-0.4442293,-0.8056802,-0.6793442,0.7288869,0.0034256,-0.4963451,0.5435748,0.0359710,0.1164542,0.0289888,0.0495355,-0.0200784,0.0395866,-0.0012064,0.0120889,0.1669332,0.5881673,0.2665072,-0.1607885,0.0063844
10.581190037,1791082590.958679438,0,0,0.0395856,0.0279657,-0.0127980,-7.1877337,-7.4556179,-14.1964388,-10.3204021,0.5332912,-0.4479545,-0.8038791,-0.6784660,0.7319229,0.0036261,-0.4901832,0.5457857,0.0359299,0.1164734,0.0290297,0.0507064,-0.0200719,0.0396885,-0.0012071,0.0120962,0.1669233,0.5882223,0.2663226,-0.1608242,0.0064630
10.598892955,1791082590.976382732,0,0,0.0399909,0.0271798,-0.0134246,-7.1906409,-7.4317331,-14.1385498,-10.2969418,0.5336586,-0.4465061,-0.8124302,-0.6827087,0.7340876,0.0035743,-0.4885491,0.5572429,0.0358528,0.1165183,0.0290769,0.0498618,-0.0201041,0.0398195,-0.0012044,0.0121039,0.1668653,0.5882634,0.2661689,-0.1608767,0.0063934
10.618686190,1791082590.996175528,0,0,0.0404810,0.0270843,-0.0135770,-7.1707854,-7.4227600,-14.1149826,-10.2838001,0.5328042,-0.4548694,-0.8175529,-0.6847551,0.7429399,0.0039365,-0.4854850,0.5586174,0.0357749,0.1165526,0.0291246,0.0498783,-0.0201359,0.0399527,-0.0012025,0.0121108,0.1668205,0.5882990,0.2660249,-0.1609310,0.0063321
10.639087096,1791082591.016576529,0,0,0.0404876,0.0267135,-0.0143909,-7.1400599,-7.4220729,-14.0842285,-10.2952280,0.5323880,-0.4582448,-0.8234518,-0.6912370,0.7474672,0.0034621,-0.4899682,0.5631003,0.0357057,0.1165783,0.0291596,0.0512746,-0.0201066,0.0400557,-0.0012060,0.0120969,0.1668346,0.5883452,0.2658453,-0.1611029,0.0063553
10.659255706,1791082591.036745548,0,0,0.0403904,0.0266947,-0.0150721,-7.1131959,-7.3859053,-14.0437508,-10.2806883,0.5303621,-0.4591083,-0.8302993,-0.6951078,0.7532265,0.0034428,-0.4940018,0.5702573,0.0356379,0.1166200,0.0291944,0.0517176,-0.0200809,0.0401566,-0.0012086,0.0120795,0.1668368,0.5884017,0.2656509,-0.1612764,0.0063496
10.680314973,1791082591.057804585,0,0,0.0418827,0.0272032,-0.0149478,-7.1104212,-7.3648190,-14.0159702,-10.2832909,0.5305111,-0.4630956,-0.8329045,-0.6957478,0.7594959,0.0042916,-0.4968356,0.5778965,0.0355229,0.1167072,0.0292360,0.0492343,-0.0200984,0.0402722,-0.0012060,0.0120626,0.1667717,0.5884673,0.2654709,-0.1615646,0.0062802
10.698662781,1791082591.076152325,0,0,0.0417367,0.0267844,-0.0145256,-7.0812612,-7.3747282,-14.0184441,-10.2977057,0.5322357,-0.4689663,-0.8301404,-0.6980272,0.7638736,0.0048211,-0.4985678,0.5786909,0.0354554,0.1166594,0.0292866,0.0516851,-0.0200545,0.0403794,-0.0012056,0.0120403,0.1668208,0.5884818,0.2653373,-0.1613582,0.0061531
10.720744101,1791082591.098233938,0,0,0.0414498,0.0264352,-0.0138583,-7.0558758,-7.3608379,-14.0598278,-10.2940292,0.5326898,-0.4772986,-0.8260642,-0.6997426,0.7686106,0.0055793,-0.4966199,0.5750355,0.0353889,0.1166309,0.0293353,0.0529664,-0.0200133,0.0404851,-0.0012043,0.0120149,0.1668623,0.5885047,0.2651878,-0.1611530,0.0060663
10.738701558,1791082591.116191149,0,0,0.0417622,0.0256694,-0.0154585,-7.0587969,-7.3451490,-14.0576973,-10.2856236,0.5325298,-0.4767250,-0.8231917,-0.7052749,0.7674658,0.0065881,-0.4936033,0.5756540,0.0353172,0.1165827,0.0293835,0.0539519,-0.0199629,0.0405975,-0.0012109,0.0119786,0.1669208,0.5885242,0.2650307,-0.1606964,0.0061512
10.758577133,1791082591.136066675,0,0,0.0425037,0.0249584,-0.0162256,-7.0665174,-7.3220849,-14.0534630,-10.2689028,0.5349169,-0.4787904,-0.8186905,-0.7102540,0.7685112,0.0086346,-0.4887130,0.5754947,0.0352444,0.1165329,0.0294331,0.0546273,-0.0199128,0.0407097,-0.0012178,0.0119431,0.1669785,0.5885462,0.2648645,-0.1602519,0.0062514
10.780395692,1791082591.157885075,0,0,0.0430771,0.0247429,-0.0164283,-7.0886164,-7.3192644,-14.0871315,-10.2674932,0.5352182,-0.4856265,-0.8100846,-0.7121410,0.7683957,0.0098996,-0.4732361,0.5671486,0.0351246,0.1165026,0.0294863,0.0532274,-0.0198918,0.0408378,-0.0012224,0.0119159,0.1669949,0.5885798,0.2647104,-0.1598874,0.0063623
10.799467558,1791082591.176957130,0,0,0.0437293,0.0239454,-0.0170846,-7.1215262,-7.3043365,-14.0964136,-10.2442923,0.5348309,-0.4906859,-0.8074482,-0.7193317,0.7700270,0.0136697,-0.4599992,0.5668635,0.0351071,0.1164710,0.0295252,0.0539583,-0.0198709,0.0409146,-0.0012260,0.0119164,0.1670331,0.5886154,0.2644831,-0.1599635,0.0063482
10.818760520,1791082591.196249962,0,0,0.0446838,0.0227500,-0.0178821,-7.1798959,-7.3083920,-14.1306820,-10.2565088,0.5333986,-0.4956636,-0.8001636,-0.7272412,0.7689663,0.0166786,-0.4406393,0.5612468,0.0350879,0.1164527,0.0295624,0.0541677,-0.0198493,0.0409902,-0.0012289,0.0119211,0.1670636,0.5886554,0.2642483,-0.1600445,0.0063329
10.838553500,1791082591.216043234,0,0,0.0465121,0.0226713,-0.0179139,-7.2563643,-7.3240309,-14.1858368,-10.2968655,0.5329975,-0.4981407,-0.7942603,-0.7320520,0.7662365,0.0217392,-0.4256444,0.5518788,0.0350744,0.1165422,0.0295822,0.0528397,-0.0198721,0.0410769,-0.0012273,0.0119437,0.1669583,0.5887433,0.2639244,-0.1604792,0.0064400
10.859345621,1791082591.236835480,0,0,0.0468392,0.0226482,-0.0166518,-7.3338599,-7.3490686,-14.2945766,-10.3190765,0.5345659,-0.4982310,-0.7732872,-0.7287537,0.7519104,0.0261538,-0.4030142,0.5407593,0.0350583,0.1166219,0.0296053,0.0523648,-0.0198875,0.0411617,-0.0012267,0.0119725,0.1668715,0.5888190,0.2636279,-0.1609006,0.0065687
10.880649441,1791082591.258138895,0,0,0.0470677,0.0237506,-0.0153034,-7.3975296,-7.3721161,-14.4000168,-10.3292866,0.5323667,-0.4936207,-0.7526818,-0.7211363,0.7356763,0.0296824,-0.3850887,0.5302519,0.0350283,0.1166399,0.0296419,0.0527117,-0.0198772,0.0412480,-0.0012310,0.0119980,0.1668609,0.5888724,0.2633981,-0.1609756,0.0067139
10.900624284,1791082591.278113604,0,0,0.0472931,0.0230051,-0.0151765,-7.4595098,-7.4099751,-14.4563341,-10.3761606,0.5308273,-0.4816561,-0.7427654,-0.7310088,0.7220302,0.0359696,-0.3763285,0.5259126,0.0349852,0.1166631,0.0296920,0.0528436,-0.0198538,0.0413370,-0.0012272,0.0120289,0.1668437,0.5889529,0.2631924,-0.1610510,0.0070279
10.918745363,1791082591.296235085,0,0,0.0472629,0.0231784,-0.0155239,-7.5328703,-7.4815431,-14.5368252,-10.4414148,0.5281683,-0.4670459,-0.7285915,-0.7320082,0.7069328,0.0408394,-0.3747315,0.5199730,0.0349440,0.1166850,0.0297424,0.0529346,-0.0198272,0.0414249,-0.0012240,0.0120611,0.1668262,0.5890323,0.2629893,-0.1611220,0.0073432
10.940583923,1791082591.318073273,0,0,0.0465090,0.0235814,-0.0130168,-7.5619860,-7.5670156,-14.5966663,-10.5136213,0.5244531,-0.4453191,-0.7303060,-0.7436029,0.7006017,0.0475990,-0.3934909,0.5330206,0.0349654,0.1166534,0.0297798,0.0543706,-0.0197898,0.0414739,-0.0012294,0.0120588,0.1668860,0.5890591,0.2627707,-0.1611684,0.0072117
10.960539405,1791082591.338029385,0,0,0.0465343,0.0240699,-0.0128743,-7.6321793,-7.6563087,-14.6544361,-10.6012278,0.5236981,-0.4267671,-0.7196936,-0.7464024,0.6859947,0.0513686,-0.4054654,0.5383802,0.0349887,0.1166375,0.0298157,0.0549835,-0.0197522,0.0415228,-0.0012335,0.0120550,0.1669378,0.5890947,0.2625319,-0.1612041,0.0070651
10.978967152,1791082591.356456995,0,0,0.0462038,0.0240060,-0.0123756,-7.6699872,-7.7050018,-14.6807766,-10.6434650,0.5202018,-0.4025885,-0.7208874,-0.7566388,0.6685907,0.0564830,-0.4167123,0.5470952,0.0350096,0.1166756,0.0298470,0.0542143,-0.0197494,0.0415775,-0.0012309,0.0120726,0.1668961,0.5891770,0.2622415,-0.1615130,0.0068509
10.998687521,1791082591.376177311,0,0,0.0440673,0.0241596,-0.0110157,-7.6786485,-7.7814398,-14.7103033,-10.6838789,0.5174562,-0.3831746,-0.7300048,-0.7639644,0.6569292,0.0608391,-0.4385614,0.5592332,0.0350250,0.1167170,0.0298784,0.0549860,-0.0196975,0.0416400,-0.0012429,0.0120689,0.1669250,0.5892296,0.2619722,-0.1615769,0.0068501
11.019284883,1791082591.396774769,0,0,0.0440187,0.0242758,-0.0099255,-7.7207007,-7.8503447,-14.7337103,-10.7562227,0.5165475,-0.3677692,-0.7319506,-0.7731122,0.6471211,0.0659762,-0.4559070,0.5682675,0.0350410,0.1167628,0.0299115,0.0553941,-0.0196445,0.0417015,-0.0012552,0.0120630,0.1669499,0.5892881,0.2616924,-0.1616393,0.0068567
11.038701114,1791082591.416190386,0,0,0.0430901,0.0248178,-0.0094883,-7.7442060,-7.9006815,-14.7192230,-10.7911749,0.5159145,-0.3468288,-0.7394082,-0.7769884,0.6379264,0.0710064,-0.4771006,0.5825958,0.0350432,0.1168326,0.0299430,0.0550166,-0.0196199,0.0417693,-0.0012663,0.0120629,0.1669410,0.5893527,0.2613973,-0.1617675,0.0066889
11.059190216,1791082591.436679840,0,0,0.0424638,0.0250851,-0.0102085,-7.7765374,-7.9719152,-14.7382755,-10.8388624,0.5174260,-0.3323847,-0.7425631,-0.7782348,0.6279145,0.0746554,-0.4893431,0.5848680,0.0350470,0.1169001,0.0299748,0.0548181,-0.0195921,0.0418360,-0.0012775,0.0120638,0.1669329,0.5894143,0.2611063,-0.1618935,0.0065390
11.081019047,1791082591.458509684,0,0,0.0416605,0.0259760,-0.0093097,-7.7736764,-8.0122595,-14.7624397,-10.8690519,0.5156141,-0.3159962,-0.7526949,-0.7773659,0.6215506,0.0796821,-0.5007070,0.5929825,0.0350421,0.1169872,0.0300092,0.0528851,-0.0195777,0.0418991,-0.0012756,0.0120607,0.1668647,0.5894954,0.2608325,-0.1621939,0.0063805
11.098467365,1791082591.475956917,0,0,0.0411828,0.0266110,-0.0077246,-7.7997298,-8.0705433,-14.7773800,-10.9337969,0.5191780,-0.3045780,-0.7512009,-0.7787280,0.6154806,0.0826813,-0.5121706,0.6008797,0.0350430,0.1170681,0.0300338,0.0511573,-0.0195853,0.0419562,-0.0012774,0.0120569,0.1667855,0.5895661,0.2605378,-0.1626081,0.0061038
11.120718772,1791082591.498208761,0,0,0.0417619,0.0266532,-0.0088886,-7.8239064,-8.1230536,-14.7697887,-11.0235291,0.5215489,-0.2846398,-0.7525700,-0.7853038,0.6064593,0.0851668,-0.5293964,0.6043438,0.0350451,0.1171462,0.0300588,0.0502937,-0.0195893,0.0420139,-0.0012788,0.0120532,0.1667140,0.5896279,0.2602583,-0.1630210,0.0058074
11.138499518,1791082591.515989065,0,0,0.0410427,0.0260361,-0.0113480,-7.8293500,-8.1722765,-14.7705669,-11.0836878,0.5227277,-0.2629334,-0.7491220,-0.7937163,0.5943376,0.0880177,-0.5462328,0.6092877,0.0350271,0.1172230,0.0300913,0.0505328,-0.0195782,0.0420917,-0.0012821,0.0120348,0.1666918,0.5896609,0.2600424,-0.1632363,0.0053648
11.158669825,1791082591.536159754,0,0,0.0401259,0.0261542,-0.0134851,-7.8858037,-8.2681284,-14.8601656,-11.1998415,0.5212192,-0.2364104,-0.7245132,-0.7972856,0.5737170,0.0871327,-0.5615229,0.6053765,0.0350111,0.1172988,0.0301245,0.0506632,-0.0195655,0.0421699,-0.0012857,0.0120147,0.1666676,0.5896961,0.2598242,-0.1634470,0.0049426
11.178838403,1791082591.556327820,0,0,0.0383225,0.0257464,-0.0136361,-7.9709420,-8.3617821,-14.9624338,-11.2904177,0.5218232,-0.2063310,-0.6986158,-0.8104703,0.5468601,0.0880647,-0.5684800,0.5969160,0.0349447,0.1173210,0.0301744,0.0516972,-0.0194963,0.0422601,-0.0012882,0.0119899,0.1667117,0.5897472,0.2596726,-0.1634117,0.0046863
11.198827390,1791082591.576316833,0,0,0.0368760,0.0252534,-0.0113791,-8.0642719,-8.4546642,-15.0706768,-11.3742590,0.5250847,-0.1831290,-0.6803204,-0.8173428,0.5256370,0.0899151,-0.5689576,0.5912738,0.0348851,0.1173548,0.0302245,0.0522221,-0.0194261,0.0423497,-0.0012917,0.0119602,0.1667512,0.5898063,0.2595087,-0.1633771,0.0044379
11.220689438,1791082591.598179102,0,0,0.0379254,0.0270927,-0.0083972,-8.1418819,-8.5377979,-15.1539001,-11.5163689,0.5290287,-0.1704997,-0.6697618,-0.8152876,0.5160277,0.0897373,-0.5824199,0.5802525,0.0348461,0.1173898,0.0302637,0.0514829,-0.0193823,0.0424308,-0.0013004,0.0119319,0.1667740,0.5898260,0.2593214,-0.1632786,0.0040870
11.238656144,1791082591.616145611,0,0,0.0393862,0.0292196,-0.0050627,-8.2085171,-8.6245794,-15.2372818,-11.6845503,0.5331283,-0.1715070,-0.6429374,-0.8074043,0.5157709,0.0836979,-0.5970268,0.5690057,0.0348073,0.1173455,0.0303220,0.0526373,-0.0192794,0.0425307,-0.0013131,0.0118871,0.1668491,0.5898312,0.2591890,-0.1625731,0.0040280
11.260918079,1791082591.638407707,0,0,0.0405160,0.0321352,-0.0028685,-8.2621689,-8.7208996,-15.3388252,-11.8195105,0.5363203,-0.1775763,-0.6219576,-0.7893161,0.5141479,0.0761354,-0.6045737,0.5486704,0.0347726,0.1173120,0.0303832,0.0534474,-0.0191761,0.0426292,-0.0013283,0.0118389,0.1669227,0.5898406,0.2590435,-0.1618363,0.0040403
11.279435365,1791082591.656925201,0,0,0.0417925,0.0342810,0.0026746,-8.2755928,-8.7666645,-15.3865471,-11.9200153,0.5447932,-0.2125473,-0.6164299,-0.7678323,0.5372198,0.0720236,-0.6056123,0.5372533,0.0347335,0.1172879,0.0304472,0.0547469,-0.0190552,0.0427151,-0.0013447,0.0117625,0.1670230,0.5898462,0.2589011,-0.1609641,0.0039482
11.299199768,1791082591.676689386,0,0,0.0448410,0.0377413,0.0105399,-8.2218771,-8.7676935,-15.3716249,-11.9755554,0.5481228,-0.2920739,-0.6437728,-0.7188138,0.5946406,0.0592038,-0.6011544,0.5296189,0.0347216,0.1173009,0.0305029,0.0550627,-0.0189505,0.0427924,-0.0013653,0.0117036,0.1671043,0.5898561,0.2587158,-0.1602042,0.0040273
11.319305336,1791082591.696794987,0,0,0.0507445,0.0434041,0.0182316,-8.0710487,-8.6692696,-15.2403870,-11.9824743,0.5429847,-0.4344643,-0.6920043,-0.6480429,0.7010083,0.0346319,-0.5917801,0.5209897,0.0347024,0.1173270,0.0305609,0.0553967,-0.0188547,0.0428704,-0.0013879,0.0116483,0.1671887,0.5898643,0.2585380,-0.1593740,0.0041113
11.338886756,1791082591.716376066,0,0,0.0614475,0.0476970,0.0246750,-7.7007680,-8.3705750,-14.8211098,-11.8565226,0.5412980,-0.6262496,-0.7600778,-0.5802817,0.8688797,0.0112801,-0.5747629,0.5235753,0.0347149,0.1174180,0.0306089,0.0546313,-0.0188036,0.0429443,-0.0013996,0.0116226,0.1672221,0.5899220,0.2582937,-0.1590851,0.0041214
11.360552061,1791082591.738041639,0,0,0.0742094,0.0476559,0.0293043,-7.0958848,-7.9826698,-14.2904816,-11.5722208,0.5586127,-0.8237848,-0.7931487,-0.5292841,1.0418990,-0.0074027,-0.5354435,0.5433803,0.0347105,0.1175136,0.0306582,0.0542893,-0.0187716,0.0430214,-0.0014096,0.0116018,0.1672676,0.5899696,0.2580773,-0.1587921,0.0040732
11.380749825,1791082591.758239269,0,0,0.0934254,0.0414155,0.0274221,-6.2598019,-7.3954163,-13.4860096,-11.1676035,0.5930484,-0.9750329,-0.7977758,-0.5320203,1.1775219,-0.0202259,-0.5050064,0.5867094,0.0346758,0.1176372,0.0307091,0.0535846,-0.0187650,0.0431194,-0.0014272,0.0115931,0.1672774,0.5900217,0.2578545,-0.1583718,0.0043187
11.398843319,1791082591.776332855,0,0,0.1063386,0.0327740,0.0074028,-5.3480916,-6.8278456,-12.5311680,-10.4213285,0.6306762,-1.0370871,-0.7574658,-0.5357147,1.2580907,-0.0276978,-0.4644300,0.6335144,0.0346571,0.1178655,0.0307834,0.0477771,-0.0189936,0.0432054,-0.0013974,0.0116692,0.1669061,0.5902164,0.2574107,-0.1599218,0.0040313
11.419310308,1791082591.796799660,0,0,0.1126675,0.0213402,-0.0138905,-4.5987926,-6.4641886,-11.6424417,-9.6061697,0.6600099,-1.0520154,-0.6822204,-0.5453021,1.3030915,-0.0277476,-0.4358920,0.6588195,0.0346124,0.1180670,0.0308355,0.0474500,-0.0192208,0.0433051,-0.0013617,0.0117713,0.1666988,0.5903515,0.2571355,-0.1616270,0.0035685
11.438960435,1791082591.816449881,0,0,0.1091349,0.0102721,-0.0343842,-4.0992613,-6.3588591,-10.8091660,-8.5436153,0.6648626,-1.0199071,-0.5827798,-0.5386198,1.2912380,-0.0201444,-0.4088268,0.6570965,0.0346278,0.1182401,0.0309887,0.0443341,-0.0195523,0.0434008,-0.0013019,0.0117971,0.1665330,0.5905215,0.2568590,-0.1654322,0.0015944
11.457294130,1791082591.834783554,0,0,0.1100477,0.0064044,-0.0445421,-3.9288793,-6.4025793,-10.0235710,-7.5572090,0.6632704,-0.9770359,-0.4338531,-0.4814064,1.2132035,-0.0044172,-0.3537599,0.6299083,0.0346419,0.1183969,0.0310972,0.0451448,-0.0199038,0.0435126,-0.0012295,0.0118250,0.1664364,0.5905872,0.2566636,-0.1692659,-0.0011636
11.479251062,1791082591.856740952,0,0,0.1091009,0.0062432,-0.0621124,-3.8243713,-6.4678426,-9.0172749,-6.4393425,0.6504088,-0.8522218,-0.2731491,-0.3881482,1.0468280,0.0157069,-0.2546980,0.5421193,0.0346203,0.1187246,0.0312339,0.0474235,-0.0202999,0.0436886,-0.0011297,0.0120271,0.1662229,0.5907375,0.2564738,-0.1713942,-0.0016475
11.498722142,1791082591.876211643,0,0,0.1088711,0.0067914,-0.0831320,-3.5302925,-6.2626405,-6.7750578,-5.0789280,0.6415760,-0.4746090,-0.0576592,-0.1962690,0.6374243,0.0364116,-0.1200283,0.3179253,0.0347738,0.1188862,0.0314102,0.0414043,-0.0207410,0.0437903,-0.0009989,0.0120522,0.1660804,0.5908626,0.2562690,-0.1753495,-0.0057310
11.518753115,1791082591.896242619,0,0,0.1011239,0.0119162,-0.0946404,-3.4047656,-5.8806133,-5.4977546,-4.5560727,0.6209464,-0.1841153,0.0782815,-0.0687233,0.2480755,0.0458465,-0.0233374,0.1240243,0.0349823,0.1190905,0.0315596,0.0427203,-0.0211764,0.0438728,-0.0008320,0.0120087,0.1659311,0.5908492,0.2560640,-0.1796267,-0.0118202
11.538542960,1791082591.916032791,0,0,0.0897888,0.0146426,-0.0962517,-3.4684968,-5.5456295,-5.0287156,-4.4064260,0.5819470,-0.0065010,0.0843879,-0.0630649,0.0951351,0.0429996,0.0040677,0.0560484,0.0352329,0.1195012,0.0317990,0.0407572,-0.0213619,0.0439601,-0.0006177,0.0119394,0.1658864,0.5914082,0.2558963,-0.1811285,-0.0168722
11.560666233,1791082591.938155890,0,0,0.0818273,0.0124536,-0.0994021,-3.6191120,-5.5255060,-4.8777952,-4.4559565,0.5562497,0.0950244,0.0575733,-0.0719324,0.0333238,0.0368836,0.0132029,0.0451661,0.0355496,0.1199930,0.0321708,0.0396151,-0.0215458,0.0440331,-0.0004044,0.0118231,0.1658111,0.5927324,0.2556596,-0.1827575,-0.0230244
11.580960320,1791082591.958450317,0,0,0.0817147,0.0074867,-0.1057406,-3.8040190,-5.4474206,-4.8811593,-4.5906930,0.5362422,0.1730786,0.0292397,-0.0735344,0.0027020,0.0309228,0.0130241,0.0381338,0.0358830,0.1203367,0.0329454,0.0274001,-0.0217400,0.0440524,-0.0001882,0.0116357,0.1659101,0.5927249,0.2561963,-0.1848116,-0.0331668
11.599374082,1791082591.976863861,0,0,0.0890372,0.0009158,-0.1180855,-4.0106282,-5.2909770,-4.8711724,-4.7693963,0.5260648,0.2235693,0.0161431,-0.0732622,-0.0080267,0.0279737,0.0106681,0.0274571,0.0364277,0.1201398,0.0357318,0.0133793,-0.0220036,0.0440486,-0.0000177,0.0113295,0.1663465,0.5907465,0.2698058,-0.1836876,-0.0483171
11.618829994,1791082591.996320009,0,0,0.0951569,-0.0037036,-0.1301629,-4.2845569,-5.1718273,-4.9678226,-5.0412636,0.5115024,0.2688255,0.0256292,-0.0760154,-0.0135350,0.0224758,0.0056230,0.0034264,0.0369108,0.1199232,0.0382559,0.0101689,-0.0221880,0.0440424,0.0001192,0.0110876,0.1667457,0.5889049,0.2837621,-0.1828458,-0.0660904
11.640625225,1791082592.018114805,0,0,0.0971504,-0.0062714,-0.1397739,-4.5091162,-5.1321778,-5.1359954,-5.2514839,0.4972208,0.2957577,0.0399153,-0.0752775,-0.0138282,0.0178979,0.0003761,-0.0198693,0.0371591,0.1198603,0.0391008,0.0152543,-0.0221875,0.0440311,0.0001722,0.0109369,0.1666272,0.5889964,0.2869813,-0.1820066,-0.0768657
11.660990164,1791082592.038479567,0,0,0.0972087,-0.0076210,-0.1492591,-4.6861234,-5.1654611,-5.3518033,-5.4367113,0.4878012,0.3148336,0.0550971,-0.0709952,-0.0121545,0.0138768,-0.0054988,-0.0414223,0.0375393,0.1197393,0.0402399,0.0189290,-0.0222574,0.0440211,0.0001877,0.0107759,0.1664066,0.5895019,0.2936560,-0.1812159,-0.0876169
11.682366436,1791082592.059856415,0,0,0.0991876,-0.0096042,-0.1583531,-4.9439182,-5.2601705,-5.5472636,-5.6428709,0.4791849,0.3324883,0.0682058,-0.0674250,-0.0092740,0.0102097,-0.0098882,-0.0570946,0.0380793,0.1187857,0.0410826,0.0287102,-0.0224028,0.0440269,0.0002097,0.0106549,0.1662681,0.5935745,0.2942398,-0.1802623,-0.0981162
11.700619713,1791082592.078109026,0,0,0.0977859,-0.0131927,-0.1637982,-5.1136880,-5.3286090,-5.6525149,-5.8176069,0.4775967,0.3477986,0.0770439,-0.0665071,-0.0062244,0.0076391,-0.0123982,-0.0672347,0.0390128,0.1164140,0.0418902,0.0430245,-0.0226783,0.0440175,0.0002591,0.0104733,0.1661988,0.6059762,0.2940215,-0.1783281,-0.1088621
11.720898217,1791082592.098387480,0,0,0.0942784,-0.0157678,-0.1677610,-5.3818955,-5.4853878,-5.6673532,-6.0534439,0.4754627,0.3632733,0.0868299,-0.0665597,-0.0023260,0.0046187,-0.0141298,-0.0772771,0.0399881,0.1134315,0.0424669,0.0525442,-0.0230325,0.0440143,0.0003495,0.0103081,0.1661347,0.6156641,0.2932968,-0.1763482,-0.1199602
11.740591099,1791082592.118080616,0,0,0.0922609,-0.0137104,-0.1681643,-5.6264100,-5.6645312,-5.7787614,-6.2980709,0.4677190,0.3772614,0.0968384,-0.0655644,0.0005829,0.0030310,-0.0153329,-0.0847345,0.0410446,0.1107473,0.0431248,0.0609179,-0.0234187,0.0440051,0.0004552,0.0101162,0.1664487,0.6262657,0.2936895,-0.1750207,-0.1288179
11.760867138,1791082592.138356686,0,0,0.0937653,-0.0096283,-0.1680376,-5.9046707,-5.9086275,-5.9354844,-6.5768890,0.4573303,0.3893880,0.1061823,-0.0640766,0.0025016,0.0028533,-0.0159727,-0.0888646,0.0419747,0.1080645,0.0437498,0.0674635,-0.0237988,0.0439972,0.0005741,0.0099534,0.1667416,0.6356061,0.2938695,-0.1735701,-0.1376800
11.780907297,1791082592.158396721,0,0,0.0976124,-0.0058767,-0.1690245,-6.0656466,-6.1423297,-6.0975575,-6.7900028,0.4454023,0.3970878,0.1130459,-0.0625954,0.0033592,0.0040654,-0.0162503,-0.0897890,0.0433858,0.1048494,0.0440971,0.0710259,-0.0241091,0.0439744,0.0007633,0.0098148,0.1669555,0.6421661,0.2932159,-0.1732876,-0.1448241
11.802366676,1791082592.179856300,0,0,0.0955933,-0.0040496,-0.1699352,-6.1515756,-6.3374195,-6.2270713,-6.9889336,0.4323448,0.4038965,0.1203979,-0.0629035,0.0043554,0.0056648,-0.0156036,-0.0894613,0.0445821,0.1023976,0.0440919,0.0743261,-0.0244115,0.0439632,0.0008870,0.0096844,0.1670593,0.6472337,0.2920807,-0.1728254,-0.1511304
11.820670516,1791082592.198160172,0,0,0.0958552,-0.0035037,-0.1727331,-6.2283454,-6.5077944,-6.3029294,-7.1816359,0.4207039,0.4075268,0.1262067,-0.0637645,0.0053031,0.0067664,-0.0149460,-0.0885967,0.0456491,0.1000480,0.0441399,0.0770783,-0.0247294,0.0439520,0.0010150,0.0095589,0.1671487,0.6521327,0.2908230,-0.1723712,-0.1574859
11.841374379,1791082592.218863964,0,0,0.0946466,-0.0021259,-0.1750103,-6.2399077,-6.5855589,-6.3885860,-7.3258619,0.4032235,0.4091024,0.1330097,-0.0647976,0.0059545,0.0082765,-0.0138810,-0.0868008,0.0468591,0.0980970,0.0442258,0.0788958,-0.0251560,0.0439323,0.0011991,0.0094354,0.1671999,0.6578767,0.2895063,-0.1716985,-0.1643037
11.861606865,1791082592.239096642,0,0,0.0934385,0.0001678,-0.1771867,-6.2054930,-6.6604681,-6.4468217,-7.4172869,0.3773265,0.4070791,0.1420552,-0.0666633,0.0067152,0.0098919,-0.0125978,-0.0843978,0.0478838,0.0963402,0.0444476,0.0802222,-0.0255357,0.0439125,0.0013492,0.0093275,0.1672390,0.6637973,0.2880389,-0.1710214,-0.1709122
11.881575981,1791082592.259065390,0,0,0.0919115,0.0012285,-0.1786061,-6.1618495,-6.7228384,-6.4800687,-7.4738770,0.3530945,0.4049400,0.1506030,-0.0689327,0.0075972,0.0111526,-0.0114109,-0.0823309,0.0489613,0.0949588,0.0443575,0.0800873,-0.0259219,0.0438962,0.0015004,0.0092280,0.1671614,0.6717454,0.2859571,-0.1702155,-0.1778835
11.900695850,1791082592.278185844,0,0,0.0894314,0.0010133,-0.1792641,-6.1605964,-6.8429079,-6.4724569,-7.5185294,0.3355333,0.4038765,0.1574841,-0.0712148,0.0088064,0.0117718,-0.0104686,-0.0812826,0.0500606,0.0939171,0.0442362,0.0773134,-0.0263213,0.0438797,0.0016749,0.0091506,0.1670102,0.6821065,0.2833319,-0.1691688,-0.1862113
11.922478889,1791082592.299968719,0,0,0.0838036,0.0002667,-0.1772273,-6.1670113,-6.9597869,-6.4849834,-7.5312929,0.3198598,0.4049268,0.1635420,-0.0731908,0.0100103,0.0123674,-0.0093607,-0.0804689,0.0509858,0.0929659,0.0441620,0.0752082,-0.0266988,0.0438639,0.0018269,0.0090794,0.1668774,0.6920715,0.2805813,-0.1681461,-0.1943543
11.941539460,1791082592.319029093,0,0,0.0775997,-0.0004777,-0.1733650,-6.1994653,-7.0701370,-6.4840260,-7.5253859,0.3074539,0.4065239,0.1687491,-0.0750898,0.0112079,0.0124055,-0.0083505,-0.0799684,0.0520589,0.0924613,0.0450006,0.0787776,-0.0269634,0.0438360,0.0019301,0.0090323,0.1669639,0.6947051,0.2804562,-0.1660033,-0.2208560
11.960642081,1791082592.338131428,0,0,0.0742224,-0.0006178,-0.1714808,-6.2675290,-7.1623812,-6.4380565,-7.5190806,0.3017845,0.4067788,0.1723130,-0.0766572,0.0122671,0.0118740,-0.0077794,-0.0797725,0.0527540,0.0919761,0.0453980,0.0791651,-0.0272154,0.0438108,0.0020163,0.0089838,0.1670753,0.6961627,0.2801064,-0.1638243,-0.2471520
11.981156529,1791082592.358646154,0,0,0.0704518,0.0000162,-0.1708636,-6.2657442,-7.2396669,-6.3609986,-7.4637599,0.2966517,0.4041923,0.1752095,-0.0778083,0.0132284,0.0114955,-0.0074147,-0.0795182,0.0531454,0.0918863,0.0462752,0.0755850,-0.0273902,0.0437836,0.0020629,0.0089348,0.1674560,0.6967667,0.2824187,-0.1630849,-0.2709821
12.000656284,1791082592.378145456,0,0,0.0697725,-0.0006207,-0.1715650,-6.3030977,-7.3414454,-6.2757225,-7.4145193,0.2969764,0.4011127,0.1758991,-0.0780937,0.0139826,0.0107849,-0.0075913,-0.0792854,0.0536895,0.0918773,0.0466039,0.0685376,-0.0275623,0.0437604,0.0021068,0.0088940,0.1679622,0.6979892,0.2873800,-0.1643576,-0.2985944
12.022883275,1791082592.400372744,0,0,0.0706969,0.0001165,-0.1724819,-6.3483329,-7.4096746,-6.1914468,-7.3679538,0.2968904,0.3976432,0.1754568,-0.0779123,0.0143264,0.0102732,-0.0077156,-0.0786974,0.0541199,0.0919220,0.0467023,0.0643006,-0.0277218,0.0437380,0.0021514,0.0088556,0.1684457,0.6990889,0.2911020,-0.1653721,-0.3253351
12.041933158,1791082592.419422865,0,0,0.0722860,0.0015818,-0.1722662,-6.3964930,-7.4852476,-6.1407657,-7.3264933,0.2980796,0.3943443,0.1744440,-0.0764152,0.0142442,0.0100130,-0.0081285,-0.0782705,0.0546635,0.0919217,0.0462571,0.0573564,-0.0279702,0.0437239,0.0021746,0.0088320,0.1691987,0.7002370,0.2993075,-0.1636838,-0.3521702
12.062632445,1791082592.440122366,0,0,0.0729362,0.0027876,-0.1729561,-6.4467940,-7.5822897,-6.0772891,-7.2748919,0.2982801,0.3921065,0.1729959,-0.0749279,0.0144183,0.0100037,-0.0081819,-0.0782579,0.0550970,0.0919467,0.0455663,0.0540975,-0.0282147,0.0437110,0.0022055,0.0088084,0.1700039,0.7011909,0.3046773,-0.1618639,-0.3780560
12.084674533,1791082592.462164402,0,0,0.0783064,0.0041188,-0.1718204,-6.5443926,-7.6697454,-6.0989413,-7.2575045,0.3026499,0.3916349,0.1684590,-0.0714986,0.0135580,0.0096802,-0.0088263,-0.0778122,0.0554734,0.0920058,0.0437921,0.0547123,-0.0284866,0.0437004,0.0022418,0.0087958,0.1707460,0.7016761,0.3088245,-0.1621491,-0.4041113
12.100459048,1791082592.477947950,0,0,0.0848441,0.0053795,-0.1707065,-6.6205373,-7.7501454,-6.1479802,-7.2585964,0.3087574,0.3923332,0.1623512,-0.0673662,0.0123488,0.0095193,-0.0095790,-0.0777330,0.0556418,0.0918076,0.0444020,0.0647177,-0.0287348,0.0436849,0.0022551,0.0087699,0.1710536,0.7016936,0.3106763,-0.1629262,-0.4237837
12.120460710,1791082592.497949362,0,0,0.0844884,0.0059841,-0.1723047,-6.4854140,-7.7302823,-6.2276182,-7.1725273,0.3087699,0.3914387,0.1592249,-0.0644307,0.0110187,0.0112856,-0.0097590,-0.0778438,0.0558733,0.0916269,0.0450672,0.0689465,-0.0289772,0.0436692,0.0022612,0.0087339,0.1713534,0.7017429,0.3143042,-0.1635823,-0.4409214
12.140467876,1791082592.517956972,0,0,0.0843175,0.0054542,-0.1782161,-6.3112144,-7.8353834,-6.2125773,-7.0871305,0.3097199,0.3868159,0.1565155,-0.0621070,0.0104736,0.0133382,-0.0102368,-0.0789213,0.0558817,0.0912513,0.0463458,0.0700657,-0.0291944,0.0436546,0.0022549,0.0086750,0.1719989,0.7010466,0.3266055,-0.1629451,-0.4499295
12.161247070,1791082592.538736820,0,0,0.0814062,0.0050293,-0.1851999,-6.0840030,-7.8863001,-6.2689185,-7.0055981,0.3095424,0.3822829,0.1539257,-0.0606002,0.0094860,0.0161168,-0.0101833,-0.0789366,0.0558810,0.0908725,0.0476041,0.0701722,-0.0294250,0.0436389,0.0022464,0.0086155,0.1726831,0.7004147,0.3382234,-0.1622467,-0.4579879
12.184758172,1791082592.562247753,0,0,0.0788924,0.0063256,-0.1925592,-5.9345670,-8.0443659,-6.3083305,-6.9557753,0.3117704,0.3748714,0.1510755,-0.0590975,0.0083319,0.0188907,-0.0099689,-0.0775164,0.0559976,0.0901511,0.0490382,0.0702253,-0.0297277,0.0436254,0.0022471,0.0085165,0.1741755,0.7004311,0.3531303,-0.1544143,-0.4564791
12.204687511,1791082592.582177639,0,0,0.0757569,0.0091690,-0.1980841,-5.8777289,-8.1825485,-6.3760185,-6.9252629,0.3222436,0.3687014,0.1466554,-0.0571154,0.0063864,0.0219212,-0.0095890,-0.0755137,0.0560798,0.0898980,0.0497602,0.0683420,-0.0300572,0.0436108,0.0022487,0.0083745,0.1740773,0.6991107,0.3653361,-0.1544999,-0.4544569
12.222657674,1791082592.600147247,0,0,0.0730299,0.0121684,-0.2013553,-5.9584365,-8.3874369,-6.4459538,-6.9578619,0.3434100,0.3659436,0.1395316,-0.0540716,0.0043441,0.0242281,-0.0092298,-0.0734850,0.0561588,0.0896879,0.0506302,0.0669201,-0.0304051,0.0435970,0.0022513,0.0082396,0.1738256,0.6980360,0.3748812,-0.1539251,-0.4513527
12.242761323,1791082592.620250940,0,0,0.0725941,0.0145426,-0.2028521,-6.1150556,-8.6212406,-6.5757551,-7.0793982,0.3750714,0.3654490,0.1291004,-0.0491477,0.0019317,0.0260772,-0.0092889,-0.0709197,0.0562902,0.0895409,0.0509809,0.0657149,-0.0307078,0.0435877,0.0022479,0.0080859,0.1722007,0.6938757,0.3836500,-0.1501370,-0.4433041
12.262733351,1791082592.640222788,0,0,0.0812641,0.0209519,-0.2123884,-6.3672576,-8.9442139,-6.7467022,-7.2955322,0.4102849,0.3569108,0.1174786,-0.0424018,-0.0013873,0.0291942,-0.0097770,-0.0668579,0.0564567,0.0894579,0.0513280,0.0652495,-0.0310394,0.0435796,0.0022454,0.0079405,0.1701440,0.6899857,0.3918445,-0.1454514,-0.4332839
12.282736645,1791082592.660226583,0,0,0.0985820,0.0294203,-0.2278838,-6.7067375,-9.2618017,-6.9906945,-7.5493050,0.4556230,0.3472806,0.0992133,-0.0358401,-0.0050097,0.0308595,-0.0093533,-0.0597118,0.0564915,0.0893131,0.0518494,0.0631947,-0.0313065,0.0435709,0.0022521,0.0078124,0.1694081,0.6866512,0.4062066,-0.1365612,-0.4212894
12.302993292,1791082592.680483103,0,0,0.1155605,0.0324016,-0.2667269,-6.9150329,-9.5391254,-6.8899755,-7.4978848,0.4952620,0.3446281,0.0843436,-0.0350958,-0.0056879,0.0344834,-0.0068697,-0.0599877,0.0565695,0.0892208,0.0523416,0.0601616,-0.0315130,0.0435646,0.0022579,0.0075241,0.1692628,0.6814724,0.4236744,-0.1036004,-0.4082307
12.324470016,1791082592.701959610,0,0,0.0917323,0.0295591,-0.2974972,-6.9779840,-10.1825781,-7.0665054,-7.5256433,0.5322859,0.3402881,0.0745072,-0.0392188,-0.0033893,0.0361927,0.0005170,-0.0529452,0.0566974,0.0891503,0.0525704,0.0581703,-0.0317819,0.0435596,0.0022638,0.0072106,0.1693614,0.6777639,0.4401949,-0.0774719,-0.3944666
12.343138092,1791082592.720627785,0,0,0.0513932,0.0467747,-0.2939907,-7.2739286,-10.7975302,-7.7997718,-7.6186881,0.5622351,0.2768393,0.0788551,-0.0441449,-0.0058210,0.0324136,0.0128307,-0.0284462,0.0567726,0.0891007,0.0525694,0.0515463,-0.0319966,0.0435539,0.0022662,0.0068689,0.1677376,0.6722685,0.4500379,-0.0608429,-0.3828320
12.362528979,1791082592.740018368,0,0,0.0477992,0.0868993,-0.2737838,-8.1577349,-10.6089487,-9.1437664,-7.8030519,0.5623463,0.1503182,0.0782517,-0.0416639,-0.0087409,0.0241432,0.0251069,0.0029658,0.0569465,0.0890486,0.0523811,0.0489573,-0.0321463,0.0435488,0.0022680,0.0065082,0.1663615,0.6691979,0.4610425,-0.0450864,-0.3697056
12.384611965,1791082592.762101173,0,0,0.0461264,0.0925362,-0.2219745,-9.4519510,-10.2608681,-11.7727699,-8.5152082,0.6240455,-0.0127449,0.0367729,-0.0084835,-0.0031013,0.0218085,0.0364079,0.0168146,0.0572385,0.0889588,0.0519734,0.0428326,-0.0323248,0.0435457,0.0022648,0.0061944,0.1642425,0.6553648,0.5154488,-0.0272066,-0.3551774
12.402747382,1791082592.780237198,0,0,0.0373617,0.0507909,-0.1430818,-11.3606033,-10.2617064,-14.5260372,-10.2177839,0.6568570,-0.1149516,-0.0043305,0.0840744,0.0485884,0.0431805,0.1182831,0.0280792,0.0574802,0.0888459,0.0516303,0.0405101,-0.0323444,0.0435443,0.0022601,0.0059068,0.1629710,0.6489018,0.5379687,-0.0210398,-0.3427361
12.422777909,1791082592.800267220,0,0,0.0331243,0.0336158,-0.0880027,-12.6957226,-10.5234909,-15.1445513,-11.5641870,0.6483111,-0.0415200,-0.0445946,0.1873084,0.0950383,0.0712171,0.1921572,0.0461060,0.0577408,0.0887338,0.0511780,0.0412867,-0.0322965,0.0435437,0.0022554,0.0055939,0.1622896,0.6449936,0.5574327,-0.0187387,-0.3302834
12.441808399,1791082592.819297791,0,0,0.0264501,0.0319745,-0.0515054,-13.5790348,-10.8788910,-15.1895247,-12.4647932,0.6430582,-0.1146969,-0.1312354,0.3502215,0.1652211,0.1219140,0.2656448,0.0743041,0.0579302,0.0886770,0.0508324,0.0466777,-0.0322303,0.0435448,0.0022495,0.0052769,0.1613186,0.6428487,0.5675015,-0.0195023,-0.3207349
12.465136710,1791082592.842626095,0,0,0.0263977,0.0332219,-0.0309292,-14.2031212,-11.1986170,-14.9491453,-12.7383280,0.6574706,-0.1601820,-0.2401445,0.5139994,0.2221326,0.1588605,0.3310118,0.0736981,0.0581221,0.0886286,0.0504533,0.0485128,-0.0321355,0.0435462,0.0022436,0.0049430,0.1606568,0.6411383,0.5766076,-0.0206114,-0.3106640
12.486098247,1791082592.863588333,0,0,0.0245329,0.0360738,-0.0256266,-14.6066647,-11.4759960,-14.7323322,-12.8310099,0.6500099,-0.2110765,-0.3002850,0.6103533,0.2596543,0.1554508,0.4006291,0.0676952,0.0583281,0.0885639,0.0497244,0.0516233,-0.0320061,0.0435477,0.0022388,0.0046002,0.1610065,0.6396989,0.5922734,-0.0208024,-0.2996630
12.504788500,1791082592.882277966,0,0,0.0291037,0.0318574,-0.0358291,-14.2761803,-11.4705544,-14.3134594,-12.4991493,0.6324524,-0.1697266,-0.3112488,0.5346501,0.2394812,0.1378360,0.4197545,0.0362846,0.0585135,0.0884934,0.0492899,0.0484343,-0.0319318,0.0435492,0.0022350,0.0042682,0.1608350,0.6382854,0.6049575,-0.0186777,-0.2881005
12.524999034,1791082592.902488470,0,0,0.0372657,0.0255850,-0.0464061,-13.8287077,-11.2301273,-13.9907808,-12.0358076,0.6408931,-0.1655395,-0.3357417,0.4299930,0.2366693,0.1162579,0.4214764,0.0165561,0.0586939,0.0884262,0.0488547,0.0472524,-0.0318880,0.0435507,0.0022317,0.0039408,0.1608292,0.6369788,0.6172253,-0.0173537,-0.2762728
12.544354079,1791082592.921843767,0,0,0.0435379,0.0215307,-0.0497640,-13.4300556,-10.9220104,-13.8175554,-11.7919025,0.6480395,-0.2028824,-0.3668061,0.3878664,0.2572888,0.1060843,0.4383806,-0.0005178,0.0587862,0.0883857,0.0486582,0.0447074,-0.0319173,0.0435538,0.0022286,0.0036343,0.1598752,0.6358889,0.6221694,-0.0166172,-0.2662594
12.565393379,1791082592.942883015,0,0,0.0489085,0.0216097,-0.0505774,-12.8526115,-10.5393238,-13.6981401,-11.6619749,0.6352725,-0.2579429,-0.4026068,0.3610718,0.2968890,0.1082074,0.4614739,-0.0027088,0.0588844,0.0883443,0.0484547,0.0436877,-0.0319621,0.0435569,0.0022256,0.0033256,0.1590091,0.6348054,0.6270995,-0.0163798,-0.2566244
12.584709639,1791082592.962199926,0,0,0.0558894,0.0195506,-0.0494035,-12.2308750,-10.0929108,-13.7755127,-11.6051149,0.6246585,-0.3054498,-0.3787278,0.2757478,0.3088710,0.1025788,0.4408700,0.0181793,0.0589886,0.0883049,0.0480881,0.0424915,-0.0320311,0.0435596,0.0022232,0.0030189,0.1583318,0.6338017,0.6337100,-0.0166103,-0.2479224
12.602972325,1791082592.980461836,0,0,0.0579921,0.0167854,-0.0472003,-11.7446785,-9.7677994,-13.7986593,-11.5484476,0.6081600,-0.3409032,-0.3601894,0.1823445,0.3251429,0.0913772,0.4276435,0.0527623,0.0590942,0.0882598,0.0476825,0.0407196,-0.0320845,0.0435620,0.0022209,0.0027034,0.1581662,0.6330452,0.6403387,-0.0172893,-0.2400927
12.624791301,1791082593.002280951,0,0,0.0571222,0.0148960,-0.0431038,-11.4534445,-9.6049900,-13.8755646,-11.5830221,0.5963035,-0.3538033,-0.3364350,0.1144174,0.3242683,0.0814722,0.4014491,0.0791144,0.0592051,0.0882155,0.0472885,0.0398600,-0.0321356,0.0435644,0.0022188,0.0023876,0.1580884,0.6322929,0.6468388,-0.0182540,-0.2328901
12.645655396,1791082593.023144960,0,0,0.0572936,0.0116778,-0.0382000,-11.2915115,-9.5490513,-13.9208450,-11.7260523,0.5977471,-0.3775774,-0.3028060,0.0535393,0.3146183,0.0700322,0.3608821,0.1019641,0.0593087,0.0881769,0.0470047,0.0392503,-0.0321983,0.0435671,0.0022170,0.0020724,0.1576742,0.6315451,0.6518697,-0.0191677,-0.2260645
12.664673951,1791082593.042163134,0,0,0.0545253,0.0129694,-0.0339509,-11.2509880,-9.6384411,-14.0010319,-11.8759089,0.5990810,-0.3850608,-0.2886765,0.0264779,0.3166749,0.0616509,0.3491623,0.1182384,0.0594013,0.0881460,0.0467568,0.0391381,-0.0322321,0.0435706,0.0022142,0.0017546,0.1575127,0.6310656,0.6553574,-0.0223437,-0.2200612
12.684624348,1791082593.062113523,0,0,0.0523872,0.0166768,-0.0305198,-11.2609501,-9.7381487,-14.1043110,-12.0399551,0.5970355,-0.3800208,-0.2803051,0.0079460,0.3166189,0.0552009,0.3411327,0.1287428,0.0594963,0.0881165,0.0465064,0.0391227,-0.0322612,0.0435740,0.0022115,0.0014379,0.1573739,0.6305922,0.6587178,-0.0251654,-0.2142357
12.706085360,1791082593.083575249,0,0,0.0525485,0.0172650,-0.0289244,-11.2408390,-9.7870464,-14.1607609,-12.1456680,0.6012998,-0.3680606,-0.2508907,-0.0247672,0.2929732,0.0488983,0.3007476,0.1318387,0.0596307,0.0880771,0.0461478,0.0380367,-0.0322761,0.0435766,0.0022089,0.0011147,0.1576691,0.6300906,0.6639056,-0.0277869,-0.2088330
12.729938749,1791082593.107428312,0,0,0.0546816,0.0157194,-0.0286584,-11.1944218,-9.7710190,-14.1960621,-12.1993055,0.6099870,-0.3692113,-0.1968213,-0.0491127,0.2463889,0.0401831,0.2416672,0.1229008,0.0597634,0.0880374,0.0458104,0.0377486,-0.0322878,0.0435791,0.0022064,0.0007974,0.1579565,0.6296037,0.6687670,-0.0300705,-0.2036138
12.746003467,1791082593.123493195,0,0,0.0560398,0.0155819,-0.0291719,-11.1508961,-9.7625008,-14.2099476,-12.2606144,0.6177775,-0.3673941,-0.1633280,-0.0592648,0.2169609,0.0333579,0.2066743,0.1151394,0.0598706,0.0879973,0.0455186,0.0369305,-0.0322982,0.0435822,0.0022043,0.0004807,0.1580610,0.6293408,0.6719893,-0.0308407,-0.1985445
12.765946792,1791082593.143435955,0,0,0.0573675,0.0166645,-0.0278425,-11.0950813,-9.7407837,-14.2084122,-12.2929354,0.6208503,-0.3713997,-0.1412809,-0.0639743,0.1935886,0.0286162,0.1780215,0.1064200,0.0599700,0.0879679,0.0452713,0.0391943,-0.0323119,0.0435857,0.0022011,0.0001745,0.1579506,0.6287804,0.6752789,-0.0329394,-0.1936777
12.788686572,1791082593.166176081,0,0,0.0575146,0.0177362,-0.0272097,-11.0476589,-9.7306900,-14.2457905,-12.3566723,0.6225384,-0.3723934,-0.1258789,-0.0614982,0.1748555,0.0245054,0.1566723,0.0982914,0.0600702,0.0879392,0.0450209,0.0398519,-0.0323268,0.0435891,0.0021980,-0.0001304,0.1578047,0.6282341,0.6783842,-0.0349197,-0.1890791
12.806885256,1791082593.184375048,0,0,0.0587175,0.0192044,-0.0270241,-11.0224152,-9.7082787,-14.2821512,-12.4350300,0.6225263,-0.3749099,-0.1044093,-0.0548520,0.1477434,0.0216574,0.1269126,0.0858545,0.0601773,0.0879038,0.0448244,0.0376637,-0.0323385,0.0435924,0.0021959,-0.0004437,0.1575686,0.6278706,0.6807058,-0.0358194,-0.1845805
12.828379326,1791082593.205868721,0,0,0.0577563,0.0195306,-0.0255720,-10.9645138,-9.6812887,-14.3474598,-12.4997129,0.6208294,-0.3887272,-0.0858257,-0.0480026,0.1258053,0.0193805,0.1006422,0.0801987,0.0602806,0.0878697,0.0446342,0.0373171,-0.0323635,0.0435959,0.0021938,-0.0007489,0.1573695,0.6274475,0.6832305,-0.0365748,-0.1804790
12.848856239,1791082593.226346254,0,0,0.0569405,0.0205327,-0.0234561,-10.9648533,-9.6983490,-14.4408455,-12.6588888,0.6178859,-0.4101183,-0.0586526,-0.0338966,0.0975002,0.0163915,0.0723654,0.0696260,0.0603847,0.0878354,0.0444492,0.0374718,-0.0323858,0.0435995,0.0021917,-0.0010518,0.1572086,0.6270320,0.6857541,-0.0372039,-0.1764593
12.868660998,1791082593.246150732,0,0,0.0564447,0.0206733,-0.0196316,-10.9895973,-9.7280426,-14.5121918,-12.8318777,0.6251552,-0.4351621,-0.0402891,-0.0229101,0.0786242,0.0112240,0.0557268,0.0603444,0.0604765,0.0878086,0.0442722,0.0385286,-0.0324203,0.0436035,0.0021898,-0.0013486,0.1567980,0.6266214,0.6879515,-0.0376520,-0.1722845
12.886777216,1791082593.264266729,0,0,0.0579598,0.0212775,-0.0142894,-11.0092955,-9.7865896,-14.5941372,-13.0693741,0.6404001,-0.4786092,-0.0214049,-0.0114807,0.0557646,-0.0012179,0.0401528,0.0429903,0.0605700,0.0877829,0.0440995,0.0394851,-0.0324483,0.0436074,0.0021878,-0.0016397,0.1564616,0.6262315,0.6901241,-0.0380001,-0.1678156
12.908585185,1791082593.286074400,0,0,0.0612315,0.0233843,-0.0040219,-10.9618082,-9.8324385,-14.7066879,-13.3000746,0.6598634,-0.5551187,-0.0067063,-0.0006366,0.0360971,-0.0157824,0.0287297,0.0264067,0.0606778,0.0877578,0.0438417,0.0409528,-0.0324751,0.0436108,0.0021858,-0.0019169,0.1563392,0.6258630,0.6928864,-0.0387026,-0.1632270
12.929361917,1791082593.306851149,0,0,0.0688564,0.0263620,0.0180804,-10.7727528,-9.8251610,-14.7156353,-13.5094366,0.6720172,-0.7200161,-0.0020369,0.0042765,0.0276675,-0.0295829,0.0267165,0.0141883,0.0608415,0.0877321,0.0435897,0.0436788,-0.0324429,0.0436134,0.0021822,-0.0021818,0.1565442,0.6253895,0.6964694,-0.0420662,-0.1583074
12.949167509,1791082593.326656818,0,0,0.0789951,0.0287211,0.0379156,-10.3551407,-9.7049971,-14.6955662,-13.4733143,0.6883430,-0.9106840,-0.0081798,-0.0002425,0.0344440,-0.0400483,0.0355226,0.0111108,0.0610169,0.0877121,0.0433268,0.0449110,-0.0324148,0.0436156,0.0021787,-0.0024316,0.1567026,0.6249228,0.6997927,-0.0451454,-0.1530243
12.968646625,1791082593.346136570,0,0,0.0935437,0.0309750,0.0495989,-9.4935665,-9.4888296,-14.4127665,-13.1195564,0.7164251,-1.1046125,-0.0239330,-0.0208323,0.0612801,-0.0441538,0.0521947,0.0142442,0.0613046,0.0877118,0.0431200,0.0487961,-0.0323805,0.0436166,0.0021747,-0.0026551,0.1571333,0.6239855,0.7040938,-0.0485111,-0.1456165
12.990834800,1791082593.368324518,0,0,0.1099160,0.0288312,0.0426043,-8.2681036,-9.1862717,-13.9721394,-12.4501944,0.7471153,-1.2441186,-0.0527452,-0.0603095,0.1107873,-0.0440614,0.0745159,0.0234837,0.0616057,0.0877154,0.0429593,0.0500598,-0.0323654,0.0436172,0.0021709,-0.0028394,0.1575719,0.6230491,0.7079771,-0.0509447,-0.1376687
13.009714854,1791082593.387204409,0,0,0.1285202,0.0206666,0.0389798,-7.0922313,-9.1302805,-13.2687263,-11.8128481,0.8002323,-1.3412673,-0.0688108,-0.1046753,0.1487364,-0.0392797,0.0790714,0.0344974,0.0618856,0.0877028,0.0424277,0.0516897,-0.0323475,0.0436171,0.0021687,-0.0029935,0.1583128,0.6224506,0.7138119,-0.0516847,-0.1291448
13.032509291,1791082593.409998894,0,0,0.1318940,0.0100142,0.0143571,-6.1942935,-9.2173882,-12.3267345,-10.7333097,0.8371533,-1.3496279,-0.0538332,-0.1153763,0.1369513,-0.0263707,0.0626191,0.0328009,0.0621607,0.0876841,0.0420855,0.0517080,-0.0323561,0.0436169,0.0021670,-0.0031081,0.1589847,0.6218665,0.7186950,-0.0525238,-0.1209305
13.052408742,1791082593.429898024,0,0,0.1351866,0.0085536,-0.0106585,-5.8182578,-9.6336489,-11.1669064,-9.9251032,0.8625560,-1.3044493,-0.0290332,-0.0999383,0.1090511,-0.0114201,0.0489618,0.0233192,0.0624772,0.0876807,0.0421731,0.0466209,-0.0323463,0.0436162,0.0021646,-0.0032017,0.1593764,0.6214603,0.7196620,-0.0519123,-0.1116901
13.072646638,1791082593.450135946,0,0,0.1217455,0.0106293,-0.0652728,-5.3885417,-9.8443928,-9.6642361,-8.2077513,0.8548674,-1.0947119,0.0175042,-0.0560516,0.0542110,0.0160570,0.0232706,-0.0084305,0.0627081,0.0876870,0.0421632,0.0476778,-0.0323849,0.0436202,0.0021636,-0.0031848,0.1593782,0.6211156,0.7193493,-0.0505559,-0.0993385
13.089761347,1791082593.467251062,0,0,0.1017798,0.0213749,-0.1349802,-5.2596245,-9.9220028,-7.2151175,-6.4773755,0.7698905,-0.5433686,0.0691531,-0.0120157,0.0061008,0.0333323,-0.0067573,-0.0558696,0.0628750,0.0877080,0.0421838,0.0513869,-0.0324665,0.0436241,0.0021625,-0.0032346,0.1593650,0.6206136,0.7190794,-0.0466320,-0.0881128
13.110920621,1791082593.488410711,0,0,0.0868223,0.0314987,-0.1663394,-5.5832267,-10.0767994,-6.0773430,-6.0507746,0.6877151,-0.1168223,0.0691957,-0.0014494,-0.0067437,0.0332469,-0.0150442,-0.0634925,0.0631864,0.0877190,0.0422651,0.0560251,-0.0325446,0.0436245,0.0021636,-0.0033149,0.1596503,0.6199208,0.7196391,-0.0430276,-0.0754113
13.130478779,1791082593.507968426,0,0,0.0758469,0.0385274,-0.1634594,-6.0718675,-10.1376820,-5.9103446,-6.2207937,0.6276892,0.1153183,0.0653612,0.0043046,-0.0105174,0.0301487,-0.0177734,-0.0706930,0.0634436,0.0877499,0.0424262,0.0593495,-0.0326304,0.0436228,0.0021650,-0.0033948,0.1595539,0.6190855,0.7202953,-0.0358070,-0.0636188
13.151863885,1791082593.529353380,0,0,0.0598465,0.0354674,-0.1504991,-6.3315277,-10.1246681,-6.1108069,-6.3943853,0.5962162,0.2192120,0.0610688,0.0071658,-0.0108698,0.0274359,-0.0172913,-0.0739375,0.0638388,0.0877332,0.0431364,0.0600245,-0.0328637,0.0436210,0.0021705,-0.0034750,0.1601771,0.6166621,0.7309690,-0.0231822,-0.0566500
13.171403611,1791082593.548893213,0,0,0.0438686,0.0328066,-0.1455028,-6.3398600,-10.0822735,-6.2297058,-6.4322658,0.5758237,0.2542360,0.0606845,0.0067914,-0.0103048,0.0264878,-0.0158178,-0.0731650,0.0641674,0.0876803,0.0434228,0.0568677,-0.0330048,0.0436179,0.0021759,-0.0034806,0.1596761,0.6149906,0.7342956,-0.0184721,-0.0477727
13.190725537,1791082593.568215370,0,0,0.0264384,0.0305149,-0.1443585,-6.1720271,-10.1138210,-6.2660408,-6.2765503,0.5644844,0.2418542,0.0614668,0.0047704,-0.0099138,0.0279554,-0.0130828,-0.0663051,0.0644564,0.0876360,0.0436615,0.0539111,-0.0331559,0.0436150,0.0021818,-0.0035104,0.1588873,0.6131670,0.7378336,-0.0149632,-0.0411054
13.210959817,1791082593.588449478,0,0,0.0148127,0.0308306,-0.1428605,-6.1290541,-10.1566782,-6.3497167,-6.1943693,0.5565179,0.2222389,0.0640378,0.0022488,-0.0103351,0.0291243,-0.0102065,-0.0567745,0.0648720,0.0875800,0.0439912,0.0473812,-0.0334434,0.0436128,0.0021912,-0.0035310,0.1581933,0.6117809,0.7488813,0.0031617,-0.0347307
13.231222097,1791082593.608711720,0,0,0.0100423,0.0320973,-0.1399259,-6.1091681,-10.1420193,-6.4339495,-6.1182575,0.5500544,0.1937394,0.0667503,-0.0002719,-0.0109275,0.0311619,-0.0076329,-0.0464672,0.0652489,0.0875146,0.0443639,0.0450379,-0.0337132,0.0436105,0.0021999,-0.0035385,0.1577998,0.6103723,0.7597125,0.0171792,-0.0297477
13.252932207,1791082593.630421877,0,0,0.0111509,0.0342843,-0.1418142,-6.0452762,-10.1179037,-6.5098863,-6.1081171,0.5396544,0.1744794,0.0691978,-0.0006887,-0.0113249,0.0331102,-0.0067042,-0.0413471,0.0656011,0.0874273,0.0450819,0.0482193,-0.0340000,0.0436079,0.0022086,-0.0035646,0.1574953,0.6088256,0.7730117,0.0238581,-0.0249126
13.270918340,1791082593.648408413,0,0,0.0175427,0.0341466,-0.1435595,-5.9164472,-10.0426855,-6.5436840,-6.1011801,0.5313817,0.1657172,0.0697567,0.0007652,-0.0111672,0.0348839,-0.0078294,-0.0410475,0.0659913,0.0873460,0.0457375,0.0462584,-0.0342604,0.0436057,0.0022171,-0.0035890,0.1582956,0.6072143,0.7871993,0.0445098,-0.0218934
13.290789758,1791082593.668279886,0,0,0.0210502,0.0234473,-0.1670214,-5.5560665,-10.0043335,-6.2754107,-6.0246964,0.5459189,0.0922885,0.0626253,-0.0014975,-0.0081268,0.0498258,-0.0056261,-0.0275435,0.0663092,0.0872730,0.0460998,0.0445144,-0.0345295,0.0436035,0.0022254,-0.0036175,0.1594147,0.6056156,0.7988336,0.0577773,-0.0214922
13.310169734,1791082593.687659264,0,0,0.0074871,0.0596358,-0.2762988,-5.3124056,-8.9806137,-7.1249971,-6.3848128,0.5352913,-0.0261309,0.0830768,0.0039537,-0.0163547,0.0310167,0.0008123,-0.0308141,0.0664621,0.0872457,0.0459245,0.0451196,-0.0347815,0.0436009,0.0022362,-0.0037001,0.1601791,0.6048346,0.8023460,0.0607212,-0.0181092
13.330740090,1791082593.708229065,0,0,0.0011483,0.0460276,-0.3348260,-6.2042232,-9.2490606,-8.9322071,-7.4536958,0.6034183,0.0461247,0.0775447,-0.0051033,-0.0126235,0.0147067,0.0123125,-0.0194329,0.0666139,0.0872226,0.0456604,0.0503461,-0.0350257,0.0435986,0.0022456,-0.0038166,0.1610890,0.6041707,0.8059806,0.0612494,-0.0147381
13.350837789,1791082593.728327274,0,0,0.0024576,0.0439121,-0.3565996,-7.6072655,-9.7231607,-12.2577667,-9.0453720,0.6669618,0.1250848,0.0673724,-0.0078123,-0.0038411,0.0104367,0.0255237,-0.0009371,0.0667812,0.0871645,0.0454218,0.0501895,-0.0351556,0.0435949,0.0022534,-0.0040611,0.1621184,0.6038088,0.8090507,0.0635471,-0.0116388
13.371350542,1791082593.748840332,0,0,-0.0044455,0.0502223,-0.3192961,-10.0132408,-10.7831964,-14.6760311,-10.4841194,0.6643053,0.5896317,0.0491564,0.0134885,-0.0002447,0.0150279,0.0349975,0.0099054,0.0669274,0.0870605,0.0454185,0.0493659,-0.0351795,0.0435917,0.0022575,-0.0042878,0.1631608,0.6032677,0.8137860,0.0624153,-0.0109691
13.390648340,1791082593.768137932,0,0,-0.0251259,0.0608941,-0.2027433,-11.9592896,-11.1800375,-16.0618744,-10.5344152,0.7021779,0.9741689,0.0519604,0.0368420,-0.0127270,0.0139102,0.0364262,0.0275726,0.0671063,0.0869138,0.0455178,0.0479649,-0.0350459,0.0435890,0.0022598,-0.0045130,0.1639199,0.6029207,0.8190077,0.0611064,-0.0118670
13.410932861,1791082593.788422346,0,0,-0.0285692,0.0584358,-0.1048636,-13.4332972,-10.9730930,-16.1450958,-10.9419746,0.7149764,1.0417320,0.0281457,0.0738100,-0.0442254,-0.0073452,0.0825116,0.0707356,0.0672516,0.0867764,0.0456482,0.0445015,-0.0348566,0.0435870,0.0022587,-0.0047315,0.1635017,0.6022676,0.8228063,0.0590774,-0.0139927
13.430588335,1791082593.808078051,0,0,-0.0376376,0.0495413,-0.0449024,-14.4755688,-11.3365564,-15.8223667,-11.3109961,0.7735936,0.9288523,-0.0191374,0.0806182,-0.0510169,-0.0085363,0.1076895,0.0958138,0.0674000,0.0866576,0.0457477,0.0459457,-0.0346284,0.0435856,0.0022572,-0.0049567,0.1630832,0.6017442,0.8265508,0.0551889,-0.0160070
13.450583982,1791082593.828073978,0,0,-0.0407715,0.0341008,0.0000409,-14.8533306,-11.4199123,-15.2490597,-11.4540882,0.7920602,0.7254550,-0.0821980,0.0932267,-0.0422632,-0.0123998,0.0987472,0.1255875,0.0675873,0.0865528,0.0456147,0.0504256,-0.0343400,0.0435852,0.0022556,-0.0051756,0.1635889,0.6007895,0.8387496,0.0479332,-0.0232852
13.469893812,1791082593.847383738,0,0,-0.0375249,0.0265955,0.0256913,-15.0787849,-11.5541058,-15.1434669,-11.6588926,0.8135871,0.4519447,-0.0549304,0.0517246,0.0010568,-0.0062524,0.0550919,0.1127789,0.0676682,0.0865040,0.0453211,0.0509246,-0.0341032,0.0435852,0.0022537,-0.0053630,0.1630277,0.6003037,0.8447975,0.0397076,-0.0298731
13.490372100,1791082593.867861986,0,0,-0.0358192,0.0272855,0.0461252,-14.9260435,-11.5038939,-14.8906002,-11.3393726,0.8599789,0.3716289,-0.0565687,0.0487659,0.0057305,0.0041922,0.0541628,0.1166383,0.0677498,0.0864612,0.0450102,0.0492267,-0.0338529,0.0435852,0.0022519,-0.0055504,0.1626183,0.5999400,0.8499811,0.0315198,-0.0352462
13.513925030,1791082593.891415358,0,0,-0.0303823,0.0231782,0.0333557,-14.8404999,-11.7652025,-14.2361279,-10.8003950,0.9083763,0.4340250,-0.1198261,0.0613472,0.0023567,-0.0029005,0.0928746,0.1137874,0.0678257,0.0863925,0.0447906,0.0460136,-0.0335771,0.0435852,0.0022501,-0.0057467,0.1625278,0.5996708,0.8544218,0.0271229,-0.0382790
13.532573843,1791082593.910063267,0,0,-0.0225191,0.0216684,0.0177351,-14.4207611,-11.6631012,-13.8590403,-10.4496756,0.9371183,0.3847522,-0.1408767,0.0344728,0.0171250,0.0030659,0.1104510,0.1045415,0.0679002,0.0863529,0.0443988,0.0464746,-0.0333789,0.0435855,0.0022487,-0.0059575,0.1624398,0.5995814,0.8567587,0.0242272,-0.0400473
13.550788880,1791082593.928278208,0,0,-0.0158997,0.0168012,0.0131801,-13.9833183,-11.3083677,-13.6770763,-10.1378164,0.9414607,0.3510655,-0.1326049,0.0088757,0.0283956,0.0049680,0.1181520,0.0921320,0.0679716,0.0863151,0.0440043,0.0452760,-0.0332010,0.0435857,0.0022474,-0.0061673,0.1623541,0.5994864,0.8589770,0.0214949,-0.0411012
13.570746094,1791082593.948235750,0,0,-0.0025791,0.0149993,0.0110612,-13.6548147,-11.1011839,-13.5036974,-10.0579252,0.9419339,0.3300698,-0.1449013,-0.0023312,0.0406558,0.0088459,0.1304135,0.0857732,0.0680583,0.0862798,0.0435744,0.0477277,-0.0330199,0.0435857,0.0022462,-0.0063840,0.1623718,0.5993413,0.8612927,0.0180893,-0.0413626
13.593168773,1791082593.970659256,0,0,0.0051668,0.0149414,0.0106806,-13.1841183,-10.7433224,-13.5094423,-10.0265207,0.9231904,0.2920174,-0.1779411,-0.0131738,0.0580805,0.0168341,0.1659198,0.0945910,0.0681459,0.0862460,0.0431277,0.0475720,-0.0328544,0.0435856,0.0022451,-0.0066023,0.1624059,0.5991871,0.8635568,0.0146451,-0.0417006
13.611166395,1791082593.988656044,0,0,0.0093515,0.0160855,0.0102378,-12.8839788,-10.5565834,-13.5026264,-10.0911703,0.8986161,0.2754849,-0.2409519,-0.0193669,0.0826498,0.0267434,0.2368471,0.1062172,0.0682257,0.0862036,0.0426493,0.0425278,-0.0327434,0.0435855,0.0022446,-0.0067965,0.1622355,0.5989910,0.8674507,0.0120505,-0.0442782
13.630805101,1791082594.008294582,0,0,0.0132423,0.0171046,0.0122346,-12.6958542,-10.4826317,-13.5321198,-10.2398968,0.8821096,0.2469802,-0.3042968,-0.0371856,0.1154456,0.0368719,0.3096559,0.1205562,0.0683103,0.0861605,0.0421919,0.0421474,-0.0326296,0.0435853,0.0022440,-0.0069890,0.1622167,0.5987963,0.8714365,0.0091642,-0.0467438
13.652515436,1791082594.030004978,0,0,0.0153918,0.0160761,0.0156541,-12.5710630,-10.5200338,-13.5941896,-10.4454584,0.8744252,0.2015693,-0.3684060,-0.0778062,0.1644594,0.0503604,0.3901226,0.1416693,0.0683948,0.0861238,0.0417373,0.0446244,-0.0325041,0.0435849,0.0022436,-0.0071843,0.1622544,0.5986384,0.8743910,0.0055573,-0.0481101
13.670455393,1791082594.047945023,0,0,0.0207896,0.0118286,0.0220424,-12.4623241,-10.6210003,-13.6169872,-10.6726589,0.8728138,0.1395735,-0.3648110,-0.1444859,0.2190264,0.0648340,0.4217096,0.1469371,0.0684871,0.0860888,0.0412739,0.0466009,-0.0323639,0.0435844,0.0022431,-0.0073801,0.1624283,0.5984823,0.8768924,0.0023399,-0.0487752
13.690739915,1791082594.068229437,0,0,0.0286805,0.0090259,0.0301552,-12.3847713,-10.7778835,-13.7102013,-10.9722891,0.8775483,0.0656393,-0.3340277,-0.1844561,0.2715800,0.0779185,0.4312210,0.1439127,0.0685828,0.0860549,0.0408136,0.0474922,-0.0322169,0.0435837,0.0022426,-0.0075698,0.1626289,0.5983150,0.8793488,-0.0006371,-0.0492200
13.710521188,1791082594.088010788,0,0,0.0368944,0.0076058,0.0398851,-12.2135220,-10.8871870,-13.8533287,-11.2754927,0.8837155,-0.0354178,-0.3027434,-0.2299422,0.3317566,0.0911991,0.4355876,0.1334421,0.0686978,0.0860187,0.0403571,0.0483286,-0.0320333,0.0435826,0.0022418,-0.0077618,0.1631888,0.5980830,0.8824495,-0.0042728,-0.0488983
13.732439659,1791082594.109929323,0,0,0.0527543,0.0070522,0.0551542,-11.8514700,-10.8645468,-14.0588522,-11.6571732,0.8825914,-0.2187340,-0.3032254,-0.2837566,0.4326146,0.1078877,0.4534706,0.1236500,0.0688240,0.0859859,0.0398913,0.0494554,-0.0318463,0.0435812,0.0022409,-0.0079393,0.1638169,0.5978255,0.8853958,-0.0074820,-0.0481344
13.750670890,1791082594.128160238,0,0,0.0680404,0.0037636,0.0602628,-11.2131710,-10.6166124,-14.1551142,-11.8717375,0.8834872,-0.5069659,-0.3644938,-0.3432723,0.5665084,0.1293642,0.4673341,0.1137080,0.0689631,0.0859683,0.0395698,0.0511361,-0.0317065,0.0435793,0.0022404,-0.0080901,0.1641278,0.5973586,0.8878797,-0.0120291,-0.0469801
13.770632777,1791082594.148122072,0,0,0.0829749,-0.0037595,0.0488516,-10.2259045,-10.1043043,-13.9758492,-11.9584837,0.8696610,-0.8632609,-0.4234770,-0.4324645,0.7214113,0.1602469,0.4677418,0.0993284,0.0691575,0.0859318,0.0391987,0.0448280,-0.0315925,0.0435769,0.0022402,-0.0082377,0.1648899,0.5967902,0.8909320,-0.0159500,-0.0459360
13.792870044,1791082594.170359612,0,0,0.0992625,-0.0071883,0.0298021,-9.0231962,-9.4550648,-13.7220211,-11.6029062,0.8638257,-1.1111560,-0.4259867,-0.4758077,0.8242617,0.1984085,0.4333607,0.0922233,0.0693747,0.0858984,0.0388526,0.0438204,-0.0315188,0.0435744,0.0022408,-0.0083642,0.1657288,0.5961573,0.8937059,-0.0190609,-0.0445942
13.810910676,1791082594.188400745,0,0,0.1033897,-0.0062295,-0.0006979,-7.7602687,-8.9938736,-13.0294724,-10.5877619,0.8680326,-1.2103186,-0.3850655,-0.4760522,0.8180676,0.2259410,0.3521309,0.0596095,0.0696650,0.0858606,0.0391073,0.0429606,-0.0314217,0.0435693,0.0022427,-0.0084719,0.1665556,0.5956531,0.8947253,-0.0191336,-0.0405393
13.830436099,1791082594.207925320,0,0,0.0978780,-0.0054801,-0.0285886,-6.7179379,-8.8042707,-11.9447651,-9.0041800,0.8699092,-1.1515406,-0.2669508,-0.4098909,0.6231504,0.2233537,0.2183561,0.0337724,0.0699775,0.0858270,0.0392595,0.0428740,-0.0313707,0.0435646,0.0022456,-0.0085644,0.1674354,0.5950123,0.8957489,-0.0180379,-0.0368660
13.852582802,1791082594.230072737,0,0,0.0945634,0.0028467,-0.0657069,-5.8146362,-9.2666283,-9.3953743,-6.6967516,0.8452505,-0.7448202,-0.0299972,-0.0918324,0.1369575,0.1513933,0.0533786,0.0305139,0.0703394,0.0857758,0.0392857,0.0447785,-0.0313592,0.0435610,0.0022540,-0.0086677,0.1688933,0.5944771,0.8976272,-0.0129262,-0.0335491
13.870651468,1791082594.248141289,0,0,0.0797338,0.0028102,-0.1067110,-5.4251285,-9.4250841,-7.1666737,-5.6407123,0.7402893,-0.2678545,0.0612780,-0.0018141,0.0024467,0.0646482,-0.0100539,-0.0423834,0.0706325,0.0857552,0.0394008,0.0440969,-0.0314053,0.0435576,0.0022636,-0.0087271,0.1699515,0.5938170,0.8988369,-0.0166930,-0.0310555
13.890866548,1791082594.268356323,0,0,0.0538629,0.0018849,-0.1299376,-5.3455687,-9.3800402,-6.3266306,-5.5393386,0.6621377,-0.0031158,0.0778456,0.0145271,-0.0083327,0.0256762,-0.0263523,-0.0820457,0.0708820,0.0857331,0.0395721,0.0438439,-0.0314748,0.0435544,0.0022733,-0.0087827,0.1707835,0.5931066,0.8998785,-0.0182770,-0.0297701
13.910737391,1791082594.288226604,0,0,0.0305749,0.0034479,-0.1329668,-5.4150786,-9.3615189,-6.0278554,-5.6619120,0.6204692,0.1414207,0.0797466,0.0162079,-0.0064636,0.0174002,-0.0293444,-0.0976765,0.0712176,0.0856638,0.0397102,0.0439314,-0.0315854,0.0435513,0.0022828,-0.0087801,0.1711553,0.5924286,0.9007635,-0.0109658,-0.0295718
13.930641772,1791082594.308131218,0,0,0.0170800,0.0107817,-0.1316232,-5.5474038,-9.2713938,-5.9722362,-5.8234768,0.5909539,0.2170022,0.0815914,0.0132006,-0.0059064,0.0155172,-0.0279217,-0.1004441,0.0715122,0.0855915,0.0399126,0.0430876,-0.0317076,0.0435482,0.0022914,-0.0087879,0.1710938,0.5916932,0.9017332,-0.0028886,-0.0297820
13.952696376,1791082594.330185652,0,0,0.0128417,0.0198930,-0.1326243,-5.6570764,-9.1194267,-5.9201708,-5.8924627,0.5679053,0.2491438,0.0839637,0.0092799,-0.0066147,0.0148559,-0.0257927,-0.0986219,0.0717800,0.0855312,0.0400421,0.0445716,-0.0318201,0.0435451,0.0022986,-0.0087661,0.1704586,0.5909459,0.9024606,0.0052941,-0.0270951
13.970421605,1791082594.347910881,0,0,0.0100590,0.0302018,-0.1357297,-5.6807103,-8.9960308,-5.8455701,-5.8569713,0.5437540,0.2605551,0.0872074,0.0061280,-0.0074993,0.0153741,-0.0234724,-0.0960651,0.0721119,0.0854724,0.0400737,0.0351402,-0.0319019,0.0435421,0.0023028,-0.0087683,0.1698026,0.5904294,0.9024935,0.0116010,-0.0245928
13.990530057,1791082594.368019104,0,0,0.0093366,0.0392353,-0.1423737,-5.6434641,-8.8645878,-5.7976871,-5.7973385,0.5205895,0.2631052,0.0904077,0.0023909,-0.0082067,0.0156416,-0.0209432,-0.0923336,0.0724420,0.0854172,0.0401020,0.0304985,-0.0319874,0.0435392,0.0023067,-0.0087795,0.1689927,0.5898758,0.9025442,0.0182078,-0.0228742
14.009456642,1791082594.386945724,0,0,0.0119908,0.0470361,-0.1470328,-5.6281052,-8.7288809,-5.7861199,-5.7638311,0.5003477,0.2641097,0.0928590,-0.0014584,-0.0088558,0.0153459,-0.0187144,-0.0880189,0.0727850,0.0853659,0.0401540,0.0229256,-0.0320712,0.0435369,0.0023089,-0.0088120,0.1679494,0.5891169,0.9029371,0.0222026,-0.0222796
14.032007457,1791082594.409496307,0,0,0.0184681,0.0478167,-0.1538153,-5.6956911,-8.6289310,-5.7436023,-5.7880836,0.4859846,0.2741286,0.0938035,-0.0057736,-0.0081620,0.0146060,-0.0171628,-0.0866504,0.0731326,0.0853145,0.0402055,0.0197970,-0.0321573,0.0435347,0.0023113,-0.0088469,0.1668574,0.5884263,0.9032960,0.0257737,-0.0224820
14.048689127,1791082594.426178217,0,0,0.0227050,0.0496624,-0.1578612,-5.5906577,-8.4669609,-5.7018237,-5.6891026,0.4751633,0.2732536,0.0930389,-0.0075279,-0.0084285,0.0152250,-0.0164310,-0.0865356,0.0735314,0.0852235,0.0402217,0.0299570,-0.0322314,0.0435316,0.0023136,-0.0088290,0.1650866,0.5880305,0.9030742,0.0306669,-0.0193608
14.069199642,1791082594.446688414,0,0,0.0266851,0.0476422,-0.1621162,-5.4561019,-8.4275141,-5.7235141,-5.6679153,0.4716504,0.2771276,0.0914752,-0.0084127,-0.0083337,0.0159881,-0.0164166,-0.0880910,0.0740015,0.0850858,0.0402320,0.0376947,-0.0322649,0.0435288,0.0023142,-0.0087779,0.1643555,0.5878523,0.9028752,0.0356679,-0.0144455
14.089608041,1791082594.467097759,0,0,0.0166291,0.0457177,-0.1669352,-5.0876985,-8.4084282,-5.7134142,-5.5685272,0.4783563,0.2615442,0.0904260,-0.0077874,-0.0092776,0.0180238,-0.0165511,-0.0879150,0.0744531,0.0849468,0.0402353,0.0404201,-0.0323022,0.0435263,0.0023145,-0.0087401,0.1634996,0.5875820,0.9026533,0.0405004,-0.0117476
14.111956000,1791082594.489446163,0,0,0.0196685,0.0479588,-0.1776411,-5.0083661,-8.5382586,-5.9764466,-5.6971188,0.4877803,0.2584929,0.0905429,-0.0056588,-0.0112684,0.0202980,-0.0160252,-0.0855706,0.0748574,0.0848728,0.0402565,0.0340163,-0.0323424,0.0435223,0.0023190,-0.0088247,0.1633275,0.5866765,0.9028934,0.0445532,-0.0132787
14.130626256,1791082594.508115768,0,0,0.0319250,0.0576774,-0.1831471,-5.2687478,-8.8929090,-6.5310760,-6.1016569,0.5062687,0.2337788,0.0884697,-0.0059900,-0.0150160,0.0173282,-0.0136130,-0.0720974,0.0752532,0.0848028,0.0403004,0.0334119,-0.0323832,0.0435185,0.0023240,-0.0088985,0.1632486,0.5857400,0.9031471,0.0483749,-0.0133704
14.150509868,1791082594.527999401,0,0,0.0527134,0.0515146,-0.1936930,-5.4134922,-9.0577192,-7.0045767,-6.3526855,0.5251208,0.1903122,0.0791461,-0.0112303,-0.0171927,0.0128556,-0.0103138,-0.0487965,0.0756046,0.0847051,0.0403929,0.0265143,-0.0324072,0.0435146,0.0023271,-0.0090383,0.1633579,0.5851730,0.9033809,0.0499364,-0.0178810
14.169432836,1791082594.546922207,0,0,0.0610326,0.0220429,-0.2446852,-5.4290495,-8.7897453,-7.2798591,-6.2873793,0.5373523,0.1701604,0.0681792,-0.0266647,-0.0121968,0.0095021,-0.0024167,-0.0294010,0.0757064,0.0846247,0.0404329,0.0305151,-0.0324005,0.0435089,0.0023259,-0.0092403,0.1633993,0.5848095,0.9033782,0.0509795,-0.0192902
14.189440037,1791082594.566929340,0,0,0.0687139,-0.0083869,-0.2663947,-6.2692060,-9.5092106,-7.2796803,-6.6466103,0.5875363,0.2387017,0.0517625,-0.0309793,-0.0034190,0.0022237,0.0015753,-0.0308301,0.0757907,0.0845639,0.0404629,0.0343665,-0.0323960,0.0435037,0.0023253,-0.0095008,0.1634612,0.5843523,0.9034055,0.0505138,-0.0208487
14.211048449,1791082594.588538170,0,0,0.0526842,-0.0103200,-0.2672063,-7.1793623,-10.8645945,-7.8769603,-7.1656437,0.6693837,0.3053832,0.0365942,-0.0329208,0.0027960,-0.0045379,0.0135548,-0.0169886,0.0758318,0.0845425,0.0404889,0.0357149,-0.0323753,0.0435014,0.0023209,-0.0097783,0.1629583,0.5837339,0.9034727,0.0465497,-0.0244626
14.230747798,1791082594.608237267,0,0,0.0222211,0.0182187,-0.2490659,-8.0696468,-11.5016060,-9.5255728,-7.8874159,0.7089372,0.3669692,0.0214651,-0.0514315,0.0086052,-0.0043976,0.0464203,0.0212008,0.0759226,0.0845279,0.0405152,0.0365052,-0.0323343,0.0434999,0.0023163,-0.0100604,0.1622811,0.5831566,0.9035448,0.0431284,-0.0274944
14.251631191,1791082594.629120827,0,0,-0.0008130,0.0612493,-0.1751181,-8.9456196,-11.4519596,-12.6608849,-8.9326153,0.7940446,0.4288910,-0.0301480,-0.0829020,0.0238331,0.0004212,0.1072422,0.0667178,0.0760120,0.0845206,0.0405709,0.0362289,-0.0322189,0.0434963,0.0023089,-0.0103470,0.1617414,0.5827116,0.9037903,0.0434905,-0.0290478
14.270723638,1791082594.648213148,0,0,-0.0272438,0.0623878,-0.0933151,-9.8099422,-11.1907635,-14.5188560,-9.8911171,0.8574392,0.4746747,-0.0665754,-0.1431249,0.0425266,-0.0011810,0.1577202,0.1359804,0.0761342,0.0845432,0.0405967,0.0345309,-0.0321146,0.0434952,0.0023022,-0.0105752,0.1604732,0.5816543,0.9042063,0.0398440,-0.0322206
14.289652943,1791082594.667142630,0,0,-0.0465129,0.0467625,-0.0537475,-10.6815205,-11.2517395,-15.5948601,-11.2360353,0.8789445,0.3758778,-0.0174842,-0.2069007,0.0807154,-0.0049127,0.0947810,0.1852852,0.0762673,0.0845664,0.0406008,0.0341949,-0.0319971,0.0434950,0.0022963,-0.0108050,0.1593969,0.5810715,0.9044911,0.0349744,-0.0346401
14.311672986,1791082594.689162731,0,0,-0.0568220,0.0349417,-0.0257966,-11.1154709,-11.2647209,-15.9791546,-12.2507601,0.8854398,0.1532977,0.0469638,-0.1692809,0.1204977,-0.0063793,-0.0001296,0.2110672,0.0763488,0.0846019,0.0405007,0.0357805,-0.0319681,0.0434986,0.0022927,-0.0110187,0.1569549,0.5807959,0.9044807,0.0320084,-0.0367149
14.330599922,1791082594.708089352,0,0,-0.0581666,0.0332301,-0.0134802,-11.5961142,-11.4970531,-16.1205769,-13.0979195,0.8969512,-0.1201873,0.0591864,-0.0635179,0.1193353,0.0011118,-0.0444120,0.1783633,0.0763909,0.0846239,0.0403873,0.0397469,-0.0318875,0.0435089,0.0022862,-0.0112621,0.1556813,0.5807019,0.9044828,0.0286396,-0.0368269
14.350583986,1791082594.728073359,0,0,-0.0469571,0.0373104,-0.0227695,-12.0069771,-11.7937107,-16.0463543,-13.5580254,0.9008915,-0.1687306,0.0310195,-0.0200172,0.0810673,0.0009746,-0.0122608,0.1229441,0.0764306,0.0846365,0.0402817,0.0424312,-0.0318086,0.0435203,0.0022796,-0.0115079,0.1545766,0.5806254,0.9044850,0.0256786,-0.0351720
14.370671318,1791082594.748160601,0,0,-0.0352638,0.0419407,-0.0349096,-11.8450108,-11.7802315,-15.9091396,-13.5509357,0.8946710,-0.1431778,0.0152737,-0.0163599,0.0533297,-0.0016660,0.0061515,0.0746717,0.0764594,0.0846453,0.0401426,0.0406315,-0.0317879,0.0435266,0.0022748,-0.0117294,0.1529563,0.5805175,0.9045950,0.0225621,-0.0341081
14.392600605,1791082594.770090580,0,0,-0.0290270,0.0410468,-0.0427908,-11.5378723,-11.4721136,-15.7918854,-13.0890846,0.8904275,-0.1704902,0.0092744,-0.0162080,0.0477288,-0.0062810,0.0093478,0.0606278,0.0764859,0.0846488,0.0400142,0.0396526,-0.0317786,0.0435329,0.0022707,-0.0119446,0.1514958,0.5804265,0.9046930,0.0195242,-0.0324915
14.410451534,1791082594.787940979,0,0,-0.0240309,0.0375953,-0.0424415,-11.1207085,-11.0045576,-15.5785561,-12.7191505,0.8755397,-0.2403460,0.0061573,-0.0174065,0.0462397,-0.0126814,0.0063939,0.0539152,0.0765813,0.0846418,0.0398979,0.0420782,-0.0317169,0.0435380,0.0022674,-0.0121693,0.1503306,0.5803098,0.9047168,0.0176119,-0.0280374
14.430497809,1791082594.807986975,0,0,-0.0169858,0.0349971,-0.0404404,-10.7391596,-10.6440687,-15.4381313,-12.4509783,0.8596165,-0.3217977,0.0038463,-0.0122159,0.0423521,-0.0131614,0.0017737,0.0460877,0.0766801,0.0846362,0.0397746,0.0430603,-0.0316688,0.0435428,0.0022645,-0.0123963,0.1491509,0.5801683,0.9047328,0.0160301,-0.0240539
14.450558835,1791082594.828048468,0,0,-0.0129177,0.0352067,-0.0332079,-10.3593616,-10.2296829,-15.3243046,-12.2963829,0.8448832,-0.4477318,-0.0010240,-0.0131832,0.0466868,-0.0128221,-0.0005019,0.0485662,0.0767863,0.0846332,0.0396555,0.0437743,-0.0316238,0.0435476,0.0022613,-0.0126096,0.1480473,0.5800184,0.9047549,0.0159189,-0.0201277
14.469673619,1791082594.847163200,0,0,-0.0101033,0.0368228,-0.0281580,-10.0535202,-9.8867159,-15.1941967,-12.1575642,0.8322004,-0.5581410,-0.0090843,-0.0208004,0.0559933,-0.0118560,-0.0009976,0.0547868,0.0769633,0.0846243,0.0394911,0.0396076,-0.0315311,0.0435481,0.0022589,-0.0128900,0.1477139,0.5797919,0.9050772,0.0148399,-0.0177543
14.490674104,1791082594.868163347,0,0,-0.0064640,0.0376130,-0.0251248,-9.9301977,-9.7075443,-15.0972376,-12.1477489,0.8156120,-0.6285800,-0.0169469,-0.0260968,0.0674220,-0.0119865,-0.0037786,0.0661191,0.0771540,0.0846179,0.0393051,0.0377660,-0.0314501,0.0435487,0.0022567,-0.0131804,0.1473134,0.5795382,0.9053938,0.0139853,-0.0158035
14.511071143,1791082594.888560295,0,0,-0.0074322,0.0368075,-0.0266654,-9.8329563,-9.5976305,-14.9747772,-12.0884953,0.8004587,-0.6663036,-0.0225273,-0.0296880,0.0782791,-0.0134014,-0.0065328,0.0779543,0.0773307,0.0846121,0.0390831,0.0364742,-0.0314296,0.0435499,0.0022542,-0.0134560,0.1466453,0.5791526,0.9057665,0.0119356,-0.0154767
14.531959912,1791082594.909450054,0,0,-0.0084212,0.0342735,-0.0292281,-9.7390795,-9.4657021,-14.8691998,-11.9702063,0.7891779,-0.6831286,-0.0238419,-0.0299353,0.0816042,-0.0147905,-0.0079162,0.0815362,0.0775059,0.0846042,0.0388684,0.0353553,-0.0314111,0.0435513,0.0022519,-0.0137333,0.1460168,0.5788158,0.9060875,0.0097767,-0.0154920
14.551304081,1791082594.928793669,0,0,-0.0086480,0.0316436,-0.0280170,-9.7135487,-9.3951530,-14.8445053,-11.8795404,0.7865311,-0.6889045,-0.0267078,-0.0291921,0.0870455,-0.0194806,-0.0107606,0.0890067,0.0776747,0.0846040,0.0387066,0.0360651,-0.0313541,0.0435534,0.0022489,-0.0140175,0.1454330,0.5785549,0.9062878,0.0079414,-0.0147222
14.570756253,1791082594.948245764,0,0,-0.0041150,0.0295314,-0.0271057,-9.6114855,-9.2921591,-14.6679964,-11.7690411,0.7810037,-0.7060236,-0.0345673,-0.0364421,0.0893394,-0.0205508,-0.0059705,0.0871956,0.0778670,0.0845993,0.0384844,0.0357807,-0.0312995,0.0435557,0.0022459,-0.0143212,0.1449820,0.5783452,0.9064912,0.0065707,-0.0142638
14.592769255,1791082594.970258713,0,0,0.0007331,0.0271461,-0.0226283,-9.4792614,-9.1402626,-14.5712061,-11.6022854,0.7759573,-0.7276149,-0.0463624,-0.0450052,0.0940669,-0.0195520,0.0024529,0.0872322,0.0780612,0.0845955,0.0382509,0.0353566,-0.0312489,0.0435581,0.0022430,-0.0146290,0.1445174,0.5781207,0.9066931,0.0051896,-0.0142160
14.612872011,1791082594.990362167,0,0,0.0056176,0.0249696,-0.0168395,-9.2783737,-8.9573584,-14.5341072,-11.4289446,0.7727616,-0.7733103,-0.0527453,-0.0485252,0.0909341,-0.0195008,0.0075014,0.0790187,0.0782455,0.0845928,0.0379337,0.0358514,-0.0312169,0.0435603,0.0022404,-0.0149295,0.1440405,0.5778474,0.9069554,0.0030584,-0.0147573
14.630637178,1791082595.008126974,0,0,0.0100877,0.0225980,-0.0131496,-9.0529976,-8.7319727,-14.4549484,-11.2555590,0.7737696,-0.8092682,-0.0551142,-0.0495024,0.0864710,-0.0183889,0.0112419,0.0702525,0.0784208,0.0845820,0.0374787,0.0384238,-0.0311622,0.0435619,0.0022378,-0.0152210,0.1438498,0.5776002,0.9073152,0.0012406,-0.0155620
14.650740991,1791082595.028230429,0,0,0.0135813,0.0199294,-0.0092548,-8.8619614,-8.5220804,-14.3858500,-11.0801334,0.7756195,-0.8375068,-0.0529104,-0.0473598,0.0790374,-0.0145546,0.0149157,0.0583403,0.0785887,0.0845696,0.0370592,0.0391465,-0.0311067,0.0435634,0.0022354,-0.0155032,0.1436747,0.5773801,0.9076341,-0.0005936,-0.0162915
14.670767970,1791082595.048257589,0,0,0.0168217,0.0167743,-0.0073288,-8.7109613,-8.3492661,-14.3067169,-10.8580704,0.7774982,-0.8492345,-0.0485988,-0.0421325,0.0702150,-0.0093674,0.0174237,0.0451068,0.0787667,0.0845578,0.0367182,0.0375999,-0.0310884,0.0435648,0.0022340,-0.0157833,0.1433555,0.5771210,0.9079394,-0.0024857,-0.0167606
14.690449624,1791082595.067939281,0,0,0.0209083,0.0145520,-0.0025553,-8.5948524,-8.2269268,-14.2446127,-10.6790352,0.7814534,-0.8692496,-0.0375095,-0.0311730,0.0574244,-0.0065788,0.0178658,0.0278549,0.0789421,0.0845462,0.0363825,0.0371811,-0.0310703,0.0435661,0.0022326,-0.0160586,0.1430825,0.5768664,0.9082476,-0.0042519,-0.0168794
14.713264930,1791082595.090754509,0,0,0.0269187,0.0138799,0.0027405,-8.4523258,-8.1174383,-14.1431484,-10.5178614,0.7845076,-0.8850119,-0.0280843,-0.0215317,0.0478758,-0.0015906,0.0178801,0.0089870,0.0791484,0.0845225,0.0356701,0.0373322,-0.0310896,0.0435664,0.0022328,-0.0163132,0.1432810,0.5765947,0.9089970,-0.0041538,-0.0173116
14.734780508,1791082595.112270117,0,0,0.0349239,0.0136864,0.0100006,-8.1823559,-7.9636765,-13.9482708,-10.3336868,0.7849321,-0.9152743,-0.0313802,-0.0229014,0.0504264,0.0070528,0.0204276,-0.0042588,0.0793421,0.0844968,0.0350486,0.0378582,-0.0311009,0.0435664,0.0022330,-0.0165500,0.1435184,0.5763401,0.9097260,-0.0039579,-0.0172949
14.754817055,1791082595.132306576,0,0,0.0457764,0.0136226,0.0178788,-7.7107587,-7.7057533,-13.6318951,-10.1122646,0.7807846,-0.9772865,-0.0420498,-0.0346415,0.0628821,0.0189154,0.0260579,-0.0138210,0.0795386,0.0844720,0.0346158,0.0362166,-0.0311283,0.0435662,0.0022332,-0.0167688,0.1437227,0.5760369,0.9103405,-0.0049153,-0.0176098
14.773806395,1791082595.151295900,0,0,0.0576678,0.0120698,0.0142909,-7.0680356,-7.3952913,-13.1591568,-9.7795115,0.7710799,-1.0210513,-0.0677449,-0.0633182,0.0951135,0.0388055,0.0405331,-0.0197120,0.0797299,0.0844483,0.0344877,0.0355804,-0.0311231,0.0435680,0.0022318,-0.0170106,0.1436039,0.5759041,0.9104338,-0.0057932,-0.0159212
14.796941361,1791082595.174431086,0,0,0.0702280,0.0100406,0.0022582,-6.4616036,-7.0994229,-12.6283493,-9.4655924,0.7617381,-1.0456511,-0.1053714,-0.1045323,0.1441031,0.0600605,0.0627405,-0.0164749,0.0799476,0.0844318,0.0343394,0.0356193,-0.0311336,0.0435701,0.0022301,-0.0172563,0.1435042,0.5757241,0.9105381,-0.0064305,-0.0144463
14.814759650,1791082595.192249060,0,0,0.0770713,0.0083620,-0.0141772,-5.9308667,-6.9098883,-12.0361176,-9.1479197,0.7558189,-1.0549748,-0.1554048,-0.1533766,0.2083893,0.0778239,0.0943447,-0.0083075,0.0802023,0.0844035,0.0341728,0.0348069,-0.0311245,0.0435711,0.0022279,-0.0174962,0.1438970,0.5755181,0.9106879,-0.0073216,-0.0134802
14.833639131,1791082595.211128473,0,0,0.0785506,0.0072328,-0.0320522,-5.5068388,-6.7174716,-11.4870052,-8.7880192,0.7454993,-1.0578541,-0.2011338,-0.1710249,0.2543393,0.0854317,0.1155149,-0.0079035,0.0805139,0.0843807,0.0334186,0.0364635,-0.0311812,0.0435712,0.0022304,-0.0177251,0.1444700,0.5752860,0.9111126,-0.0074535,-0.0124033
14.854629697,1791082595.232119322,0,0,0.0724652,0.0081464,-0.0521890,-5.1964927,-6.6023312,-10.8886051,-8.3771591,0.7327315,-1.0397972,-0.2408999,-0.1736713,0.2858588,0.0878911,0.1288986,-0.0154858,0.0807895,0.0843524,0.0328615,0.0369173,-0.0312497,0.0435711,0.0022334,-0.0179390,0.1448877,0.5750874,0.9114703,-0.0074595,-0.0118799
14.876980250,1791082595.254469872,0,0,0.0608240,0.0094430,-0.0673970,-4.9561477,-6.5329657,-10.3885727,-7.8231525,0.7210964,-1.0109923,-0.2279024,-0.1616978,0.2755597,0.0829887,0.1287929,-0.0205604,0.0811028,0.0843299,0.0323885,0.0439734,-0.0313318,0.0435713,0.0022340,-0.0181185,0.1451888,0.5745482,0.9120940,-0.0141149,-0.0122599
14.894713576,1791082595.272202969,0,0,0.0477870,0.0139989,-0.0854184,-4.8779845,-6.5569534,-9.9324570,-7.2584620,0.7044050,-0.9638376,-0.2028396,-0.1364875,0.2570525,0.0719898,0.1370548,-0.0203244,0.0813818,0.0843052,0.0319670,0.0456507,-0.0314353,0.0435714,0.0022353,-0.0183009,0.1452950,0.5740619,0.9126152,-0.0200165,-0.0132176
14.915617003,1791082595.293107033,0,0,0.0382987,0.0223740,-0.0996320,-4.9265366,-6.6169834,-9.6329746,-6.9314108,0.6868650,-0.9153485,-0.1829538,-0.1095754,0.2400875,0.0547313,0.1494218,-0.0181143,0.0816303,0.0842767,0.0314371,0.0382663,-0.0315884,0.0435711,0.0022380,-0.0185004,0.1454270,0.5736382,0.9132454,-0.0238996,-0.0164573
14.934555270,1791082595.312045097,0,0,0.0304540,0.0277866,-0.1088462,-5.0498281,-6.6053066,-9.6061325,-6.8060708,0.6677573,-0.8678576,-0.1515450,-0.1039612,0.2138121,0.0380880,0.1460821,-0.0098946,0.0818815,0.0842475,0.0308278,0.0383478,-0.0317823,0.0435709,0.0022418,-0.0186923,0.1455200,0.5732328,0.9138782,-0.0275863,-0.0200231
14.954753071,1791082595.332242966,0,0,0.0241257,0.0267015,-0.1123440,-5.3202729,-6.5633607,-9.8240824,-6.9390831,0.6510912,-0.8365505,-0.1392169,-0.1251995,0.2087198,0.0223679,0.1440250,-0.0037126,0.0821148,0.0842184,0.0302406,0.0380465,-0.0319718,0.0435707,0.0022453,-0.0188894,0.1455462,0.5728384,0.9145085,-0.0312452,-0.0239641
14.974674702,1791082595.352164268,0,0,0.0201154,0.0266979,-0.1066708,-5.7663059,-6.5958333,-10.2053671,-7.2875919,0.6356630,-0.8060260,-0.1571881,-0.1510090,0.2273725,0.0109521,0.1524384,-0.0019176,0.0823195,0.0841929,0.0294614,0.0390406,-0.0321491,0.0435703,0.0022485,-0.0190845,0.1457432,0.5725148,0.9153135,-0.0337601,-0.0284447
14.994829205,1791082595.372318983,0,0,0.0186903,0.0303665,-0.0918788,-6.3945160,-6.7394228,-10.7214079,-7.7579527,0.6185479,-0.7614424,-0.1621576,-0.1597453,0.2348612,-0.0005196,0.1602544,0.0041320,0.0825224,0.0841678,0.0286617,0.0387995,-0.0323064,0.0435699,0.0022514,-0.0192830,0.1459060,0.5722019,0.9161127,-0.0361211,-0.0330965
15.016978470,1791082595.394468307,0,0,0.0177617,0.0357675,-0.0756972,-7.0866160,-6.9874749,-11.2989006,-8.2613001,0.6045063,-0.7010770,-0.1661086,-0.1597443,0.2342464,-0.0152824,0.1630116,0.0123825,0.0826725,0.0841342,0.0282939,0.0388273,-0.0324561,0.0435706,0.0022538,-0.0194922,0.1452831,0.5721170,0.9163098,-0.0334170,-0.0337853
15.035025472,1791082595.412514925,0,0,0.0162837,0.0387775,-0.0596938,-7.7482562,-7.3279347,-11.7710829,-8.6170635,0.6033257,-0.6359655,-0.1826004,-0.1637875,0.2422858,-0.0310011,0.1741972,0.0263307,0.0827459,0.0841161,0.0279568,0.0385210,-0.0326276,0.0435729,0.0022554,-0.0196858,0.1444534,0.5720227,0.9163977,-0.0338767,-0.0356192
15.053777620,1791082595.431267262,0,0,0.0160159,0.0394153,-0.0469870,-8.3008451,-7.6567717,-12.1200237,-8.9094925,0.6033214,-0.5908947,-0.2083747,-0.1755201,0.2608773,-0.0447949,0.1924438,0.0483726,0.0828205,0.0840997,0.0276165,0.0381441,-0.0327822,0.0435752,0.0022567,-0.0198859,0.1436601,0.5719358,0.9165080,-0.0347351,-0.0376368
15.076538075,1791082595.454027891,0,0,0.0154481,0.0389727,-0.0358742,-8.6689692,-7.9494390,-12.3757534,-9.1164265,0.6017036,-0.5626806,-0.2397447,-0.1899517,0.2840538,-0.0585852,0.2084946,0.0685327,0.0828849,0.0840799,0.0271990,0.0362207,-0.0329288,0.0435773,0.0022580,-0.0200761,0.1430442,0.5718546,0.9167152,-0.0348335,-0.0398633
15.096736421,1791082595.474225998,0,0,0.0162917,0.0372680,-0.0280721,-8.9616385,-8.1789799,-12.4691296,-9.2385740,0.6126456,-0.5325969,-0.2929435,-0.2087939,0.3261127,-0.0657578,0.2425718,0.0834453,0.0829479,0.0840596,0.0268061,0.0354017,-0.0330589,0.0435793,0.0022593,-0.0202667,0.1424829,0.5717764,0.9169368,-0.0349419,-0.0417434
15.115602333,1791082595.493092299,0,0,0.0181992,0.0347829,-0.0223871,-9.1895323,-8.3678703,-12.5059795,-9.2827940,0.6286007,-0.5103087,-0.3781798,-0.2190274,0.3994697,-0.0619014,0.3197749,0.0944475,0.0830143,0.0840459,0.0264686,0.0372738,-0.0331831,0.0435812,0.0022595,-0.0204613,0.1419463,0.5716461,0.9172634,-0.0354164,-0.0430641
15.136623748,1791082595.514113188,0,0,0.0252224,0.0296412,-0.0179332,-9.3151350,-8.4040470,-12.4443893,-9.2436857,0.6472139,-0.4939020,-0.3790523,-0.2263750,0.4045907,-0.0463536,0.3385323,0.0883365,0.0830670,0.0840357,0.0262994,0.0389405,-0.0332984,0.0435841,0.0022592,-0.0206515,0.1408789,0.5714429,0.9172572,-0.0349244,-0.0427668
15.160656603,1791082595.538146019,0,0,0.0375416,0.0184460,-0.0128169,-9.3810873,-8.3163853,-12.3262901,-9.2029562,0.6776164,-0.5076782,-0.2960866,-0.2140293,0.3379991,-0.0253033,0.2794358,0.0685919,0.0831180,0.0840276,0.0261344,0.0397080,-0.0334028,0.0435868,0.0022589,-0.0208410,0.1398634,0.5712414,0.9172651,-0.0346700,-0.0421215
15.181268435,1791082595.558757782,0,0,0.0556836,0.0050662,-0.0014032,-9.2401628,-8.1217127,-12.2731991,-9.2800303,0.7015914,-0.5923176,-0.2129691,-0.1747025,0.2534382,-0.0058072,0.1867953,0.0350046,0.0831397,0.0840257,0.0260583,0.0393763,-0.0334799,0.0435909,0.0022586,-0.0210161,0.1387653,0.5711030,0.9169240,-0.0339509,-0.0400982
15.197341828,1791082595.574831247,0,0,0.0675539,-0.0019390,0.0094408,-8.8256321,-7.8332963,-12.1887875,-9.2298059,0.7209094,-0.7121832,-0.1648257,-0.1456965,0.2018942,0.0180052,0.1268429,0.0143729,0.0831724,0.0840252,0.0259215,0.0403649,-0.0335821,0.0435940,0.0022588,-0.0211406,0.1374088,0.5708611,0.9166064,-0.0344536,-0.0388043
15.221442589,1791082595.598932266,0,0,0.0701430,-0.0038058,0.0076803,-8.2071753,-7.5148282,-12.1542625,-9.1264305,0.7380692,-0.8275578,-0.1642014,-0.1551218,0.2025398,0.0583596,0.1017530,0.0093511,0.0832050,0.0840251,0.0257950,0.0406256,-0.0336815,0.0435968,0.0022592,-0.0212513,0.1361544,0.5706420,0.9162586,-0.0351325,-0.0370828
15.240782503,1791082595.618272066,0,0,0.0818175,-0.0035956,0.0142082,-7.2919750,-7.1199679,-11.8377018,-8.9966307,0.7556512,-0.9817986,-0.2117265,-0.2255429,0.2716540,0.1182943,0.0940395,0.0178725,0.0833168,0.0840205,0.0256517,0.0395903,-0.0337087,0.0435961,0.0022599,-0.0214201,0.1359892,0.5705281,0.9164432,-0.0347878,-0.0339315
15.260492318,1791082595.637981415,0,0,0.0934453,-0.0094569,0.0055735,-6.4472737,-6.8037243,-11.3426313,-8.8163681,0.7750654,-1.1001211,-0.2860166,-0.3086949,0.3663402,0.1697852,0.0693091,0.0350351,0.0834445,0.0840181,0.0255513,0.0399229,-0.0337294,0.0435950,0.0022610,-0.0215612,0.1359253,0.5703945,0.9166129,-0.0333992,-0.0304193
15.284056995,1791082595.661546469,0,0,0.0939268,-0.0101086,-0.0148870,-5.6716723,-6.7041035,-10.7508755,-8.2714119,0.7779620,-1.1292530,-0.3202749,-0.3353942,0.4341802,0.2051504,0.0139310,0.0181581,0.0835881,0.0840045,0.0253588,0.0393370,-0.0337712,0.0435945,0.0022621,-0.0216632,0.1362623,0.5702562,0.9168826,-0.0316887,-0.0273421
15.300755147,1791082595.678244829,0,0,0.1020984,-0.0147867,-0.0334254,-5.0666795,-6.8673654,-9.5065832,-7.4450774,0.7922019,-1.0756871,-0.2284830,-0.3230638,0.4200408,0.2071465,-0.0319989,-0.0198659,0.0838465,0.0839733,0.0253288,0.0360419,-0.0338280,0.0435941,0.0022647,-0.0216562,0.1366878,0.5699449,0.9174342,-0.0324730,-0.0286501
15.322747830,1791082595.700237513,0,0,0.0920530,-0.0135100,-0.0741661,-4.3428745,-7.4976034,-7.4444232,-5.6120815,0.7927171,-0.7449903,-0.0257987,-0.1085484,0.1431473,0.1508044,-0.0260663,-0.0110198,0.0840570,0.0839368,0.0254291,0.0362463,-0.0338965,0.0435937,0.0022674,-0.0216432,0.1370975,0.5696950,0.9178779,-0.0325727,-0.0305622
15.340806577,1791082595.718315601,0,0,0.0823605,-0.0153963,-0.1133959,-4.0537992,-7.7930441,-5.9832053,-4.9754148,0.7291878,-0.3661057,0.0509002,-0.0264469,0.0268541,0.0843992,-0.0293397,-0.0500800,0.0842558,0.0838715,0.0256400,0.0345097,-0.0339036,0.0435931,0.0022689,-0.0216151,0.1374755,0.5695618,0.9180042,-0.0383014,-0.0300344
15.362583476,1791082595.740072727,0,0,0.0632783,-0.0077129,-0.1461061,-3.9966073,-7.6397009,-5.3189425,-4.8259287,0.6415925,-0.0693310,0.0713842,0.0034421,-0.0028118,0.0385727,-0.0348714,-0.0874279,0.0844346,0.0838086,0.0257966,0.0348100,-0.0339324,0.0435924,0.0022702,-0.0215858,0.1377959,0.5694041,0.9181473,-0.0421244,-0.0299980
15.382740476,1791082595.760230303,0,0,0.0448639,0.0034420,-0.1535980,-3.9975410,-7.4603972,-4.9476657,-4.8188143,0.5923885,0.0914989,0.0761135,0.0085221,-0.0059150,0.0279974,-0.0355384,-0.1063511,0.0846836,0.0837476,0.0259745,0.0278971,-0.0340644,0.0435916,0.0022735,-0.0215685,0.1382713,0.5692813,0.9187155,-0.0459713,-0.0343422
15.400513419,1791082595.778002739,0,0,0.0285344,0.0180476,-0.1525831,-4.0793228,-7.2583923,-4.9074988,-4.9719319,0.5541318,0.1874967,0.0773734,0.0063371,-0.0075860,0.0256424,-0.0315581,-0.1090616,0.0849055,0.0836344,0.0260515,0.0268124,-0.0341148,0.0435911,0.0022728,-0.0215555,0.1374976,0.5692107,0.9187527,-0.0452352,-0.0334837
15.420698996,1791082595.798188210,0,0,0.0225006,0.0295378,-0.1483371,-4.2539887,-7.0894351,-5.0225940,-5.1362805,0.5274920,0.2410481,0.0793127,0.0035481,-0.0092687,0.0251832,-0.0279138,-0.1072494,0.0851533,0.0835299,0.0261195,0.0265037,-0.0341784,0.0435901,0.0022709,-0.0215348,0.1363373,0.5691457,0.9188182,-0.0435703,-0.0326380
15.442849765,1791082595.820338964,0,0,0.0191551,0.0374901,-0.1500029,-4.2725778,-6.9125142,-5.0933747,-5.2469244,0.5026337,0.2722683,0.0818388,-0.0003458,-0.0094515,0.0257352,-0.0248473,-0.1061802,0.0855642,0.0834223,0.0261820,0.0291152,-0.0342202,0.0435902,0.0022695,-0.0214790,0.1346863,0.5690266,0.9186525,-0.0447190,-0.0332570
15.464710860,1791082595.842200279,0,0,0.0202999,0.0401532,-0.1544261,-4.3840222,-6.7987881,-5.1883116,-5.3924818,0.4843814,0.2984965,0.0865953,-0.0054833,-0.0088549,0.0258114,-0.0222679,-0.1063021,0.0859749,0.0833183,0.0262429,0.0310119,-0.0342713,0.0435895,0.0022674,-0.0214262,0.1328198,0.5689176,0.9184884,-0.0455570,-0.0333553
15.482678242,1791082595.860167503,0,0,0.0185723,0.0433525,-0.1622439,-4.4082470,-6.9361854,-5.3222361,-5.5166035,0.4817631,0.3019054,0.0923124,-0.0085341,-0.0091716,0.0257672,-0.0208481,-0.1046884,0.0865310,0.0831848,0.0263567,0.0234240,-0.0343483,0.0435860,0.0022710,-0.0214133,0.1325509,0.5691613,0.9186609,-0.0372571,-0.0336487
15.499923327,1791082595.877412319,0,0,0.0228992,0.0522488,-0.1703529,-4.4293594,-7.0902767,-5.5307221,-5.6216607,0.4839494,0.2818856,0.0968416,-0.0103973,-0.0122006,0.0236125,-0.0189373,-0.0958293,0.0871352,0.0830328,0.0265387,0.0278461,-0.0343842,0.0435824,0.0022743,-0.0213635,0.1332121,0.5689583,0.9189598,-0.0311615,-0.0325345
15.521579838,1791082595.899068832,0,0,0.0413663,0.0609003,-0.1765254,-4.7754674,-7.5715408,-5.8563590,-6.0289755,0.4907627,0.2606879,0.0969881,-0.0118923,-0.0151622,0.0186877,-0.0167046,-0.0814885,0.0876961,0.0828815,0.0267711,0.0312821,-0.0344111,0.0435781,0.0022788,-0.0213027,0.1339127,0.5687440,0.9192660,-0.0246779,-0.0307438
15.540320145,1791082595.917809248,0,0,0.0546311,0.0671349,-0.1819333,-4.9874468,-8.0796232,-6.1877985,-6.3457742,0.4882270,0.2294030,0.0964378,-0.0141825,-0.0168173,0.0148882,-0.0139676,-0.0641600,0.0883309,0.0827098,0.0268576,0.0321469,-0.0344347,0.0435738,0.0022832,-0.0212198,0.1341709,0.5688779,0.9192121,-0.0158021,-0.0240354
15.561424699,1791082595.938914061,0,0,0.0509689,0.0731576,-0.1945320,-5.0143046,-8.3106976,-6.5845256,-6.5256443,0.5042903,0.1929089,0.0946102,-0.0161654,-0.0177392,0.0111935,-0.0103705,-0.0485354,0.0887303,0.0826174,0.0268928,0.0391325,-0.0344892,0.0435725,0.0022791,-0.0210953,0.1339918,0.5685367,0.9189001,-0.0080383,-0.0145376
15.580530812,1791082595.958019495,0,0,0.0534060,0.0377952,-0.2484168,-5.1219249,-8.2848225,-6.4395366,-6.6733360,0.5173376,0.2423503,0.0877745,-0.0275173,-0.0081074,0.0111823,-0.0067635,-0.0549522,0.0890022,0.0825491,0.0269143,0.0448921,-0.0345549,0.0435721,0.0022774,-0.0210494,0.1339164,0.5683016,0.9186593,-0.0022233,-0.0070641
15.601024944,1791082595.978513956,0,0,0.0506683,0.0183889,-0.2632231,-5.7015929,-8.9137907,-6.5899582,-6.9721928,0.5623779,0.2836036,0.0797854,-0.0269100,-0.0004041,0.0061442,-0.0069644,-0.0646957,0.0890347,0.0825183,0.0269363,0.0482681,-0.0346557,0.0435693,0.0022778,-0.0210565,0.1338116,0.5679364,0.9183437,0.0016804,-0.0022396
15.621648745,1791082595.999137878,0,0,0.0361143,0.0167366,-0.2600027,-6.1598620,-10.1317520,-7.1806717,-7.3651743,0.6133563,0.2719965,0.0637650,-0.0211133,0.0023420,-0.0015420,-0.0012788,-0.0513586,0.0890896,0.0824861,0.0269620,0.0492616,-0.0347448,0.0435659,0.0022785,-0.0210790,0.1335834,0.5675123,0.9180099,0.0049060,0.0026581
15.640544323,1791082596.018033743,0,0,0.0180250,0.0427843,-0.2341807,-6.8738246,-10.7160816,-8.0639944,-7.7039065,0.6383893,0.2645453,0.0593196,-0.0192263,0.0007441,-0.0128089,0.0076790,-0.0278299,0.0890475,0.0824845,0.0269926,0.0537876,-0.0347883,0.0435627,0.0022745,-0.0211089,0.1333480,0.5670657,0.9176198,0.0068972,0.0080050
15.661174942,1791082596.038663864,0,0,-0.0014580,0.0809256,-0.1809698,-7.3767228,-10.6815538,-9.5521507,-7.9619999,0.6988894,0.2130269,0.0473007,-0.0159659,-0.0010443,-0.0269792,0.0196134,0.0084134,0.0890767,0.0824909,0.0270201,0.0554865,-0.0348085,0.0435595,0.0022709,-0.0211680,0.1330548,0.5665931,0.9172838,0.0090013,0.0124193
15.680637069,1791082596.058126688,0,0,-0.0129000,0.0780456,-0.1399098,-8.1508694,-10.3060789,-11.7540665,-8.6242418,0.7837406,0.1695677,0.0322632,-0.0265970,0.0080955,-0.0371919,0.0376328,0.0364640,0.0891563,0.0824989,0.0270027,0.0583888,-0.0347950,0.0435576,0.0022695,-0.0212910,0.1329511,0.5659553,0.9177261,0.0094642,0.0145993
15.699916182,1791082596.077405214,0,0,-0.0337438,0.0672521,-0.0837829,-9.3317661,-10.1155643,-13.8712559,-9.7961226,0.8309669,0.1247828,0.0209806,-0.0323324,0.0192164,-0.0471588,0.0582742,0.0511672,0.0892497,0.0825039,0.0269848,0.0480499,-0.0347442,0.0435554,0.0022711,-0.0214586,0.1327082,0.5657841,0.9177299,0.0112570,0.0171224
15.719879031,1791082596.097368002,0,0,-0.0588891,0.0532270,-0.0284477,-10.2436771,-10.2616529,-15.0526752,-11.1592150,0.8779310,-0.0238706,0.0029427,-0.0511151,0.0650411,-0.0506945,0.0623660,0.0838166,0.0893563,0.0825121,0.0269030,0.0421439,-0.0346711,0.0435539,0.0022717,-0.0216404,0.1324443,0.5656357,0.9177481,0.0118712,0.0190927
15.740321483,1791082596.117810726,0,0,-0.0621327,0.0443864,-0.0074288,-10.8463535,-10.5053253,-15.1814213,-11.9207001,0.8954374,-0.1573661,0.0016806,-0.0442788,0.0876351,-0.0385281,0.0532393,0.0933880,0.0894793,0.0825175,0.0266182,0.0438717,-0.0345489,0.0435530,0.0022690,-0.0218323,0.1324192,0.5653212,0.9183928,0.0093458,0.0186032
15.759901567,1791082596.137390852,0,0,-0.0489616,0.0418724,-0.0079386,-11.3478603,-10.8302956,-15.1536589,-11.8364449,0.9093373,-0.1626083,-0.0201598,-0.0402295,0.1004014,-0.0240078,0.0838732,0.0896680,0.0895999,0.0825174,0.0263875,0.0440698,-0.0344221,0.0435524,0.0022666,-0.0220277,0.1324566,0.5650924,0.9188883,0.0067060,0.0188227
15.782517475,1791082596.160006762,0,0,-0.0405213,0.0451298,-0.0164773,-11.1567707,-10.8438110,-14.9890852,-11.4967461,0.9045938,-0.1308142,-0.0452937,-0.0501589,0.1103363,-0.0094268,0.1114811,0.0690717,0.0897397,0.0825066,0.0264140,0.0377402,-0.0342996,0.0435518,0.0022639,-0.0222384,0.1324860,0.5649001,0.9192429,0.0036359,0.0179117
15.800991790,1791082596.178481340,0,0,-0.0336145,0.0455657,-0.0231759,-10.8252172,-10.6032228,-14.9331627,-11.0660849,0.9121375,-0.1708254,-0.0701361,-0.0597329,0.1214281,-0.0078392,0.1261591,0.0646077,0.0898812,0.0825024,0.0264459,0.0371103,-0.0341725,0.0435523,0.0022601,-0.0224535,0.1325189,0.5647710,0.9194213,0.0010467,0.0187344
15.820805386,1791082596.198294640,0,0,-0.0221725,0.0443788,-0.0266962,-10.5136471,-10.2183065,-14.6129036,-10.7765789,0.9166307,-0.2275565,-0.0832822,-0.0679852,0.1272919,-0.0121795,0.1314551,0.0490556,0.0900298,0.0824988,0.0264098,0.0373847,-0.0340636,0.0435532,0.0022564,-0.0226762,0.1325843,0.5646259,0.9195963,-0.0012953,0.0198893
15.840306939,1791082596.217795849,0,0,-0.0124430,0.0407259,-0.0285139,-10.1936131,-9.8597679,-14.3632956,-10.5912933,0.9045478,-0.2890511,-0.1025459,-0.0780262,0.1403530,-0.0117028,0.1418650,0.0438123,0.0902007,0.0824994,0.0263365,0.0395130,-0.0339239,0.0435531,0.0022530,-0.0229201,0.1328382,0.5643059,0.9200103,-0.0050160,0.0205541
15.859887471,1791082596.237376690,0,0,-0.0062213,0.0362343,-0.0276460,-9.8546143,-9.5353079,-14.2327690,-10.5802526,0.8913652,-0.3784782,-0.1195508,-0.0964930,0.1584389,-0.0105233,0.1499636,0.0402119,0.0903753,0.0824996,0.0262401,0.0401995,-0.0338011,0.0435531,0.0022500,-0.0231654,0.1330812,0.5639923,0.9203746,-0.0086940,0.0210331
15.882996293,1791082596.260485888,0,0,-0.0035664,0.0345474,-0.0271009,-9.5817709,-9.2919540,-14.0780430,-10.5844564,0.8814850,-0.4342252,-0.1341374,-0.1188611,0.1795105,-0.0084098,0.1614138,0.0402724,0.0905399,0.0824991,0.0260275,0.0425450,-0.0336857,0.0435535,0.0022469,-0.0234262,0.1333968,0.5637394,0.9206622,-0.0113761,0.0216519
15.903015689,1791082596.280505180,0,0,-0.0036056,0.0354735,-0.0237287,-9.4051018,-9.1878996,-14.0594244,-10.6345778,0.8760689,-0.4691695,-0.1387064,-0.1245011,0.1923451,-0.0099432,0.1719949,0.0420265,0.0907086,0.0824947,0.0256743,0.0426707,-0.0336125,0.0435538,0.0022452,-0.0236785,0.1337128,0.5635051,0.9209758,-0.0135739,0.0221857
15.922876199,1791082596.300366163,0,0,-0.0059450,0.0368485,-0.0186062,-9.2861032,-9.1291084,-14.0639591,-10.7594786,0.8677024,-0.4808631,-0.1435499,-0.1322419,0.2112362,-0.0118365,0.1902555,0.0487236,0.0908798,0.0824897,0.0253347,0.0426289,-0.0335382,0.0435540,0.0022437,-0.0239296,0.1340555,0.5632782,0.9212797,-0.0157337,0.0227006
15.940899521,1791082596.318389177,0,0,-0.0092182,0.0380171,-0.0148001,-9.2507286,-9.0833158,-14.0263863,-10.8437662,0.8602967,-0.4768615,-0.1352789,-0.1272474,0.2147160,-0.0151324,0.1954668,0.0534975,0.0910524,0.0824857,0.0250396,0.0436902,-0.0334645,0.0435550,0.0022416,-0.0241679,0.1343580,0.5630493,0.9215305,-0.0179244,0.0231696
15.963656202,1791082596.341145754,0,0,-0.0114466,0.0373515,-0.0130223,-9.2814007,-9.1001453,-13.9840107,-10.8824368,0.8573874,-0.4590119,-0.1289688,-0.1253013,0.2153115,-0.0175966,0.1964413,0.0577347,0.0912251,0.0824813,0.0247646,0.0438623,-0.0333860,0.0435559,0.0022394,-0.0244056,0.1346709,0.5628283,0.9217788,-0.0200288,0.0236342
15.984611601,1791082596.362101555,0,0,-0.0126032,0.0370433,-0.0104602,-9.3022728,-9.1205635,-13.9537725,-10.8811350,0.8590975,-0.4395451,-0.1248247,-0.1252964,0.2106743,-0.0217276,0.1914677,0.0582459,0.0914124,0.0824722,0.0244663,0.0429710,-0.0332858,0.0435564,0.0022374,-0.0246502,0.1352605,0.5626536,0.9220752,-0.0217553,0.0238344
16.002501990,1791082596.379991531,0,0,-0.0131370,0.0363285,-0.0086153,-9.2887115,-9.1363325,-13.9463463,-10.8953600,0.8566164,-0.4308481,-0.1291472,-0.1317329,0.2153031,-0.0240546,0.1949658,0.0598021,0.0915886,0.0824621,0.0241303,0.0432155,-0.0332102,0.0435574,0.0022353,-0.0248829,0.1357888,0.5624790,0.9223577,-0.0232864,0.0239899
16.024785022,1791082596.402274609,0,0,-0.0126547,0.0360882,-0.0066665,-9.2644787,-9.1275015,-13.9251566,-10.8995113,0.8531198,-0.4256692,-0.1389191,-0.1394172,0.2283264,-0.0251094,0.2084722,0.0641872,0.0917638,0.0824514,0.0238145,0.0431010,-0.0331328,0.0435582,0.0022332,-0.0251143,0.1363011,0.5623059,0.9226364,-0.0248333,0.0239810
16.044133065,1791082596.421622992,0,0,-0.0115521,0.0364008,-0.0047343,-9.2477694,-9.0941210,-13.8890543,-10.8877869,0.8524694,-0.4305705,-0.1525950,-0.1512090,0.2454484,-0.0274734,0.2247386,0.0699537,0.0919332,0.0824405,0.0235341,0.0407773,-0.0330694,0.0435590,0.0022321,-0.0253410,0.1367063,0.5621555,0.9228724,-0.0259545,0.0239865
16.061387175,1791082596.438876867,0,0,-0.0107675,0.0359899,-0.0026097,-9.2232075,-9.0523472,-13.8479509,-10.8300123,0.8535810,-0.4296575,-0.1610971,-0.1599178,0.2503940,-0.0290389,0.2278131,0.0699836,0.0921046,0.0824300,0.0232565,0.0401525,-0.0330062,0.0435598,0.0022309,-0.0255677,0.1371284,0.5620022,0.9231148,-0.0270575,0.0240196
16.084412122,1791082596.461901903,0,0,-0.0102532,0.0339140,-0.0019724,-9.1774197,-8.9889774,-13.8254604,-10.7319221,0.8509794,-0.4266991,-0.1689642,-0.1696465,0.2531039,-0.0273880,0.2264221,0.0711981,0.0922693,0.0824182,0.0229327,0.0409958,-0.0329695,0.0435606,0.0022302,-0.0257783,0.1375095,0.5618479,0.9233703,-0.0278485,0.0240495
16.104371963,1791082596.481860876,0,0,-0.0101080,0.0329073,-0.0024367,-9.1950397,-8.9435310,-13.7824688,-10.6643381,0.8507780,-0.4199808,-0.1692748,-0.1662111,0.2520320,-0.0247340,0.2271883,0.0720914,0.0924328,0.0824047,0.0225824,0.0400397,-0.0329377,0.0435611,0.0022298,-0.0259800,0.1380057,0.5616983,0.9236888,-0.0290637,0.0232487
16.121050276,1791082596.498539686,0,0,-0.0088114,0.0328780,-0.0019600,-9.2235308,-8.9241571,-13.7797527,-10.6250620,0.8497405,-0.4100898,-0.1708834,-0.1629753,0.2528102,-0.0216965,0.2334342,0.0711540,0.0925936,0.0823904,0.0222750,0.0397062,-0.0329038,0.0435616,0.0022296,-0.0261795,0.1384899,0.5615551,0.9239992,-0.0302210,0.0225415
16.141666494,1791082596.519155979,0,0,-0.0080925,0.0326333,-0.0006452,-9.2580872,-8.9393177,-13.7821074,-10.6027021,0.8507826,-0.3933285,-0.1710263,-0.1605969,0.2519362,-0.0192591,0.2383027,0.0673995,0.0927600,0.0823732,0.0219963,0.0401673,-0.0328485,0.0435620,0.0022292,-0.0263836,0.1389819,0.5614000,0.9243066,-0.0305248,0.0225940
16.162959761,1791082596.540449381,0,0,-0.0067776,0.0329009,-0.0035290,-9.2821732,-8.9362946,-13.7566433,-10.5141716,0.8499671,-0.3640755,-0.1656604,-0.1531566,0.2405286,-0.0177617,0.2338979,0.0603888,0.0929241,0.0823554,0.0217301,0.0403542,-0.0327956,0.0435624,0.0022288,-0.0265873,0.1394611,0.5612441,0.9246161,-0.0306761,0.0227702
16.182598759,1791082596.560088158,0,0,-0.0070861,0.0318951,-0.0029561,-9.3016090,-8.9357443,-13.7538128,-10.4592476,0.8496516,-0.3380852,-0.1639320,-0.1487701,0.2365810,-0.0170468,0.2354748,0.0593982,0.0930954,0.0823366,0.0214343,0.0404264,-0.0327301,0.0435624,0.0022291,-0.0267985,0.1400589,0.5610937,0.9250087,-0.0306691,0.0224912
16.202574281,1791082596.580064058,0,0,-0.0068761,0.0315913,-0.0022059,-9.3335686,-8.9401464,-13.7357178,-10.4336224,0.8476371,-0.3152234,-0.1632512,-0.1453894,0.2348475,-0.0159831,0.2392191,0.0594965,0.0932688,0.0823132,0.0211035,0.0396299,-0.0326945,0.0435623,0.0022301,-0.0269971,0.1406526,0.5609618,0.9254040,-0.0301132,0.0220544
16.222763795,1791082596.600253582,0,0,-0.0065831,0.0311032,-0.0012971,-9.3767681,-8.9348850,-13.7101564,-10.4101534,0.8447680,-0.2936994,-0.1681484,-0.1476791,0.2382584,-0.0153813,0.2469900,0.0631259,0.0934385,0.0822894,0.0208188,0.0393397,-0.0326543,0.0435622,0.0022310,-0.0271945,0.1412334,0.5608321,0.9258003,-0.0296767,0.0214473
16.242687636,1791082596.620177269,0,0,-0.0051550,0.0304972,0.0015400,-9.4323559,-8.9549932,-13.7160778,-10.4168425,0.8438453,-0.2805028,-0.1713080,-0.1464889,0.2409793,-0.0146330,0.2552086,0.0644851,0.0936067,0.0822672,0.0205392,0.0389506,-0.0325717,0.0435617,0.0022318,-0.0274157,0.1418990,0.5607158,0.9262210,-0.0288206,0.0213369
16.264388758,1791082596.641878605,0,0,-0.0038547,0.0290849,0.0034621,-9.4599352,-8.9443264,-13.6800098,-10.3913317,0.8446031,-0.2678296,-0.1676661,-0.1445392,0.2344375,-0.0140005,0.2490910,0.0605130,0.0937761,0.0822456,0.0202698,0.0388715,-0.0324871,0.0435613,0.0022326,-0.0276370,0.1425652,0.5605954,0.9266437,-0.0279589,0.0211641
16.284750983,1791082596.662240744,0,0,-0.0045036,0.0272775,0.0036081,-9.4688396,-8.9456577,-13.6601791,-10.3310862,0.8443973,-0.2535318,-0.1641893,-0.1446554,0.2273868,-0.0127466,0.2410942,0.0574763,0.0939438,0.0822264,0.0199738,0.0397916,-0.0324261,0.0435610,0.0022332,-0.0278377,0.1431951,0.5604295,0.9271266,-0.0284891,0.0203506
16.303583007,1791082596.681072712,0,0,-0.0041359,0.0268988,0.0034587,-9.5194626,-8.9743404,-13.6570892,-10.3077698,0.8454772,-0.2363158,-0.1584885,-0.1376833,0.2214373,-0.0109154,0.2406538,0.0540255,0.0940879,0.0822112,0.0198055,0.0399717,-0.0323922,0.0435615,0.0022334,-0.0280261,0.1434273,0.5602853,0.9273644,-0.0291057,0.0205022
16.324963989,1791082596.702453613,0,0,-0.0032184,0.0269248,0.0042952,-9.5629406,-9.0009069,-13.6563568,-10.2994890,0.8470572,-0.2192557,-0.1525614,-0.1318296,0.2146183,-0.0095440,0.2379172,0.0485051,0.0942329,0.0821966,0.0196351,0.0401364,-0.0323571,0.0435620,0.0022335,-0.0282142,0.1436702,0.5601397,0.9276092,-0.0297083,0.0208214
16.346071265,1791082596.723561049,0,0,-0.0021059,0.0264693,0.0048766,-9.5753288,-8.9967680,-13.6579819,-10.2562084,0.8478453,-0.2037279,-0.1520653,-0.1319210,0.2106682,-0.0072597,0.2360493,0.0440897,0.0943910,0.0821803,0.0195195,0.0406494,-0.0322822,0.0435623,0.0022322,-0.0284228,0.1440892,0.5599788,0.9279137,-0.0307780,0.0207299
16.364654288,1791082596.742143631,0,0,-0.0011021,0.0255125,0.0045005,-9.5991812,-9.0144978,-13.6412001,-10.2393751,0.8485023,-0.1858586,-0.1490632,-0.1298009,0.2055508,-0.0052525,0.2328999,0.0401525,0.0945420,0.0821642,0.0192988,0.0405484,-0.0322293,0.0435623,0.0022327,-0.0286161,0.1444383,0.5598412,0.9282165,-0.0311897,0.0210745
16.385345549,1791082596.762835741,0,0,-0.0003361,0.0241200,0.0039930,-9.6085005,-9.0050087,-13.6146030,-10.2047424,0.8494670,-0.1731873,-0.1470681,-0.1310951,0.2011418,-0.0032255,0.2266162,0.0380479,0.0946917,0.0821478,0.0190963,0.0404957,-0.0321745,0.0435622,0.0022332,-0.0288090,0.1447885,0.5597040,0.9285176,-0.0316320,0.0212802
16.404416302,1791082596.781905890,0,0,-0.0004649,0.0234764,0.0053114,-9.6221352,-9.0382318,-13.6193933,-10.2181654,0.8519526,-0.1625685,-0.1486242,-0.1324171,0.2028001,-0.0011863,0.2310574,0.0376885,0.0948382,0.0821321,0.0189647,0.0410595,-0.0321214,0.0435629,0.0022331,-0.0289977,0.1450053,0.5595945,0.9287060,-0.0321047,0.0219859
16.424320621,1791082596.801810503,0,0,0.0003082,0.0234077,0.0046462,-9.6556911,-9.0608273,-13.6083202,-10.2261744,0.8526736,-0.1522901,-0.1491496,-0.1325042,0.2030028,0.0001861,0.2335728,0.0380153,0.0949864,0.0821172,0.0188234,0.0413178,-0.0320690,0.0435635,0.0022328,-0.0291883,0.1452294,0.5594806,0.9289010,-0.0325521,0.0226469
16.445133871,1791082596.822623491,0,0,0.0005432,0.0234101,0.0050212,-9.6702347,-9.0692444,-13.6132812,-10.2292814,0.8536618,-0.1418977,-0.1500312,-0.1339301,0.2036550,0.0010530,0.2363668,0.0391030,0.0951566,0.0820968,0.0186147,0.0403936,-0.0319941,0.0435632,0.0022339,-0.0293872,0.1457799,0.5593538,0.9292890,-0.0323725,0.0227958
16.466703148,1791082596.844192505,0,0,-0.0012961,0.0235260,0.0049364,-9.6669741,-9.0810385,-13.6434536,-10.2046003,0.8538947,-0.1312100,-0.1504718,-0.1344523,0.2042961,0.0018849,0.2391867,0.0429553,0.0953240,0.0820753,0.0184535,0.0399160,-0.0319164,0.0435628,0.0022350,-0.0295831,0.1462998,0.5592300,0.9296625,-0.0321395,0.0227176
16.485385471,1791082596.862874508,0,0,-0.0014794,0.0239117,0.0052642,-9.7017012,-9.1141663,-13.6760139,-10.2348843,0.8546658,-0.1201294,-0.1495646,-0.1356879,0.2036623,0.0024855,0.2402440,0.0451065,0.0954767,0.0820591,0.0183665,0.0406944,-0.0318311,0.0435630,0.0022346,-0.0297762,0.1466802,0.5591106,0.9299189,-0.0328244,0.0228518
16.504663815,1791082596.882153034,0,0,-0.0014444,0.0238561,0.0057573,-9.7344418,-9.1413622,-13.6729393,-10.2419043,0.8576201,-0.1090368,-0.1450773,-0.1326031,0.1987806,0.0022816,0.2369007,0.0427069,0.0956302,0.0820423,0.0182069,0.0406150,-0.0317769,0.0435629,0.0022358,-0.0299581,0.1470364,0.5589886,0.9302144,-0.0329162,0.0228645
16.525602765,1791082596.903092384,0,0,-0.0021980,0.0237558,0.0064219,-9.7428951,-9.1750154,-13.6950922,-10.2435751,0.8588573,-0.0976816,-0.1436508,-0.1310960,0.1968687,0.0027066,0.2385168,0.0409824,0.0957812,0.0820249,0.0180735,0.0406029,-0.0317207,0.0435627,0.0022369,-0.0301371,0.1473863,0.5588699,0.9305068,-0.0330117,0.0229565
16.547520119,1791082596.925009966,0,0,-0.0021472,0.0245715,0.0068511,-9.7687321,-9.1992321,-13.7144985,-10.2591953,0.8594687,-0.0862927,-0.1398295,-0.1268103,0.1923316,0.0025254,0.2367103,0.0392409,0.0959460,0.0820021,0.0179630,0.0390923,-0.0316395,0.0435623,0.0022383,-0.0303361,0.1477765,0.5587661,0.9307743,-0.0322899,0.0238035
16.566722941,1791082596.944212914,0,0,-0.0023452,0.0247072,0.0086165,-9.7970200,-9.2129135,-13.7332621,-10.2600212,0.8615175,-0.0790827,-0.1397720,-0.1264207,0.1910559,0.0026205,0.2367881,0.0397079,0.0961181,0.0819788,0.0178874,0.0389260,-0.0315328,0.0435619,0.0022387,-0.0305461,0.1483928,0.5586851,0.9310706,-0.0320189,0.0240599
16.584634419,1791082596.962124586,0,0,-0.0024117,0.0250669,0.0080058,-9.8293343,-9.2402983,-13.7216520,-10.2641773,0.8633214,-0.0707965,-0.1327205,-0.1202181,0.1832541,0.0018529,0.2285012,0.0362892,0.0962915,0.0819551,0.0178153,0.0389884,-0.0314261,0.0435617,0.0022391,-0.0307549,0.1490009,0.5586044,0.9313615,-0.0316286,0.0243954
16.603554702,1791082596.981044292,0,0,-0.0031781,0.0248312,0.0077581,-9.8419991,-9.2492733,-13.7042475,-10.2551403,0.8631870,-0.0631697,-0.1316034,-0.1189384,0.1814691,0.0016587,0.2290675,0.0348762,0.0964620,0.0819335,0.0177494,0.0394965,-0.0313265,0.0435617,0.0022392,-0.0309645,0.1494571,0.5585145,0.9315956,-0.0314200,0.0250600
16.626746888,1791082597.004236460,0,0,-0.0032336,0.0246931,0.0076730,-9.8715649,-9.2619133,-13.7020149,-10.2739792,0.8622457,-0.0567078,-0.1300774,-0.1176665,0.1799156,0.0016182,0.2287150,0.0342278,0.0966341,0.0819122,0.0176707,0.0396911,-0.0312270,0.0435617,0.0022392,-0.0311753,0.1499118,0.5584241,0.9318299,-0.0312299,0.0256818
16.643689979,1791082597.021179438,0,0,-0.0035060,0.0242465,0.0071548,-9.8950844,-9.2727413,-13.6982975,-10.2804451,0.8612917,-0.0516307,-0.1287381,-0.1176972,0.1790323,0.0019250,0.2272805,0.0360965,0.0968130,0.0818895,0.0176196,0.0385055,-0.0311148,0.0435615,0.0022393,-0.0313945,0.1504619,0.5583224,0.9321663,-0.0306479,0.0256754
16.665534372,1791082597.043024302,0,0,-0.0039461,0.0239165,0.0074910,-9.9165535,-9.2961092,-13.7030611,-10.2759523,0.8620903,-0.0494656,-0.1252136,-0.1167327,0.1745996,0.0019457,0.2193089,0.0346750,0.0969921,0.0818665,0.0175840,0.0382211,-0.0310010,0.0435613,0.0022394,-0.0316120,0.1509983,0.5582252,0.9324892,-0.0301293,0.0256734
16.685605099,1791082597.063094854,0,0,-0.0048691,0.0235316,0.0081484,-9.9237995,-9.3182907,-13.7049417,-10.2622509,0.8629097,-0.0476207,-0.1248223,-0.1168800,0.1742545,0.0024901,0.2191950,0.0344487,0.0971597,0.0818475,0.0175633,0.0380110,-0.0308975,0.0435613,0.0022395,-0.0318225,0.1513783,0.5581221,0.9327279,-0.0300684,0.0257385
16.703553764,1791082597.081043482,0,0,-0.0054568,0.0235378,0.0079314,-9.9325981,-9.3303595,-13.7036991,-10.2663422,0.8627300,-0.0406694,-0.1233451,-0.1159571,0.1734714,0.0028035,0.2202795,0.0344525,0.0973315,0.0818265,0.0175113,0.0387577,-0.0307912,0.0435618,0.0022389,-0.0320352,0.1517947,0.5580465,0.9329118,-0.0301278,0.0262371
16.724514860,1791082597.102004766,0,0,-0.0050541,0.0236581,0.0076322,-9.9338112,-9.3220625,-13.7203827,-10.2735167,0.8612410,-0.0351906,-0.1241750,-0.1168824,0.1736732,0.0029464,0.2218731,0.0352382,0.0975048,0.0818059,0.0174434,0.0390139,-0.0306860,0.0435624,0.0022382,-0.0322490,0.1522110,0.5579683,0.9330991,-0.0301603,0.0266947
16.744921600,1791082597.122411251,0,0,-0.0053351,0.0238165,0.0071550,-9.9318466,-9.3157482,-13.7104053,-10.2621593,0.8618363,-0.0273396,-0.1227736,-0.1166290,0.1711034,0.0030518,0.2190829,0.0349420,0.0976616,0.0817909,0.0173694,0.0398353,-0.0306081,0.0435632,0.0022373,-0.0324441,0.1524637,0.5578643,0.9332807,-0.0310629,0.0267431
16.763549138,1791082597.141038656,0,0,-0.0068548,0.0241231,0.0080857,-9.9371834,-9.3325043,-13.7493019,-10.2472944,0.8610895,-0.0226052,-0.1238433,-0.1166317,0.1719056,0.0032782,0.2227416,0.0369863,0.0978169,0.0817757,0.0172981,0.0399759,-0.0305294,0.0435641,0.0022364,-0.0326377,0.1527039,0.5577657,0.9334571,-0.0320209,0.0268088
16.783453459,1791082597.160942793,0,0,-0.0065850,0.0240898,0.0094639,-9.9605865,-9.3493080,-13.7567749,-10.2744045,0.8621156,-0.0202682,-0.1222922,-0.1149059,0.1706103,0.0029789,0.2222898,0.0353603,0.0979849,0.0817533,0.0171759,0.0415306,-0.0304486,0.0435647,0.0022366,-0.0328273,0.1530207,0.5576792,0.9336342,-0.0321232,0.0273400
16.805581030,1791082597.183070660,0,0,-0.0070360,0.0241355,0.0087603,-9.9614916,-9.3532848,-13.7596722,-10.2595806,0.8618685,-0.0126745,-0.1236491,-0.1149251,0.1708632,0.0030026,0.2261401,0.0352767,0.0981411,0.0817349,0.0170294,0.0416380,-0.0303632,0.0435654,0.0022369,-0.0330178,0.1532791,0.5575920,0.9337986,-0.0318280,0.0285535
16.825535465,1791082597.203024626,0,0,-0.0070314,0.0242951,0.0095733,-9.9846487,-9.3644924,-13.7688856,-10.2714949,0.8629377,-0.0071773,-0.1262139,-0.1147165,0.1732946,0.0027800,0.2336728,0.0373659,0.0982975,0.0817165,0.0168921,0.0416977,-0.0302768,0.0435660,0.0022372,-0.0332081,0.1535411,0.5575022,0.9339687,-0.0315000,0.0297009
16.844893462,1791082597.222383022,0,0,-0.0068094,0.0254796,0.0092269,-10.0240030,-9.3747396,-13.7638674,-10.2951317,0.8620803,-0.0004436,-0.1299166,-0.1160991,0.1766551,0.0026678,0.2421349,0.0414121,0.0984606,0.0816957,0.0168432,0.0418611,-0.0301835,0.0435666,0.0022369,-0.0333992,0.1538187,0.5573994,0.9341641,-0.0314627,0.0300416
16.864535214,1791082597.242024660,0,0,-0.0068669,0.0252868,0.0108503,-10.0489120,-9.3904877,-13.7719860,-10.2881422,0.8633500,0.0035092,-0.1299418,-0.1161975,0.1756009,0.0025765,0.2413919,0.0414020,0.0986232,0.0816751,0.0168062,0.0418707,-0.0300886,0.0435672,0.0022366,-0.0335891,0.1540858,0.5572998,0.9343572,-0.0314652,0.0303841
16.884875359,1791082597.262365103,0,0,-0.0069472,0.0255849,0.0100691,-10.0750895,-9.4263058,-13.7755527,-10.2765808,0.8639311,0.0087897,-0.1300210,-0.1154466,0.1743859,0.0022703,0.2418327,0.0415094,0.0987829,0.0816562,0.0167407,0.0420222,-0.0299977,0.0435677,0.0022364,-0.0337703,0.1544034,0.5572008,0.9345752,-0.0319784,0.0306532
16.904964007,1791082597.282453775,0,0,-0.0082693,0.0254685,0.0110193,-10.0880547,-9.4375706,-13.7805986,-10.2465525,0.8642363,0.0148551,-0.1347213,-0.1177699,0.1778719,0.0029379,0.2508861,0.0453603,0.0989287,0.0816416,0.0166715,0.0406139,-0.0299260,0.0435679,0.0022364,-0.0339482,0.1546199,0.5570889,0.9348302,-0.0326063,0.0303202
16.924799461,1791082597.302289248,0,0,-0.0089777,0.0255608,0.0102401,-10.1071892,-9.4573421,-13.7817764,-10.2529707,0.8632404,0.0195484,-0.1407089,-0.1214893,0.1836428,0.0036522,0.2634471,0.0501337,0.0990729,0.0816263,0.0166271,0.0401679,-0.0298527,0.0435681,0.0022365,-0.0341254,0.1548283,0.5569814,0.9350747,-0.0332809,0.0299043
16.944953712,1791082597.322443485,0,0,-0.0091063,0.0251982,0.0107115,-10.1328211,-9.4770584,-13.7744370,-10.2479115,0.8651745,0.0246345,-0.1417542,-0.1226488,0.1841505,0.0043038,0.2657126,0.0508083,0.0992151,0.0816097,0.0166265,0.0396825,-0.0297710,0.0435689,0.0022359,-0.0343032,0.1550417,0.5569031,0.9352331,-0.0341479,0.0298164
16.966576017,1791082597.344065428,0,0,-0.0088505,0.0250876,0.0106153,-10.1446934,-9.5101509,-13.7790527,-10.2416849,0.8666211,0.0308764,-0.1425412,-0.1224097,0.1831347,0.0046780,0.2673294,0.0487205,0.0993589,0.0815937,0.0166064,0.0397062,-0.0296907,0.0435697,0.0022352,-0.0344807,0.1552622,0.5568218,0.9353954,-0.0349067,0.0298681
16.983497027,1791082597.360986471,0,0,-0.0090252,0.0248244,0.0114283,-10.1503944,-9.5145388,-13.7895794,-10.2381468,0.8673838,0.0380482,-0.1420259,-0.1234584,0.1815405,0.0057290,0.2660634,0.0473747,0.0994896,0.0815833,0.0165732,0.0405753,-0.0296339,0.0435707,0.0022347,-0.0346480,0.1552664,0.5567188,0.9355383,-0.0355512,0.0300690
17.004529070,1791082597.382019043,0,0,-0.0092609,0.0242557,0.0109875,-10.1762581,-9.5252409,-13.7707672,-10.2379103,0.8675573,0.0465388,-0.1422951,-0.1262634,0.1802953,0.0060430,0.2645462,0.0475632,0.0996240,0.0815731,0.0165773,0.0389936,-0.0295741,0.0435713,0.0022345,-0.0348207,0.1553007,0.5566236,0.9357132,-0.0363712,0.0297364
17.026356054,1791082597.403845549,0,0,-0.0104013,0.0241828,0.0096214,-10.1823406,-9.5395155,-13.7792463,-10.2177935,0.8670599,0.0543440,-0.1431748,-0.1255478,0.1803279,0.0067810,0.2700772,0.0481934,0.0997576,0.0815624,0.0165856,0.0385414,-0.0295149,0.0435720,0.0022342,-0.0349929,0.1553315,0.5565303,0.9358842,-0.0371431,0.0294254
17.045639425,1791082597.423129082,0,0,-0.0109971,0.0245801,0.0105092,-10.2011652,-9.5517397,-13.7732277,-10.1974106,0.8677264,0.0602067,-0.1431538,-0.1248116,0.1793864,0.0078018,0.2715389,0.0481920,0.0999086,0.0815477,0.0166944,0.0375555,-0.0294285,0.0435723,0.0022333,-0.0351780,0.1555413,0.5564448,0.9361002,-0.0383001,0.0285805
17.064747108,1791082597.442236900,0,0,-0.0125006,0.0242840,0.0114823,-10.2016010,-9.5700817,-13.7838726,-10.1882792,0.8673553,0.0659460,-0.1406067,-0.1249139,0.1772908,0.0084845,0.2697850,0.0464401,0.1000603,0.0815331,0.0167893,0.0372434,-0.0293424,0.0435727,0.0022324,-0.0353617,0.1557428,0.5563616,0.9363070,-0.0393610,0.0277861
17.084594755,1791082597.462083817,0,0,-0.0130323,0.0243864,0.0120716,-10.2184362,-9.5942993,-13.8057070,-10.2118006,0.8663858,0.0743843,-0.1392147,-0.1229791,0.1761274,0.0087518,0.2728389,0.0463245,0.1002198,0.0815130,0.0167804,0.0393283,-0.0292401,0.0435736,0.0022319,-0.0355520,0.1559800,0.5563017,0.9364431,-0.0392493,0.0283494
17.104659786,1791082597.482149124,0,0,-0.0132757,0.0241408,0.0111584,-10.2426739,-9.6061277,-13.7998867,-10.2211294,0.8659486,0.0793977,-0.1400569,-0.1252662,0.1768265,0.0089219,0.2749897,0.0480822,0.1003591,0.0815000,0.0167596,0.0392938,-0.0291722,0.0435746,0.0022310,-0.0357273,0.1560667,0.5562077,0.9366136,-0.0397133,0.0278706
17.125033981,1791082597.502523899,0,0,-0.0135199,0.0242919,0.0110295,-10.2667961,-9.6298494,-13.8012714,-10.2395639,0.8655796,0.0864839,-0.1404759,-0.1280445,0.1780612,0.0096629,0.2800448,0.0501433,0.1004966,0.0814864,0.0167584,0.0392091,-0.0291021,0.0435755,0.0022302,-0.0359012,0.1561462,0.5561184,0.9367786,-0.0402513,0.0273894
17.147616897,1791082597.525106668,0,0,-0.0141009,0.0248189,0.0113020,-10.2722178,-9.6377239,-13.8098373,-10.2171745,0.8654664,0.0918412,-0.1396255,-0.1272360,0.1748289,0.0097688,0.2754939,0.0495979,0.1006563,0.0814672,0.0167595,0.0389966,-0.0289837,0.0435756,0.0022299,-0.0360900,0.1565102,0.5560486,0.9370362,-0.0402281,0.0273256
17.165450742,1791082597.542940378,0,0,-0.0146968,0.0249925,0.0130593,-10.2796745,-9.6589069,-13.8165751,-10.2124634,0.8660260,0.0960906,-0.1392614,-0.1273896,0.1739575,0.0103930,0.2758255,0.0486050,0.1008010,0.0814483,0.0166898,0.0398100,-0.0289054,0.0435758,0.0022304,-0.0362571,0.1566536,0.5559680,0.9372449,-0.0397239,0.0275654
17.186472288,1791082597.563962221,0,0,-0.0148377,0.0247108,0.0129411,-10.3094072,-9.6748753,-13.8204927,-10.2298841,0.8665383,0.1007095,-0.1374346,-0.1266591,0.1723521,0.0095101,0.2749225,0.0489748,0.1009431,0.0814292,0.0166351,0.0400554,-0.0288248,0.0435760,0.0022308,-0.0364234,0.1567995,0.5558877,0.9374575,-0.0392833,0.0277906
17.204753861,1791082597.582243443,0,0,-0.0153481,0.0247832,0.0121615,-10.3105822,-9.6837921,-13.8326492,-10.2465382,0.8647374,0.1072792,-0.1361794,-0.1277952,0.1702657,0.0089727,0.2731901,0.0483670,0.1010736,0.0814148,0.0166361,0.0395763,-0.0287483,0.0435763,0.0022307,-0.0365872,0.1568960,0.5558029,0.9376683,-0.0394045,0.0272812
17.225213147,1791082597.602702856,0,0,-0.0156507,0.0256187,0.0126133,-10.3168097,-9.6968784,-13.8536568,-10.2573071,0.8644854,0.1119830,-0.1366460,-0.1265181,0.1717637,0.0093124,0.2821634,0.0495695,0.1012036,0.0814002,0.0166452,0.0393802,-0.0286713,0.0435765,0.0022306,-0.0367506,0.1569887,0.5557196,0.9378760,-0.0395437,0.0268104
17.245019224,1791082597.622509003,0,0,-0.0149791,0.0259013,0.0137508,-10.3366280,-9.7054443,-13.8548050,-10.2762852,0.8647621,0.1169570,-0.1354394,-0.1252928,0.1702528,0.0091445,0.2812559,0.0484854,0.1013463,0.0813819,0.0167350,0.0389563,-0.0285718,0.0435772,0.0022295,-0.0369269,0.1571679,0.5556566,0.9380323,-0.0400645,0.0266130
17.266406480,1791082597.643896103,0,0,-0.0144994,0.0259037,0.0137171,-10.3512459,-9.7069178,-13.8503828,-10.2797709,0.8633897,0.1239057,-0.1354218,-0.1268939,0.1678743,0.0086397,0.2782709,0.0487917,0.1014917,0.0813645,0.0167959,0.0388728,-0.0284740,0.0435779,0.0022283,-0.0371050,0.1573474,0.5555913,0.9381913,-0.0405364,0.0263863
17.286678207,1791082597.664168119,0,0,-0.0145708,0.0256829,0.0128329,-10.3725128,-9.7140503,-13.8628349,-10.2832565,0.8622133,0.1292650,-0.1353279,-0.1280973,0.1667870,0.0084864,0.2782153,0.0506911,0.1016400,0.0813469,0.0168074,0.0391753,-0.0283792,0.0435782,0.0022281,-0.0372817,0.1575005,0.5555053,0.9383940,-0.0404904,0.0263725
17.305661886,1791082597.683151722,0,0,-0.0156133,0.0256520,0.0135742,-10.3876619,-9.7438946,-13.8856602,-10.2765379,0.8616056,0.1318398,-0.1372563,-0.1299899,0.1684598,0.0089552,0.2839037,0.0532931,0.1017822,0.0813288,0.0167958,0.0415317,-0.0282820,0.0435788,0.0022273,-0.0374492,0.1576672,0.5554008,0.9385967,-0.0404906,0.0262512
17.324700927,1791082597.702190638,0,0,-0.0153648,0.0256537,0.0142089,-10.4223099,-9.7645044,-13.8787346,-10.3102026,0.8626579,0.1341557,-0.1369560,-0.1316971,0.1693882,0.0088366,0.2873949,0.0526069,0.1019219,0.0813107,0.0167973,0.0421722,-0.0281835,0.0435793,0.0022265,-0.0376148,0.1578242,0.5552993,0.9387972,-0.0405153,0.0262157
17.344931916,1791082597.722422123,0,0,-0.0151329,0.0258486,0.0144323,-10.4394751,-9.7863550,-13.8807869,-10.3226795,0.8636174,0.1376815,-0.1370007,-0.1317070,0.1683982,0.0088667,0.2870000,0.0515819,0.1020685,0.0812927,0.0169012,0.0389986,-0.0280645,0.0435794,0.0022253,-0.0378012,0.1581084,0.5552254,0.9390308,-0.0409362,0.0256388
17.366576334,1791082597.744065762,0,0,-0.0157233,0.0252999,0.0136427,-10.4537477,-9.8066683,-13.8914223,-10.3142147,0.8643865,0.1415360,-0.1394358,-0.1352917,0.1707658,0.0095517,0.2939267,0.0541968,0.1022174,0.0812749,0.0170053,0.0381745,-0.0279459,0.0435796,0.0022242,-0.0379883,0.1583916,0.5551513,0.9392599,-0.0413318,0.0250051
17.383716649,1791082597.761206627,0,0,-0.0164404,0.0256463,0.0132676,-10.4660320,-9.8290024,-13.9002333,-10.3272533,0.8652718,0.1463373,-0.1369398,-0.1340907,0.1688333,0.0094655,0.2925685,0.0545387,0.1023656,0.0812577,0.0170510,0.0393657,-0.0278419,0.0435802,0.0022234,-0.0381678,0.1585357,0.5550618,0.9394400,-0.0414437,0.0249237
17.406866658,1791082597.784356356,0,0,-0.0174652,0.0260034,0.0135490,-10.4582624,-9.8510771,-13.8954506,-10.3107843,0.8666306,0.1502487,-0.1351684,-0.1325906,0.1658752,0.0092507,0.2892345,0.0518967,0.1025111,0.0812394,0.0170454,0.0394174,-0.0277356,0.0435806,0.0022226,-0.0383472,0.1587335,0.5549856,0.9396367,-0.0413385,0.0248344
17.425370447,1791082597.802860737,0,0,-0.0175626,0.0266187,0.0150160,-10.4748306,-9.8722687,-13.9031124,-10.3181791,0.8678756,0.1520728,-0.1355672,-0.1305542,0.1668195,0.0092358,0.2956549,0.0511952,0.1026567,0.0812209,0.0170481,0.0395433,-0.0276278,0.0435810,0.0022217,-0.0385252,0.1589305,0.5549102,0.9398336,-0.0412229,0.0248180
17.444558134,1791082597.822047710,0,0,-0.0176511,0.0265338,0.0146804,-10.4727478,-9.8678226,-13.9138432,-10.3165808,0.8665214,0.1551268,-0.1355798,-0.1296349,0.1655773,0.0090074,0.2943003,0.0505942,0.1028076,0.0812024,0.0170787,0.0394117,-0.0275142,0.0435814,0.0022211,-0.0387038,0.1591095,0.5548431,0.9400129,-0.0410872,0.0250679
17.464577947,1791082597.842067719,0,0,-0.0182617,0.0261196,0.0142964,-10.4695969,-9.8732738,-13.8977461,-10.3101149,0.8661200,0.1591980,-0.1348795,-0.1305637,0.1640005,0.0085919,0.2922673,0.0500271,0.1029585,0.0811841,0.0170963,0.0393460,-0.0274015,0.0435818,0.0022204,-0.0388828,0.1592846,0.5547743,0.9401934,-0.0409404,0.0252345
17.485601062,1791082597.863090992,0,0,-0.0186498,0.0254456,0.0152193,-10.4782686,-9.8841944,-13.8904724,-10.3140402,0.8676752,0.1631300,-0.1338059,-0.1314313,0.1634053,0.0082587,0.2925890,0.0495579,0.1031029,0.0811669,0.0170655,0.0398796,-0.0272920,0.0435822,0.0022200,-0.0390607,0.1594605,0.5547089,0.9403697,-0.0409357,0.0256409
17.503603009,1791082597.881092548,0,0,-0.0188278,0.0252734,0.0153073,-10.4874411,-9.8896389,-13.8780193,-10.3081484,0.8679104,0.1666172,-0.1338475,-0.1310892,0.1634880,0.0082475,0.2962352,0.0476256,0.1032491,0.0811485,0.0171064,0.0394797,-0.0271948,0.0435826,0.0022188,-0.0392328,0.1595724,0.5545831,0.9406135,-0.0412268,0.0249912
17.524637292,1791082597.902126789,0,0,-0.0185652,0.0255038,0.0147916,-10.4980145,-9.8984070,-13.8734875,-10.3260183,0.8666199,0.1723458,-0.1294849,-0.1264742,0.1611222,0.0083464,0.2979526,0.0433588,0.1033939,0.0811291,0.0171755,0.0393804,-0.0270969,0.0435829,0.0022177,-0.0394027,0.1596750,0.5544671,0.9408430,-0.0415508,0.0245528
17.544900250,1791082597.922389746,0,0,-0.0185840,0.0254215,0.0167113,-10.5049019,-9.9027977,-13.8712721,-10.3374577,0.8669308,0.1762626,-0.1278696,-0.1270285,0.1596541,0.0087139,0.2960065,0.0413528,0.1035410,0.0811097,0.0172154,0.0392056,-0.0269853,0.0435830,0.0022171,-0.0395735,0.1598919,0.5543734,0.9411015,-0.0419074,0.0243221
17.565816865,1791082597.943307161,0,0,-0.0190590,0.0254662,0.0162131,-10.5112953,-9.9137812,-13.8813248,-10.3395023,0.8656166,0.1820200,-0.1287683,-0.1295278,0.1612167,0.0092953,0.3047568,0.0425720,0.1036873,0.0810900,0.0172613,0.0391186,-0.0268730,0.0435830,0.0022165,-0.0397440,0.1601057,0.5542791,0.9413580,-0.0422461,0.0240164
17.586979536,1791082597.964469194,0,0,-0.0191292,0.0252671,0.0159713,-10.5320778,-9.9321461,-13.8601208,-10.3454809,0.8656353,0.1850357,-0.1288593,-0.1323216,0.1615466,0.0097916,0.3063637,0.0423290,0.1038402,0.0810693,0.0173364,0.0406434,-0.0267624,0.0435833,0.0022159,-0.0399041,0.1602898,0.5541759,0.9415885,-0.0426333,0.0239030
17.605962223,1791082597.983452082,0,0,-0.0199123,0.0259715,0.0166685,-10.5392027,-9.9544106,-13.8686123,-10.3284388,0.8657140,0.1873401,-0.1301095,-0.1290577,0.1619950,0.0103285,0.3136999,0.0414242,0.1039803,0.0810521,0.0173596,0.0411956,-0.0266669,0.0435837,0.0022151,-0.0400600,0.1603426,0.5540802,0.9417724,-0.0431969,0.0240720
17.624648035,1791082598.002137661,0,0,-0.0201347,0.0264498,0.0169334,-10.5584698,-9.9796066,-13.8763046,-10.3417892,0.8656287,0.1887128,-0.1314772,-0.1298006,0.1643159,0.0108231,0.3226051,0.0415439,0.1041200,0.0810352,0.0173775,0.0413674,-0.0265716,0.0435841,0.0022142,-0.0402162,0.1603922,0.5539836,0.9419585,-0.0437425,0.0242149
17.648978282,1791082598.026468277,0,0,-0.0197929,0.0267533,0.0168527,-10.5781984,-10.0025492,-13.8849020,-10.3614092,0.8650826,0.1921851,-0.1312047,-0.1291569,0.1625745,0.0105447,0.3204123,0.0412831,0.1042619,0.0810174,0.0174501,0.0401948,-0.0264614,0.0435844,0.0022129,-0.0403874,0.1605186,0.5538903,0.9421619,-0.0441992,0.0240569
17.666565750,1791082598.044055462,0,0,-0.0201655,0.0261607,0.0169490,-10.5933542,-10.0256395,-13.8830395,-10.3548889,0.8667994,0.1968628,-0.1317823,-0.1296128,0.1620338,0.0105459,0.3230994,0.0408430,0.1044022,0.0810022,0.0175099,0.0403987,-0.0263568,0.0435845,0.0022116,-0.0405488,0.1606420,0.5537488,0.9424640,-0.0451626,0.0232773
17.690448364,1791082598.067938089,0,0,-0.0211859,0.0266084,0.0169074,-10.5799637,-10.0454044,-13.8967381,-10.3684702,0.8665720,0.2003318,-0.1285558,-0.1292562,0.1619059,0.0109654,0.3277693,0.0377396,0.1045406,0.0809861,0.0175932,0.0404317,-0.0262513,0.0435846,0.0022105,-0.0407072,0.1607541,0.5536173,0.9427463,-0.0460930,0.0226631
17.704914789,1791082598.082404375,0,0,-0.0221646,0.0262155,0.0176519,-10.5681610,-10.0494432,-13.8903723,-10.3536921,0.8666053,0.2045911,-0.1266973,-0.1311509,0.1608307,0.0116713,0.3278888,0.0347311,0.1046823,0.0809684,0.0176411,0.0435396,-0.0261317,0.0435851,0.0022088,-0.0408603,0.1608947,0.5534961,0.9429516,-0.0469438,0.0227099
17.727359622,1791082598.104849100,0,0,-0.0222345,0.0254585,0.0180291,-10.6019087,-10.0532713,-13.8725471,-10.3426476,0.8680047,0.2106392,-0.1273639,-0.1314158,0.1585894,0.0116566,0.3234954,0.0360363,0.1048228,0.0809515,0.0176690,0.0443042,-0.0260118,0.0435856,0.0022070,-0.0410141,0.1610197,0.5533725,0.9431601,-0.0477763,0.0226226
17.748751392,1791082598.126240730,0,0,-0.0223233,0.0253482,0.0171604,-10.6150951,-10.0763454,-13.8629122,-10.3460426,0.8676410,0.2159056,-0.1266864,-0.1313262,0.1572951,0.0122603,0.3255980,0.0358779,0.1049644,0.0809305,0.0176750,0.0408625,-0.0259067,0.0435856,0.0022066,-0.0411718,0.1611473,0.5532940,0.9433736,-0.0474877,0.0226496
17.765482157,1791082598.142971992,0,0,-0.0226164,0.0256710,0.0180504,-10.6327286,-10.0851517,-13.8718948,-10.3591833,0.8666773,0.2212188,-0.1276776,-0.1363721,0.1572767,0.0127048,0.3268718,0.0353719,0.1050922,0.0809162,0.0176599,0.0423485,-0.0258182,0.0435863,0.0022058,-0.0413185,0.1610608,0.5531964,0.9435132,-0.0476093,0.0233712
17.786621341,1791082598.164110899,0,0,-0.0225630,0.0252614,0.0181890,-10.6486406,-10.0971060,-13.8623848,-10.3425035,0.8670067,0.2283370,-0.1274958,-0.1381736,0.1539962,0.0131307,0.3212207,0.0347903,0.1052196,0.0809025,0.0176322,0.0427447,-0.0257301,0.0435869,0.0022049,-0.0414663,0.1609744,0.5530955,0.9436585,-0.0477475,0.0240327
17.805496057,1791082598.182985544,0,0,-0.0231455,0.0256195,0.0190561,-10.6644964,-10.1172562,-13.8797312,-10.3263102,0.8681074,0.2322870,-0.1272109,-0.1330821,0.1521424,0.0134750,0.3246813,0.0340418,0.1053609,0.0808842,0.0177021,0.0399040,-0.0256094,0.0435870,0.0022036,-0.0416378,0.1610763,0.5529903,0.9439015,-0.0476625,0.0239962
17.825532065,1791082598.203021765,0,0,-0.0235752,0.0260302,0.0188012,-10.6696272,-10.1146088,-13.8877335,-10.3259487,0.8676233,0.2365752,-0.1280989,-0.1326525,0.1510970,0.0138232,0.3264232,0.0344395,0.1055036,0.0808655,0.0177850,0.0391997,-0.0254891,0.0435871,0.0022023,-0.0418085,0.1611711,0.5528873,0.9441369,-0.0475382,0.0239745
17.847598067,1791082598.225087643,0,0,-0.0242971,0.0257872,0.0199645,-10.6650610,-10.1202230,-13.9076328,-10.3250580,0.8674947,0.2403542,-0.1261977,-0.1327752,0.1499672,0.0143027,0.3266273,0.0335891,0.1056457,0.0808482,0.0177828,0.0417103,-0.0253758,0.0435872,0.0022014,-0.0419627,0.1612612,0.5527500,0.9444189,-0.0475317,0.0238734
17.866492112,1791082598.243981838,0,0,-0.0239682,0.0259563,0.0188822,-10.7057514,-10.1356850,-13.9112606,-10.3530712,0.8665605,0.2427402,-0.1245876,-0.1342051,0.1514678,0.0144351,0.3342152,0.0352340,0.1057736,0.0808354,0.0178248,0.0436601,-0.0252589,0.0435876,0.0021996,-0.0421166,0.1612551,0.5526093,0.9446464,-0.0481885,0.0238255
17.885515826,1791082598.263005495,0,0,-0.0237790,0.0264540,0.0195978,-10.7253666,-10.1424274,-13.9008408,-10.3534298,0.8673680,0.2448607,-0.1260649,-0.1340861,0.1510996,0.0143188,0.3361058,0.0347003,0.1059013,0.0808231,0.0178547,0.0441292,-0.0251410,0.0435879,0.0021978,-0.0422706,0.1612384,0.5524701,0.9448689,-0.0488248,0.0237718
17.906814793,1791082598.284304142,0,0,-0.0239007,0.0261792,0.0192524,-10.7438583,-10.1757374,-13.9025249,-10.3585501,0.8683420,0.2480067,-0.1296680,-0.1385335,0.1521715,0.0144758,0.3403993,0.0352427,0.1060246,0.0808101,0.0178429,0.0428727,-0.0250383,0.0435886,0.0021964,-0.0424187,0.1612219,0.5523934,0.9450004,-0.0492559,0.0243779
17.926764429,1791082598.304254055,0,0,-0.0237959,0.0257887,0.0203836,-10.7703180,-10.1933098,-13.9057436,-10.3548861,0.8687893,0.2504658,-0.1309593,-0.1408245,0.1509786,0.0141475,0.3363761,0.0359325,0.1061491,0.0807978,0.0178198,0.0426646,-0.0249355,0.0435893,0.0021948,-0.0425675,0.1612155,0.5523127,0.9451393,-0.0496496,0.0249312
17.946973595,1791082598.324463129,0,0,-0.0243661,0.0255522,0.0202205,-10.7890415,-10.2058773,-13.9079933,-10.3579006,0.8694091,0.2527036,-0.1312793,-0.1421182,0.1516523,0.0139533,0.3418559,0.0366577,0.1062769,0.0807823,0.0177983,0.0423995,-0.0248378,0.0435896,0.0021943,-0.0427138,0.1611998,0.5522231,0.9453318,-0.0493429,0.0251875
17.965575917,1791082598.343065023,0,0,-0.0245041,0.0258151,0.0201047,-10.7912207,-10.2113419,-13.9161301,-10.3466721,0.8703588,0.2557588,-0.1325055,-0.1407527,0.1499932,0.0139564,0.3403554,0.0358581,0.1064107,0.0807644,0.0179000,0.0406494,-0.0247270,0.0435899,0.0021927,-0.0428698,0.1612539,0.5521410,0.9455187,-0.0495531,0.0249375
17.987414903,1791082598.364904404,0,0,-0.0246208,0.0261746,0.0197190,-10.7865400,-10.2083569,-13.9247437,-10.3394499,0.8684750,0.2613354,-0.1312340,-0.1401493,0.1472807,0.0138014,0.3381145,0.0363424,0.1065459,0.0807466,0.0179932,0.0401742,-0.0246176,0.0435902,0.0021912,-0.0430260,0.1613058,0.5520592,0.9457036,-0.0497300,0.0247182
18.005616858,1791082598.383105755,0,0,-0.0247264,0.0259750,0.0200404,-10.8057728,-10.1985083,-13.9235477,-10.3422537,0.8682325,0.2643237,-0.1309287,-0.1411069,0.1469788,0.0140103,0.3403500,0.0380762,0.1066818,0.0807288,0.0180161,0.0412908,-0.0245065,0.0435901,0.0021904,-0.0431742,0.1613858,0.5519390,0.9459921,-0.0498914,0.0243132
18.026523170,1791082598.404012918,0,0,-0.0250789,0.0259706,0.0203531,-10.8355751,-10.2259197,-13.9268951,-10.3624277,0.8674864,0.2672754,-0.1290680,-0.1435681,0.1474871,0.0148208,0.3461444,0.0384942,0.1068144,0.0807101,0.0180733,0.0415275,-0.0243921,0.0435900,0.0021897,-0.0433201,0.1614585,0.5518251,0.9462690,-0.0501002,0.0239151
18.048466224,1791082598.425955534,0,0,-0.0257576,0.0254804,0.0205550,-10.8433180,-10.2594700,-13.9259911,-10.3558846,0.8689396,0.2704134,-0.1286641,-0.1441683,0.1464171,0.0152398,0.3462131,0.0352431,0.1069473,0.0806907,0.0182415,0.0393818,-0.0242715,0.0435901,0.0021881,-0.0434780,0.1615328,0.5517557,0.9464691,-0.0501173,0.0235501
18.066784760,1791082598.444274187,0,0,-0.0260856,0.0255291,0.0210156,-10.8557024,-10.2841902,-13.9357624,-10.3455753,0.8700235,0.2749605,-0.1309403,-0.1445926,0.1451379,0.0157187,0.3457151,0.0362197,0.1070622,0.0806803,0.0182529,0.0400558,-0.0241851,0.0435909,0.0021869,-0.0436185,0.1613978,0.5516735,0.9465976,-0.0503870,0.0238450
18.086936772,1791082598.464426279,0,0,-0.0262927,0.0260904,0.0204549,-10.8782282,-10.3059769,-13.9451923,-10.3636045,0.8703938,0.2771386,-0.1277602,-0.1415176,0.1448235,0.0154659,0.3519945,0.0366420,0.1071771,0.0806696,0.0182560,0.0402473,-0.0240988,0.0435917,0.0021856,-0.0437599,0.1612648,0.5515885,0.9467303,-0.0506400,0.0241009
18.105642074,1791082598.483131409,0,0,-0.0256547,0.0261157,0.0201372,-10.9064674,-10.3174801,-13.9319096,-10.3760195,0.8702858,0.2798829,-0.1315256,-0.1468032,0.1460890,0.0152257,0.3567375,0.0391646,0.1073116,0.0806502,0.0183252,0.0395361,-0.0239798,0.0435918,0.0021844,-0.0439254,0.1613299,0.5515148,0.9469300,-0.0501405,0.0242243
18.126676646,1791082598.504165888,0,0,-0.0262366,0.0262732,0.0206587,-10.8917856,-10.3292608,-13.9406796,-10.3601294,0.8703883,0.2826498,-0.1332852,-0.1450458,0.1443252,0.0152149,0.3554828,0.0365940,0.1074465,0.0806307,0.0183911,0.0393927,-0.0238615,0.0435919,0.0021832,-0.0440891,0.1613890,0.5514414,0.9471276,-0.0495731,0.0244326
18.146999512,1791082598.524488926,0,0,-0.0268746,0.0260999,0.0214709,-10.8914366,-10.3412838,-13.9483509,-10.3674164,0.8713568,0.2853133,-0.1320003,-0.1470426,0.1442509,0.0155648,0.3583463,0.0351765,0.1075815,0.0806115,0.0184216,0.0397191,-0.0237442,0.0435920,0.0021819,-0.0442448,0.1614576,0.5513546,0.9473422,-0.0492945,0.0244673
18.168537623,1791082598.546026945,0,0,-0.0275184,0.0266833,0.0212767,-10.8945618,-10.3436232,-13.9696426,-10.3665705,0.8700970,0.2873996,-0.1295018,-0.1439458,0.1441769,0.0159263,0.3669397,0.0348598,0.1077288,0.0805895,0.0185160,0.0406801,-0.0236063,0.0435919,0.0021809,-0.0443984,0.1616504,0.5512357,0.9476606,-0.0491986,0.0238732
18.187585498,1791082598.565075159,0,0,-0.0270675,0.0262258,0.0218193,-10.9106941,-10.3478899,-13.9663935,-10.3965521,0.8697534,0.2882730,-0.1281283,-0.1461536,0.1448895,0.0160188,0.3686763,0.0348503,0.1078740,0.0805673,0.0186400,0.0409159,-0.0234657,0.0435917,0.0021799,-0.0445502,0.1618300,0.5511225,0.9479639,-0.0491609,0.0232666
18.206459222,1791082598.583948851,0,0,-0.0280358,0.0262345,0.0214205,-10.9274464,-10.3648043,-13.9490461,-10.3960085,0.8706032,0.2902826,-0.1248034,-0.1436057,0.1439523,0.0157059,0.3698183,0.0352758,0.1080014,0.0805481,0.0186903,0.0407621,-0.0233558,0.0435919,0.0021788,-0.0446920,0.1618219,0.5510445,0.9481407,-0.0489372,0.0232686
18.225476792,1791082598.602966070,0,0,-0.0283049,0.0265250,0.0211757,-10.9352942,-10.3783007,-13.9335899,-10.3879976,0.8704520,0.2921539,-0.1242738,-0.1432044,0.1430609,0.0154393,0.3722419,0.0323566,0.1081286,0.0805293,0.0187264,0.0408491,-0.0232472,0.0435921,0.0021777,-0.0448336,0.1618212,0.5509647,0.9483241,-0.0486987,0.0234074
18.248898109,1791082598.626387596,0,0,-0.0281730,0.0273835,0.0219474,-10.9403305,-10.3949442,-13.9449615,-10.3956137,0.8710567,0.2944820,-0.1240673,-0.1387683,0.1423312,0.0153971,0.3775504,0.0300236,0.1082604,0.0805113,0.0188144,0.0407592,-0.0231360,0.0435923,0.0021762,-0.0449740,0.1618546,0.5508618,0.9485376,-0.0492447,0.0229442
18.265405506,1791082598.642895222,0,0,-0.0284288,0.0276185,0.0222308,-10.9358978,-10.3901911,-13.9414825,-10.3941679,0.8698037,0.2980401,-0.1239470,-0.1394087,0.1412014,0.0151414,0.3793116,0.0294209,0.1083994,0.0804902,0.0189160,0.0404973,-0.0230090,0.0435926,0.0021746,-0.0451246,0.1618988,0.5507615,0.9487145,-0.0495580,0.0231467
18.288690946,1791082598.666180611,0,0,-0.0286882,0.0276918,0.0230859,-10.9496193,-10.3873253,-13.9503260,-10.3960838,0.8690501,0.2991647,-0.1249063,-0.1395586,0.1415570,0.0146794,0.3826346,0.0311144,0.1085409,0.0804700,0.0189982,0.0404339,-0.0228820,0.0435929,0.0021729,-0.0452765,0.1619412,0.5506579,0.9488954,-0.0498539,0.0232513
18.305441455,1791082598.682930946,0,0,-0.0291225,0.0276901,0.0231812,-10.9624405,-10.4125013,-13.9648304,-10.4139929,0.8678713,0.2987267,-0.1227620,-0.1417270,0.1436663,0.0153811,0.3942653,0.0309788,0.1086628,0.0804555,0.0190215,0.0410070,-0.0227823,0.0435934,0.0021714,-0.0454156,0.1618482,0.5505648,0.9490493,-0.0501690,0.0233379
18.326650370,1791082598.704139948,0,0,-0.0289597,0.0271616,0.0222381,-10.9645767,-10.4185867,-13.9462605,-10.3994570,0.8675494,0.3020545,-0.1260608,-0.1444360,0.1423617,0.0152015,0.3898497,0.0294135,0.1087835,0.0804407,0.0190404,0.0412194,-0.0226838,0.0435939,0.0021699,-0.0455542,0.1617593,0.5504724,0.9492032,-0.0504952,0.0234704
18.349000447,1791082598.726490259,0,0,-0.0297526,0.0264810,0.0227372,-10.9497309,-10.4314070,-13.9444637,-10.3799887,0.8681902,0.3050332,-0.1256707,-0.1483202,0.1414688,0.0153748,0.3913429,0.0273077,0.1089104,0.0804228,0.0190770,0.0408130,-0.0225662,0.0435942,0.0021684,-0.0457061,0.1617567,0.5503828,0.9493840,-0.0504403,0.0237327
18.366446151,1791082598.743935823,0,0,-0.0297138,0.0264275,0.0234888,-10.9766531,-10.4452953,-13.9400511,-10.3885031,0.8700264,0.3068645,-0.1258966,-0.1483379,0.1417657,0.0152714,0.3967872,0.0272348,0.1090418,0.0804012,0.0190767,0.0418665,-0.0224418,0.0435947,0.0021667,-0.0458542,0.1618298,0.5503188,0.9495249,-0.0501268,0.0245887
18.386689270,1791082598.764179230,0,0,-0.0303701,0.0268292,0.0230244,-10.9872017,-10.4417067,-13.9284239,-10.3719692,0.8705770,0.3093769,-0.1265483,-0.1481662,0.1412918,0.0157054,0.4017839,0.0286752,0.1091733,0.0803796,0.0190648,0.0421145,-0.0223181,0.0435953,0.0021650,-0.0460025,0.1618981,0.5502524,0.9496701,-0.0497608,0.0253721
18.406477972,1791082598.783967495,0,0,-0.0302951,0.0270681,0.0235304,-11.0076809,-10.4628811,-13.9455318,-10.3899527,0.8708584,0.3101976,-0.1271535,-0.1514964,0.1422767,0.0158203,0.4066381,0.0281224,0.1092929,0.0803642,0.0190930,0.0420686,-0.0222199,0.0435960,0.0021630,-0.0461395,0.1618199,0.5501594,0.9498336,-0.0499339,0.0252999
18.427346650,1791082598.804836273,0,0,-0.0302565,0.0270433,0.0243245,-11.0184412,-10.4819202,-13.9357557,-10.3925591,0.8719786,0.3123399,-0.1260081,-0.1506341,0.1422632,0.0166559,0.4135627,0.0247443,0.1094109,0.0803484,0.0191387,0.0420351,-0.0221209,0.0435966,0.0021611,-0.0462748,0.1617372,0.5500716,0.9499905,-0.0501494,0.0253050
18.449098433,1791082598.826587915,0,0,-0.0310275,0.0274251,0.0238295,-11.0119133,-10.4759426,-13.9485359,-10.3700371,0.8705010,0.3156283,-0.1285526,-0.1494268,0.1408929,0.0170494,0.4176315,0.0257199,0.1095481,0.0803233,0.0191650,0.0406530,-0.0219896,0.0435964,0.0021603,-0.0464206,0.1618859,0.5500045,0.9502390,-0.0494497,0.0255705
18.466614987,1791082598.844104528,0,0,-0.0313729,0.0282114,0.0242469,-11.0271320,-10.4887896,-13.9884148,-10.3845129,0.8694549,0.3170061,-0.1297368,-0.1497882,0.1416184,0.0177799,0.4311732,0.0284725,0.1096720,0.0803036,0.0192015,0.0405866,-0.0218728,0.0435967,0.0021590,-0.0465623,0.1618598,0.5499375,0.9503921,-0.0492929,0.0260549
18.486470732,1791082598.863960505,0,0,-0.0313184,0.0281533,0.0250667,-11.0517950,-10.5053024,-13.9779987,-10.3946342,0.8702095,0.3163613,-0.1314425,-0.1518964,0.1425265,0.0174657,0.4333215,0.0280613,0.1097971,0.0802848,0.0192211,0.0407131,-0.0217559,0.0435971,0.0021575,-0.0467044,0.1618403,0.5498688,0.9505495,-0.0491331,0.0265563
18.506621080,1791082598.884110928,0,0,-0.0314591,0.0279275,0.0245507,-11.0551815,-10.5164700,-13.9789696,-10.3948889,0.8703654,0.3167941,-0.1329191,-0.1543023,0.1427151,0.0172149,0.4374911,0.0269249,0.1099290,0.0802638,0.0192600,0.0418575,-0.0216303,0.0435971,0.0021561,-0.0468476,0.1618906,0.5497590,0.9507945,-0.0488360,0.0265089
18.525545142,1791082598.903035164,0,0,-0.0318681,0.0273579,0.0231481,-11.0598068,-10.5240965,-13.9649277,-10.3727608,0.8694823,0.3206251,-0.1328070,-0.1556082,0.1408061,0.0172240,0.4355571,0.0265086,0.1100580,0.0802419,0.0193172,0.0420188,-0.0215051,0.0435971,0.0021547,-0.0469894,0.1619269,0.5496550,0.9510276,-0.0485858,0.0264995
18.547734125,1791082598.925223589,0,0,-0.0326756,0.0276750,0.0246993,-11.0625553,-10.5363626,-13.9655781,-10.3675404,0.8696092,0.3224867,-0.1347339,-0.1573511,0.1404940,0.0174540,0.4386877,0.0253626,0.1101860,0.0802209,0.0193696,0.0430110,-0.0213833,0.0435975,0.0021530,-0.0471238,0.1619499,0.5495631,0.9512007,-0.0486394,0.0266676
18.567845495,1791082598.945335627,0,0,-0.0328710,0.0271469,0.0253972,-11.0853271,-10.5441694,-13.9607620,-10.3734503,0.8712715,0.3239457,-0.1338238,-0.1599590,0.1407528,0.0175987,0.4424759,0.0267248,0.1103139,0.0801981,0.0194198,0.0414708,-0.0212579,0.0435974,0.0021520,-0.0472696,0.1619493,0.5494832,0.9514151,-0.0478153,0.0268340
18.587253415,1791082598.964743376,0,0,-0.0332686,0.0274557,0.0249092,-11.1060276,-10.5708904,-13.9606361,-10.3771276,0.8710676,0.3263008,-0.1333315,-0.1589134,0.1401356,0.0179748,0.4494304,0.0260350,0.1104421,0.0801753,0.0194785,0.0411459,-0.0211323,0.0435972,0.0021510,-0.0474152,0.1619506,0.5494022,0.9516321,-0.0469840,0.0269933
18.606360396,1791082598.983849764,0,0,-0.0328552,0.0281408,0.0241951,-11.1115332,-10.5860252,-13.9587126,-10.3947344,0.8692244,0.3285392,-0.1307758,-0.1593562,0.1391119,0.0183044,0.4521088,0.0225441,0.1105759,0.0801510,0.0195115,0.0439552,-0.0209947,0.0435972,0.0021495,-0.0475551,0.1620882,0.5493121,0.9518625,-0.0465805,0.0272709
18.627567551,1791082599.005057096,0,0,-0.0339747,0.0277502,0.0263281,-11.0901756,-10.5956373,-13.9646072,-10.3577795,0.8705580,0.3294494,-0.1362045,-0.1602928,0.1387609,0.0185247,0.4538738,0.0191693,0.1107074,0.0801269,0.0195432,0.0445291,-0.0208563,0.0435971,0.0021481,-0.0476929,0.1622081,0.5492238,0.9520887,-0.0462113,0.0275599
18.648745394,1791082599.026235342,0,0,-0.0339958,0.0277610,0.0260204,-11.0977154,-10.5925732,-13.9655838,-10.3570566,0.8705949,0.3328340,-0.1367033,-0.1593854,0.1369641,0.0190296,0.4534222,0.0205826,0.1108201,0.0801119,0.0196117,0.0426915,-0.0207431,0.0435973,0.0021462,-0.0478295,0.1620976,0.5491223,0.9522555,-0.0466839,0.0273900
18.665551747,1791082599.043041229,0,0,-0.0341593,0.0271545,0.0256097,-11.1235352,-10.5942879,-13.9570026,-10.3608141,0.8705054,0.3348087,-0.1391297,-0.1663953,0.1379894,0.0196962,0.4633415,0.0227276,0.1109326,0.0800959,0.0196512,0.0418587,-0.0206431,0.0435976,0.0021445,-0.0479609,0.1619890,0.5490250,0.9524369,-0.0472565,0.0270777
18.685586700,1791082599.063076258,0,0,-0.0342506,0.0273775,0.0252273,-11.1106758,-10.6151037,-13.9552517,-10.3609953,0.8696018,0.3348610,-0.1402051,-0.1660817,0.1375827,0.0201205,0.4700635,0.0177271,0.1110440,0.0800792,0.0197000,0.0416756,-0.0205436,0.0435979,0.0021427,-0.0480907,0.1618822,0.5489307,0.9526137,-0.0478154,0.0268958
18.707743236,1791082599.085232973,0,0,-0.0350896,0.0274109,0.0262463,-11.0981274,-10.6368952,-13.9629612,-10.3620386,0.8711460,0.3361975,-0.1384307,-0.1669551,0.1370192,0.0208617,0.4752204,0.0113591,0.1111661,0.0800594,0.0197625,0.0440780,-0.0204265,0.0435983,0.0021406,-0.0482191,0.1618338,0.5488024,0.9528093,-0.0483104,0.0268250
18.728445989,1791082599.105935574,0,0,-0.0355300,0.0274618,0.0260721,-11.1045303,-10.6340618,-13.9354858,-10.3264055,0.8714756,0.3414753,-0.1413503,-0.1645482,0.1340299,0.0209420,0.4694856,0.0107138,0.1112867,0.0800397,0.0198193,0.0446088,-0.0203098,0.0435986,0.0021386,-0.0483471,0.1617681,0.5486771,0.9530006,-0.0487679,0.0267523
18.746540966,1791082599.124030352,0,0,-0.0354965,0.0269852,0.0269902,-11.1256275,-10.6537848,-13.9290972,-10.3261156,0.8717891,0.3435571,-0.1428372,-0.1652683,0.1332106,0.0215037,0.4719096,0.0099535,0.1114095,0.0800196,0.0199337,0.0420885,-0.0201857,0.0435991,0.0021363,-0.0484887,0.1617391,0.5486032,0.9531352,-0.0491217,0.0270163
18.765433988,1791082599.142923594,0,0,-0.0355118,0.0266136,0.0273995,-11.1407290,-10.6573839,-13.9317760,-10.3223429,0.8717571,0.3454654,-0.1452766,-0.1714170,0.1332535,0.0221230,0.4767529,0.0109024,0.1115291,0.0800045,0.0199784,0.0422893,-0.0200611,0.0435996,0.0021338,-0.0486327,0.1616676,0.5485218,0.9532815,-0.0494641,0.0272289
18.788410778,1791082599.165900230,0,0,-0.0363521,0.0266224,0.0273249,-11.1440573,-10.6753969,-13.9505835,-10.3226900,0.8717330,0.3471377,-0.1461312,-0.1737345,0.1325247,0.0229141,0.4888804,0.0092784,0.1116497,0.0799892,0.0200132,0.0423015,-0.0199369,0.0436002,0.0021314,-0.0487768,0.1615943,0.5484400,0.9534271,-0.0497877,0.0274362
18.806686722,1791082599.184176445,0,0,-0.0366220,0.0275960,0.0270706,-11.1532450,-10.6897802,-13.9561653,-10.3286057,0.8695744,0.3492295,-0.1490613,-0.1733439,0.1308470,0.0238639,0.4973371,0.0075569,0.1117859,0.0799671,0.0200396,0.0437464,-0.0197882,0.0436003,0.0021291,-0.0489211,0.1617068,0.5483168,0.9536867,-0.0497263,0.0273713
18.825401529,1791082599.202891588,0,0,-0.0368703,0.0272177,0.0262195,-11.1526756,-10.6937532,-13.9335785,-10.3221054,0.8696063,0.3512137,-0.1543049,-0.1800726,0.1306509,0.0240491,0.4990361,0.0061948,0.1119189,0.0799439,0.0200918,0.0440353,-0.0196390,0.0436004,0.0021271,-0.0490633,0.1617983,0.5481990,0.9539328,-0.0496727,0.0272641
18.848715676,1791082599.226205587,0,0,-0.0372627,0.0265934,0.0263273,-11.1701012,-10.7163610,-13.9246998,-10.3338614,0.8691132,0.3529668,-0.1503813,-0.1851611,0.1305192,0.0237875,0.4996502,0.0065469,0.1120406,0.0799267,0.0201152,0.0451913,-0.0195261,0.0436007,0.0021254,-0.0491850,0.1616814,0.5480610,0.9541256,-0.0502311,0.0270307
18.866544243,1791082599.244034052,0,0,-0.0376414,0.0268670,0.0271795,-11.2002239,-10.7417955,-13.9418125,-10.3482056,0.8687228,0.3527893,-0.1482062,-0.1879741,0.1306550,0.0242154,0.5108773,0.0062956,0.1121711,0.0799040,0.0201307,0.0456330,-0.0193807,0.0436006,0.0021238,-0.0493157,0.1617559,0.5479296,0.9543880,-0.0501211,0.0270258
18.886716417,1791082599.264206171,0,0,-0.0375901,0.0279639,0.0277633,-11.2071304,-10.7575035,-13.9414272,-10.3733892,0.8671179,0.3529985,-0.1447090,-0.1921038,0.1299873,0.0248354,0.5205526,0.0014323,0.1123002,0.0798809,0.0201710,0.0457733,-0.0192340,0.0436004,0.0021223,-0.0494443,0.1618262,0.5477985,0.9546501,-0.0499364,0.0271032
18.908408775,1791082599.285898209,0,0,-0.0384253,0.0280165,0.0288152,-11.1944780,-10.7739925,-13.9526215,-10.3583546,0.8682033,0.3560812,-0.1496263,-0.1953297,0.1283269,0.0247200,0.5239578,-0.0019989,0.1124205,0.0798603,0.0202229,0.0451218,-0.0190891,0.0436003,0.0021203,-0.0495754,0.1618383,0.5476790,0.9548960,-0.0501271,0.0270738
18.926610412,1791082599.304100275,0,0,-0.0394419,0.0276706,0.0290299,-11.1868324,-10.7774601,-13.9515667,-10.3266659,0.8680130,0.3622961,-0.1559633,-0.1950398,0.1244283,0.0243591,0.5249655,-0.0017499,0.1125406,0.0798400,0.0202677,0.0449106,-0.0189446,0.0436002,0.0021184,-0.0497067,0.1618441,0.5475600,0.9551392,-0.0503385,0.0269866
18.947580439,1791082599.325069666,0,0,-0.0391628,0.0278739,0.0281636,-11.1948919,-10.7833481,-13.9405994,-10.3558569,0.8657250,0.3649077,-0.1520736,-0.1990123,0.1223880,0.0242114,0.5311551,-0.0041430,0.1126591,0.0798222,0.0203611,0.0444268,-0.0188154,0.0436005,0.0021159,-0.0498376,0.1617609,0.5474377,0.9553091,-0.0510503,0.0270199
18.968496481,1791082599.345986128,0,0,-0.0392067,0.0284657,0.0285426,-11.1885881,-10.7821045,-13.9328117,-10.3452024,0.8627905,0.3665613,-0.1534356,-0.2022194,0.1203875,0.0246448,0.5360623,-0.0063132,0.1127782,0.0798032,0.0203979,0.0426509,-0.0186910,0.0436003,0.0021143,-0.0499700,0.1617200,0.5473289,0.9555543,-0.0513544,0.0267126
18.986626819,1791082599.364116192,0,0,-0.0385458,0.0284946,0.0307727,-11.2043476,-10.8109312,-13.9532146,-10.3853960,0.8640765,0.3654247,-0.1509445,-0.2045444,0.1207733,0.0250235,0.5433049,-0.0116072,0.1128975,0.0797836,0.0204661,0.0423469,-0.0185625,0.0436001,0.0021126,-0.0501002,0.1616915,0.5472230,0.9557955,-0.0516567,0.0264845
19.007206912,1791082599.384696007,0,0,-0.0392301,0.0287590,0.0306018,-11.2019339,-10.8220568,-13.9409227,-10.3686790,0.8648478,0.3664297,-0.1566892,-0.2026542,0.1179695,0.0254038,0.5504904,-0.0147309,0.1130186,0.0797615,0.0205421,0.0424903,-0.0184287,0.0436002,0.0021105,-0.0502337,0.1616553,0.5471262,0.9559851,-0.0515688,0.0266505
19.028638044,1791082599.406127930,0,0,-0.0397167,0.0270385,0.0309576,-11.2154398,-10.8379116,-13.9314194,-10.3600283,0.8659206,0.3687739,-0.1610335,-0.2140276,0.1178374,0.0252301,0.5522467,-0.0141342,0.1131405,0.0797402,0.0205960,0.0425562,-0.0182956,0.0436003,0.0021083,-0.0503681,0.1616192,0.5470269,0.9561799,-0.0515493,0.0267609
19.050599821,1791082599.428089380,0,0,-0.0400564,0.0266678,0.0292518,-11.2250328,-10.8594265,-13.9177856,-10.3494186,0.8654456,0.3706559,-0.1594745,-0.2156652,0.1148374,0.0253235,0.5581343,-0.0152625,0.1132682,0.0797189,0.0206299,0.0434877,-0.0181518,0.0436003,0.0021063,-0.0505015,0.1616343,0.5468959,0.9564161,-0.0515733,0.0268397
19.068917878,1791082599.446407795,0,0,-0.0405734,0.0280470,0.0300280,-11.2337866,-10.8626804,-13.9099846,-10.3370333,0.8653638,0.3687428,-0.1662496,-0.2108882,0.1135362,0.0251372,0.5651492,-0.0182774,0.1133892,0.0796983,0.0207193,0.0414380,-0.0180266,0.0436004,0.0021041,-0.0506397,0.1615625,0.5467907,0.9566169,-0.0517854,0.0266807
19.088701877,1791082599.466191530,0,0,-0.0399659,0.0288358,0.0300846,-11.2392845,-10.8885899,-13.9106178,-10.3668613,0.8651081,0.3670337,-0.1665192,-0.2127894,0.1117622,0.0255729,0.5758052,-0.0247336,0.1135118,0.0796776,0.0208008,0.0409992,-0.0179023,0.0436004,0.0021018,-0.0507777,0.1614953,0.5466853,0.9568151,-0.0519387,0.0266378
19.108286157,1791082599.485775709,0,0,-0.0398544,0.0281900,0.0304628,-11.2397575,-10.8970432,-13.9014950,-10.3624725,0.8645924,0.3681175,-0.1714320,-0.2197900,0.1126545,0.0257560,0.5741223,-0.0259155,0.1136418,0.0796553,0.0208647,0.0415628,-0.0177712,0.0436003,0.0020999,-0.0509091,0.1615119,0.5465736,0.9570767,-0.0522395,0.0264980
19.128451483,1791082599.505940914,0,0,-0.0409384,0.0272042,0.0302200,-11.2411318,-10.9009867,-13.9215994,-10.3402119,0.8628689,0.3705186,-0.1752530,-0.2238800,0.1105386,0.0256214,0.5761123,-0.0227009,0.1137693,0.0796325,0.0209376,0.0415852,-0.0176390,0.0436002,0.0020981,-0.0510395,0.1615175,0.5464646,0.9573320,-0.0525933,0.0262365
19.150937183,1791082599.528427124,0,0,-0.0421242,0.0276667,0.0298134,-11.2382116,-10.8891039,-13.9094276,-10.3090506,0.8623449,0.3717043,-0.1755258,-0.2230204,0.1084053,0.0258340,0.5769429,-0.0198220,0.1138868,0.0796090,0.0209563,0.0422782,-0.0175171,0.0436005,0.0020960,-0.0511624,0.1614368,0.5463757,0.9574943,-0.0523935,0.0264594
19.166644551,1791082599.544133902,0,0,-0.0419913,0.0273157,0.0304668,-11.2578220,-10.9087000,-13.9063234,-10.3103209,0.8627527,0.3733476,-0.1775748,-0.2300415,0.1074173,0.0255470,0.5787137,-0.0186319,0.1139970,0.0795903,0.0209164,0.0443651,-0.0173983,0.0436008,0.0020938,-0.0512837,0.1612991,0.5462545,0.9576755,-0.0524751,0.0268876
19.188907298,1791082599.566397190,0,0,-0.0424535,0.0273267,0.0325709,-11.2504578,-10.9264193,-13.9191837,-10.3100595,0.8635088,0.3725218,-0.1789961,-0.2325667,0.1045042,0.0259344,0.5876002,-0.0238356,0.1141058,0.0795714,0.0208854,0.0448792,-0.0172784,0.0436011,0.0020916,-0.0514030,0.1611575,0.5461353,0.9578562,-0.0525675,0.0274017
19.207478005,1791082599.584967375,0,0,-0.0418605,0.0274259,0.0318469,-11.2700224,-10.9539623,-13.9299793,-10.3399248,0.8637404,0.3756411,-0.1803735,-0.2338513,0.0995561,0.0261110,0.5959268,-0.0268629,0.1142190,0.0795537,0.0209354,0.0448968,-0.0171458,0.0436014,0.0020888,-0.0515324,0.1610412,0.5460171,0.9580314,-0.0530792,0.0278280
19.228646151,1791082599.606135607,0,0,-0.0420870,0.0280583,0.0320256,-11.2709503,-10.9423447,-13.9340210,-10.3283825,0.8636239,0.3780080,-0.1805179,-0.2342066,0.0953195,0.0260973,0.5994060,-0.0258992,0.1143335,0.0795364,0.0209729,0.0447995,-0.0170144,0.0436017,0.0020860,-0.0516624,0.1609174,0.5458984,0.9582040,-0.0535363,0.0282143
19.246676998,1791082599.624166965,0,0,-0.0417658,0.0281734,0.0324075,-11.2906771,-10.9530525,-13.9536791,-10.3511438,0.8642647,0.3785647,-0.1813838,-0.2402617,0.0936267,0.0265453,0.6040099,-0.0234488,0.1144455,0.0795197,0.0209927,0.0437852,-0.0168961,0.0436018,0.0020837,-0.0517875,0.1607392,0.5457676,0.9584040,-0.0539637,0.0280559
19.269130632,1791082599.646620512,0,0,-0.0420142,0.0280480,0.0321578,-11.2934666,-10.9717255,-13.9525089,-10.3377466,0.8646963,0.3795824,-0.1858186,-0.2419430,0.0910883,0.0270590,0.6062587,-0.0257456,0.1145569,0.0795026,0.0210237,0.0435467,-0.0167777,0.0436020,0.0020813,-0.0519114,0.1605670,0.5456411,0.9585993,-0.0543884,0.0279709
19.289461660,1791082599.666951418,0,0,-0.0434049,0.0282778,0.0320788,-11.2799263,-10.9754581,-13.9526348,-10.3151608,0.8634945,0.3807227,-0.1877755,-0.2456904,0.0858790,0.0273320,0.6124140,-0.0295414,0.1146647,0.0794863,0.0210849,0.0421748,-0.0166695,0.0436024,0.0020787,-0.0520354,0.1603470,0.5455498,0.9587495,-0.0546877,0.0280192
19.308969361,1791082599.686459064,0,0,-0.0427035,0.0279162,0.0325880,-11.3187037,-10.9832382,-13.9526558,-10.3270988,0.8647431,0.3822212,-0.1895185,-0.2479256,0.0864037,0.0273047,0.6109982,-0.0273648,0.1147779,0.0794679,0.0210979,0.0422645,-0.0165625,0.0436026,0.0020767,-0.0521553,0.1601132,0.5454137,0.9589415,-0.0546683,0.0279560
19.328670094,1791082599.706159592,0,0,-0.0435455,0.0280482,0.0326627,-11.3144302,-10.9952040,-13.9706545,-10.3136806,0.8640099,0.3821658,-0.1960928,-0.2516858,0.0834014,0.0273799,0.6151305,-0.0258788,0.1148897,0.0794492,0.0211196,0.0422322,-0.0164547,0.0436028,0.0020747,-0.0522747,0.1598776,0.5452788,0.9591339,-0.0546802,0.0278572
19.349098789,1791082599.726588488,0,0,-0.0433142,0.0277051,0.0327171,-11.3398781,-11.0102053,-13.9832878,-10.3233976,0.8644949,0.3839131,-0.1991097,-0.2566559,0.0813906,0.0273984,0.6176773,-0.0237527,0.1150104,0.0794246,0.0211607,0.0419593,-0.0163136,0.0436028,0.0020725,-0.0524034,0.1598859,0.5451910,0.9593346,-0.0544957,0.0281419
19.370379676,1791082599.747869253,0,0,-0.0433748,0.0266519,0.0325632,-11.3526325,-11.0325184,-13.9438362,-10.3143721,0.8657037,0.3889088,-0.1947576,-0.2637495,0.0802359,0.0274609,0.6137241,-0.0247506,0.1151340,0.0794028,0.0212372,0.0430286,-0.0161680,0.0436028,0.0020702,-0.0525294,0.1598838,0.5450500,0.9596090,-0.0547354,0.0279482
19.390520169,1791082599.768009663,0,0,-0.0443464,0.0262230,0.0325078,-11.3526735,-11.0395670,-13.9341927,-10.2937908,0.8645215,0.3928126,-0.1941916,-0.2661635,0.0774077,0.0275786,0.6134456,-0.0252403,0.1152557,0.0793806,0.0213193,0.0431822,-0.0160227,0.0436027,0.0020680,-0.0526540,0.1598633,0.5449145,0.9598708,-0.0549809,0.0277482
19.410423725,1791082599.787913322,0,0,-0.0448975,0.0273279,0.0324266,-11.3591461,-11.0555992,-13.9558315,-10.3045263,0.8636256,0.3964466,-0.1893775,-0.2619833,0.0729518,0.0275244,0.6146519,-0.0239892,0.1153646,0.0793566,0.0213415,0.0427497,-0.0159160,0.0436029,0.0020659,-0.0527607,0.1597067,0.5448194,0.9600431,-0.0547636,0.0277238
19.429005344,1791082599.806494474,0,0,-0.0453750,0.0281284,0.0344383,-11.3605108,-11.0677099,-13.9751625,-10.3015862,0.8651935,0.3984417,-0.1942316,-0.2620134,0.0707788,0.0277491,0.6152835,-0.0225236,0.1154729,0.0793330,0.0213635,0.0426712,-0.0158073,0.0436031,0.0020638,-0.0528673,0.1595513,0.5447225,0.9602222,-0.0545948,0.0276420
19.448806912,1791082599.826313257,0,0,-0.0447457,0.0281453,0.0351938,-11.3786755,-11.0705338,-13.9878788,-10.3198004,0.8665486,0.4012441,-0.1916020,-0.2619836,0.0700149,0.0275282,0.6136721,-0.0220667,0.1155876,0.0793084,0.0214249,0.0423299,-0.0156670,0.0436030,0.0020616,-0.0529885,0.1595088,0.5446259,0.9604441,-0.0544106,0.0275692
19.467690430,1791082599.845179796,0,0,-0.0440929,0.0281507,0.0334602,-11.3837032,-11.0769777,-13.9934921,-10.3412380,0.8649125,0.4062182,-0.1881810,-0.2618561,0.0663139,0.0271467,0.6132554,-0.0223870,0.1157160,0.0792827,0.0215347,0.0438790,-0.0155058,0.0436027,0.0020596,-0.0531053,0.1595612,0.5444665,0.9607662,-0.0546547,0.0273722
19.488650153,1791082599.866139412,0,0,-0.0441978,0.0282466,0.0340739,-11.3712883,-11.0837555,-14.0029297,-10.3563852,0.8637854,0.4091736,-0.1861811,-0.2658182,0.0624636,0.0268744,0.6147422,-0.0274094,0.1158420,0.0792563,0.0216578,0.0442390,-0.0153443,0.0436024,0.0020576,-0.0532199,0.1595960,0.5443128,0.9610736,-0.0548493,0.0272599
19.508801462,1791082599.886291027,0,0,-0.0446248,0.0276216,0.0342677,-11.3813686,-11.0949707,-14.0128145,-10.3704109,0.8638847,0.4151347,-0.1784368,-0.2692350,0.0607274,0.0263339,0.6097607,-0.0265558,0.1159633,0.0792288,0.0217415,0.0445992,-0.0151843,0.0436021,0.0020556,-0.0533320,0.1596618,0.5441905,0.9613706,-0.0548067,0.0271039
19.528706170,1791082599.906195641,0,0,-0.0452992,0.0272970,0.0343552,-11.3955088,-11.1066990,-14.0009136,-10.3611288,0.8646529,0.4200028,-0.1781386,-0.2709867,0.0577082,0.0255219,0.6071225,-0.0245859,0.1160834,0.0792016,0.0218243,0.0446677,-0.0150237,0.0436018,0.0020536,-0.0534440,0.1597208,0.5440686,0.9616659,-0.0547964,0.0268862
19.549276054,1791082599.926765680,0,0,-0.0463212,0.0275284,0.0349650,-11.4094276,-11.1201305,-14.0024023,-10.3568792,0.8639908,0.4227110,-0.1781232,-0.2726551,0.0560619,0.0254839,0.6052006,-0.0219047,0.1161963,0.0791788,0.0219146,0.0435431,-0.0148791,0.0436015,0.0020516,-0.0535596,0.1595618,0.5439230,0.9618820,-0.0546975,0.0269589
19.572230092,1791082599.949719906,0,0,-0.0458021,0.0277437,0.0348285,-11.4241133,-11.1474295,-14.0145836,-10.3865013,0.8643761,0.4251902,-0.1713716,-0.2707834,0.0557052,0.0255101,0.6020278,-0.0246085,0.1163119,0.0791503,0.0219874,0.0425590,-0.0147348,0.0436011,0.0020497,-0.0536743,0.1595461,0.5438150,0.9621489,-0.0539064,0.0267877
19.591420021,1791082599.968909502,0,0,-0.0459795,0.0277780,0.0360401,-11.4274158,-11.1621246,-14.0101624,-10.3787203,0.8663448,0.4297251,-0.1700770,-0.2641913,0.0562929,0.0251494,0.5930257,-0.0269490,0.1164274,0.0791216,0.0220720,0.0423960,-0.0145891,0.0436007,0.0020479,-0.0537876,0.1595340,0.5437078,0.9624162,-0.0531472,0.0266834
19.609501301,1791082599.986991167,0,0,-0.0456709,0.0274443,0.0357088,-11.4427299,-11.1702709,-14.0040388,-10.3833885,0.8676290,0.4354297,-0.1695019,-0.2578870,0.0533081,0.0251538,0.5905587,-0.0280577,0.1165370,0.0790965,0.0221652,0.0421434,-0.0144589,0.0436005,0.0020458,-0.0538989,0.1594124,0.5436164,0.9626145,-0.0528100,0.0269198
19.630994708,1791082600.008484364,0,0,-0.0455363,0.0279242,0.0341402,-11.4398117,-11.1586704,-14.0012264,-10.3706408,0.8657235,0.4411842,-0.1705052,-0.2541450,0.0488022,0.0253784,0.5886576,-0.0271189,0.1166465,0.0790714,0.0222412,0.0420797,-0.0143315,0.0436003,0.0020437,-0.0540109,0.1592875,0.5435229,0.9628149,-0.0524672,0.0271373
19.651168068,1791082600.028657913,0,0,-0.0084649,0.0229278,0.0472828,-12.1726074,-10.7887688,-14.5971432,-10.0562067,0.9005584,0.4756729,-0.4078581,-0.1524539,0.0761319,0.0112892,0.5082682,0.0257649,0.1167619,0.0790500,0.0224273,0.0420136,-0.0141709,0.0436001,0.0020413,-0.0541351,0.1592162,0.5433962,0.9630579,-0.0529304,0.0265390
19.669765048,1791082600.047254801,0,0,0.0907880,0.0092833,0.0619010,-13.6889763,-10.5259857,-13.8268929,-10.4743977,0.9079837,0.4570890,-0.4101084,-0.1659478,0.1400720,-0.0170101,0.3784536,0.0456298,0.1168659,0.0790288,0.0227690,0.0470609,-0.0139847,0.0435993,0.0020389,-0.0542501,0.1592398,0.5432518,0.9632496,-0.0536916,0.0260496
19.689116841,1791082600.066606522,0,0,0.1187061,-0.0040855,0.0746178,-14.7241459,-10.7222300,-12.8374310,-9.8994970,0.8575120,0.4451042,-0.3029940,-0.2157252,0.1456926,-0.0310593,0.2408927,0.0456378,0.1169655,0.0790146,0.0230250,0.0494796,-0.0138070,0.0435987,0.0020367,-0.0543821,0.1592956,0.5430935,0.9634892,-0.0553033,0.0248687
19.710742094,1791082600.088232040,0,0,0.1298864,-0.0096098,0.0828092,-15.4349041,-11.1137495,-12.0362940,-9.5525236,0.8040857,0.3739147,-0.2536564,-0.2115976,0.1555555,-0.0353974,0.2087172,0.0369076,0.1170641,0.0790163,0.0231952,0.0507412,-0.0136219,0.0435995,0.0020334,-0.0545437,0.1591654,0.5429887,0.9635847,-0.0568144,0.0249746
19.730609458,1791082600.108098745,0,0,0.1196928,0.0105537,0.0665041,-14.8079653,-11.4309082,-11.6820526,-9.3417501,0.7872181,0.3090002,-0.3378542,-0.1965628,0.1961476,-0.0317614,0.2693379,0.0309623,0.1171528,0.0790210,0.0233016,0.0515001,-0.0134767,0.0436000,0.0020302,-0.0547080,0.1589305,0.5428634,0.9636783,-0.0569226,0.0261513
19.750457142,1791082600.127946377,0,0,0.0209242,0.0268396,0.0609840,-13.0990448,-11.7412710,-12.4409809,-8.2816343,0.8028460,0.3389928,-0.6607094,-0.1858049,0.2015584,-0.0329318,0.4597043,-0.0190125,0.1172975,0.0790206,0.0230454,0.0486428,-0.0133626,0.0435998,0.0020294,-0.0548752,0.1587476,0.5426579,0.9640285,-0.0574752,0.0279156
19.769743268,1791082600.147233009,0,0,0.0309100,0.0346058,0.0503621,-13.0518627,-11.6518345,-12.6635513,-8.9527493,0.8267280,0.2892429,-0.7740902,-0.1798968,0.2335830,-0.0366108,0.5256761,-0.0191520,0.1174419,0.0790125,0.0229519,0.0486516,-0.0132583,0.0435996,0.0020283,-0.0550471,0.1585148,0.5424474,0.9642608,-0.0570019,0.0288884
19.792670362,1791082600.170159817,0,0,0.0635971,0.0315441,0.0276480,-13.2650557,-11.7806883,-12.7245827,-10.0852938,0.8330166,0.2350382,-0.6645758,-0.2532720,0.2891741,-0.0385929,0.4225849,-0.0080236,0.1175949,0.0790019,0.0229727,0.0502775,-0.0131364,0.0435994,0.0020268,-0.0552232,0.1583829,0.5422155,0.9644639,-0.0562686,0.0292105
19.810783292,1791082600.188272715,0,0,0.1008734,0.0246782,-0.0066426,-13.3690720,-11.9948931,-12.8532343,-11.2192450,0.8354377,0.3370598,-0.3033763,-0.2329032,0.1649482,-0.0360897,0.1975129,0.0192546,0.1177447,0.0789916,0.0231788,0.0482000,-0.0129545,0.0435988,0.0020241,-0.0554488,0.1583995,0.5420241,0.9646356,-0.0534192,0.0279812
19.830858504,1791082600.208348274,0,0,0.0949522,0.0258582,-0.0316530,-12.8524370,-12.4135666,-13.5006285,-12.1247244,0.8442894,0.3981614,-0.1233832,-0.1279014,0.0773958,-0.0331342,0.0750212,-0.0013733,0.1179074,0.0789806,0.0233453,0.0476368,-0.0127732,0.0435982,0.0020206,-0.0556808,0.1583640,0.5417866,0.9648063,-0.0503736,0.0259485
19.850474466,1791082600.227964163,0,0,0.0635840,0.0352936,-0.0280531,-12.1123066,-12.5379333,-14.0767536,-13.0298338,0.8438879,0.4270033,-0.0297551,-0.0757337,0.0406418,-0.0253564,0.0345773,-0.0304891,0.1180705,0.0789691,0.0236805,0.0480669,-0.0125407,0.0436007,0.0020127,-0.0558874,0.1581770,0.5416220,0.9648582,-0.0479524,0.0236328
19.870653170,1791082600.248142958,0,0,0.0322949,0.0440203,-0.0088254,-11.5552959,-12.3667583,-13.6625423,-14.0231991,0.8299093,0.3890908,0.0104988,-0.0453843,0.0247088,-0.0157467,0.0176421,-0.0433480,0.1182443,0.0789673,0.0239911,0.0405278,-0.0123997,0.0436021,0.0020064,-0.0560815,0.1578021,0.5415028,0.9649000,-0.0456915,0.0198903
19.890690652,1791082600.268179893,0,0,0.0075272,0.0439165,-0.0028427,-11.2838202,-12.1900530,-13.0092545,-14.4305267,0.8115633,0.3380120,0.0176342,-0.0359896,0.0194866,-0.0027268,0.0019536,-0.0467051,0.1184401,0.0789789,0.0242288,0.0370833,-0.0122830,0.0436037,0.0020001,-0.0562783,0.1573702,0.5413752,0.9649475,-0.0436569,0.0163854
19.910643363,1791082600.288133144,0,0,-0.0098539,0.0404841,0.0019427,-11.3282995,-12.0408735,-12.5190172,-14.2200518,0.8040596,0.2741139,0.0355533,-0.0438000,0.0215334,0.0185960,-0.0161109,-0.0532021,0.1185553,0.0789963,0.0243168,0.0375425,-0.0122355,0.0436080,0.0019930,-0.0564715,0.1568536,0.5412598,0.9649782,-0.0412903,0.0136194
19.930393859,1791082600.307883501,0,0,-0.0218601,0.0345321,-0.0051074,-11.2219915,-12.1263371,-12.6068459,-14.0166807,0.8195566,0.1991501,0.0875318,-0.0736402,0.0278548,0.0437917,-0.0474930,-0.0618930,0.1186722,0.0790157,0.0243653,0.0378281,-0.0121942,0.0436130,0.0019863,-0.0566685,0.1563114,0.5411522,0.9650105,-0.0389748,0.0113007
19.951106182,1791082600.328595638,0,0,-0.0239980,0.0355689,-0.0091967,-11.3342228,-12.4197807,-12.7245731,-14.2221479,0.8342543,0.1910367,0.2001621,-0.1378653,0.0339933,0.0616827,-0.0663038,-0.0900553,0.1187305,0.0790109,0.0243241,0.0430336,-0.0121950,0.0436248,0.0019801,-0.0567851,0.1552891,0.5411079,0.9650156,-0.0333500,0.0097193
19.969408720,1791082600.346898079,0,0,-0.0308298,0.0380066,-0.0091913,-11.5252571,-12.6071510,-12.9832859,-14.2850046,0.8374576,0.1787783,0.1982235,-0.1207686,0.0323371,0.0607992,-0.0680481,-0.0876749,0.1187383,0.0790102,0.0242418,0.0429687,-0.0122266,0.0436354,0.0019768,-0.0569053,0.1542801,0.5410377,0.9649941,-0.0297927,0.0091668
19.989472155,1791082600.366961718,0,0,-0.0330394,0.0379114,-0.0079382,-11.5107107,-12.6551495,-13.0532513,-14.1491776,0.8346617,0.1700210,0.1634661,-0.1107442,0.0299800,0.0670763,-0.0651722,-0.0901484,0.1187411,0.0790050,0.0241655,0.0433080,-0.0122490,0.0436471,0.0019732,-0.0570230,0.1533473,0.5409775,0.9649691,-0.0264244,0.0090487
20.013098123,1791082600.390587568,0,0,-0.0387679,0.0376704,-0.0043388,-11.5393028,-12.5883436,-13.1336975,-13.9648657,0.8285156,0.1431400,0.1307724,-0.0968303,0.0309203,0.0699612,-0.0615549,-0.0796023,0.1187635,0.0790178,0.0241054,0.0442074,-0.0122637,0.0436593,0.0019687,-0.0571469,0.1523204,0.5409119,0.9649319,-0.0247416,0.0093077
20.031739937,1791082600.409229994,0,0,-0.0430888,0.0346882,-0.0041231,-11.5423737,-12.5282764,-13.1894894,-13.6638575,0.8204933,0.1228263,0.0821233,-0.0844384,0.0318939,0.0774748,-0.0562146,-0.0678186,0.1187556,0.0790398,0.0240298,0.0484364,-0.0123429,0.0436711,0.0019654,-0.0572089,0.1503872,0.5407784,0.9645436,-0.0235912,0.0097617
20.052709390,1791082600.430199385,0,0,-0.0452049,0.0320910,-0.0031636,-11.5295973,-12.4593468,-13.2456007,-13.3324308,0.8097022,0.1235885,0.0428931,-0.0749966,0.0321713,0.0853038,-0.0465324,-0.0622275,0.1187398,0.0790554,0.0239755,0.0501468,-0.0124105,0.0436818,0.0019625,-0.0572691,0.1486679,0.5406790,0.9641822,-0.0228260,0.0102284
20.073726173,1791082600.451216221,0,0,-0.0473966,0.0331968,0.0013561,-11.5303497,-12.3878775,-13.2774611,-12.9455824,0.7968670,0.1429269,0.0166333,-0.0677510,0.0321066,0.0905351,-0.0316462,-0.0615754,0.1187446,0.0790614,0.0239844,0.0481009,-0.0124162,0.0436912,0.0019585,-0.0573823,0.1476266,0.5406550,0.9641453,-0.0228294,0.0100969
20.092639997,1791082600.470129728,0,0,-0.0482028,0.0342194,0.0048204,-11.5840015,-12.3412542,-13.2998915,-12.5785723,0.7864105,0.1743796,-0.0064468,-0.0614619,0.0330479,0.0916443,-0.0161414,-0.0573354,0.1187563,0.0790703,0.0239728,0.0469830,-0.0124327,0.0437006,0.0019546,-0.0574997,0.1465204,0.5406283,0.9641067,-0.0227261,0.0099661
20.112765547,1791082600.490255117,0,0,-0.0486224,0.0334801,0.0023538,-11.5923319,-12.2571878,-13.2930021,-12.2049913,0.7732545,0.2050566,-0.0183796,-0.0672261,0.0357650,0.0950144,-0.0031984,-0.0544962,0.1187787,0.0790729,0.0239117,0.0471417,-0.0124689,0.0437087,0.0019517,-0.0576007,0.1452882,0.5405846,0.9640054,-0.0216035,0.0104603
20.132570541,1791082600.510060310,0,0,-0.0488798,0.0314153,0.0005051,-11.6263123,-12.1686583,-13.2807951,-11.8691702,0.7578495,0.2395876,-0.0278838,-0.0767423,0.0391648,0.0988262,0.0117909,-0.0489493,0.1187961,0.0790731,0.0238575,0.0468201,-0.0125068,0.0437168,0.0019489,-0.0577010,0.1440745,0.5405411,0.9639016,-0.0205974,0.0108026
20.152194599,1791082600.529684544,0,0,-0.0501714,0.0292404,0.0027283,-11.6803112,-12.1082497,-13.2916346,-11.4985008,0.7466763,0.2736895,-0.0427763,-0.0916462,0.0443695,0.1008369,0.0325649,-0.0423730,0.1188153,0.0790740,0.0237993,0.0443481,-0.0125390,0.0437214,0.0019460,-0.0578161,0.1430614,0.5405046,0.9639633,-0.0211429,0.0095872
20.171494134,1791082600.548984051,0,0,-0.0482166,0.0291298,0.0030534,-11.7163992,-12.0317163,-13.2521591,-11.2425995,0.7336985,0.3071330,-0.0711468,-0.1095937,0.0514119,0.1041818,0.0564735,-0.0402166,0.1188465,0.0790791,0.0237459,0.0400345,-0.0125708,0.0437281,0.0019443,-0.0579244,0.1419594,0.5404761,0.9638762,-0.0209149,0.0100075
20.191849004,1791082600.569338799,0,0,-0.0480593,0.0294914,0.0024501,-11.7087955,-11.9451399,-13.1695166,-10.9187737,0.7241250,0.3316006,-0.1270172,-0.1303131,0.0638198,0.1086298,0.0854166,-0.0450574,0.1188780,0.0790852,0.0236810,0.0380568,-0.0126083,0.0437352,0.0019425,-0.0580350,0.1408213,0.5404424,0.9637753,-0.0205955,0.0102835
20.211528297,1791082600.589018106,0,0,-0.0478461,0.0276524,0.0007374,-11.6943913,-11.8171225,-13.0724545,-10.5714159,0.7116532,0.3566779,-0.1893243,-0.1536593,0.0760376,0.1110762,0.1147565,-0.0454176,0.1189109,0.0790835,0.0236022,0.0384507,-0.0126551,0.0437392,0.0019403,-0.0581487,0.1396540,0.5403906,0.9638162,-0.0207006,0.0098698
20.232577337,1791082600.610066891,0,0,-0.0468137,0.0270829,0.0005856,-11.6946640,-11.7104406,-13.0085087,-10.3423424,0.6969088,0.3746434,-0.2374913,-0.1747075,0.0873871,0.1108891,0.1476690,-0.0439397,0.1189402,0.0790793,0.0235358,0.0380279,-0.0127009,0.0437430,0.0019383,-0.0582610,0.1385105,0.5403424,0.9638568,-0.0209518,0.0094005
20.253198809,1791082600.630688429,0,0,-0.0497485,0.0284919,0.0027470,-11.6567612,-11.5792723,-12.9549580,-10.0135374,0.6812912,0.3844491,-0.2995331,-0.1932727,0.1027072,0.1092681,0.1967863,-0.0443166,0.1189316,0.0790799,0.0234575,0.0397681,-0.0128031,0.0437486,0.0019368,-0.0583259,0.1368925,0.5403096,0.9636263,-0.0211262,0.0085971
20.271519715,1791082600.649009228,0,0,-0.0513442,0.0303174,0.0058864,-11.6581879,-11.4488420,-12.8692417,-9.7262506,0.6712735,0.3889539,-0.3870922,-0.2286017,0.1280907,0.1088965,0.2786885,-0.0492078,0.1189547,0.0790663,0.0233248,0.0357998,-0.0128929,0.0437508,0.0019357,-0.0584121,0.1356379,0.5403129,0.9637448,-0.0215525,0.0061122
20.294690722,1791082600.672180176,0,0,-0.0511140,0.0294236,0.0049100,-11.6520805,-11.3141117,-12.7404499,-9.4914227,0.6585608,0.3866981,-0.4716763,-0.2731353,0.1507548,0.1110357,0.3660623,-0.0516820,0.1189751,0.0790515,0.0232174,0.0340545,-0.0129821,0.0437530,0.0019348,-0.0584982,0.1344404,0.5403147,0.9638595,-0.0220920,0.0035319
20.311869762,1791082600.689359188,0,0,-0.0528305,0.0285109,0.0070229,-11.6221371,-11.2040997,-12.6493635,-9.1991348,0.6433132,0.3800025,-0.5515361,-0.3074927,0.1596413,0.1115855,0.4424917,-0.0544329,0.1189885,0.0790377,0.0230669,0.0340685,-0.0130710,0.0437551,0.0019339,-0.0585737,0.1335226,0.5403308,0.9639739,-0.0232645,0.0011551
20.332849072,1791082600.710339069,0,0,-0.0547721,0.0294160,0.0118237,-11.5989609,-11.0782337,-12.5939579,-8.9120455,0.6337469,0.3666413,-0.6162586,-0.3248700,0.1607958,0.1082108,0.5194700,-0.0517234,0.1189879,0.0790249,0.0229058,0.0365952,-0.0131920,0.0437577,0.0019334,-0.0586114,0.1322052,0.5403015,0.9639962,-0.0240446,-0.0010580
20.352714323,1791082600.730203867,0,0,-0.0541856,0.0323900,0.0134647,-11.5788403,-10.9462881,-12.5182724,-8.6985645,0.6198413,0.3492750,-0.6817828,-0.3372398,0.1535759,0.1041019,0.6054125,-0.0515970,0.1189830,0.0790111,0.0227569,0.0366472,-0.0133090,0.0437600,0.0019329,-0.0586490,0.1309049,0.5402706,0.9640141,-0.0248627,-0.0031165
20.373908713,1791082600.751398325,0,0,-0.0526394,0.0331988,0.0164198,-11.5856085,-10.8340130,-12.4461823,-8.5203705,0.6096610,0.3259098,-0.7547058,-0.3492590,0.1598566,0.0997989,0.6797458,-0.0530232,0.1190153,0.0789842,0.0225254,0.0331546,-0.0133823,0.0437606,0.0019327,-0.0587046,0.1303226,0.5402403,0.9643686,-0.0250563,-0.0062489
20.392743622,1791082600.770233631,0,0,-0.0503914,0.0306762,0.0153167,-11.5563993,-10.7093124,-12.3232069,-8.3638382,0.6017952,0.3087245,-0.8152897,-0.3680515,0.1666328,0.0950313,0.7389578,-0.0533569,0.1190448,0.0789562,0.0223357,0.0318806,-0.0134556,0.0437612,0.0019325,-0.0587583,0.1297551,0.5402056,0.9647182,-0.0251793,-0.0092119
20.413850328,1791082600.791339874,0,0,-0.0489280,0.0300610,0.0148721,-11.5252037,-10.5697794,-12.2395592,-8.1962757,0.5934634,0.2959102,-0.8601981,-0.3696710,0.1705345,0.0914617,0.7853106,-0.0518930,0.1190835,0.0789233,0.0222160,0.0322541,-0.0135013,0.0437616,0.0019324,-0.0588084,0.1290613,0.5401441,0.9650692,-0.0249318,-0.0111441
20.434817061,1791082600.812306404,0,0,-0.0486346,0.0305464,0.0170430,-11.4851646,-10.4798479,-12.1576195,-8.0472851,0.5914236,0.2760288,-0.9014919,-0.3617643,0.1809884,0.0886580,0.8235255,-0.0561247,0.1190831,0.0789018,0.0221310,0.0345123,-0.0135999,0.0437628,0.0019321,-0.0588359,0.1277850,0.5400907,0.9650685,-0.0248639,-0.0116858
20.455031030,1791082600.832520485,0,0,-0.0452877,0.0301230,0.0170167,-11.4575577,-10.4125395,-12.0808353,-7.9803743,0.5898533,0.2590864,-0.9438273,-0.3564932,0.1877023,0.0865408,0.8618571,-0.0624184,0.1190798,0.0788798,0.0220445,0.0347584,-0.0137005,0.0437639,0.0019318,-0.0588624,0.1265429,0.5400324,0.9650646,-0.0248161,-0.0120303
20.475307657,1791082600.852797270,0,0,-0.0429626,0.0302754,0.0156524,-11.3952293,-10.3223228,-12.0333958,-7.9136887,0.5844769,0.2475382,-0.9719606,-0.3453436,0.1940385,0.0852501,0.8883581,-0.0654830,0.1190979,0.0788487,0.0219259,0.0304041,-0.0137926,0.0437639,0.0019321,-0.0589016,0.1257547,0.5400044,0.9654451,-0.0232900,-0.0135921
20.495193262,1791082600.872682810,0,0,-0.0404250,0.0298126,0.0158644,-11.3428383,-10.2567291,-12.0135107,-7.8646345,0.5810593,0.2366410,-0.9886146,-0.3322666,0.2007670,0.0827987,0.9061235,-0.0667357,0.1191137,0.0788163,0.0218447,0.0293359,-0.0138814,0.0437638,0.0019324,-0.0589376,0.1249831,0.5399732,0.9658150,-0.0216768,-0.0149108
20.517221954,1791082600.894711256,0,0,-0.0367456,0.0303275,0.0179210,-11.2983408,-10.2214155,-11.9969044,-7.8626275,0.5833027,0.2223899,-1.0026183,-0.3161846,0.2115887,0.0823569,0.9201344,-0.0714861,0.1191272,0.0787884,0.0217942,0.0311955,-0.0139716,0.0437634,0.0019328,-0.0589646,0.1242397,0.5399330,0.9661201,-0.0206479,-0.0156288
20.534314559,1791082600.911803961,0,0,-0.0340525,0.0296325,0.0178608,-11.2518568,-10.1944466,-11.9673662,-7.8611879,0.5866952,0.2072812,-1.0100286,-0.3056766,0.2224500,0.0826177,0.9310121,-0.0733566,0.1191409,0.0787685,0.0217258,0.0350304,-0.0140559,0.0437634,0.0019324,-0.0589975,0.1234336,0.5398068,0.9664215,-0.0212517,-0.0161999
20.555515156,1791082600.933004618,0,0,-0.0315771,0.0293115,0.0182855,-11.2100792,-10.2062502,-11.9375067,-7.8836565,0.5896185,0.1897451,-1.0157380,-0.2930260,0.2347335,0.0836251,0.9414619,-0.0790802,0.1191539,0.0787483,0.0216641,0.0357337,-0.0141365,0.0437632,0.0019321,-0.0590285,0.1226387,0.5396851,0.9666975,-0.0218288,-0.0165452
20.576255065,1791082600.953744411,0,0,-0.0300986,0.0289504,0.0174892,-11.1788893,-10.1971445,-11.9206085,-7.8834066,0.5956588,0.1749959,-1.0138202,-0.2853447,0.2495780,0.0852080,0.9425572,-0.0763574,0.1191702,0.0787222,0.0216014,0.0336892,-0.0142030,0.0437627,0.0019321,-0.0590605,0.1221239,0.5396236,0.9669781,-0.0218097,-0.0168068
20.593626624,1791082600.971115828,0,0,-0.0293941,0.0288164,0.0164068,-11.1362009,-10.2178755,-11.9398623,-7.9067202,0.6021566,0.1637429,-1.0029504,-0.2821005,0.2558016,0.0861863,0.9439459,-0.0710592,0.1191870,0.0786957,0.0215475,0.0332434,-0.0142705,0.0437623,0.0019321,-0.0590910,0.1216439,0.5395573,0.9672613,-0.0216687,-0.0170948
20.613631113,1791082600.991120338,0,0,-0.0277516,0.0285476,0.0152239,-11.1318102,-10.2225037,-11.9556007,-7.9408140,0.6098978,0.1550410,-0.9910074,-0.2813110,0.2637540,0.0870353,0.9412328,-0.0610251,0.1191898,0.0786747,0.0215224,0.0336435,-0.0143546,0.0437620,0.0019319,-0.0591181,0.1208392,0.5394714,0.9673991,-0.0217871,-0.0168709
20.633909020,1791082601.011397839,0,0,-0.0248969,0.0275991,0.0137447,-11.1321220,-10.2370958,-11.9868088,-7.9929290,0.6160390,0.1498121,-0.9768975,-0.2879029,0.2689154,0.0879988,0.9365975,-0.0509838,0.1192122,0.0786491,0.0215202,0.0327435,-0.0144091,0.0437613,0.0019317,-0.0591626,0.1203862,0.5393724,0.9677275,-0.0218328,-0.0174980
20.654636002,1791082601.032125711,0,0,-0.0233200,0.0266728,0.0119121,-11.1139336,-10.2807541,-12.0292931,-8.0651102,0.6226093,0.1460608,-0.9554272,-0.2915327,0.2685379,0.0884240,0.9334690,-0.0511885,0.1192346,0.0786227,0.0215332,0.0327921,-0.0144615,0.0437605,0.0019317,-0.0592044,0.1199643,0.5392750,0.9680389,-0.0218105,-0.0180302
20.673610726,1791082601.051099539,0,0,-0.0231542,0.0264187,0.0109762,-11.0923519,-10.3001413,-12.0664940,-8.1027460,0.6307339,0.1458995,-0.9380135,-0.2991675,0.2681483,0.0877674,0.9255953,-0.0518711,0.1192526,0.0785965,0.0215278,0.0331839,-0.0145224,0.0437597,0.0019315,-0.0592522,0.1195710,0.5391963,0.9682553,-0.0211830,-0.0177773
20.693599695,1791082601.071088314,0,0,-0.0237777,0.0265373,0.0108521,-11.0687113,-10.3421288,-12.1223040,-8.1502991,0.6419379,0.1463498,-0.9122558,-0.2962742,0.2633322,0.0866776,0.9185628,-0.0534714,0.1192718,0.0785706,0.0215138,0.0333930,-0.0145827,0.0437590,0.0019312,-0.0592995,0.1192023,0.5391149,0.9684700,-0.0204759,-0.0175533
20.714046634,1791082601.091535330,0,0,-0.0222905,0.0265965,0.0098265,-11.0681515,-10.3674049,-12.1853542,-8.2456217,0.6478735,0.1486150,-0.8826802,-0.3001476,0.2609476,0.0840236,0.9075729,-0.0534007,0.1192918,0.0785438,0.0215035,0.0329584,-0.0146464,0.0437584,0.0019310,-0.0593338,0.1187883,0.5389890,0.9687746,-0.0195345,-0.0185324
20.733610756,1791082601.111099482,0,0,-0.0201417,0.0255355,0.0075374,-11.0807142,-10.4119015,-12.2440014,-8.3613024,0.6530793,0.1553512,-0.8477909,-0.3102271,0.2555121,0.0812886,0.8931456,-0.0577129,0.1193114,0.0785155,0.0215037,0.0345517,-0.0146922,0.0437576,0.0019310,-0.0593669,0.1183678,0.5389190,0.9689789,-0.0182920,-0.0180807
20.753645744,1791082601.131134748,0,0,-0.0200747,0.0258437,0.0064462,-11.0791721,-10.4806328,-12.3049946,-8.4652243,0.6577907,0.1605947,-0.8159192,-0.3136780,0.2490438,0.0788301,0.8796169,-0.0682248,0.1193308,0.0784874,0.0214981,0.0352497,-0.0147388,0.0437568,0.0019310,-0.0593978,0.1179719,0.5388466,0.9691903,-0.0169879,-0.0175232
20.774334292,1791082601.151823044,0,0,-0.0199798,0.0265488,0.0071888,-11.1012344,-10.5610523,-12.3735962,-8.5864143,0.6640669,0.1670122,-0.7828446,-0.3093320,0.2436614,0.0753766,0.8638122,-0.0796063,0.1193374,0.0784707,0.0214884,0.0398166,-0.0147847,0.0437566,0.0019302,-0.0594222,0.1170718,0.5386938,0.9692267,-0.0167031,-0.0156451
20.793613027,1791082601.171102047,0,0,-0.0186209,0.0263853,0.0068778,-11.1261482,-10.6310349,-12.4264507,-8.7318115,0.6714091,0.1750520,-0.7457751,-0.3121451,0.2377075,0.0723686,0.8487177,-0.0848048,0.1193434,0.0784544,0.0214767,0.0413258,-0.0148286,0.0437563,0.0019294,-0.0594458,0.1161720,0.5385418,0.9692606,-0.0164706,-0.0138559
20.818727436,1791082601.196216822,0,0,-0.0192845,0.0261804,0.0045251,-11.1480465,-10.7042389,-12.4679155,-8.8351526,0.6770020,0.1855949,-0.7085600,-0.3153433,0.2325775,0.0689059,0.8287639,-0.0850473,0.1193381,0.0784421,0.0214652,0.0411669,-0.0148808,0.0437561,0.0019286,-0.0594787,0.1152888,0.5384424,0.9692851,-0.0161605,-0.0125670
20.834800996,1791082601.212290525,0,0,-0.0196638,0.0269022,0.0039358,-11.1967030,-10.7713881,-12.5371132,-8.9477949,0.6804576,0.1954449,-0.6610314,-0.3089280,0.2284467,0.0654228,0.8068233,-0.0802743,0.1193336,0.0784303,0.0214581,0.0414204,-0.0149321,0.0437560,0.0019278,-0.0595112,0.1144324,0.5383446,0.9693090,-0.0158156,-0.0113084
20.856697781,1791082601.234187365,0,0,-0.0210420,0.0280995,0.0042054,-11.2181854,-10.8650446,-12.6034784,-9.0675135,0.6874222,0.2019300,-0.6247118,-0.3021501,0.2245214,0.0625756,0.7893233,-0.0854190,0.1193277,0.0784223,0.0214801,0.0407124,-0.0149764,0.0437562,0.0019262,-0.0595638,0.1136976,0.5382592,0.9693238,-0.0164460,-0.0097663
20.875484818,1791082601.252974272,0,0,-0.0227168,0.0287040,0.0039751,-11.2438068,-10.9165392,-12.6590767,-9.1425276,0.6908979,0.2153964,-0.5879269,-0.2939391,0.2207967,0.0590378,0.7642170,-0.0810682,0.1193415,0.0784050,0.0214991,0.0393624,-0.0150005,0.0437558,0.0019253,-0.0596138,0.1131569,0.5381703,0.9694275,-0.0159928,-0.0082653
20.896461089,1791082601.273951054,0,0,-0.0230946,0.0293389,0.0028467,-11.2833061,-10.9677095,-12.7170630,-9.2560997,0.6927975,0.2271408,-0.5484785,-0.2844948,0.2175852,0.0548186,0.7416704,-0.0763425,0.1193559,0.0783872,0.0215237,0.0393003,-0.0150245,0.0437555,0.0019244,-0.0596626,0.1126358,0.5380806,0.9695327,-0.0154432,-0.0068368
20.916719380,1791082601.294209242,0,0,-0.0237317,0.0286483,0.0024899,-11.3242846,-10.9898500,-12.7665939,-9.3410139,0.6962006,0.2397316,-0.5058361,-0.2783566,0.2209447,0.0503859,0.7094553,-0.0629150,0.1193585,0.0783646,0.0215219,0.0391209,-0.0150601,0.0437559,0.0019234,-0.0596904,0.1119290,0.5379445,0.9695646,-0.0144415,-0.0053428
20.934664338,1791082601.312154055,0,0,-0.0257773,0.0287474,0.0024320,-11.3576107,-11.0159445,-12.8109360,-9.4022827,0.6996506,0.2525048,-0.4632613,-0.2652297,0.2233775,0.0461529,0.6765767,-0.0516300,0.1193569,0.0783473,0.0215215,0.0383693,-0.0151186,0.0437564,0.0019222,-0.0597269,0.1112213,0.5378107,0.9696296,-0.0138351,-0.0048086
20.954781153,1791082601.332270622,0,0,-0.0275557,0.0294877,0.0018276,-11.3868637,-11.0549307,-12.8537045,-9.4780416,0.6992787,0.2632343,-0.4278358,-0.2512908,0.2228914,0.0429962,0.6520702,-0.0469024,0.1193554,0.0783299,0.0215265,0.0383165,-0.0151763,0.0437569,0.0019211,-0.0597631,0.1105326,0.5376839,0.9696915,-0.0132875,-0.0042324
20.978307566,1791082601.355797291,0,0,-0.0286344,0.0303043,0.0020003,-11.3894386,-11.0702829,-12.8936367,-9.5227556,0.7006100,0.2736040,-0.3991623,-0.2320726,0.2237314,0.0398763,0.6209754,-0.0425631,0.1193460,0.0783151,0.0215280,0.0393117,-0.0152458,0.0437577,0.0019200,-0.0597811,0.1095762,0.5375358,0.9696689,-0.0127677,-0.0036803
20.996550039,1791082601.374039650,0,0,-0.0296249,0.0300466,0.0027957,-11.4074478,-11.0798817,-12.9267445,-9.5701332,0.7016402,0.2840963,-0.3663008,-0.2212623,0.2217354,0.0361241,0.5892328,-0.0329506,0.1193366,0.0783007,0.0215322,0.0396568,-0.0153124,0.0437584,0.0019189,-0.0598001,0.1086406,0.5373926,0.9696424,-0.0123771,-0.0032193
21.015164558,1791082601.392654419,0,0,-0.0306879,0.0296278,0.0011316,-11.4076166,-11.0667677,-12.9422874,-9.5890989,0.6998769,0.2988669,-0.3364669,-0.2045215,0.2133921,0.0321581,0.5520299,-0.0221530,0.1193377,0.0782830,0.0215569,0.0362130,-0.0153630,0.0437587,0.0019175,-0.0598691,0.1081458,0.5373078,0.9697590,-0.0124870,-0.0034584
21.036835542,1791082601.414324999,0,0,-0.0310202,0.0289832,0.0019593,-11.4152832,-11.0524101,-12.9863052,-9.6312084,0.6955076,0.3083000,-0.3102974,-0.1945287,0.2061848,0.0290302,0.5211444,-0.0149911,0.1193453,0.0782671,0.0216010,0.0367640,-0.0154064,0.0437593,0.0019160,-0.0599376,0.1077132,0.5372463,0.9698277,-0.0127402,-0.0030718
21.055638548,1791082601.433128119,0,0,-0.0312878,0.0288463,0.0014330,-11.4173317,-11.0265007,-12.9774189,-9.6414013,0.6932725,0.3189772,-0.2851422,-0.1812692,0.1952879,0.0257537,0.4833706,-0.0077278,0.1193541,0.0782516,0.0216307,0.0370046,-0.0154513,0.0437600,0.0019145,-0.0600067,0.1072962,0.5371845,0.9698961,-0.0129417,-0.0027429
21.079781241,1791082601.457271099,0,0,-0.0321038,0.0290517,0.0000574,-11.4053555,-10.9935646,-13.0107679,-9.6293554,0.6871701,0.3317917,-0.2616245,-0.1638280,0.1798276,0.0229305,0.4453601,0.0011744,0.1193607,0.0782329,0.0216034,0.0385271,-0.0155194,0.0437605,0.0019138,-0.0600229,0.1067318,0.5370318,0.9699960,-0.0120613,-0.0029995
21.096745521,1791082601.474234819,0,0,-0.0331123,0.0291882,0.0011858,-11.4159460,-10.9760380,-13.0357094,-9.6156158,0.6836637,0.3403405,-0.2434456,-0.1543624,0.1679032,0.0200016,0.4112197,0.0104044,0.1193647,0.0782131,0.0215917,0.0388598,-0.0155811,0.0437610,0.0019131,-0.0600399,0.1061480,0.5368874,0.9700921,-0.0113100,-0.0033726
21.117096777,1791082601.494586468,0,0,-0.0329910,0.0287272,0.0017252,-11.4186792,-10.9410477,-13.0795755,-9.6364527,0.6776214,0.3509041,-0.2204022,-0.1482717,0.1553445,0.0176793,0.3764856,0.0188086,0.1193666,0.0781957,0.0215963,0.0391804,-0.0156358,0.0437617,0.0019120,-0.0600739,0.1055834,0.5367877,0.9701222,-0.0111235,-0.0034518
21.135260207,1791082601.512749910,0,0,-0.0317988,0.0280299,0.0010040,-11.4319592,-10.9190197,-13.1239767,-9.6855354,0.6691722,0.3597362,-0.1990649,-0.1461375,0.1450199,0.0154974,0.3472793,0.0230746,0.1193714,0.0781757,0.0215933,0.0386071,-0.0156716,0.0437623,0.0019110,-0.0601192,0.1050895,0.5366827,0.9701569,-0.0105241,-0.0027942
21.156518504,1791082601.534008026,0,0,-0.0312168,0.0274218,0.0009341,-11.3956203,-10.8739166,-13.1197796,-9.6753120,0.6628964,0.3697496,-0.1871549,-0.1491878,0.1354981,0.0136140,0.3165830,0.0238733,0.1193769,0.0781562,0.0215840,0.0384293,-0.0157097,0.0437629,0.0019100,-0.0601648,0.1046150,0.5365734,0.9701918,-0.0099206,-0.0021410
21.175858361,1791082601.553348064,0,0,-0.0306702,0.0276744,0.0010165,-11.3714085,-10.8334141,-13.1784906,-9.6537714,0.6579506,0.3778352,-0.1741040,-0.1413516,0.1262154,0.0117904,0.2944113,0.0262119,0.1193929,0.0781375,0.0216066,0.0384681,-0.0157336,0.0437631,0.0019090,-0.0602150,0.1042110,0.5364631,0.9702588,-0.0097878,-0.0015057
21.196666530,1791082601.574156046,0,0,-0.0294437,0.0274677,0.0015491,-11.3563719,-10.7853279,-13.2146482,-9.6577606,0.6521263,0.3836167,-0.1606939,-0.1429569,0.1198197,0.0103987,0.2692683,0.0297853,0.1194099,0.0781188,0.0216277,0.0384519,-0.0157564,0.0437634,0.0019080,-0.0602664,0.1038159,0.5363531,0.9703265,-0.0096683,-0.0010254
21.218519665,1791082601.596009016,0,0,-0.0294288,0.0265276,0.0019752,-11.3235407,-10.7329426,-13.2109013,-9.6157169,0.6486614,0.3863899,-0.1443253,-0.1413801,0.1129391,0.0089858,0.2425841,0.0284645,0.1194164,0.0781045,0.0216262,0.0392971,-0.0158091,0.0437638,0.0019073,-0.0602926,0.1031658,0.5362468,0.9702648,-0.0094671,-0.0008089
21.235255298,1791082601.612744808,0,0,-0.0291480,0.0273048,0.0018288,-11.3004341,-10.7122211,-13.2520771,-9.6288233,0.6429264,0.3862973,-0.1385439,-0.1359027,0.1103017,0.0083834,0.2372390,0.0261056,0.1194348,0.0780885,0.0216260,0.0406924,-0.0158274,0.0437640,0.0019065,-0.0603401,0.1028594,0.5361874,0.9703340,-0.0093439,-0.0000040
21.258280285,1791082601.635769844,0,0,-0.0280700,0.0280226,0.0018128,-11.2529163,-10.6671877,-13.2688980,-9.6386023,0.6365055,0.3862805,-0.1324728,-0.1340382,0.1084296,0.0085854,0.2301211,0.0243346,0.1194528,0.0780720,0.0216235,0.0409599,-0.0158464,0.0437640,0.0019058,-0.0603862,0.1025504,0.5361270,0.9704015,-0.0091258,0.0007942
21.276695724,1791082601.654185295,0,0,-0.0266111,0.0273036,0.0014200,-11.2229338,-10.6269608,-13.2738037,-9.6275396,0.6310477,0.3855088,-0.1253517,-0.1366586,0.1064710,0.0076848,0.2171876,0.0230159,0.1194588,0.0780601,0.0215965,0.0422178,-0.0158893,0.0437645,0.0019050,-0.0604191,0.1020333,0.5360173,0.9703568,-0.0091693,0.0017233
21.296801498,1791082601.674290895,0,0,-0.0257271,0.0272020,0.0022565,-11.2093477,-10.5975504,-13.2757454,-9.6361170,0.6286929,0.3860745,-0.1201277,-0.1343365,0.1046118,0.0077449,0.2112549,0.0219466,0.1194644,0.0780482,0.0215713,0.0425156,-0.0159304,0.0437649,0.0019042,-0.0604519,0.1015323,0.5359092,0.9703109,-0.0092625,0.0026042
21.318786222,1791082601.696275473,0,0,-0.0255946,0.0269019,0.0025520,-11.1977043,-10.5669661,-13.2810583,-9.6096144,0.6244673,0.3834566,-0.1184574,-0.1332114,0.1048198,0.0084527,0.2095387,0.0221684,0.1194775,0.0780308,0.0215509,0.0409402,-0.0159649,0.0437649,0.0019036,-0.0604923,0.1011304,0.5358228,0.9703411,-0.0092568,0.0031937
21.335242996,1791082601.712732553,0,0,-0.0259137,0.0268521,0.0026027,-11.1569939,-10.5254517,-13.3082972,-9.5656862,0.6189945,0.3807015,-0.1190529,-0.1334902,0.1060111,0.0097713,0.2099696,0.0224995,0.1194796,0.0780189,0.0215238,0.0409387,-0.0160212,0.0437653,0.0019030,-0.0605223,0.1005634,0.5357146,0.9702308,-0.0095453,0.0037663
21.356612242,1791082601.734101772,0,0,-0.0243783,0.0266567,0.0023573,-11.1422768,-10.4756365,-13.3071833,-9.5630426,0.6160704,0.3808637,-0.1173803,-0.1333005,0.1061129,0.0112108,0.2090523,0.0235309,0.1194811,0.0780066,0.0214985,0.0408048,-0.0160775,0.0437657,0.0019025,-0.0605532,0.1000254,0.5356061,0.9701222,-0.0098765,0.0042102
21.376748289,1791082601.754237413,0,0,-0.0236007,0.0257054,0.0018587,-11.1337414,-10.4408607,-13.2902088,-9.5349073,0.6139620,0.3801154,-0.1204746,-0.1355141,0.1083773,0.0125997,0.2124858,0.0259133,0.1195008,0.0779829,0.0214906,0.0394855,-0.0161147,0.0437655,0.0019023,-0.0605809,0.0998240,0.5355223,0.9701968,-0.0095559,0.0041839
21.397195100,1791082601.774684668,0,0,-0.0234091,0.0256648,0.0012518,-11.1194601,-10.4017572,-13.2994795,-9.4908857,0.6080814,0.3775719,-0.1238411,-0.1381416,0.1111331,0.0147493,0.2156678,0.0295432,0.1195203,0.0779589,0.0214858,0.0390264,-0.0161526,0.0437653,0.0019022,-0.0606094,0.0996337,0.5354374,0.9702724,-0.0092171,0.0040474
21.416610576,1791082601.794100046,0,0,-0.0235490,0.0252573,0.0021392,-11.1242123,-10.3840256,-13.3035555,-9.4742270,0.6075839,0.3758980,-0.1282997,-0.1373356,0.1136889,0.0163871,0.2241362,0.0314806,0.1195413,0.0779371,0.0214605,0.0399931,-0.0161877,0.0437651,0.0019020,-0.0606335,0.0995420,0.5353211,0.9704034,-0.0092467,0.0036941
21.436263917,1791082601.813753366,0,0,-0.0226748,0.0250051,0.0017949,-11.1176109,-10.3522243,-13.2641449,-9.4432659,0.6047625,0.3756776,-0.1338296,-0.1401088,0.1165100,0.0182323,0.2295520,0.0323693,0.1195443,0.0779218,0.0214435,0.0405790,-0.0162429,0.0437653,0.0019017,-0.0606495,0.0991076,0.5352035,0.9703346,-0.0095016,0.0036435
21.456722025,1791082601.834211826,0,0,-0.0223902,0.0246678,0.0026057,-11.1053686,-10.3375568,-13.2628813,-9.4058189,0.6041636,0.3734089,-0.1399186,-0.1410324,0.1195149,0.0197057,0.2362770,0.0327558,0.1195474,0.0779069,0.0214250,0.0406372,-0.0162975,0.0437654,0.0019014,-0.0606659,0.0986865,0.5350857,0.9702628,-0.0098054,0.0036028
21.478108423,1791082601.855598450,0,0,-0.0227101,0.0247033,0.0021270,-11.0925303,-10.3136101,-13.2555428,-9.3571491,0.6009136,0.3746881,-0.1487304,-0.1433687,0.1227879,0.0218981,0.2466251,0.0358789,0.1195603,0.0778862,0.0214059,0.0398497,-0.0163435,0.0437651,0.0019013,-0.0606908,0.0984649,0.5349877,0.9703349,-0.0094707,0.0032586
21.498584515,1791082601.876074076,0,0,-0.0226098,0.0248591,0.0022416,-11.0832310,-10.3017673,-13.2452164,-9.3200302,0.5987648,0.3736393,-0.1617146,-0.1446804,0.1276951,0.0240236,0.2618072,0.0374272,0.1195730,0.0778653,0.0213911,0.0396013,-0.0163897,0.0437648,0.0019012,-0.0607151,0.0982544,0.5348893,0.9704078,-0.0091132,0.0029608
21.519178339,1791082601.896667957,0,0,-0.0220923,0.0255041,0.0027587,-11.0788631,-10.2941351,-13.2399406,-9.3033743,0.5942127,0.3705108,-0.1758914,-0.1464566,0.1334227,0.0257249,0.2765366,0.0381196,0.1195817,0.0778458,0.0213749,0.0396630,-0.0164421,0.0437646,0.0019012,-0.0607373,0.0980958,0.5348010,0.9704759,-0.0085963,0.0024757
21.537250629,1791082601.914740562,0,0,-0.0210719,0.0257470,0.0016217,-11.0792561,-10.2989435,-13.2381010,-9.2875853,0.5914256,0.3671923,-0.1911611,-0.1460751,0.1393871,0.0275555,0.2949821,0.0382037,0.1195877,0.0778282,0.0213674,0.0394640,-0.0165018,0.0437643,0.0019011,-0.0607645,0.0978081,0.5347057,0.9704916,-0.0081803,0.0022252
21.556535733,1791082601.934025526,0,0,-0.0207633,0.0264701,0.0027541,-11.0572891,-10.2738466,-13.2298594,-9.2560482,0.5913592,0.3641230,-0.2030065,-0.1435667,0.1439446,0.0287757,0.3102270,0.0379553,0.1195944,0.0778109,0.0213592,0.0393789,-0.0165608,0.0437640,0.0019010,-0.0607920,0.0975280,0.5346096,0.9705078,-0.0077686,0.0019898
21.578652238,1791082601.956142187,0,0,-0.0211162,0.0263944,0.0031759,-11.0479717,-10.2519550,-13.2178450,-9.2303095,0.5911406,0.3607323,-0.2171071,-0.1467875,0.1507691,0.0304330,0.3278321,0.0394690,0.1196033,0.0777919,0.0213380,0.0405778,-0.0166148,0.0437637,0.0019010,-0.0608088,0.0973036,0.5344889,0.9705197,-0.0072355,0.0020059
21.597741558,1791082601.975231171,0,0,-0.0210328,0.0255835,0.0024806,-11.0589170,-10.2502623,-13.1751366,-9.1917257,0.5914114,0.3555582,-0.2301037,-0.1503487,0.1575946,0.0322408,0.3428844,0.0403898,0.1196106,0.0777727,0.0213195,0.0407904,-0.0166681,0.0437634,0.0019009,-0.0608258,0.0970758,0.5343686,0.9705316,-0.0067442,0.0020220
21.619586150,1791082601.997075796,0,0,-0.0217374,0.0256503,0.0025224,-11.0629826,-10.2704220,-13.1615992,-9.1646109,0.5938894,0.3464778,-0.2495138,-0.1487360,0.1675462,0.0342363,0.3696409,0.0366413,0.1196186,0.0777505,0.0213095,0.0390313,-0.0167194,0.0437630,0.0019009,-0.0608431,0.0969163,0.5342685,0.9706346,-0.0065752,0.0015410
21.637902770,1791082602.015392303,0,0,-0.0222315,0.0260801,0.0029855,-11.0591755,-10.2667170,-13.1448593,-9.1277761,0.5950366,0.3416311,-0.2660307,-0.1480382,0.1749981,0.0360971,0.3899292,0.0358412,0.1196327,0.0777301,0.0213316,0.0386088,-0.0167690,0.0437624,0.0019009,-0.0608671,0.0968400,0.5341668,0.9707718,-0.0067605,0.0009099
21.660584737,1791082602.038074255,0,0,-0.0222942,0.0262289,0.0033272,-11.0493927,-10.2663498,-13.1264439,-9.1019745,0.5971310,0.3329855,-0.2808290,-0.1455146,0.1831554,0.0374879,0.4070869,0.0329079,0.1196468,0.0777094,0.0213543,0.0384991,-0.0168175,0.0437619,0.0019008,-0.0608902,0.0967587,0.5340664,0.9709057,-0.0069031,0.0003530
21.677646623,1791082602.055136681,0,0,-0.0222069,0.0269138,0.0029442,-11.0514679,-10.2694473,-13.1049309,-9.0926800,0.5965732,0.3246963,-0.2978110,-0.1487997,0.1926423,0.0391305,0.4307982,0.0317637,0.1196508,0.0776858,0.0213457,0.0380371,-0.0168644,0.0437612,0.0019011,-0.0609033,0.0966707,0.5340053,0.9710078,-0.0064691,0.0001028
21.698266242,1791082602.075755596,0,0,-0.0225915,0.0269920,0.0032334,-11.0470009,-10.2645760,-13.0844660,-9.0679331,0.5964803,0.3171466,-0.3169854,-0.1537044,0.2026421,0.0408814,0.4537720,0.0293497,0.1196547,0.0776621,0.0213387,0.0379289,-0.0169113,0.0437606,0.0019014,-0.0609156,0.0965999,0.5339420,0.9711135,-0.0060601,-0.0001478
21.717485264,1791082602.094974756,0,0,-0.0222191,0.0265605,0.0025623,-11.0507984,-10.2673111,-13.0658112,-9.0431223,0.5951558,0.3120278,-0.3346256,-0.1620775,0.2111807,0.0423275,0.4710935,0.0287434,0.1196553,0.0776411,0.0213352,0.0387097,-0.0169714,0.0437601,0.0019014,-0.0609332,0.0964558,0.5338526,0.9711882,-0.0054046,-0.0004928
21.737200497,1791082602.114690065,0,0,-0.0225349,0.0258473,0.0022929,-11.0443497,-10.2585850,-13.0425339,-9.0076742,0.5952399,0.3074706,-0.3560809,-0.1757521,0.2197211,0.0436070,0.4908182,0.0294851,0.1196651,0.0776221,0.0213407,0.0396615,-0.0170211,0.0437596,0.0019012,-0.0609558,0.0963145,0.5337412,0.9712703,-0.0056377,-0.0006072
21.758249892,1791082602.135739565,0,0,-0.0234447,0.0261092,0.0021749,-11.0512657,-10.2673721,-13.0226383,-8.9725199,0.5962570,0.3003674,-0.3759538,-0.1769837,0.2265907,0.0444620,0.5130417,0.0277373,0.1196747,0.0776031,0.0213449,0.0397826,-0.0170703,0.0437591,0.0019010,-0.0609789,0.0961491,0.5336313,0.9713499,-0.0058437,-0.0007319
21.776682997,1791082602.154172659,0,0,-0.0241114,0.0269999,0.0025205,-11.0600243,-10.2860155,-13.0107603,-8.9695597,0.5963334,0.2914021,-0.3968260,-0.1823867,0.2341840,0.0455891,0.5385405,0.0240875,0.1196807,0.0775812,0.0213363,0.0396158,-0.0171181,0.0437586,0.0019010,-0.0609869,0.0959570,0.5335040,0.9714202,-0.0056425,-0.0008061
21.797161875,1791082602.174651146,0,0,-0.0242302,0.0272654,0.0026975,-11.0454493,-10.2693005,-12.9657965,-8.9158564,0.5972549,0.2869683,-0.4133741,-0.1872285,0.2388900,0.0464597,0.5489438,0.0206978,0.1196859,0.0775591,0.0213305,0.0395238,-0.0171651,0.0437581,0.0019009,-0.0609941,0.0957640,0.5333767,0.9714898,-0.0054597,-0.0008294
21.818547762,1791082602.196037054,0,0,-0.0248489,0.0265868,0.0035887,-11.0586910,-10.2672129,-12.9474897,-8.8800554,0.6005577,0.2836548,-0.4310195,-0.1943791,0.2428614,0.0470315,0.5644436,0.0208259,0.1196874,0.0775429,0.0213396,0.0406258,-0.0172076,0.0437579,0.0019003,-0.0610065,0.0954330,0.5332165,0.9715160,-0.0063043,-0.0008176
21.837534968,1791082602.215024471,0,0,-0.0251781,0.0271411,0.0030194,-11.0737543,-10.2761517,-12.9174919,-8.8575792,0.5990777,0.2790152,-0.4476764,-0.2004827,0.2460652,0.0474743,0.5791971,0.0207969,0.1196958,0.0775252,0.0213468,0.0406308,-0.0172551,0.0437574,0.0019000,-0.0610289,0.0951893,0.5330727,0.9715762,-0.0067570,-0.0008090
21.857672873,1791082602.235162735,0,0,-0.0257738,0.0275948,0.0036114,-11.0877590,-10.3014555,-12.9181271,-8.8477926,0.6000304,0.2702869,-0.4650501,-0.2036855,0.2488132,0.0478355,0.6018441,0.0167610,0.1197043,0.0775077,0.0213529,0.0406376,-0.0173027,0.0437569,0.0018996,-0.0610508,0.0949512,0.5329292,0.9716370,-0.0071343,-0.0007236
21.879262224,1791082602.256751537,0,0,-0.0266346,0.0279423,0.0038458,-11.0819407,-10.3111048,-12.8903122,-8.8259554,0.6011986,0.2652619,-0.4865260,-0.2143086,0.2511670,0.0482897,0.6195758,0.0136233,0.1197157,0.0774836,0.0213565,0.0387509,-0.0173422,0.0437563,0.0018996,-0.0610613,0.0949828,0.5328379,0.9718086,-0.0068414,-0.0012810
21.898607427,1791082602.276096821,0,0,-0.0271426,0.0281910,0.0047014,-11.0825949,-10.3170967,-12.8857365,-8.8113909,0.6035780,0.2586680,-0.5072821,-0.2230041,0.2520016,0.0489027,0.6387104,0.0120391,0.1197266,0.0774590,0.0213702,0.0383286,-0.0173802,0.0437556,0.0018996,-0.0610712,0.0950185,0.5327453,0.9719818,-0.0065427,-0.0018476
21.918945307,1791082602.296434879,0,0,-0.0270054,0.0280843,0.0043676,-11.0995445,-10.3217363,-12.8622704,-8.7931271,0.6040071,0.2533372,-0.5251469,-0.2304117,0.2539685,0.0491967,0.6509656,0.0131828,0.1197349,0.0774382,0.0213690,0.0395315,-0.0174186,0.0437551,0.0018994,-0.0610874,0.0948853,0.5326083,0.9720946,-0.0068436,-0.0018962
21.938663324,1791082602.316153049,0,0,-0.0269316,0.0278817,0.0044475,-11.1047411,-10.3359337,-12.8607168,-8.7904844,0.6053436,0.2479181,-0.5400449,-0.2421484,0.2522144,0.0497071,0.6663091,0.0136193,0.1197433,0.0774163,0.0213867,0.0381982,-0.0174586,0.0437543,0.0018994,-0.0611065,0.0948345,0.5325257,0.9722362,-0.0069782,-0.0024647
21.958641319,1791082602.336131096,0,0,-0.0270413,0.0275042,0.0047744,-11.1143970,-10.3469296,-12.8319740,-8.7564869,0.6085860,0.2417984,-0.5579138,-0.2486962,0.2548071,0.0499101,0.6751150,0.0114282,0.1197520,0.0773947,0.0214055,0.0379645,-0.0174980,0.0437536,0.0018993,-0.0611255,0.0947979,0.5324438,0.9723772,-0.0071142,-0.0029347
21.979260041,1791082602.356750011,0,0,-0.0275555,0.0279406,0.0049990,-11.1195736,-10.3473377,-12.8295527,-8.7288990,0.6085264,0.2393107,-0.5760635,-0.2547478,0.2523791,0.0501183,0.6869751,0.0121825,0.1197563,0.0773745,0.0214192,0.0379511,-0.0175503,0.0437530,0.0018992,-0.0611430,0.0946187,0.5323263,0.9724659,-0.0071422,-0.0032556
21.998768387,1791082602.376257896,0,0,-0.0278806,0.0284733,0.0043017,-11.1217232,-10.3554792,-12.8095932,-8.7160597,0.6074627,0.2371833,-0.5891535,-0.2586965,0.2478630,0.0500184,0.6989523,0.0118483,0.1197600,0.0773541,0.0214303,0.0378700,-0.0176033,0.0437525,0.0018990,-0.0611614,0.0944333,0.5322076,0.9725531,-0.0071665,-0.0036207
22.020182339,1791082602.397672415,0,0,-0.0281144,0.0281512,0.0053403,-11.1366291,-10.3570213,-12.7987223,-8.6979351,0.6107176,0.2314023,-0.6029215,-0.2654033,0.2483211,0.0505387,0.7110628,0.0135874,0.1197627,0.0773377,0.0214377,0.0394889,-0.0176509,0.0437521,0.0018985,-0.0611844,0.0941689,0.5320911,0.9725596,-0.0074013,-0.0035079
22.040964908,1791082602.418454647,0,0,-0.0272495,0.0277123,0.0050586,-11.1548328,-10.3853302,-12.7642174,-8.7036810,0.6127539,0.2252112,-0.6143284,-0.2695144,0.2489409,0.0509809,0.7222738,0.0097431,0.1197675,0.0773207,0.0214320,0.0404550,-0.0176921,0.0437515,0.0018982,-0.0612132,0.0939319,0.5319885,0.9725938,-0.0073896,-0.0028937
22.061869177,1791082602.439358950,0,0,-0.0280174,0.0280011,0.0051611,-11.1422262,-10.3884439,-12.7438936,-8.6722946,0.6154206,0.2214798,-0.6298255,-0.2709030,0.2499578,0.0515158,0.7307193,0.0053709,0.1197725,0.0773037,0.0214212,0.0406404,-0.0177340,0.0437510,0.0018978,-0.0612416,0.0936980,0.5318848,0.9726275,-0.0073420,-0.0022309
22.083155317,1791082602.460645676,0,0,-0.0280628,0.0284255,0.0050655,-11.1441288,-10.3952475,-12.7422886,-8.6637459,0.6170067,0.2209585,-0.6402285,-0.2717032,0.2461806,0.0520044,0.7396537,0.0041894,0.1197786,0.0772842,0.0214092,0.0396773,-0.0177812,0.0437505,0.0018974,-0.0612629,0.0935023,0.5317518,0.9727046,-0.0071660,-0.0022262
22.100473852,1791082602.477963209,0,0,-0.0286337,0.0284869,0.0050313,-11.1373367,-10.3853645,-12.7333145,-8.6362181,0.6188777,0.2185924,-0.6506494,-0.2787410,0.2478342,0.0523844,0.7438668,0.0064064,0.1197807,0.0772693,0.0214148,0.0402393,-0.0178186,0.0437501,0.0018970,-0.0612835,0.0932362,0.5316247,0.9727293,-0.0078139,-0.0020762
22.121283782,1791082602.498773098,0,0,-0.0293229,0.0281846,0.0052831,-11.1515865,-10.4023390,-12.7170486,-8.6111059,0.6194911,0.2149580,-0.6602939,-0.2830489,0.2483829,0.0528921,0.7500870,0.0083013,0.1197825,0.0772545,0.0214184,0.0403205,-0.0178556,0.0437497,0.0018965,-0.0613049,0.0929623,0.5314984,0.9727535,-0.0084600,-0.0019759
22.140735677,1791082602.518224955,0,0,-0.0298454,0.0278726,0.0065948,-11.1658831,-10.4198542,-12.7136173,-8.6131639,0.6214110,0.2079640,-0.6699416,-0.2893467,0.2497221,0.0535360,0.7601217,0.0076135,0.1197951,0.0772341,0.0214211,0.0391303,-0.0178922,0.0437490,0.0018963,-0.0613295,0.0929009,0.5314020,0.9728573,-0.0083914,-0.0020187
22.159847240,1791082602.537336588,0,0,-0.0297979,0.0277852,0.0055471,-11.1740780,-10.3995371,-12.6953344,-8.5965929,0.6211714,0.2083593,-0.6789283,-0.2897872,0.2490410,0.0534967,0.7636743,0.0103358,0.1198077,0.0772136,0.0214243,0.0387882,-0.0179299,0.0437484,0.0018961,-0.0613547,0.0928494,0.5313028,0.9729620,-0.0082711,-0.0021711
22.183356151,1791082602.560846329,0,0,-0.0291428,0.0279025,0.0056485,-11.1938972,-10.3992872,-12.6914053,-8.6134338,0.6223714,0.2070409,-0.6822051,-0.2904959,0.2490531,0.0530068,0.7670484,0.0118489,0.1198089,0.0771943,0.0214129,0.0378390,-0.0179799,0.0437479,0.0018960,-0.0613697,0.0927388,0.5311899,0.9730510,-0.0082719,-0.0028538
22.202426111,1791082602.579915524,0,0,-0.0284255,0.0278733,0.0057282,-11.1936054,-10.4111061,-12.6886854,-8.6183863,0.6243609,0.2047614,-0.6882939,-0.2923540,0.2479127,0.0534493,0.7728003,0.0092976,0.1198110,0.0771760,0.0214279,0.0380274,-0.0180278,0.0437473,0.0018958,-0.0613935,0.0923244,0.5310610,0.9729992,-0.0081460,-0.0024466
22.222853083,1791082602.600342274,0,0,-0.0285957,0.0289943,0.0063559,-11.1974897,-10.4055071,-12.7001982,-8.5999308,0.6260471,0.2034465,-0.6947123,-0.2885898,0.2473931,0.0534495,0.7766825,0.0104516,0.1198142,0.0771582,0.0214362,0.0380612,-0.0180765,0.0437468,0.0018955,-0.0614179,0.0919253,0.5309281,0.9729455,-0.0079982,-0.0020464
22.243210996,1791082602.620700598,0,0,-0.0293270,0.0286909,0.0064761,-11.2005911,-10.4072123,-12.6820612,-8.5745983,0.6266513,0.2005548,-0.7006191,-0.2931761,0.2504113,0.0533611,0.7773983,0.0125936,0.1198126,0.0771445,0.0214254,0.0407170,-0.0181220,0.0437468,0.0018950,-0.0614338,0.0914595,0.5307712,0.9727346,-0.0079016,-0.0011687
22.261436573,1791082602.638926268,0,0,-0.0285325,0.0281679,0.0059690,-11.2274256,-10.4112778,-12.6696358,-8.5764952,0.6275344,0.1995744,-0.7054115,-0.2934248,0.2513443,0.0530662,0.7780669,0.0148957,0.1198101,0.0771311,0.0214125,0.0414045,-0.0181680,0.0437467,0.0018945,-0.0614514,0.0909901,0.5306131,0.9725197,-0.0078376,-0.0003985
22.283211723,1791082602.660701513,0,0,-0.0283676,0.0282905,0.0052919,-11.2416496,-10.4197111,-12.6723280,-8.5882835,0.6273620,0.1987548,-0.7076787,-0.2939744,0.2503786,0.0529023,0.7812546,0.0167338,0.1198130,0.0771122,0.0214039,0.0377337,-0.0182208,0.0437460,0.0018943,-0.0614808,0.0909674,0.5305063,0.9726363,-0.0077783,-0.0011324
22.304261566,1791082602.681751251,0,0,-0.0282981,0.0287924,0.0051218,-11.2322922,-10.4337149,-12.6671371,-8.5861111,0.6292700,0.1979412,-0.7091742,-0.2894933,0.2526215,0.0527468,0.7791027,0.0116189,0.1198118,0.0770949,0.0214019,0.0385625,-0.0182685,0.0437456,0.0018941,-0.0614971,0.0907210,0.5303457,0.9726685,-0.0078341,-0.0011427
22.323670900,1791082602.701159954,0,0,-0.0279585,0.0287113,0.0052732,-11.2309189,-10.4304008,-12.6618767,-8.5808783,0.6307414,0.1994106,-0.7113996,-0.2901750,0.2508745,0.0526244,0.7810111,0.0117555,0.1198101,0.0770772,0.0214012,0.0387064,-0.0183147,0.0437451,0.0018938,-0.0615127,0.0904767,0.5301857,0.9727010,-0.0079196,-0.0011570
22.342393999,1791082602.719883919,0,0,-0.0281135,0.0290104,0.0056876,-11.2380581,-10.4249449,-12.6674423,-8.5790873,0.6310346,0.1976100,-0.7148132,-0.2917095,0.2537298,0.0522260,0.7795746,0.0143986,0.1198142,0.0770593,0.0213974,0.0383036,-0.0183552,0.0437447,0.0018933,-0.0615443,0.0903849,0.5300807,0.9727898,-0.0085270,-0.0012684
22.364841526,1791082602.742331743,0,0,-0.0278982,0.0283951,0.0046051,-11.2577763,-10.4288073,-12.6474876,-8.5857220,0.6325727,0.1968202,-0.7156779,-0.2937652,0.2543784,0.0518821,0.7793936,0.0170404,0.1198185,0.0770415,0.0213932,0.0382141,-0.0183958,0.0437442,0.0018929,-0.0615764,0.0902979,0.5299762,0.9728770,-0.0091138,-0.0014263
22.383131874,1791082602.760621548,0,0,-0.0276868,0.0281839,0.0051605,-11.2660360,-10.4304218,-12.6581917,-8.5942507,0.6318503,0.1955861,-0.7158421,-0.2967784,0.2556330,0.0521915,0.7796341,0.0178262,0.1198275,0.0770212,0.0214057,0.0379595,-0.0184362,0.0437437,0.0018927,-0.0616005,0.0903215,0.5298818,0.9729804,-0.0091895,-0.0017693
22.404505153,1791082602.781994820,0,0,-0.0275333,0.0277957,0.0044672,-11.2615118,-10.4449110,-12.6589689,-8.6123857,0.6298438,0.1950736,-0.7163942,-0.3040846,0.2538918,0.0523803,0.7829834,0.0167795,0.1198239,0.0770033,0.0214037,0.0383060,-0.0184829,0.0437432,0.0018925,-0.0616203,0.0900581,0.5297621,0.9729527,-0.0092479,-0.0015243
22.422705385,1791082602.800194502,0,0,-0.0263895,0.0288191,0.0050589,-11.2784214,-10.4471292,-12.6899271,-8.6443558,0.6290088,0.1965134,-0.7122080,-0.2977361,0.2504775,0.0514841,0.7847795,0.0200676,0.1198206,0.0769855,0.0214023,0.0383951,-0.0185286,0.0437427,0.0018922,-0.0616405,0.0898073,0.5296391,0.9729263,-0.0093048,-0.0013895
22.442349576,1791082602.819838762,0,0,-0.0261735,0.0287283,0.0048843,-11.2804089,-10.4544792,-12.6724930,-8.6637945,0.6318229,0.1976646,-0.7101874,-0.3030439,0.2511477,0.0508482,0.7823331,0.0219897,0.1198245,0.0769673,0.0213955,0.0390947,-0.0185650,0.0437422,0.0018919,-0.0616651,0.0896860,0.5294971,0.9729870,-0.0095159,-0.0013970
22.463044941,1791082602.840534449,0,0,-0.0262461,0.0283330,0.0051515,-11.2874527,-10.4769688,-12.6709862,-8.6803007,0.6338531,0.1978057,-0.7059521,-0.3051339,0.2514192,0.0503564,0.7811304,0.0190456,0.1198285,0.0769492,0.0213918,0.0393581,-0.0186004,0.0437417,0.0018915,-0.0616888,0.0895622,0.5293579,0.9730472,-0.0097119,-0.0013173
22.484794874,1791082602.862284660,0,0,-0.0261034,0.0282962,0.0046498,-11.2924194,-10.4891195,-12.6656609,-8.6911926,0.6347920,0.1973254,-0.7011904,-0.3027232,0.2535884,0.0498239,0.7781709,0.0165947,0.1198397,0.0769323,0.0214035,0.0407793,-0.0186314,0.0437411,0.0018912,-0.0617103,0.0895490,0.5292059,0.9731287,-0.0098964,-0.0011609
22.501335909,1791082602.878825665,0,0,-0.0266607,0.0279695,0.0039462,-11.2805176,-10.4962635,-12.6571560,-8.6792908,0.6371746,0.1994718,-0.6964329,-0.3066255,0.2569699,0.0493464,0.7686623,0.0156653,0.1198346,0.0769198,0.0214022,0.0421268,-0.0186712,0.0437412,0.0018904,-0.0617311,0.0890466,0.5290448,0.9728755,-0.0099709,0.0000335
22.522423001,1791082602.899912596,0,0,-0.0277964,0.0281867,0.0039967,-11.2658415,-10.5089951,-12.6831055,-8.6783123,0.6380553,0.2022418,-0.6897569,-0.3070548,0.2540585,0.0485317,0.7652296,0.0181306,0.1198301,0.0769083,0.0213923,0.0424576,-0.0187134,0.0437414,0.0018896,-0.0617540,0.0885515,0.5288794,0.9726064,-0.0101051,0.0010830
22.544573749,1791082602.922063112,0,0,-0.0280796,0.0286340,0.0037695,-11.2735462,-10.5178776,-12.7009029,-8.6966944,0.6390859,0.2028578,-0.6846707,-0.3064796,0.2548705,0.0478543,0.7608616,0.0202342,0.1198355,0.0768912,0.0213913,0.0406729,-0.0187486,0.0437410,0.0018888,-0.0617849,0.0883811,0.5287436,0.9726312,-0.0105132,0.0012593
22.562430576,1791082602.939919949,0,0,-0.0280699,0.0285198,0.0035120,-11.2516031,-10.5249157,-12.7180138,-8.7146406,0.6374634,0.2054848,-0.6774501,-0.3077162,0.2527306,0.0476665,0.7577423,0.0163205,0.1198411,0.0768736,0.0213971,0.0402074,-0.0187837,0.0437407,0.0018882,-0.0618140,0.0882230,0.5286126,0.9726565,-0.0108831,0.0015215
22.586067972,1791082602.963557959,0,0,-0.0278613,0.0282591,0.0038565,-11.2462893,-10.5176620,-12.7244873,-8.7307472,0.6360380,0.2072172,-0.6700704,-0.3078591,0.2542196,0.0471677,0.7519714,0.0151948,0.1198500,0.0768543,0.0213979,0.0398320,-0.0188113,0.0437402,0.0018878,-0.0618354,0.0882334,0.5284873,0.9727312,-0.0111785,0.0016202
22.604524150,1791082602.982013941,0,0,-0.0270646,0.0281305,0.0033511,-11.2465572,-10.5172520,-12.7340603,-8.7634268,0.6350116,0.2106803,-0.6647545,-0.3090577,0.2501264,0.0473635,0.7516250,0.0148966,0.1198514,0.0768373,0.0214017,0.0394344,-0.0188568,0.0437398,0.0018875,-0.0618570,0.0881251,0.5283849,0.9727517,-0.0112217,0.0014134
22.625586921,1791082603.003076315,0,0,-0.0264734,0.0287982,0.0038579,-11.2556572,-10.5189476,-12.7573309,-8.7952709,0.6356536,0.2113056,-0.6577574,-0.3046925,0.2489074,0.0469339,0.7511085,0.0183967,0.1198536,0.0768205,0.0214087,0.0394138,-0.0189004,0.0437394,0.0018871,-0.0618784,0.0880260,0.5282822,0.9727736,-0.0112447,0.0011826
22.645191079,1791082603.022680521,0,0,-0.0274998,0.0292330,0.0031624,-11.2500076,-10.5374079,-12.7527399,-8.7959070,0.6364384,0.2131658,-0.6548995,-0.3049698,0.2498780,0.0469259,0.7467327,0.0182025,0.1198558,0.0768058,0.0214156,0.0403212,-0.0189390,0.0437393,0.0018863,-0.0619037,0.0878271,0.5281547,0.9727144,-0.0117038,0.0016609
22.665495039,1791082603.042984486,0,0,-0.0274743,0.0292240,0.0042385,-11.2565956,-10.5312729,-12.7751045,-8.8048983,0.6353590,0.2149549,-0.6501739,-0.3055876,0.2462666,0.0464856,0.7469875,0.0200059,0.1198585,0.0767915,0.0214182,0.0405183,-0.0189777,0.0437391,0.0018856,-0.0619301,0.0876330,0.5280265,0.9726569,-0.0121647,0.0020755
22.686593397,1791082603.064082861,0,0,-0.0269381,0.0291782,0.0033899,-11.2686043,-10.5262680,-12.7858829,-8.8258715,0.6311033,0.2173685,-0.6436843,-0.3070765,0.2452722,0.0461495,0.7439410,0.0231520,0.1198603,0.0767714,0.0214070,0.0392408,-0.0190095,0.0437387,0.0018853,-0.0619548,0.0875222,0.5279452,0.9726608,-0.0117626,0.0024276
22.704709884,1791082603.082199335,0,0,-0.0263717,0.0288653,0.0032980,-11.2831125,-10.5322962,-12.8017159,-8.8450842,0.6293148,0.2198676,-0.6359650,-0.3078865,0.2446751,0.0456910,0.7388506,0.0267846,0.1198600,0.0767524,0.0214196,0.0369194,-0.0190483,0.0437381,0.0018850,-0.0619955,0.0875725,0.5279015,0.9727302,-0.0116167,0.0018583
22.726698099,1791082603.104187727,0,0,-0.0263089,0.0277517,0.0034398,-11.2867823,-10.5495052,-12.8084517,-8.8671179,0.6318756,0.2211022,-0.6309335,-0.3118353,0.2447082,0.0452148,0.7365907,0.0264982,0.1198605,0.0767336,0.0214348,0.0364570,-0.0190869,0.0437376,0.0018847,-0.0620355,0.0876497,0.5278581,0.9728007,-0.0114710,0.0013610
22.745593911,1791082603.123084068,0,0,-0.0265070,0.0280763,0.0025752,-11.2837582,-10.5621014,-12.8147917,-8.8693237,0.6313040,0.2221351,-0.6239356,-0.3079541,0.2460794,0.0448587,0.7308100,0.0255038,0.1198626,0.0767204,0.0214365,0.0393023,-0.0191223,0.0437376,0.0018840,-0.0620705,0.0875053,0.5277681,0.9727569,-0.0116271,0.0019808
22.766977816,1791082603.144467115,0,0,-0.0276195,0.0286302,0.0029244,-11.2597752,-10.5679712,-12.8358479,-8.8754396,0.6316868,0.2221813,-0.6204172,-0.3061484,0.2447617,0.0447145,0.7305052,0.0234634,0.1198645,0.0767074,0.0214311,0.0400121,-0.0191578,0.0437375,0.0018833,-0.0621054,0.0873377,0.5276780,0.9727105,-0.0117675,0.0025805
22.786357421,1791082603.163847208,0,0,-0.0272703,0.0282308,0.0030662,-11.2749329,-10.5718365,-12.8385019,-8.8982115,0.6333383,0.2229057,-0.6150196,-0.3103621,0.2487158,0.0441096,0.7230471,0.0271331,0.1198636,0.0766941,0.0214388,0.0400736,-0.0191935,0.0437374,0.0018827,-0.0621333,0.0871589,0.5275928,0.9726416,-0.0118478,0.0029202
22.806628996,1791082603.184118748,0,0,-0.0274429,0.0286375,0.0024496,-11.2698269,-10.5715199,-12.8443909,-8.8996973,0.6331039,0.2243360,-0.6128232,-0.3082632,0.2459229,0.0438579,0.7230680,0.0294212,0.1198596,0.0766766,0.0214295,0.0383279,-0.0192346,0.0437371,0.0018823,-0.0621605,0.0871966,0.5275587,0.9726663,-0.0117285,0.0024655
22.825209436,1791082603.202698946,0,0,-0.0273828,0.0287731,0.0023334,-11.2804699,-10.5694885,-12.8555126,-8.9204721,0.6331027,0.2250032,-0.6087791,-0.3070973,0.2475965,0.0436994,0.7194939,0.0297125,0.1198557,0.0766588,0.0214265,0.0379573,-0.0192751,0.0437369,0.0018819,-0.0621867,0.0872493,0.5275252,0.9726915,-0.0115961,0.0020971
22.847757289,1791082603.225246668,0,0,-0.0269237,0.0285615,0.0033079,-11.2751665,-10.5690622,-12.8581581,-8.9206915,0.6333824,0.2274592,-0.6044280,-0.3048441,0.2517287,0.0433248,0.7086251,0.0284214,0.1198631,0.0766390,0.0214331,0.0387356,-0.0193019,0.0437364,0.0018815,-0.0622156,0.0873349,0.5274570,0.9727407,-0.0111206,0.0022061
22.864506108,1791082603.241995096,0,0,-0.0276637,0.0275677,0.0027283,-11.2786512,-10.5607138,-12.8670568,-8.9117861,0.6315650,0.2302198,-0.5985627,-0.3079838,0.2519063,0.0430709,0.7029283,0.0323313,0.1198703,0.0766193,0.0214362,0.0388545,-0.0193294,0.0437360,0.0018812,-0.0622457,0.0874169,0.5273884,0.9727899,-0.0106861,0.0021895
22.884461351,1791082603.261950254,0,0,-0.0274786,0.0279821,0.0017781,-11.2784958,-10.5459299,-12.8678770,-8.8978090,0.6292235,0.2341195,-0.5906400,-0.2984986,0.2506121,0.0422554,0.6955829,0.0337884,0.1198719,0.0766011,0.0214410,0.0376971,-0.0193709,0.0437356,0.0018810,-0.0622737,0.0873838,0.5273111,0.9728302,-0.0105756,0.0016896
22.904475733,1791082603.281964779,0,0,-0.0274290,0.0282677,0.0025252,-11.2730370,-10.5306005,-12.8758907,-8.9007530,0.6287764,0.2358408,-0.5853724,-0.2952312,0.2515677,0.0422714,0.6907253,0.0345482,0.1198804,0.0765799,0.0214477,0.0380041,-0.0193949,0.0437351,0.0018807,-0.0623029,0.0875122,0.5272377,0.9729332,-0.0105449,0.0013255
22.924508931,1791082603.301997900,0,0,-0.0273595,0.0283253,0.0025818,-11.2662926,-10.5410204,-12.9098845,-8.9272041,0.6260225,0.2348399,-0.5805515,-0.2963360,0.2509424,0.0423693,0.6921741,0.0322843,0.1198888,0.0765585,0.0214562,0.0380852,-0.0194187,0.0437346,0.0018804,-0.0623305,0.0876339,0.5271659,0.9730343,-0.0105175,0.0010869
22.947360635,1791082603.324850798,0,0,-0.0269175,0.0282286,0.0019382,-11.2658367,-10.5313683,-12.8857574,-8.9253979,0.6230175,0.2365681,-0.5752010,-0.2924282,0.2543817,0.0418613,0.6841044,0.0304630,0.1198870,0.0765438,0.0214588,0.0389925,-0.0194605,0.0437344,0.0018800,-0.0623537,0.0874652,0.5270665,0.9729906,-0.0107176,0.0011588
22.967527662,1791082603.345017433,0,0,-0.0271262,0.0275913,0.0019924,-11.2722797,-10.5424414,-12.8844967,-8.9280348,0.6229536,0.2385845,-0.5748891,-0.2945587,0.2532617,0.0420759,0.6838428,0.0324682,0.1198894,0.0765254,0.0214592,0.0383719,-0.0194888,0.0437339,0.0018797,-0.0623834,0.0874106,0.5269938,0.9730220,-0.0105159,0.0012031
22.987410774,1791082603.364900827,0,0,-0.0261716,0.0276343,0.0019006,-11.2742195,-10.5485144,-12.8965712,-8.9476576,0.6219430,0.2388545,-0.5730699,-0.2958683,0.2519165,0.0421128,0.6844120,0.0343881,0.1198919,0.0765068,0.0214618,0.0382217,-0.0195172,0.0437334,0.0018795,-0.0624129,0.0873686,0.5269200,0.9730552,-0.0103052,0.0012131
23.007037941,1791082603.384527922,0,0,-0.0258391,0.0285789,0.0021458,-11.2882843,-10.5511808,-12.9104481,-8.9693861,0.6216574,0.2384730,-0.5728974,-0.2933220,0.2506188,0.0418513,0.6876628,0.0357326,0.1199014,0.0764880,0.0214665,0.0389013,-0.0195379,0.0437329,0.0018792,-0.0624438,0.0874422,0.5268273,0.9731360,-0.0103497,0.0012991
23.026875708,1791082603.404365301,0,0,-0.0265639,0.0288738,0.0018491,-11.2753162,-10.5606232,-12.9148960,-8.9773474,0.6200922,0.2374388,-0.5721123,-0.2935987,0.2512601,0.0416326,0.6877772,0.0325341,0.1199107,0.0764690,0.0214705,0.0390939,-0.0195590,0.0437323,0.0018789,-0.0624736,0.0875019,0.5267358,0.9732150,-0.0103523,0.0014621
23.049477739,1791082603.426967382,0,0,-0.0265419,0.0290353,0.0013569,-11.2763882,-10.5627909,-12.9183283,-8.9769716,0.6217914,0.2380622,-0.5674863,-0.2876575,0.2513753,0.0407746,0.6845853,0.0320317,0.1199151,0.0764497,0.0214709,0.0387552,-0.0195836,0.0437318,0.0018787,-0.0625000,0.0875095,0.5266588,0.9732547,-0.0099793,0.0017686
23.067606961,1791082603.445096254,0,0,-0.0264252,0.0286616,0.0020353,-11.2729034,-10.5566940,-12.9248953,-8.9882050,0.6234546,0.2389134,-0.5668823,-0.2899882,0.2529796,0.0397800,0.6806771,0.0334054,0.1199203,0.0764290,0.0214805,0.0383387,-0.0196084,0.0437312,0.0018785,-0.0625271,0.0874708,0.5265908,0.9732769,-0.0096723,0.0020364
23.088617348,1791082603.466106892,0,0,-0.0264597,0.0291457,0.0016745,-11.2688627,-10.5564060,-12.9372520,-9.0062685,0.6221464,0.2394066,-0.5631433,-0.2843539,0.2514356,0.0392748,0.6811923,0.0331641,0.1199257,0.0764082,0.0214885,0.0382642,-0.0196341,0.0437307,0.0018783,-0.0625538,0.0874438,0.5265223,0.9732985,-0.0093724,0.0023206
23.107636204,1791082603.485125542,0,0,-0.0265818,0.0293137,0.0016682,-11.2573328,-10.5462494,-12.9352894,-9.0048342,0.6224706,0.2381425,-0.5573835,-0.2801805,0.2537722,0.0386882,0.6778182,0.0312065,0.1199267,0.0763935,0.0214859,0.0401973,-0.0196669,0.0437305,0.0018778,-0.0625758,0.0873211,0.5264267,0.9732400,-0.0094961,0.0028458
23.127093029,1791082603.504582405,0,0,-0.0259092,0.0292732,0.0010522,-11.2548161,-10.5423508,-12.9295902,-9.0204306,0.6215091,0.2385516,-0.5522056,-0.2837098,0.2556936,0.0378251,0.6733325,0.0318976,0.1199270,0.0763788,0.0214821,0.0407165,-0.0196998,0.0437302,0.0018773,-0.0625983,0.0871868,0.5263324,0.9731806,-0.0096428,0.0033216
23.146887530,1791082603.524376631,0,0,-0.0262792,0.0287288,0.0014903,-11.2443943,-10.5410223,-12.9216576,-9.0018311,0.6224441,0.2399842,-0.5506306,-0.2824806,0.2574173,0.0375675,0.6672123,0.0340146,0.1199226,0.0763650,0.0214843,0.0398777,-0.0197403,0.0437300,0.0018768,-0.0626215,0.0869725,0.5262382,0.9731175,-0.0098368,0.0033260
23.164574433,1791082603.542063713,0,0,-0.0268832,0.0289534,0.0014869,-11.2467861,-10.5388899,-12.9351244,-8.9878721,0.6222060,0.2389667,-0.5499496,-0.2791918,0.2570614,0.0377578,0.6664509,0.0360316,0.1199369,0.0763442,0.0214921,0.0395968,-0.0197610,0.0437295,0.0018765,-0.0626456,0.0871151,0.5261208,0.9732181,-0.0096480,0.0031512
23.188448767,1791082603.565938711,0,0,-0.0265440,0.0296203,0.0014980,-11.2385159,-10.5365334,-12.9405260,-9.0053978,0.6212398,0.2385508,-0.5477467,-0.2763469,0.2553492,0.0382582,0.6687853,0.0326712,0.1199508,0.0763226,0.0215075,0.0395899,-0.0197807,0.0437289,0.0018762,-0.0626677,0.0872478,0.5260065,0.9733167,-0.0094081,0.0030834
23.205537823,1791082603.583027124,0,0,-0.0264925,0.0288173,0.0018885,-11.2373133,-10.5195227,-12.9352341,-9.0051622,0.6217736,0.2390679,-0.5454469,-0.2787135,0.2555418,0.0382066,0.6688656,0.0344283,0.1199490,0.0763126,0.0215326,0.0410518,-0.0198106,0.0437288,0.0018754,-0.0626866,0.0870504,0.5258863,0.9732193,-0.0099492,0.0034380
23.226990594,1791082603.604480267,0,0,-0.0262015,0.0288058,0.0015653,-11.2382174,-10.5152273,-12.9425135,-9.0161896,0.6208271,0.2397651,-0.5434067,-0.2803004,0.2555759,0.0379283,0.6670004,0.0387065,0.1199469,0.0763028,0.0215525,0.0413959,-0.0198403,0.0437287,0.0018745,-0.0627068,0.0868348,0.5257654,0.9731199,-0.0104944,0.0036888
23.245456662,1791082603.622946501,0,0,-0.0263536,0.0289284,0.0016880,-11.2645807,-10.5183077,-12.9293547,-9.0139828,0.6221864,0.2391767,-0.5446793,-0.2818992,0.2554293,0.0378452,0.6677808,0.0448354,0.1199508,0.0762842,0.0215632,0.0391390,-0.0198605,0.0437281,0.0018740,-0.0627402,0.0868858,0.5257242,0.9731983,-0.0106731,0.0031838
23.265341150,1791082603.642831087,0,0,-0.0271334,0.0291106,0.0015913,-11.2555723,-10.5337572,-12.9437656,-9.0194826,0.6216274,0.2400621,-0.5417629,-0.2801900,0.2521969,0.0378740,0.6698102,0.0425864,0.1199552,0.0762652,0.0215762,0.0385505,-0.0198817,0.0437276,0.0018736,-0.0627724,0.0869572,0.5256832,0.9732761,-0.0108331,0.0027845
23.285381741,1791082603.662871122,0,0,-0.0265265,0.0291242,0.0018980,-11.2515621,-10.5415878,-12.9718323,-9.0454397,0.6211999,0.2408406,-0.5392177,-0.2825581,0.2492388,0.0380872,0.6731111,0.0392390,0.1199642,0.0762442,0.0215922,0.0380200,-0.0199065,0.0437270,0.0018734,-0.0627953,0.0871118,0.5256264,0.9733725,-0.0108924,0.0023359
23.306621736,1791082603.684111118,0,0,-0.0260519,0.0289544,0.0012642,-11.2426243,-10.5242367,-12.9810944,-9.0415249,0.6189744,0.2423022,-0.5384913,-0.2855379,0.2510754,0.0377160,0.6691520,0.0396110,0.1199672,0.0762273,0.0216015,0.0393058,-0.0199354,0.0437266,0.0018729,-0.0628236,0.0869964,0.5255563,0.9733624,-0.0110172,0.0028160
23.326995459,1791082603.704484940,0,0,-0.0268998,0.0289130,0.0015167,-11.2315750,-10.5180836,-12.9848137,-9.0183096,0.6168338,0.2440371,-0.5365445,-0.2860797,0.2492025,0.0379701,0.6678939,0.0421711,0.1199709,0.0762111,0.0216008,0.0395376,-0.0199653,0.0437263,0.0018723,-0.0628533,0.0868824,0.5254846,0.9733513,-0.0111445,0.0031962
23.346723206,1791082603.724212408,0,0,-0.0265169,0.0291759,0.0015092,-11.2482071,-10.5211277,-12.9735022,-9.0341005,0.6178797,0.2438933,-0.5351817,-0.2856527,0.2466929,0.0381798,0.6713461,0.0430586,0.1199816,0.0761923,0.0216036,0.0389167,-0.0199963,0.0437258,0.0018721,-0.0628790,0.0870098,0.5254165,0.9734266,-0.0111652,0.0027190
23.365781743,1791082603.743271351,0,0,-0.0265178,0.0290998,0.0012389,-11.2473412,-10.5263996,-12.9899330,-9.0467901,0.6149116,0.2426446,-0.5369274,-0.2918175,0.2467907,0.0388172,0.6741323,0.0465319,0.1199919,0.0761730,0.0216135,0.0387305,-0.0200262,0.0437252,0.0018719,-0.0629048,0.0871279,0.5253496,0.9735016,-0.0112014,0.0022130
23.387391897,1791082603.764881372,0,0,-0.0270775,0.0285877,0.0013716,-11.2427883,-10.5311995,-12.9759846,-9.0348463,0.6135141,0.2433122,-0.5394034,-0.2973692,0.2485684,0.0385884,0.6712080,0.0467472,0.1200042,0.0761541,0.0216184,0.0388549,-0.0200542,0.0437248,0.0018716,-0.0629278,0.0873050,0.5252635,0.9736114,-0.0112683,0.0015162
23.405360282,1791082603.782849550,0,0,-0.0268704,0.0282562,0.0012713,-11.2617855,-10.5408163,-12.9824142,-9.0508375,0.6142377,0.2447686,-0.5371293,-0.2988966,0.2483104,0.0386262,0.6697949,0.0460661,0.1200146,0.0761342,0.0216216,0.0399952,-0.0200743,0.0437243,0.0018712,-0.0629455,0.0874268,0.5251665,0.9737006,-0.0114178,0.0010404
23.425367175,1791082603.802856445,0,0,-0.0271617,0.0288959,0.0022818,-11.2609272,-10.5573311,-13.0102835,-9.0539637,0.6152732,0.2430665,-0.5369890,-0.2913616,0.2467130,0.0387650,0.6739162,0.0446214,0.1200257,0.0761144,0.0216244,0.0402374,-0.0200930,0.0437238,0.0018709,-0.0629627,0.0875372,0.5250699,0.9737893,-0.0115563,0.0006402
23.447429761,1791082603.824918985,0,0,-0.0267278,0.0292503,0.0016734,-11.2647495,-10.5483599,-12.9998684,-9.0653448,0.6158260,0.2439395,-0.5344274,-0.2888338,0.2479386,0.0386953,0.6706619,0.0452733,0.1200280,0.0760977,0.0216250,0.0404935,-0.0201144,0.0437234,0.0018706,-0.0629742,0.0874193,0.5249541,0.9737906,-0.0115754,0.0008756
23.465348064,1791082603.842837095,0,0,-0.0269792,0.0293631,0.0021313,-11.2512865,-10.5394688,-12.9868984,-9.0492916,0.6159672,0.2455762,-0.5354946,-0.2876712,0.2488766,0.0384803,0.6671360,0.0427681,0.1200298,0.0760811,0.0216234,0.0405821,-0.0201361,0.0437230,0.0018702,-0.0629857,0.0873008,0.5248369,0.9737888,-0.0116005,0.0011351
23.486748033,1791082603.864237309,0,0,-0.0267504,0.0290183,0.0014733,-11.2622604,-10.5286913,-12.9920635,-9.0425406,0.6142013,0.2457444,-0.5369887,-0.2911176,0.2480931,0.0382974,0.6682670,0.0457212,0.1200346,0.0760624,0.0216357,0.0392472,-0.0201606,0.0437223,0.0018700,-0.0630103,0.0873066,0.5247565,0.9738367,-0.0115598,0.0009299
23.507066778,1791082603.884556055,0,0,-0.0266083,0.0291845,0.0012787,-11.2674217,-10.5363274,-12.9838991,-9.0470839,0.6133001,0.2478267,-0.5344573,-0.2891977,0.2478043,0.0379279,0.6647329,0.0464575,0.1200333,0.0760499,0.0216386,0.0416672,-0.0201899,0.0437222,0.0018693,-0.0630291,0.0870417,0.5246345,0.9737183,-0.0117568,0.0013531
23.526861215,1791082603.904350519,0,0,-0.0263281,0.0295049,0.0020234,-11.2664909,-10.5317440,-12.9958830,-9.0380545,0.6141592,0.2473626,-0.5351108,-0.2871718,0.2509556,0.0383222,0.6601162,0.0460470,0.1200324,0.0760380,0.0216357,0.0423004,-0.0202191,0.0437221,0.0018687,-0.0630489,0.0867729,0.5245132,0.9735973,-0.0119772,0.0017729
23.546881677,1791082603.924371481,0,0,-0.0263618,0.0288775,0.0015308,-11.2641735,-10.5354786,-12.9837666,-9.0297966,0.6140693,0.2489319,-0.5344916,-0.2880324,0.2505368,0.0384626,0.6592689,0.0444681,0.1200310,0.0760263,0.0216252,0.0410481,-0.0202548,0.0437218,0.0018681,-0.0630749,0.0866841,0.5244311,0.9735733,-0.0127944,0.0017698
23.567370540,1791082603.944860220,0,0,-0.0262070,0.0288741,0.0022970,-11.2641888,-10.5285988,-13.0216179,-9.0474777,0.6114572,0.2478575,-0.5357023,-0.2916029,0.2448953,0.0386964,0.6687602,0.0477947,0.1200300,0.0760143,0.0216207,0.0406463,-0.0202894,0.0437215,0.0018675,-0.0631011,0.0865990,0.5243503,0.9735538,-0.0135916,0.0017147
23.586872807,1791082603.964362383,0,0,-0.0262237,0.0288567,0.0026684,-11.2630987,-10.5168495,-13.0091496,-9.0425787,0.6136972,0.2465627,-0.5383779,-0.2925797,0.2469528,0.0388697,0.6683815,0.0484105,0.1200273,0.0760032,0.0216216,0.0406361,-0.0203300,0.0437213,0.0018671,-0.0631254,0.0863272,0.5242673,0.9734001,-0.0136659,0.0019382
23.609425363,1791082603.986915827,0,0,-0.0258691,0.0284048,0.0017203,-11.2745008,-10.5333567,-12.9996758,-9.0577669,0.6157575,0.2474122,-0.5371606,-0.2966416,0.2431778,0.0393255,0.6726528,0.0489785,0.1200271,0.0759894,0.0216212,0.0402641,-0.0203656,0.0437209,0.0018666,-0.0631479,0.0862161,0.5241874,0.9733698,-0.0138433,0.0018772
23.625415594,1791082604.002905369,0,0,-0.0264615,0.0287940,0.0016200,-11.2647095,-10.5305004,-12.9947624,-9.0463104,0.6161949,0.2462169,-0.5411103,-0.2979288,0.2438399,0.0397917,0.6749603,0.0478339,0.1200268,0.0759753,0.0216228,0.0401649,-0.0204011,0.0437206,0.0018661,-0.0631698,0.0861047,0.5241084,0.9733400,-0.0139902,0.0018668
23.650864517,1791082604.028353930,0,0,-0.0267285,0.0288523,0.0015552,-11.2821102,-10.5369968,-13.0055065,-9.0471115,0.6170514,0.2457222,-0.5439086,-0.2963465,0.2420462,0.0400432,0.6793514,0.0494579,0.1200336,0.0759550,0.0216482,0.0377523,-0.0204178,0.0437199,0.0018659,-0.0631973,0.0863663,0.5240613,0.9734740,-0.0138772,0.0010030
23.668569533,1791082604.046058655,0,0,-0.0266493,0.0297761,0.0020845,-11.2830954,-10.5434036,-13.0135269,-9.0531921,0.6171736,0.2434014,-0.5450879,-0.2927643,0.2417423,0.0405687,0.6821511,0.0500064,0.1200432,0.0759360,0.0216639,0.0400084,-0.0204328,0.0437193,0.0018655,-0.0632231,0.0864155,0.5239821,0.9735231,-0.0135234,0.0012607
23.690183208,1791082604.067672729,0,0,-0.0270270,0.0294987,0.0018303,-11.2847557,-10.5449619,-13.0016193,-9.0467958,0.6187498,0.2430758,-0.5462601,-0.2937955,0.2409064,0.0406571,0.6842452,0.0501142,0.1200526,0.0759172,0.0216707,0.0405862,-0.0204479,0.0437187,0.0018651,-0.0632486,0.0864594,0.5239016,0.9735718,-0.0131660,0.0015226
23.706951005,1791082604.084440470,0,0,-0.0272160,0.0296878,0.0018032,-11.2781601,-10.5480232,-13.0045519,-9.0501299,0.6154257,0.2417259,-0.5486465,-0.2998093,0.2397361,0.0407803,0.6885183,0.0499651,0.1200637,0.0758976,0.0216704,0.0405307,-0.0204621,0.0437181,0.0018650,-0.0632653,0.0865203,0.5238248,0.9736032,-0.0130126,0.0017683
23.729111036,1791082604.106600523,0,0,-0.0267358,0.0296044,0.0018559,-11.2756329,-10.5355015,-13.0052109,-9.0497122,0.6144944,0.2422781,-0.5475293,-0.2986013,0.2425578,0.0402464,0.6840219,0.0504389,0.1200745,0.0758778,0.0216716,0.0405278,-0.0204759,0.0437174,0.0018649,-0.0632820,0.0865847,0.5237476,0.9736348,-0.0128628,0.0019707
23.746591724,1791082604.124081373,0,0,-0.0263680,0.0286786,0.0024381,-11.2841644,-10.5390787,-12.9940062,-9.0559731,0.6160024,0.2438433,-0.5450856,-0.3024893,0.2414637,0.0401679,0.6833167,0.0513528,0.1200830,0.0758620,0.0216741,0.0402876,-0.0205049,0.0437169,0.0018645,-0.0633075,0.0865594,0.5236451,0.9736785,-0.0128610,0.0015792
23.768696617,1791082604.146185875,0,0,-0.0267945,0.0288929,0.0025450,-11.2797699,-10.5511541,-13.0065880,-9.0680075,0.6161974,0.2415929,-0.5468144,-0.3028944,0.2423863,0.0399486,0.6859522,0.0493779,0.1200871,0.0758463,0.0216791,0.0404080,-0.0205307,0.0437164,0.0018641,-0.0633274,0.0865712,0.5235462,0.9737170,-0.0130485,0.0013702
23.788859069,1791082604.166348696,0,0,-0.0271705,0.0296321,0.0022296,-11.2696095,-10.5493317,-13.0171680,-9.0607576,0.6156712,0.2408213,-0.5474486,-0.2941090,0.2425387,0.0393075,0.6850417,0.0461762,0.1200910,0.0758305,0.0216836,0.0403769,-0.0205568,0.0437158,0.0018638,-0.0633468,0.0865742,0.5234481,0.9737539,-0.0132046,0.0012292
23.806640984,1791082604.184130669,0,0,-0.0272778,0.0294503,0.0020721,-11.2692413,-10.5414257,-13.0233440,-9.0572186,0.6133392,0.2397146,-0.5479038,-0.3004566,0.2424648,0.0394687,0.6867621,0.0489948,0.1200958,0.0758161,0.0216857,0.0408816,-0.0205840,0.0437155,0.0018633,-0.0633725,0.0864656,0.5233438,0.9737245,-0.0134794,0.0013567
23.828731925,1791082604.206221581,0,0,-0.0267772,0.0293534,0.0017866,-11.2675858,-10.5394726,-13.0146179,-9.0524750,0.6128098,0.2397938,-0.5481681,-0.3033011,0.2426709,0.0397113,0.6847522,0.0498809,0.1201010,0.0758022,0.0216828,0.0409813,-0.0206124,0.0437151,0.0018628,-0.0633996,0.0863636,0.5232379,0.9736944,-0.0137618,0.0013975
23.849257687,1791082604.226747274,0,0,-0.0265416,0.0284964,0.0023468,-11.2698994,-10.5370712,-13.0097408,-9.0492620,0.6155934,0.2397263,-0.5480722,-0.3072280,0.2437694,0.0401776,0.6837084,0.0497697,0.1200929,0.0757919,0.0216832,0.0400951,-0.0206542,0.0437148,0.0018624,-0.0634177,0.0861653,0.5231276,0.9736282,-0.0140559,0.0010587
23.866641475,1791082604.244130850,0,0,-0.0267504,0.0285062,0.0018493,-11.2665215,-10.5430765,-12.9982233,-9.0340242,0.6162357,0.2397346,-0.5494258,-0.3053680,0.2456822,0.0402077,0.6822605,0.0494647,0.1201029,0.0757756,0.0216891,0.0398512,-0.0206742,0.0437142,0.0018621,-0.0634421,0.0862328,0.5230297,0.9737049,-0.0144292,0.0007754
23.888805763,1791082604.266315460,0,0,-0.0272373,0.0290323,0.0013339,-11.2656527,-10.5365362,-12.9850788,-9.0304098,0.6151558,0.2393416,-0.5503437,-0.3031766,0.2452415,0.0399783,0.6837472,0.0490932,0.1201130,0.0757590,0.0216970,0.0397729,-0.0206944,0.0437136,0.0018618,-0.0634657,0.0862899,0.5229326,0.9737805,-0.0147362,0.0005171
23.908249948,1791082604.285739422,0,0,-0.0271259,0.0296716,0.0024268,-11.2626276,-10.5417156,-12.9984646,-9.0396986,0.6150181,0.2379585,-0.5527937,-0.3019740,0.2459349,0.0401136,0.6851990,0.0473061,0.1201060,0.0757479,0.0216911,0.0404295,-0.0207334,0.0437134,0.0018614,-0.0634814,0.0860142,0.5228328,0.9736634,-0.0148312,0.0007705
23.928906723,1791082604.306396723,0,0,-0.0264410,0.0293471,0.0018781,-11.2658482,-10.5365934,-12.9752989,-9.0382442,0.6159907,0.2405729,-0.5535679,-0.3028421,0.2453806,0.0403827,0.6842577,0.0467689,0.1200984,0.0757371,0.0216831,0.0406117,-0.0207724,0.0437132,0.0018610,-0.0634970,0.0857463,0.5227316,0.9735428,-0.0149566,0.0010007
23.947577632,1791082604.325067043,0,0,-0.0264669,0.0295342,0.0022692,-11.2719078,-10.5351973,-12.9911842,-9.0343618,0.6143153,0.2410496,-0.5520602,-0.2999683,0.2452431,0.0404472,0.6846520,0.0460785,0.1200935,0.0757288,0.0216865,0.0416169,-0.0208064,0.0437130,0.0018603,-0.0635142,0.0854824,0.5226110,0.9733664,-0.0155551,0.0014584
23.968631829,1791082604.346121550,0,0,-0.0261146,0.0285922,0.0032902,-11.2760086,-10.5236158,-12.9837465,-9.0297890,0.6151704,0.2398959,-0.5518407,-0.3040611,0.2488266,0.0409448,0.6810833,0.0463897,0.1200887,0.0757208,0.0216883,0.0419020,-0.0208395,0.0437127,0.0018597,-0.0635322,0.0852234,0.5224916,0.9731942,-0.0161789,0.0018762
23.987272945,1791082604.364762545,0,0,-0.0265451,0.0285781,0.0016375,-11.2783489,-10.5215769,-12.9843893,-9.0112858,0.6135208,0.2419877,-0.5531307,-0.3041304,0.2460512,0.0412783,0.6814283,0.0502847,0.1200804,0.0757106,0.0216843,0.0405268,-0.0208774,0.0437123,0.0018593,-0.0635499,0.0850419,0.5223941,0.9730967,-0.0164303,0.0018000
24.006964372,1791082604.384454250,0,0,-0.0268975,0.0289316,0.0022825,-11.2762909,-10.5194540,-12.9889479,-9.0177565,0.6148464,0.2410467,-0.5552005,-0.3054646,0.2435039,0.0416494,0.6856444,0.0528776,0.1200818,0.0756997,0.0216884,0.0409105,-0.0209055,0.0437121,0.0018587,-0.0635750,0.0849209,0.5222856,0.9730566,-0.0168843,0.0016835
24.028295572,1791082604.405785322,0,0,-0.0267644,0.0289629,0.0019103,-11.2760124,-10.5324345,-12.9788418,-9.0263262,0.6166509,0.2388231,-0.5571451,-0.3101496,0.2438363,0.0420595,0.6887324,0.0529166,0.1200833,0.0756887,0.0216921,0.0410547,-0.0209337,0.0437118,0.0018581,-0.0635993,0.0847996,0.5221785,0.9730176,-0.0172981,0.0016479
24.050232075,1791082604.427721739,0,0,-0.0276064,0.0296177,0.0013964,-11.2513962,-10.5143661,-12.9819593,-8.9938593,0.6140741,0.2390421,-0.5609804,-0.3090254,0.2407894,0.0420359,0.6923747,0.0546368,0.1200916,0.0756710,0.0217029,0.0388013,-0.0209584,0.0437111,0.0018580,-0.0636252,0.0850388,0.5221491,0.9731017,-0.0171775,0.0009297
24.067185287,1791082604.444674492,0,0,-0.0274310,0.0297088,0.0025777,-11.2652988,-10.5134449,-12.9987040,-9.0194254,0.6143164,0.2374466,-0.5603289,-0.3117111,0.2407005,0.0419264,0.6947292,0.0561872,0.1200942,0.0756589,0.0217048,0.0409883,-0.0209811,0.0437109,0.0018574,-0.0636496,0.0848798,0.5220484,0.9730238,-0.0173792,0.0014822
24.088729519,1791082604.466218948,0,0,-0.0266629,0.0290117,0.0021983,-11.2854557,-10.5170488,-12.9825726,-9.0191584,0.6140870,0.2385695,-0.5605197,-0.3160106,0.2429056,0.0420868,0.6896735,0.0588167,0.1200966,0.0756475,0.0217004,0.0416256,-0.0210038,0.0437106,0.0018568,-0.0636750,0.0847208,0.5219472,0.9729436,-0.0176310,0.0019655
24.110861037,1791082604.488350868,0,0,-0.0263343,0.0283537,0.0018589,-11.3058243,-10.5384712,-12.9921055,-9.0383978,0.6151949,0.2381201,-0.5617884,-0.3191790,0.2415374,0.0422816,0.6934048,0.0594913,0.1201004,0.0756330,0.0217001,0.0403560,-0.0210264,0.0437101,0.0018564,-0.0636954,0.0846834,0.5218551,0.9729393,-0.0177696,0.0019441
24.128939603,1791082604.506429195,0,0,-0.0272322,0.0290083,0.0017403,-11.2869148,-10.5282850,-12.9946814,-9.0153608,0.6150442,0.2401473,-0.5627015,-0.3179006,0.2404388,0.0423991,0.6931686,0.0598008,0.1201099,0.0756158,0.0217047,0.0389582,-0.0210484,0.0437094,0.0018562,-0.0637221,0.0848633,0.5217685,0.9730432,-0.0177557,0.0012497
24.149217708,1791082604.526707411,0,0,-0.0275568,0.0290915,0.0021270,-11.2779980,-10.5270605,-12.9982338,-9.0190153,0.6137646,0.2399845,-0.5653173,-0.3220319,0.2380426,0.0423467,0.6970372,0.0609032,0.1201198,0.0755984,0.0217152,0.0385796,-0.0210694,0.0437088,0.0018561,-0.0637486,0.0850396,0.5216829,0.9731458,-0.0177447,0.0005333
24.170381638,1791082604.547871113,0,0,-0.0270011,0.0288802,0.0028698,-11.2893410,-10.5275717,-13.0012302,-9.0470800,0.6149709,0.2395349,-0.5630370,-0.3234461,0.2386442,0.0421841,0.6970445,0.0593943,0.1201243,0.0755861,0.0217356,0.0401091,-0.0210902,0.0437084,0.0018556,-0.0637724,0.0849523,0.5216004,0.9730936,-0.0179867,0.0006690
24.189344205,1791082604.566834927,0,0,-0.0270854,0.0292575,0.0018122,-11.2839203,-10.5336418,-13.0028839,-9.0495138,0.6113592,0.2392399,-0.5654020,-0.3240114,0.2353828,0.0424101,0.7025889,0.0598549,0.1201285,0.0755740,0.0217473,0.0404729,-0.0211128,0.0437081,0.0018551,-0.0637961,0.0848592,0.5215155,0.9730392,-0.0181770,0.0008261
24.208951597,1791082604.586441278,0,0,-0.0268661,0.0297649,0.0023274,-11.2830200,-10.5362558,-13.0116606,-9.0583200,0.6119948,0.2376686,-0.5642914,-0.3225334,0.2382735,0.0422203,0.7003728,0.0578063,0.1201325,0.0755616,0.0217434,0.0407220,-0.0211413,0.0437076,0.0018547,-0.0638160,0.0847947,0.5214004,0.9730375,-0.0181560,0.0006732
24.228886777,1791082604.606376410,0,0,-0.0265728,0.0296039,0.0026578,-11.2815733,-10.5350389,-13.0070238,-9.0525675,0.6145163,0.2378038,-0.5627199,-0.3244967,0.2409893,0.0421198,0.6953464,0.0575904,0.1201359,0.0755490,0.0217436,0.0407916,-0.0211685,0.0437071,0.0018544,-0.0638363,0.0847275,0.5212886,0.9730359,-0.0181803,0.0005271
24.247156806,1791082604.624646664,0,0,-0.0270518,0.0288959,0.0020568,-11.2889023,-10.5413656,-13.0025339,-9.0447426,0.6136780,0.2395817,-0.5630340,-0.3274722,0.2388586,0.0419806,0.6956724,0.0601559,0.1201357,0.0755338,0.0217447,0.0394385,-0.0211962,0.0437065,0.0018542,-0.0638601,0.0847343,0.5212385,0.9730492,-0.0179550,0.0002028
24.268573130,1791082604.646062613,0,0,-0.0268658,0.0290384,0.0023799,-11.2930613,-10.5522966,-13.0230961,-9.0620222,0.6136536,0.2371649,-0.5629060,-0.3286806,0.2378141,0.0420732,0.7009450,0.0595548,0.1201358,0.0755188,0.0217485,0.0391785,-0.0212239,0.0437060,0.0018540,-0.0638831,0.0847578,0.5211878,0.9730631,-0.0177245,-0.0000619
24.289184687,1791082604.666673899,0,0,-0.0267251,0.0291435,0.0019683,-11.2806664,-10.5531311,-12.9994946,-9.0606308,0.6147248,0.2383868,-0.5629510,-0.3306541,0.2409281,0.0422079,0.6966379,0.0559726,0.1201289,0.0755092,0.0217527,0.0400903,-0.0212555,0.0437056,0.0018537,-0.0638988,0.0845659,0.5210813,0.9729257,-0.0180415,0.0002792
24.308707787,1791082604.686197519,0,0,-0.0275820,0.0294598,0.0021316,-11.2610531,-10.5605230,-13.0209827,-9.0296812,0.6152069,0.2385775,-0.5644034,-0.3276298,0.2407733,0.0428032,0.6965059,0.0541735,0.1201323,0.0754961,0.0217636,0.0391129,-0.0212813,0.0437050,0.0018533,-0.0639238,0.0846636,0.5209902,0.9730149,-0.0183454,-0.0003838
24.328687705,1791082604.706177235,0,0,-0.0272783,0.0290170,0.0020480,-11.2628851,-10.5674076,-13.0241642,-9.0433702,0.6158813,0.2382185,-0.5639601,-0.3264625,0.2417480,0.0423719,0.6954579,0.0546685,0.1201353,0.0754825,0.0217839,0.0388938,-0.0213054,0.0437044,0.0018529,-0.0639483,0.0847379,0.5209028,0.9731008,-0.0186411,-0.0010322
24.347505691,1791082604.724995375,0,0,-0.0271716,0.0282779,0.0016900,-11.2560892,-10.5421286,-13.0168228,-9.0423899,0.6145687,0.2409245,-0.5629645,-0.3372286,0.2400101,0.0431658,0.6946471,0.0578630,0.1201429,0.0754684,0.0217934,0.0397888,-0.0213301,0.0437039,0.0018526,-0.0639752,0.0847362,0.5208183,0.9731481,-0.0185675,-0.0012063
24.368468237,1791082604.745957851,0,0,-0.0269153,0.0280704,0.0011748,-11.2609081,-10.5365829,-13.0019789,-9.0467434,0.6140383,0.2436629,-0.5596789,-0.3369853,0.2402108,0.0431343,0.6911491,0.0562807,0.1201448,0.0754543,0.0217969,0.0403068,-0.0213454,0.0437033,0.0018522,-0.0639972,0.0847579,0.5207419,0.9731659,-0.0187667,-0.0011933
24.387982441,1791082604.765472174,0,0,-0.0272653,0.0281697,0.0008057,-11.2607536,-10.5496445,-13.0165129,-9.0516005,0.6121910,0.2441426,-0.5606577,-0.3377615,0.2385639,0.0438003,0.6942455,0.0549437,0.1201466,0.0754401,0.0217964,0.0403963,-0.0213621,0.0437027,0.0018519,-0.0640189,0.0847863,0.5206645,0.9731840,-0.0189435,-0.0011380
24.407676044,1791082604.785165548,0,0,-0.0279790,0.0287480,0.0030348,-11.2482576,-10.5454407,-13.0232458,-9.0359936,0.6132953,0.2446630,-0.5607712,-0.3319507,0.2394589,0.0436466,0.6912234,0.0533376,0.1201576,0.0754243,0.0218067,0.0393270,-0.0213761,0.0437021,0.0018515,-0.0640420,0.0849440,0.5205768,0.9732926,-0.0190284,-0.0016177
24.428447383,1791082604.805936813,0,0,-0.0275227,0.0290176,0.0034592,-11.2594042,-10.5509815,-13.0415573,-9.0625248,0.6126926,0.2444573,-0.5571286,-0.3304824,0.2401689,0.0440318,0.6897717,0.0538635,0.1201687,0.0754082,0.0218254,0.0391046,-0.0213886,0.0437015,0.0018511,-0.0640651,0.0850842,0.5204913,0.9733986,-0.0190969,-0.0021267
24.450590710,1791082604.828080416,0,0,-0.0268822,0.0289518,0.0023588,-11.2615643,-10.5531788,-13.0221596,-9.0632391,0.6133094,0.2456354,-0.5520540,-0.3257736,0.2391680,0.0437809,0.6881672,0.0512517,0.1201636,0.0754008,0.0218277,0.0414591,-0.0214170,0.0437014,0.0018505,-0.0640830,0.0847919,0.5203773,0.9732358,-0.0194695,-0.0015063
24.468931590,1791082604.846421003,0,0,-0.0271541,0.0288344,0.0024323,-11.2498283,-10.5508451,-13.0386219,-9.0684481,0.6131551,0.2435991,-0.5515947,-0.3270373,0.2409437,0.0439703,0.6899987,0.0481146,0.1201780,0.0753851,0.0218453,0.0402725,-0.0214275,0.0437006,0.0018501,-0.0641084,0.0849235,0.5203013,0.9733145,-0.0195676,-0.0014220
24.487327672,1791082604.864817142,0,0,-0.0277497,0.0286876,0.0028071,-11.2397575,-10.5417366,-13.0389605,-9.0519009,0.6137450,0.2447331,-0.5512818,-0.3268460,0.2391840,0.0445870,0.6904379,0.0497627,0.1201927,0.0753689,0.0218673,0.0398835,-0.0214375,0.0436998,0.0018498,-0.0641342,0.0850493,0.5202258,0.9733927,-0.0196337,-0.0014393
24.508884321,1791082604.886373997,0,0,-0.0267454,0.0293583,0.0019935,-11.2520504,-10.5402765,-13.0383701,-9.0745726,0.6127568,0.2454832,-0.5480251,-0.3205090,0.2412537,0.0432647,0.6844350,0.0501454,0.1201905,0.0753580,0.0218668,0.0404407,-0.0214629,0.0436995,0.0018493,-0.0641549,0.0849106,0.5201429,0.9733680,-0.0197981,-0.0013324
24.530748949,1791082604.908238649,0,0,-0.0269024,0.0292105,0.0021034,-11.2599087,-10.5463076,-13.0497417,-9.0820379,0.6137316,0.2438306,-0.5500712,-0.3230986,0.2403455,0.0431252,0.6871749,0.0544095,0.1201883,0.0753475,0.0218636,0.0405519,-0.0214885,0.0436992,0.0018487,-0.0641772,0.0847727,0.5200591,0.9733418,-0.0200208,-0.0013169
24.550325140,1791082604.927814722,0,0,-0.0271163,0.0290455,0.0014629,-11.2526302,-10.5469370,-13.0492868,-9.0840673,0.6108725,0.2428958,-0.5517933,-0.3276325,0.2383103,0.0427736,0.6905495,0.0539781,0.1201888,0.0753376,0.0218763,0.0395737,-0.0215138,0.0436986,0.0018483,-0.0642070,0.0846528,0.5199673,0.9733366,-0.0205282,-0.0013676
24.568707621,1791082604.946197033,0,0,-0.0269607,0.0292420,0.0015062,-11.2516098,-10.5381937,-13.0529480,-9.0901194,0.6094231,0.2433119,-0.5486272,-0.3274718,0.2389763,0.0427695,0.6887317,0.0536579,0.1201981,0.0753227,0.0218884,0.0398373,-0.0215354,0.0436980,0.0018480,-0.0642207,0.0846640,0.5198699,0.9733783,-0.0203918,-0.0016804
24.589290217,1791082604.966779947,0,0,-0.0272510,0.0291662,0.0019576,-11.2510300,-10.5325270,-13.0362816,-9.0608225,0.6103826,0.2443020,-0.5497242,-0.3263349,0.2378991,0.0424856,0.6875581,0.0553770,0.1202068,0.0753076,0.0219043,0.0398268,-0.0215552,0.0436974,0.0018478,-0.0642344,0.0846671,0.5197741,0.9734198,-0.0202724,-0.0020031
24.610429026,1791082604.987919092,0,0,-0.0271917,0.0292141,0.0023088,-11.2606544,-10.5473356,-13.0526447,-9.0696783,0.6113080,0.2452590,-0.5475734,-0.3222673,0.2381691,0.0423670,0.6857127,0.0550533,0.1202132,0.0752953,0.0219176,0.0397209,-0.0215755,0.0436968,0.0018474,-0.0642641,0.0846743,0.5196983,0.9734685,-0.0205455,-0.0021162
24.628592844,1791082605.006082058,0,0,-0.0273309,0.0290052,0.0034240,-11.2608843,-10.5446339,-13.0589867,-9.0681410,0.6104125,0.2441170,-0.5497981,-0.3272716,0.2368359,0.0425787,0.6899048,0.0572105,0.1202205,0.0752834,0.0219296,0.0396975,-0.0215948,0.0436961,0.0018470,-0.0642938,0.0846835,0.5196229,0.9735182,-0.0208186,-0.0022229
24.649608545,1791082605.027098179,0,0,-0.0268235,0.0296713,0.0019235,-11.2722874,-10.5401144,-13.0494614,-9.0849438,0.6066158,0.2463820,-0.5487657,-0.3266061,0.2343901,0.0419838,0.6914251,0.0563105,0.1202242,0.0752681,0.0219391,0.0395881,-0.0216168,0.0436955,0.0018467,-0.0643099,0.0847055,0.5195497,0.9735472,-0.0204477,-0.0022046
24.667626407,1791082605.045115709,0,0,-0.0266835,0.0296696,0.0018724,-11.2645550,-10.5291700,-13.0303793,-9.0713425,0.6047883,0.2482181,-0.5506832,-0.3268335,0.2352260,0.0416526,0.6879647,0.0569226,0.1202260,0.0752588,0.0219447,0.0403377,-0.0216458,0.0436950,0.0018463,-0.0643283,0.0845476,0.5194349,0.9735010,-0.0208789,-0.0020533
24.691531113,1791082605.069020987,0,0,-0.0270041,0.0298984,0.0026058,-11.2809887,-10.5321569,-13.0351686,-9.0610456,0.6044313,0.2454390,-0.5547528,-0.3271366,0.2364083,0.0415813,0.6894476,0.0611861,0.1202281,0.0752497,0.0219496,0.0405108,-0.0216736,0.0436946,0.0018459,-0.0643485,0.0843821,0.5193214,0.9734553,-0.0213423,-0.0020036
24.708567273,1791082605.086056948,0,0,-0.0267698,0.0292137,0.0030645,-11.2912283,-10.5369806,-13.0295095,-9.0743704,0.6060032,0.2440842,-0.5529494,-0.3282427,0.2382866,0.0416649,0.6884623,0.0617886,0.1202232,0.0752417,0.0219498,0.0404504,-0.0217061,0.0436943,0.0018453,-0.0643720,0.0841094,0.5192143,0.9733616,-0.0216893,-0.0019644
24.729010186,1791082605.106500149,0,0,-0.0264387,0.0288289,0.0026506,-11.2917137,-10.5346432,-13.0313797,-9.0755625,0.6074294,0.2427236,-0.5526358,-0.3287206,0.2399309,0.0412531,0.6875749,0.0632462,0.1202185,0.0752339,0.0219499,0.0404399,-0.0217385,0.0436940,0.0018447,-0.0643954,0.0838486,0.5191080,0.9732678,-0.0220706,-0.0018802
24.748113623,1791082605.125603676,0,0,-0.0272271,0.0290201,0.0012384,-11.2617455,-10.5292892,-13.0604773,-9.0738525,0.6040130,0.2435270,-0.5537100,-0.3330312,0.2376436,0.0415376,0.6903478,0.0628727,0.1202225,0.0752209,0.0219602,0.0387887,-0.0217603,0.0436934,0.0018445,-0.0644212,0.0839410,0.5190369,0.9733451,-0.0221973,-0.0025144
24.769181647,1791082605.146671772,0,0,-0.0278342,0.0298464,0.0026726,-11.2477264,-10.5129642,-13.0661907,-9.0459509,0.6060123,0.2424100,-0.5555145,-0.3291564,0.2365311,0.0415105,0.6916489,0.0647933,0.1202145,0.0752144,0.0219562,0.0410095,-0.0217961,0.0436934,0.0018438,-0.0644389,0.0836089,0.5189305,0.9731318,-0.0223872,-0.0020775
24.788483877,1791082605.165973186,0,0,-0.0269261,0.0295382,0.0032419,-11.2683134,-10.5165300,-13.0566235,-9.0680723,0.6092570,0.2417849,-0.5541127,-0.3288726,0.2379135,0.0413387,0.6905796,0.0653598,0.1202063,0.0752084,0.0219483,0.0417122,-0.0218311,0.0436934,0.0018431,-0.0644572,0.0832821,0.5188227,0.9729128,-0.0226093,-0.0016538
24.808368240,1791082605.185858011,0,0,-0.0264608,0.0291092,0.0019008,-11.2684069,-10.5244503,-13.0502081,-9.0743542,0.6082921,0.2423411,-0.5550979,-0.3324350,0.2363830,0.0419863,0.6925504,0.0665156,0.1202086,0.0752012,0.0219571,0.0418105,-0.0218470,0.0436930,0.0018423,-0.0644883,0.0831741,0.5187212,0.9728715,-0.0231807,-0.0012289
24.827254550,1791082605.204743862,0,0,-0.0272737,0.0291485,0.0022243,-11.2521877,-10.5048780,-13.0686722,-9.0597677,0.6074259,0.2408871,-0.5575964,-0.3365517,0.2367975,0.0423006,0.6931524,0.0691210,0.1202118,0.0751940,0.0219635,0.0417542,-0.0218636,0.0436926,0.0018415,-0.0645203,0.0830590,0.5186191,0.9728329,-0.0236817,-0.0008879
24.849038120,1791082605.226527691,0,0,-0.0280928,0.0293349,0.0015693,-11.2578297,-10.5003405,-13.0500278,-9.0437269,0.6066225,0.2414398,-0.5612146,-0.3404437,0.2339458,0.0422524,0.6951796,0.0733085,0.1202175,0.0751807,0.0219711,0.0396550,-0.0218790,0.0436920,0.0018411,-0.0645518,0.0830239,0.5185344,0.9728747,-0.0234418,-0.0010494
24.868871474,1791082605.246360779,0,0,-0.0280838,0.0292027,0.0022636,-11.2662334,-10.5146799,-13.0586824,-9.0567217,0.6077743,0.2391117,-0.5621721,-0.3414996,0.2328092,0.0419949,0.6987117,0.0742745,0.1202196,0.0751690,0.0219755,0.0388061,-0.0219000,0.0436914,0.0018408,-0.0645818,0.0830030,0.5184448,0.9729313,-0.0233888,-0.0016081
24.887572176,1791082605.265061617,0,0,-0.0278212,0.0293456,0.0019910,-11.2770071,-10.5190105,-13.0520506,-9.0640030,0.6085379,0.2387987,-0.5619316,-0.3402337,0.2349147,0.0419631,0.6967908,0.0729678,0.1202217,0.0751571,0.0219830,0.0386828,-0.0219203,0.0436909,0.0018404,-0.0646108,0.0829910,0.5183570,0.9729874,-0.0233390,-0.0020551
24.908859888,1791082605.286349535,0,0,-0.0281077,0.0286523,0.0020465,-11.2670288,-10.5204573,-13.0562286,-9.0505171,0.6069942,0.2391290,-0.5624150,-0.3464706,0.2350748,0.0425021,0.6979362,0.0722208,0.1202317,0.0751429,0.0219985,0.0392924,-0.0219307,0.0436903,0.0018400,-0.0646437,0.0830718,0.5182853,0.9730486,-0.0232390,-0.0021273
24.927241507,1791082605.304731607,0,0,-0.0283660,0.0284768,0.0026489,-11.2671185,-10.5148745,-13.0613470,-9.0493898,0.6065228,0.2389298,-0.5628836,-0.3465178,0.2335217,0.0426699,0.7012745,0.0735344,0.1202423,0.0751288,0.0220103,0.0393870,-0.0219407,0.0436897,0.0018395,-0.0646768,0.0831498,0.5182125,0.9731104,-0.0231356,-0.0022651
24.949146107,1791082605.326635838,0,0,-0.0278570,0.0286933,0.0023386,-11.2652206,-10.5202808,-13.0515127,-9.0675821,0.6070616,0.2395875,-0.5632631,-0.3506722,0.2342384,0.0431069,0.7004390,0.0722940,0.1202451,0.0751176,0.0220109,0.0390138,-0.0219631,0.0436893,0.0018391,-0.0647083,0.0830751,0.5181598,0.9731287,-0.0231163,-0.0022898
24.968679673,1791082605.346169233,0,0,-0.0269931,0.0293481,0.0025926,-11.2775593,-10.5282021,-13.0615263,-9.0838118,0.6073800,0.2408979,-0.5630950,-0.3450054,0.2356475,0.0428211,0.6985167,0.0699040,0.1202475,0.0751086,0.0220141,0.0407826,-0.0219850,0.0436890,0.0018384,-0.0647249,0.0829446,0.5180538,0.9730834,-0.0235399,-0.0021614
24.988944242,1791082605.366433620,0,0,-0.0266177,0.0294215,0.0024717,-11.2831774,-10.5313826,-13.0578537,-9.0884428,0.6047385,0.2394880,-0.5616860,-0.3459016,0.2374605,0.0428275,0.6994226,0.0683235,0.1202490,0.0750994,0.0220178,0.0412753,-0.0220062,0.0436887,0.0018378,-0.0647412,0.0828035,0.5179501,0.9730377,-0.0239788,-0.0019918
25.008975875,1791082605.386465311,0,0,-0.0273184,0.0295080,0.0016659,-11.2660732,-10.5105286,-13.0436563,-9.0661945,0.6015691,0.2403974,-0.5660211,-0.3514650,0.2328262,0.0430327,0.7033421,0.0719813,0.1202507,0.0750860,0.0220137,0.0391325,-0.0220240,0.0436881,0.0018375,-0.0647710,0.0827804,0.5178854,0.9730867,-0.0238947,-0.0022227
25.028365916,1791082605.405855656,0,0,-0.0272584,0.0304453,0.0019721,-11.2663393,-10.5263720,-13.0728455,-9.0888500,0.6016890,0.2391212,-0.5645046,-0.3463891,0.2323347,0.0427027,0.7046078,0.0687222,0.1202529,0.0750724,0.0220134,0.0386743,-0.0220424,0.0436875,0.0018372,-0.0647997,0.0827753,0.5178203,0.9731359,-0.0237532,-0.0023576
25.049437396,1791082605.426926851,0,0,-0.0266848,0.0301803,0.0027833,-11.2738199,-10.5484171,-13.0797520,-9.1102629,0.6029137,0.2380972,-0.5640282,-0.3490601,0.2330996,0.0429126,0.7071747,0.0660696,0.1202509,0.0750642,0.0220180,0.0402739,-0.0220665,0.0436873,0.0018364,-0.0648229,0.0826298,0.5177198,0.9730844,-0.0241034,-0.0019255
25.068576707,1791082605.446066141,0,0,-0.0270681,0.0291791,0.0024272,-11.2529144,-10.5407953,-13.0834999,-9.1009941,0.6020463,0.2379449,-0.5632159,-0.3550316,0.2366740,0.0429549,0.7038997,0.0656084,0.1202585,0.0750494,0.0220341,0.0377667,-0.0220809,0.0436865,0.0018362,-0.0648501,0.0828370,0.5176600,0.9731967,-0.0241475,-0.0026266
25.088626324,1791082605.466115952,0,0,-0.0278807,0.0289574,0.0017969,-11.2421284,-10.5310392,-13.0744114,-9.0735750,0.6024014,0.2398217,-0.5623347,-0.3534084,0.2348383,0.0428347,0.7025558,0.0680425,0.1202659,0.0750339,0.0220588,0.0370380,-0.0220946,0.0436858,0.0018360,-0.0648771,0.0830407,0.5176008,0.9733064,-0.0241831,-0.0033897
25.108789034,1791082605.486278772,0,0,-0.0277205,0.0294139,0.0028993,-11.2421169,-10.5325375,-13.0668364,-9.0705614,0.6046481,0.2391125,-0.5646161,-0.3508109,0.2339463,0.0435746,0.7047352,0.0673054,0.1202642,0.0750264,0.0220723,0.0392352,-0.0221251,0.0436855,0.0018354,-0.0649031,0.0828316,0.5175110,0.9732454,-0.0244878,-0.0032506
25.130156781,1791082605.507646799,0,0,-0.0271258,0.0291685,0.0023921,-11.2517719,-10.5461693,-13.0660000,-9.0977087,0.6055853,0.2382818,-0.5664992,-0.3542859,0.2325844,0.0441156,0.7100883,0.0662982,0.1202622,0.0750194,0.0220790,0.0398857,-0.0221561,0.0436853,0.0018347,-0.0649291,0.0826218,0.5174208,0.9731841,-0.0248056,-0.0030647
25.150896249,1791082605.528385878,0,0,-0.0271818,0.0291641,0.0014614,-11.2479134,-10.5296011,-13.0551319,-9.0874920,0.6025723,0.2402930,-0.5671708,-0.3587970,0.2316234,0.0447076,0.7090294,0.0688538,0.1202568,0.0750126,0.0220745,0.0403725,-0.0221927,0.0436850,0.0018342,-0.0649462,0.0824111,0.5173128,0.9731162,-0.0250217,-0.0032255
25.169509908,1791082605.546999216,0,0,-0.0275902,0.0288574,0.0015389,-11.2502632,-10.5257635,-13.0399494,-9.0749960,0.6016733,0.2419521,-0.5662160,-0.3610276,0.2312317,0.0448719,0.7065313,0.0709360,0.1202580,0.0750026,0.0220779,0.0399474,-0.0222143,0.0436846,0.0018335,-0.0649723,0.0822774,0.5172386,0.9731062,-0.0251768,-0.0030940
25.189278971,1791082605.566768408,0,0,-0.0275989,0.0286116,0.0030207,-11.2519779,-10.5384140,-13.0608368,-9.0866671,0.6036903,0.2413014,-0.5629905,-0.3603061,0.2327317,0.0450830,0.7044019,0.0682320,0.1202595,0.0749929,0.0220815,0.0398801,-0.0222352,0.0436843,0.0018329,-0.0649979,0.0821475,0.5171648,0.9730960,-0.0253126,-0.0029054
25.210353555,1791082605.587843657,0,0,-0.0279599,0.0288520,0.0024424,-11.2524700,-10.5453806,-13.0730829,-9.0811796,0.6031405,0.2418530,-0.5607507,-0.3584555,0.2331134,0.0455551,0.7032300,0.0662446,0.1202610,0.0749843,0.0220893,0.0400047,-0.0222557,0.0436839,0.0018322,-0.0650258,0.0820381,0.5170711,0.9730890,-0.0258240,-0.0028104
25.229016784,1791082605.606506586,0,0,-0.0287044,0.0289249,0.0022987,-11.2453270,-10.5303993,-13.0710821,-9.0571871,0.6027853,0.2428350,-0.5611106,-0.3571443,0.2328085,0.0456165,0.7026646,0.0676264,0.1202628,0.0749756,0.0220954,0.0399751,-0.0222762,0.0436836,0.0018314,-0.0650543,0.0819269,0.5169786,0.9730821,-0.0263352,-0.0027555
25.251291606,1791082605.628781557,0,0,-0.0287806,0.0292279,0.0021749,-11.2430897,-10.5264187,-13.0818501,-9.0678377,0.6016939,0.2436756,-0.5622346,-0.3570598,0.2294220,0.0457632,0.7067226,0.0681513,0.1202691,0.0749623,0.0221151,0.0388635,-0.0222799,0.0436829,0.0018310,-0.0650873,0.0818780,0.5168868,0.9731115,-0.0263174,-0.0024490
25.270850069,1791082605.648339987,0,0,-0.0278569,0.0299055,0.0021773,-11.2451553,-10.5216675,-13.0972748,-9.0917177,0.6004198,0.2440652,-0.5618733,-0.3554746,0.2283590,0.0459126,0.7071230,0.0690823,0.1202675,0.0749532,0.0221209,0.0392540,-0.0223027,0.0436826,0.0018303,-0.0651141,0.0817492,0.5167995,0.9731064,-0.0263397,-0.0024909
25.290896550,1791082605.668386221,0,0,-0.0277499,0.0300059,0.0025803,-11.2424631,-10.5244341,-13.0874405,-9.1003466,0.5997883,0.2441770,-0.5626027,-0.3571256,0.2264587,0.0455269,0.7098584,0.0695468,0.1202661,0.0749440,0.0221276,0.0393550,-0.0223243,0.0436823,0.0018297,-0.0651406,0.0816155,0.5167133,0.9731017,-0.0263774,-0.0025109
25.313058983,1791082605.690548420,0,0,-0.0275829,0.0292919,0.0032364,-11.2450905,-10.5145035,-13.0842209,-9.1023865,0.5996632,0.2426002,-0.5631494,-0.3601255,0.2303587,0.0451325,0.7074157,0.0697785,0.1202700,0.0749330,0.0221329,0.0405311,-0.0223415,0.0436819,0.0018290,-0.0651581,0.0815457,0.5166237,0.9730991,-0.0264734,-0.0023662
25.332496705,1791082605.709985971,0,0,-0.0277203,0.0293621,0.0024770,-11.2487669,-10.5177364,-13.0833960,-9.0976295,0.5992585,0.2420217,-0.5618432,-0.3570967,0.2307471,0.0448486,0.7064039,0.0695749,0.1202732,0.0749218,0.0221375,0.0407926,-0.0223591,0.0436816,0.0018283,-0.0651756,0.0814681,0.5165348,0.9730950,-0.0265679,-0.0022286
25.351370439,1791082605.728859663,0,0,-0.0273475,0.0298583,0.0024852,-11.2571354,-10.5244446,-13.0827503,-9.1064157,0.6009274,0.2413702,-0.5599087,-0.3494198,0.2317716,0.0439024,0.7048684,0.0677332,0.1202769,0.0749086,0.0221542,0.0383557,-0.0223781,0.0436809,0.0018279,-0.0652093,0.0814764,0.5164879,0.9731453,-0.0261862,-0.0024777
25.372631718,1791082605.750121117,0,0,-0.0275182,0.0298327,0.0023101,-11.2397375,-10.5098572,-13.0841427,-9.1038847,0.5990871,0.2423359,-0.5603951,-0.3551905,0.2305016,0.0441595,0.7062932,0.0703332,0.1202775,0.0749003,0.0221558,0.0404575,-0.0223998,0.0436807,0.0018271,-0.0652312,0.0813047,0.5163867,0.9730998,-0.0263946,-0.0021630
25.390861779,1791082605.768351793,0,0,-0.0280757,0.0297120,0.0018663,-11.2292185,-10.4968462,-13.0779047,-9.0881758,0.5974635,0.2411077,-0.5602140,-0.3575287,0.2301744,0.0440647,0.7072449,0.0722947,0.1202776,0.0748920,0.0221541,0.0409394,-0.0224218,0.0436805,0.0018264,-0.0652540,0.0811203,0.5162865,0.9730528,-0.0266444,-0.0019090
25.411115852,1791082605.788604975,0,0,-0.0278459,0.0296647,0.0018619,-11.2384396,-10.5033112,-13.0775566,-9.0926695,0.5952727,0.2396868,-0.5633554,-0.3608262,0.2287221,0.0439109,0.7105231,0.0750257,0.1202765,0.0748793,0.0221629,0.0376296,-0.0224477,0.0436799,0.0018261,-0.0652850,0.0811199,0.5162387,0.9730970,-0.0263739,-0.0025373
25.432691543,1791082605.810180902,0,0,-0.0273847,0.0298317,0.0024458,-11.2516785,-10.5159416,-13.0984783,-9.1241436,0.5943021,0.2391903,-0.5625424,-0.3625624,0.2265199,0.0441029,0.7143678,0.0755473,0.1202760,0.0748666,0.0221788,0.0368798,-0.0224734,0.0436793,0.0018257,-0.0653156,0.0811497,0.5161906,0.9731435,-0.0260820,-0.0031346
25.451416022,1791082605.828906059,0,0,-0.0273551,0.0296589,0.0025645,-11.2373209,-10.5145788,-13.0923004,-9.1213694,0.5963772,0.2382347,-0.5644714,-0.3644629,0.2274841,0.0445442,0.7154059,0.0743298,0.1202814,0.0748551,0.0221862,0.0384106,-0.0225008,0.0436789,0.0018251,-0.0653501,0.0811907,0.5161288,0.9731879,-0.0259415,-0.0033821
25.470866673,1791082605.848356724,0,0,-0.0280779,0.0287933,0.0019117,-11.2243176,-10.5178986,-13.0867977,-9.1028795,0.5966962,0.2379760,-0.5675593,-0.3709848,0.2283261,0.0450871,0.7162125,0.0741377,0.1202917,0.0748421,0.0221937,0.0381790,-0.0225243,0.0436784,0.0018247,-0.0653732,0.0813510,0.5160599,0.9732848,-0.0258333,-0.0041199
25.492550368,1791082605.870039701,0,0,-0.0277779,0.0287909,0.0018524,-11.2335463,-10.5125160,-13.0676804,-9.0909100,0.5972803,0.2400161,-0.5693346,-0.3695091,0.2270069,0.0452570,0.7162644,0.0754579,0.1203012,0.0748285,0.0222103,0.0380676,-0.0225453,0.0436777,0.0018244,-0.0653958,0.0814837,0.5159928,0.9733790,-0.0257330,-0.0048861
25.511736081,1791082605.889225721,0,0,-0.0278197,0.0287052,0.0019411,-11.2401190,-10.5351362,-13.0792093,-9.1097155,0.5979230,0.2409131,-0.5643055,-0.3694370,0.2273795,0.0455962,0.7147805,0.0717881,0.1203038,0.0748149,0.0222284,0.0378010,-0.0225673,0.0436771,0.0018240,-0.0654245,0.0815166,0.5159294,0.9734393,-0.0253154,-0.0051962
25.534847574,1791082605.912337303,0,0,-0.0276629,0.0296199,0.0025665,-11.2387085,-10.5309696,-13.1063452,-9.1099377,0.5962061,0.2428277,-0.5644910,-0.3643064,0.2237577,0.0461926,0.7184153,0.0694021,0.1203072,0.0748015,0.0222423,0.0377404,-0.0225899,0.0436765,0.0018236,-0.0654527,0.0815632,0.5158647,0.9735007,-0.0248790,-0.0054288
25.554799492,1791082605.932289362,0,0,-0.0273557,0.0299672,0.0036792,-11.2428856,-10.5258379,-13.1023293,-9.1121187,0.5972493,0.2430381,-0.5655568,-0.3578362,0.2261999,0.0456964,0.7163588,0.0668933,0.1203080,0.0747918,0.0222406,0.0389830,-0.0226153,0.0436760,0.0018231,-0.0654679,0.0815404,0.5157702,0.9735407,-0.0251145,-0.0056582
25.574950009,1791082605.952439547,0,0,-0.0270845,0.0292166,0.0022029,-11.2484837,-10.5239973,-13.0734291,-9.1097193,0.5947379,0.2437520,-0.5650907,-0.3643975,0.2262388,0.0460093,0.7148607,0.0689116,0.1203181,0.0747781,0.0222752,0.0380248,-0.0226265,0.0436753,0.0018226,-0.0654965,0.0816786,0.5156901,0.9736350,-0.0251495,-0.0062731
25.596935923,1791082605.974425793,0,0,-0.0269831,0.0294381,0.0023059,-11.2520027,-10.5310736,-13.0658922,-9.1057119,0.5939735,0.2429464,-0.5638118,-0.3587869,0.2265701,0.0457772,0.7141391,0.0678184,0.1203286,0.0747646,0.0223092,0.0378181,-0.0226378,0.0436746,0.0018222,-0.0655248,0.0818105,0.5156100,0.9737278,-0.0251314,-0.0068653
25.616907298,1791082605.994396925,0,0,-0.0270521,0.0295338,0.0022311,-11.2516994,-10.5447502,-13.0694542,-9.1095524,0.5952116,0.2413488,-0.5608771,-0.3543721,0.2298310,0.0460467,0.7119852,0.0647828,0.1203238,0.0747567,0.0223181,0.0395833,-0.0226646,0.0436743,0.0018215,-0.0655447,0.0815915,0.5155268,0.9736816,-0.0253707,-0.0067357
25.637946969,1791082606.015437365,0,0,-0.0276629,0.0289075,0.0022322,-11.2308140,-10.5590153,-13.0725479,-9.1079187,0.5956126,0.2412849,-0.5606121,-0.3590528,0.2284803,0.0460861,0.7151964,0.0625148,0.1203327,0.0747424,0.0223232,0.0389682,-0.0226745,0.0436736,0.0018211,-0.0655661,0.0817065,0.5154547,0.9737639,-0.0253338,-0.0069020
25.658611555,1791082606.036100864,0,0,-0.0277447,0.0289956,0.0021395,-11.2371387,-10.5428066,-13.0603991,-9.1008043,0.5967832,0.2409256,-0.5623605,-0.3589163,0.2285754,0.0460422,0.7156930,0.0651977,0.1203419,0.0747278,0.0223345,0.0388019,-0.0226834,0.0436729,0.0018207,-0.0655881,0.0818140,0.5153828,0.9738459,-0.0252947,-0.0071640
25.674890728,1791082606.052380323,0,0,-0.0280265,0.0294697,0.0013102,-11.2285204,-10.5499916,-13.0595560,-9.0958443,0.5955675,0.2402907,-0.5655051,-0.3589810,0.2270498,0.0463715,0.7183437,0.0655765,0.1203482,0.0747132,0.0223545,0.0379180,-0.0226926,0.0436722,0.0018202,-0.0656221,0.0818924,0.5153338,0.9739050,-0.0249675,-0.0070999
25.694708978,1791082606.072198629,0,0,-0.0277634,0.0295335,0.0019735,-11.2349701,-10.5471067,-13.0490665,-9.0885334,0.5969135,0.2410344,-0.5642403,-0.3578767,0.2283813,0.0462451,0.7155469,0.0655050,0.1203551,0.0746990,0.0223709,0.0377864,-0.0227018,0.0436714,0.0018197,-0.0656560,0.0819844,0.5152840,0.9739653,-0.0245980,-0.0070258
25.719673758,1791082606.097163439,0,0,-0.0277696,0.0292729,0.0022793,-11.2271671,-10.5462379,-13.0631409,-9.0836439,0.5967718,0.2415513,-0.5628200,-0.3605411,0.2279582,0.0469786,0.7147914,0.0653673,0.1203571,0.0746863,0.0223700,0.0380903,-0.0227213,0.0436709,0.0018192,-0.0656782,0.0819435,0.5152296,0.9740123,-0.0244572,-0.0072004
25.738769933,1791082606.116259575,0,0,-0.0280434,0.0294293,0.0021499,-11.2313414,-10.5387554,-13.0632725,-9.0789413,0.5956240,0.2428265,-0.5668499,-0.3589532,0.2258133,0.0469194,0.7162040,0.0663012,0.1203527,0.0746770,0.0223855,0.0376971,-0.0227453,0.0436705,0.0018186,-0.0657091,0.0817618,0.5151590,0.9739948,-0.0244908,-0.0071841
25.756618125,1791082606.134107590,0,0,-0.0278573,0.0294694,0.0026632,-11.2396851,-10.5399761,-13.0739279,-9.0903387,0.5976443,0.2399828,-0.5671177,-0.3559611,0.2281698,0.0466799,0.7165712,0.0653858,0.1203488,0.0746682,0.0223973,0.0376694,-0.0227699,0.0436702,0.0018179,-0.0657404,0.0815941,0.5150873,0.9739776,-0.0245149,-0.0071444
25.776924553,1791082606.154414177,0,0,-0.0274476,0.0293952,0.0027508,-11.2367983,-10.5402002,-13.0898542,-9.1131659,0.5984857,0.2389973,-0.5667455,-0.3557121,0.2238153,0.0467097,0.7249703,0.0646405,0.1203559,0.0746600,0.0223936,0.0401678,-0.0227943,0.0436699,0.0018172,-0.0657585,0.0814508,0.5149785,0.9739592,-0.0247053,-0.0068105
25.797484175,1791082606.174973965,0,0,-0.0269365,0.0297960,0.0022634,-11.2384396,-10.5258980,-13.0678406,-9.1136599,0.6003938,0.2387474,-0.5675526,-0.3531975,0.2262853,0.0462337,0.7231687,0.0624233,0.1203621,0.0746513,0.0223936,0.0408788,-0.0228164,0.0436695,0.0018166,-0.0657754,0.0812789,0.5148743,0.9739404,-0.0248767,-0.0063963
25.818586538,1791082606.196075678,0,0,-0.0274621,0.0301832,0.0021567,-11.2401142,-10.5249767,-13.0489397,-9.0875368,0.6023107,0.2374289,-0.5676504,-0.3466945,0.2277737,0.0458257,0.7209710,0.0626318,0.1203604,0.0746431,0.0223946,0.0399178,-0.0228359,0.0436691,0.0018159,-0.0657979,0.0810598,0.5147670,0.9739477,-0.0251693,-0.0062088
25.836768150,1791082606.214257956,0,0,-0.0277294,0.0298954,0.0021384,-11.2466869,-10.5224314,-13.0323076,-9.0780563,0.6025600,0.2370264,-0.5706608,-0.3527180,0.2275739,0.0461003,0.7212912,0.0668209,0.1203674,0.0746309,0.0224009,0.0390627,-0.0228475,0.0436684,0.0018154,-0.0658301,0.0811015,0.5147110,0.9740120,-0.0253436,-0.0063420
25.858867478,1791082606.236356974,0,0,-0.0278834,0.0288885,0.0027465,-11.2577629,-10.5457554,-13.0372686,-9.0917416,0.6042111,0.2346313,-0.5682841,-0.3578710,0.2297324,0.0457123,0.7207229,0.0672424,0.1203749,0.0746191,0.0224077,0.0389267,-0.0228588,0.0436677,0.0018149,-0.0658618,0.0811605,0.5146550,0.9740768,-0.0255022,-0.0064367
25.878819109,1791082606.256308794,0,0,-0.0285733,0.0297162,0.0022417,-11.2429104,-10.5409584,-13.0521851,-9.0797710,0.6025803,0.2351489,-0.5715355,-0.3540580,0.2280687,0.0456361,0.7223708,0.0668468,0.1203818,0.0746067,0.0224115,0.0391554,-0.0228745,0.0436672,0.0018143,-0.0658846,0.0811379,0.5145655,0.9741293,-0.0253810,-0.0065010
25.898821526,1791082606.276311159,0,0,-0.0289772,0.0301368,0.0022462,-11.2369900,-10.5307665,-13.0509758,-9.0650988,0.6005595,0.2355258,-0.5740939,-0.3552515,0.2282166,0.0456232,0.7210974,0.0698241,0.1203885,0.0745944,0.0224149,0.0391399,-0.0228899,0.0436667,0.0018138,-0.0659082,0.0811070,0.5144769,0.9741809,-0.0252919,-0.0066308
25.920489126,1791082606.297978640,0,0,-0.0286465,0.0298743,0.0024597,-11.2416992,-10.5264168,-13.0530090,-9.0738707,0.5991585,0.2355571,-0.5754129,-0.3594855,0.2243265,0.0462609,0.7259184,0.0734432,0.1203854,0.0745836,0.0224250,0.0375107,-0.0229128,0.0436662,0.0018132,-0.0659414,0.0809531,0.5144219,0.9741765,-0.0252386,-0.0067084
25.938785239,1791082606.316274643,0,0,-0.0279780,0.0293783,0.0025655,-11.2523556,-10.5328217,-13.0587988,-9.0936460,0.5997065,0.2359143,-0.5745895,-0.3622569,0.2246628,0.0463845,0.7256954,0.0728070,0.1203778,0.0745781,0.0224196,0.0396181,-0.0229438,0.0436663,0.0018123,-0.0659742,0.0806801,0.5143258,0.9741256,-0.0255268,-0.0065092
25.957593499,1791082606.335083485,0,0,-0.0276965,0.0292769,0.0020435,-11.2448597,-10.5368080,-13.0621662,-9.0922213,0.6001968,0.2373796,-0.5743620,-0.3639929,0.2231518,0.0469188,0.7269201,0.0710173,0.1203698,0.0745724,0.0224119,0.0401443,-0.0229749,0.0436663,0.0018113,-0.0660068,0.0804008,0.5142323,0.9740750,-0.0258626,-0.0062559
25.979035554,1791082606.356524706,0,0,-0.0288953,0.0298235,0.0023479,-11.2273846,-10.5262394,-13.0716343,-9.0653734,0.5989982,0.2365600,-0.5793105,-0.3667509,0.2215573,0.0476586,0.7321396,0.0717594,0.1203754,0.0745638,0.0224071,0.0400249,-0.0229944,0.0436660,0.0018105,-0.0660274,0.0803344,0.5141322,0.9740931,-0.0263499,-0.0063884
25.998975793,1791082606.376465559,0,0,-0.0286078,0.0298174,0.0031101,-11.2465010,-10.5454865,-13.0924101,-9.0935793,0.5978585,0.2338837,-0.5805233,-0.3679489,0.2195335,0.0476113,0.7391261,0.0714040,0.1203804,0.0745548,0.0224100,0.0399832,-0.0230125,0.0436657,0.0018099,-0.0660475,0.0802552,0.5140336,0.9741123,-0.0267901,-0.0065173
26.019678108,1791082606.397167683,0,0,-0.0279071,0.0300331,0.0019974,-11.2497091,-10.5374737,-13.0689964,-9.0978718,0.5977088,0.2332104,-0.5865520,-0.3706837,0.2193917,0.0480629,0.7423890,0.0731004,0.1203962,0.0745407,0.0224296,0.0385481,-0.0230167,0.0436651,0.0018093,-0.0660852,0.0803966,0.5139865,0.9742055,-0.0266081,-0.0068735
26.040494284,1791082606.417983532,0,0,-0.0286861,0.0300455,0.0018179,-11.2559490,-10.5399904,-13.0557699,-9.0801153,0.5961300,0.2335341,-0.5893263,-0.3709258,0.2196327,0.0478424,0.7428644,0.0734297,0.1204034,0.0745268,0.0224303,0.0382031,-0.0230287,0.0436644,0.0018089,-0.0661106,0.0804766,0.5139396,0.9742630,-0.0261723,-0.0069794
26.060524126,1791082606.438013554,0,0,-0.0280197,0.0303919,0.0026356,-11.2617941,-10.5441313,-13.0580769,-9.0885534,0.5958583,0.2310333,-0.5897515,-0.3719516,0.2216487,0.0477531,0.7442237,0.0712266,0.1204104,0.0745128,0.0224320,0.0381964,-0.0230401,0.0436638,0.0018086,-0.0661351,0.0805731,0.5138921,0.9743219,-0.0257239,-0.0070261
26.078822447,1791082606.456311703,0,0,-0.0282030,0.0302955,0.0039829,-11.2617874,-10.5419064,-13.0653534,-9.0829687,0.5961771,0.2308855,-0.5923452,-0.3691007,0.2223182,0.0470103,0.7435748,0.0712657,0.1204178,0.0745013,0.0224434,0.0387443,-0.0230468,0.0436631,0.0018081,-0.0661625,0.0807482,0.5138370,0.9743946,-0.0253679,-0.0071184
26.098597559,1791082606.476086855,0,0,-0.0281597,0.0295117,0.0032162,-11.2718582,-10.5426931,-13.0491076,-9.0834589,0.5961941,0.2322023,-0.5933844,-0.3715912,0.2210769,0.0465207,0.7431190,0.0739431,0.1204245,0.0744896,0.0224554,0.0388517,-0.0230533,0.0436624,0.0018077,-0.0661905,0.0809025,0.5137818,0.9744666,-0.0250093,-0.0072820
26.119511531,1791082606.497001171,0,0,-0.0287016,0.0296834,0.0029846,-11.2646303,-10.5229321,-13.0290470,-9.0566025,0.5953795,0.2321458,-0.5954283,-0.3708799,0.2231621,0.0460582,0.7400297,0.0755174,0.1204331,0.0744766,0.0224789,0.0379394,-0.0230553,0.0436616,0.0018071,-0.0662293,0.0809888,0.5137337,0.9745477,-0.0247153,-0.0074566
26.140908368,1791082606.518398046,0,0,-0.0282811,0.0293845,0.0025612,-11.2712097,-10.5351028,-13.0294113,-9.0702868,0.5960852,0.2314495,-0.5911106,-0.3686238,0.2243102,0.0455497,0.7389497,0.0721895,0.1204329,0.0744672,0.0224811,0.0393205,-0.0230747,0.0436612,0.0018065,-0.0662479,0.0807876,0.5136538,0.9745081,-0.0248142,-0.0071665
26.159101181,1791082606.536591053,0,0,-0.0277866,0.0302635,0.0035888,-11.2624369,-10.5324221,-13.0390835,-9.0679255,0.5958217,0.2304724,-0.5892677,-0.3644368,0.2274153,0.0450165,0.7343177,0.0714171,0.1204329,0.0744581,0.0224810,0.0397381,-0.0230934,0.0436608,0.0018059,-0.0662666,0.0805916,0.5135748,0.9744658,-0.0249714,-0.0068484
26.178812131,1791082606.556301594,0,0,-0.0270220,0.0298103,0.0033090,-11.2716579,-10.5413771,-13.0465508,-9.0937281,0.5966301,0.2315271,-0.5877589,-0.3663354,0.2265401,0.0449690,0.7336698,0.0723744,0.1204469,0.0744439,0.0225179,0.0370413,-0.0230962,0.0436600,0.0018054,-0.0663011,0.0808634,0.5135283,0.9745854,-0.0248419,-0.0075597
26.198723025,1791082606.576212406,0,0,-0.0277839,0.0304284,0.0028167,-11.2490129,-10.5228100,-13.0384436,-9.0588751,0.5981025,0.2324024,-0.5912360,-0.3637362,0.2253346,0.0453739,0.7334352,0.0735105,0.1204614,0.0744291,0.0225627,0.0363555,-0.0230987,0.0436592,0.0018050,-0.0663350,0.0811162,0.5134820,0.9747015,-0.0246274,-0.0082816
26.219018349,1791082606.596508265,0,0,-0.0281622,0.0297618,0.0026551,-11.2496948,-10.5218916,-13.0425854,-9.0673695,0.5966686,0.2312154,-0.5928941,-0.3711816,0.2253518,0.0454363,0.7353672,0.0765604,0.1204677,0.0744138,0.0225864,0.0356883,-0.0231097,0.0436587,0.0018045,-0.0663621,0.0812429,0.5134272,0.9748096,-0.0247975,-0.0094638
26.238691378,1791082606.616180897,0,0,-0.0276024,0.0289575,0.0019621,-11.2501421,-10.5291386,-13.0381050,-9.0740728,0.5977176,0.2323877,-0.5879884,-0.3719066,0.2278665,0.0452553,0.7304109,0.0731580,0.1204749,0.0744032,0.0225920,0.0390271,-0.0231176,0.0436582,0.0018038,-0.0663899,0.0811998,0.5133681,0.9748325,-0.0251809,-0.0089952
26.258984046,1791082606.636473894,0,0,-0.0280245,0.0284668,0.0023231,-11.2479591,-10.5160398,-13.0314856,-9.0536919,0.5970466,0.2348941,-0.5873710,-0.3719407,0.2293569,0.0450614,0.7243645,0.0747169,0.1204823,0.0743933,0.0225863,0.0398844,-0.0231256,0.0436577,0.0018031,-0.0664189,0.0811503,0.5133083,0.9748546,-0.0255868,-0.0086036
26.278935581,1791082606.656424999,0,0,-0.0280872,0.0287880,0.0017991,-11.2678547,-10.5329533,-13.0419445,-9.0654221,0.5974002,0.2359840,-0.5868060,-0.3681997,0.2261529,0.0453000,0.7263489,0.0772360,0.1204925,0.0743812,0.0226005,0.0386653,-0.0231286,0.0436570,0.0018025,-0.0664558,0.0812134,0.5132362,0.9749382,-0.0256292,-0.0088151
26.298655459,1791082606.676144838,0,0,-0.0281591,0.0285815,0.0009201,-11.2706165,-10.5413465,-13.0297384,-9.0864840,0.5961643,0.2362660,-0.5859760,-0.3754120,0.2243368,0.0452907,0.7288150,0.0774853,0.1205065,0.0743672,0.0226229,0.0385068,-0.0231253,0.0436564,0.0018019,-0.0664863,0.0813934,0.5131949,0.9750382,-0.0254622,-0.0090354
26.319015170,1791082606.696505070,0,0,-0.0289709,0.0295511,0.0023522,-11.2618923,-10.5395374,-13.0429745,-9.0739517,0.5965077,0.2374202,-0.5830430,-0.3689377,0.2236536,0.0452493,0.7269720,0.0755996,0.1205209,0.0743531,0.0226460,0.0384481,-0.0231206,0.0436557,0.0018013,-0.0665162,0.0815535,0.5131539,0.9751371,-0.0252489,-0.0092159
26.338677414,1791082606.716166735,0,0,-0.0289663,0.0302351,0.0032009,-11.2486515,-10.5576630,-13.0669537,-9.0843449,0.5969515,0.2382182,-0.5769543,-0.3637076,0.2239259,0.0455098,0.7250652,0.0709599,0.1205254,0.0743415,0.0226483,0.0393631,-0.0231269,0.0436553,0.0018005,-0.0665430,0.0814613,0.5131017,0.9751602,-0.0250013,-0.0087628
26.358789307,1791082606.736278772,0,0,-0.0283949,0.0302464,0.0029464,-11.2549953,-10.5621548,-13.0682287,-9.0935221,0.5965436,0.2393400,-0.5765061,-0.3646266,0.2227790,0.0451537,0.7251826,0.0733257,0.1205300,0.0743302,0.0226467,0.0396161,-0.0231335,0.0436548,0.0017998,-0.0665707,0.0813762,0.5130485,0.9751831,-0.0247906,-0.0083870
26.377596767,1791082606.755086184,0,0,-0.0282580,0.0300976,0.0030647,-11.2435646,-10.5550022,-13.0809898,-9.0967054,0.5945285,0.2398947,-0.5765797,-0.3704548,0.2227365,0.0453319,0.7240623,0.0731848,0.1205454,0.0743163,0.0226663,0.0383583,-0.0231232,0.0436540,0.0017991,-0.0666115,0.0815629,0.5130054,0.9753053,-0.0248143,-0.0086369
26.399280143,1791082606.776769638,0,0,-0.0285537,0.0301336,0.0022172,-11.2449598,-10.5675745,-13.0924492,-9.0993757,0.5958000,0.2403409,-0.5786313,-0.3663392,0.2215165,0.0450123,0.7254607,0.0729549,0.1205609,0.0743020,0.0226905,0.0380162,-0.0231130,0.0436533,0.0017984,-0.0666516,0.0817360,0.5129629,0.9754227,-0.0248122,-0.0088676
26.420387690,1791082606.797877073,0,0,-0.0283721,0.0302167,0.0027560,-11.2399120,-10.5656462,-13.1042709,-9.1110811,0.5962825,0.2403089,-0.5748116,-0.3648713,0.2212452,0.0449111,0.7267001,0.0689643,0.1205593,0.0742925,0.0226951,0.0378416,-0.0231347,0.0436530,0.0017977,-0.0666732,0.0815173,0.5128660,0.9754574,-0.0251853,-0.0091392
26.439412982,1791082606.816902161,0,0,-0.0279054,0.0299914,0.0014922,-11.2321453,-10.5507193,-13.0994158,-9.1171856,0.5929603,0.2435262,-0.5735010,-0.3688214,0.2205447,0.0448247,0.7248608,0.0679550,0.1205703,0.0742779,0.0227070,0.0381573,-0.0231310,0.0436522,0.0017972,-0.0667047,0.0814951,0.5128015,0.9755072,-0.0250825,-0.0084583
26.458611145,1791082606.836100340,0,0,-0.0279382,0.0296361,0.0027397,-11.2298355,-10.5437641,-13.1083965,-9.1185141,0.5922548,0.2421304,-0.5723580,-0.3708945,0.2216261,0.0448247,0.7236893,0.0700726,0.1205820,0.0742637,0.0227131,0.0382069,-0.0231273,0.0436514,0.0017967,-0.0667373,0.0814884,0.5127342,0.9755594,-0.0249603,-0.0079187
26.477583635,1791082606.855072975,0,0,-0.0288110,0.0288891,0.0028958,-11.2466927,-10.5440025,-13.0889730,-9.1052017,0.5942172,0.2385947,-0.5742715,-0.3738729,0.2212679,0.0449698,0.7290573,0.0743097,0.1205913,0.0742509,0.0227191,0.0370438,-0.0231338,0.0436508,0.0017962,-0.0667697,0.0816651,0.5126938,0.9756603,-0.0250598,-0.0086144
26.498683758,1791082606.876173496,0,0,-0.0290982,0.0293578,0.0019176,-11.2432117,-10.5525198,-13.0913620,-9.1190853,0.5907300,0.2389553,-0.5747533,-0.3762054,0.2168165,0.0458321,0.7362692,0.0736909,0.1206000,0.0742375,0.0227331,0.0367217,-0.0231407,0.0436501,0.0017958,-0.0668011,0.0818230,0.5126539,0.9757580,-0.0251317,-0.0092572
26.518736193,1791082606.896225691,0,0,-0.0287782,0.0298984,0.0023586,-11.2362213,-10.5554457,-13.0929804,-9.1124973,0.5898839,0.2387942,-0.5742673,-0.3715486,0.2190744,0.0457772,0.7341914,0.0692980,0.1206060,0.0742232,0.0227411,0.0371409,-0.0231447,0.0436494,0.0017954,-0.0668248,0.0819144,0.5126058,0.9758314,-0.0251260,-0.0093872
26.538764403,1791082606.916254044,0,0,-0.0285018,0.0296958,0.0029582,-11.2356644,-10.5692635,-13.1116228,-9.1174173,0.5905842,0.2383417,-0.5727508,-0.3703291,0.2199838,0.0452075,0.7337142,0.0681066,0.1206173,0.0742073,0.0227501,0.0372894,-0.0231435,0.0436487,0.0017949,-0.0668478,0.0820616,0.5125478,0.9759168,-0.0251944,-0.0095442
26.557633305,1791082606.935122728,0,0,-0.0285450,0.0295921,0.0031997,-11.2360468,-10.5639763,-13.0974789,-9.1120329,0.5909358,0.2394417,-0.5735238,-0.3694424,0.2193039,0.0451289,0.7337381,0.0689640,0.1206290,0.0741915,0.0227607,0.0373083,-0.0231413,0.0436479,0.0017945,-0.0668709,0.0821992,0.5124898,0.9760020,-0.0252736,-0.0097491
26.578881561,1791082606.956371784,0,0,-0.0288354,0.0290093,0.0022880,-11.2287254,-10.5480318,-13.0677128,-9.0952368,0.5913416,0.2409922,-0.5740427,-0.3691324,0.2211213,0.0448849,0.7294362,0.0690999,0.1206342,0.0741790,0.0227735,0.0374031,-0.0231530,0.0436474,0.0017939,-0.0668979,0.0821321,0.5124004,0.9760773,-0.0252120,-0.0100731
26.599549635,1791082606.977039099,0,0,-0.0287833,0.0294995,0.0023521,-11.2277737,-10.5441351,-13.0645914,-9.0847454,0.5908926,0.2420958,-0.5738180,-0.3656137,0.2201472,0.0450627,0.7295590,0.0662912,0.1206391,0.0741664,0.0227854,0.0373959,-0.0231649,0.0436468,0.0017932,-0.0669243,0.0820611,0.5123131,0.9761510,-0.0251747,-0.0102953
26.618034235,1791082606.995523691,0,0,-0.0279440,0.0292770,0.0030332,-11.2322359,-10.5401344,-13.0705681,-9.1030645,0.5920055,0.2430314,-0.5713475,-0.3629344,0.2232510,0.0446280,0.7259615,0.0618855,0.1206403,0.0741563,0.0227839,0.0396478,-0.0231723,0.0436464,0.0017926,-0.0669414,0.0818699,0.5122474,0.9761059,-0.0252607,-0.0093261
26.639113493,1791082607.016602993,0,0,-0.0276658,0.0292365,0.0019835,-11.2314138,-10.5436096,-13.0636072,-9.1040745,0.5895382,0.2473532,-0.5692285,-0.3629052,0.2192814,0.0448452,0.7249624,0.0626021,0.1206367,0.0741461,0.0227717,0.0388779,-0.0231946,0.0436459,0.0017921,-0.0669535,0.0816742,0.5121706,0.9760859,-0.0251348,-0.0090821
26.658385676,1791082607.035875559,0,0,-0.0280994,0.0297427,0.0034142,-11.2313824,-10.5329657,-13.0728111,-9.0986080,0.5899703,0.2459067,-0.5725108,-0.3630245,0.2162822,0.0453107,0.7302037,0.0667340,0.1206332,0.0741360,0.0227658,0.0386364,-0.0232150,0.0436454,0.0017917,-0.0669670,0.0814775,0.5120941,0.9760661,-0.0250392,-0.0089531
26.679573707,1791082607.057063580,0,0,-0.0285527,0.0300128,0.0024921,-11.2358456,-10.5399599,-13.0774517,-9.1075497,0.5880389,0.2440998,-0.5747100,-0.3679963,0.2131410,0.0458176,0.7364453,0.0707863,0.1206305,0.0741260,0.0227643,0.0392890,-0.0232346,0.0436451,0.0017909,-0.0669814,0.0811901,0.5120114,0.9760033,-0.0251396,-0.0086381
26.699401623,1791082607.076891422,0,0,-0.0284329,0.0302771,0.0037933,-11.2422276,-10.5507650,-13.0747566,-9.1128159,0.5893334,0.2419975,-0.5755684,-0.3697543,0.2143368,0.0459821,0.7377462,0.0682492,0.1206279,0.0741165,0.0227626,0.0395382,-0.0232534,0.0436448,0.0017902,-0.0669954,0.0809068,0.5119303,0.9759390,-0.0252603,-0.0082274
26.720943267,1791082607.098433018,0,0,-0.0280777,0.0297893,0.0038669,-11.2539825,-10.5602961,-13.0799055,-9.1088572,0.5922498,0.2416917,-0.5780475,-0.3689348,0.2150227,0.0457854,0.7373906,0.0675519,0.1206390,0.0741036,0.0227695,0.0394952,-0.0232508,0.0436442,0.0017895,-0.0670231,0.0808810,0.5118515,0.9759763,-0.0254306,-0.0077044
26.738796388,1791082607.116286278,0,0,-0.0283245,0.0291662,0.0030442,-11.2624216,-10.5545111,-13.0478039,-9.0831957,0.5935393,0.2423626,-0.5855670,-0.3749509,0.2143653,0.0458812,0.7383500,0.0720667,0.1206413,0.0740932,0.0227667,0.0394404,-0.0232595,0.0436435,0.0017890,-0.0670503,0.0808051,0.5118083,0.9759833,-0.0252796,-0.0072433
26.760699070,1791082607.138188601,0,0,-0.0282639,0.0296942,0.0027271,-11.2769012,-10.5529051,-13.0469780,-9.0760641,0.5953264,0.2410222,-0.5908393,-0.3728887,0.2147968,0.0458720,0.7392433,0.0747665,0.1206438,0.0740829,0.0227621,0.0394405,-0.0232687,0.0436428,0.0017886,-0.0670781,0.0807417,0.5117641,0.9759907,-0.0250750,-0.0068312
26.780695377,1791082607.158185005,0,0,-0.0291971,0.0299385,0.0024761,-11.2780781,-10.5591002,-13.0538330,-9.0675955,0.5948978,0.2389977,-0.5961518,-0.3782673,0.2115170,0.0470199,0.7468557,0.0779149,0.1206631,0.0740664,0.0227703,0.0382131,-0.0232668,0.0436419,0.0017883,-0.0670999,0.0810415,0.5116869,0.9761118,-0.0249827,-0.0072813
26.798462031,1791082607.175951719,0,0,-0.0288776,0.0305993,0.0035088,-11.2919102,-10.5769396,-13.0699253,-9.0949965,0.5944958,0.2356378,-0.5968024,-0.3783140,0.2112494,0.0470810,0.7536223,0.0745908,0.1206821,0.0740492,0.0227952,0.0380226,-0.0232621,0.0436410,0.0017880,-0.0671194,0.0813211,0.5116132,0.9762284,-0.0248614,-0.0076166
26.822593405,1791082607.200083256,0,0,-0.0284817,0.0304331,0.0029680,-11.2985458,-10.5640755,-13.0613708,-9.0837250,0.5931965,0.2360359,-0.6002683,-0.3782816,0.2150836,0.0473311,0.7487627,0.0754431,0.1206908,0.0740368,0.0228067,0.0381578,-0.0232666,0.0436403,0.0017876,-0.0671500,0.0813816,0.5115476,0.9763004,-0.0249614,-0.0077492
26.840770570,1791082607.218260050,0,0,-0.0285560,0.0294084,0.0023317,-11.3030806,-10.5739937,-13.0341501,-9.0739908,0.5930947,0.2376781,-0.6013886,-0.3820154,0.2148463,0.0471876,0.7472160,0.0757777,0.1207051,0.0740244,0.0228197,0.0388060,-0.0232754,0.0436396,0.0017871,-0.0671746,0.0815640,0.5114760,0.9763975,-0.0253154,-0.0083906
26.860676121,1791082607.238165617,0,0,-0.0294352,0.0290750,0.0030493,-11.2875671,-10.5656185,-13.0353231,-9.0487127,0.5939658,0.2364686,-0.6015368,-0.3821534,0.2193364,0.0471302,0.7417666,0.0753042,0.1207194,0.0740122,0.0228317,0.0388790,-0.0232832,0.0436389,0.0017866,-0.0671998,0.0817192,0.5114071,0.9764906,-0.0256864,-0.0090208
26.878929321,1791082607.256419182,0,0,-0.0297244,0.0290737,0.0039083,-11.2969542,-10.5795288,-13.0585842,-9.0501337,0.5941331,0.2362625,-0.6011202,-0.3791414,0.2174936,0.0479191,0.7460412,0.0727456,0.1207279,0.0739989,0.0228449,0.0382553,-0.0232898,0.0436382,0.0017861,-0.0672284,0.0816242,0.5113546,0.9765183,-0.0257495,-0.0087608
26.900452853,1791082607.277942181,0,0,-0.0287398,0.0293864,0.0038334,-11.2908010,-10.5864897,-13.0605745,-9.0670261,0.5941351,0.2377081,-0.5968871,-0.3745494,0.2212467,0.0482138,0.7404438,0.0655514,0.1207391,0.0739851,0.0228414,0.0387737,-0.0232953,0.0436375,0.0017857,-0.0672473,0.0816394,0.5113078,0.9765564,-0.0252760,-0.0084700
26.918709318,1791082607.296198845,0,0,-0.0284418,0.0286457,0.0036013,-11.2900648,-10.5683012,-13.0620499,-9.0502167,0.5940087,0.2393534,-0.5998517,-0.3746959,0.2216811,0.0482209,0.7389256,0.0671950,0.1207499,0.0739712,0.0228393,0.0388294,-0.0233005,0.0436367,0.0017853,-0.0672671,0.0816530,0.5112603,0.9765952,-0.0248418,-0.0082891
26.937626159,1791082607.315115929,0,0,-0.0282456,0.0288166,0.0027407,-11.2909584,-10.5642519,-13.0578051,-9.0563955,0.5933270,0.2405230,-0.5994727,-0.3722113,0.2212560,0.0480529,0.7366244,0.0674009,0.1207527,0.0739628,0.0228525,0.0383984,-0.0233124,0.0436361,0.0017847,-0.0672967,0.0815194,0.5111855,0.9766148,-0.0251149,-0.0081763
26.960726710,1791082607.338216305,0,0,-0.0279993,0.0293585,0.0030918,-11.2873812,-10.5472670,-13.0613995,-9.0611010,0.5909491,0.2411076,-0.5956495,-0.3685311,0.2199798,0.0483721,0.7361991,0.0688300,0.1207557,0.0739544,0.0228653,0.0382722,-0.0233247,0.0436355,0.0017841,-0.0673270,0.0813822,0.5111105,0.9766348,-0.0253619,-0.0081203
26.978760894,1791082607.356250048,0,0,-0.0278783,0.0298122,0.0029900,-11.2911940,-10.5584211,-13.0572805,-9.0662289,0.5909303,0.2406804,-0.5928749,-0.3646629,0.2195911,0.0483727,0.7368930,0.0653211,0.1207671,0.0739406,0.0228811,0.0373122,-0.0233311,0.0436347,0.0017836,-0.0673612,0.0814618,0.5110798,0.9766979,-0.0252764,-0.0082096
26.999274756,1791082607.376764059,0,0,-0.0279743,0.0296138,0.0032489,-11.2830162,-10.5580215,-13.0732899,-9.0701990,0.5921861,0.2405127,-0.5932521,-0.3633472,0.2194822,0.0482463,0.7378048,0.0621623,0.1207791,0.0739269,0.0228965,0.0370904,-0.0233381,0.0436339,0.0017830,-0.0673946,0.0815485,0.5110490,0.9767606,-0.0251692,-0.0082447
27.019234485,1791082607.396723747,0,0,-0.0284089,0.0302531,0.0027197,-11.2814999,-10.5525150,-13.0799732,-9.0710516,0.5912741,0.2408293,-0.5941294,-0.3592806,0.2177701,0.0475080,0.7383983,0.0650222,0.1207799,0.0739167,0.0229015,0.0382585,-0.0233561,0.0436336,0.0017824,-0.0674165,0.0812671,0.5109677,0.9767324,-0.0250463,-0.0078648
27.037630410,1791082607.415119886,0,0,-0.0281883,0.0303680,0.0036107,-11.2945147,-10.5511646,-13.0860415,-9.0844641,0.5922523,0.2381993,-0.5947759,-0.3589112,0.2163235,0.0479683,0.7442273,0.0684080,0.1207927,0.0739059,0.0229025,0.0394745,-0.0233628,0.0436329,0.0017817,-0.0674425,0.0814060,0.5109080,0.9768059,-0.0250689,-0.0080348
27.058428187,1791082607.435917616,0,0,-0.0281557,0.0302363,0.0026094,-11.2843628,-10.5486221,-13.0611792,-9.0830784,0.5919134,0.2386158,-0.5944924,-0.3625298,0.2135918,0.0478724,0.7465307,0.0700052,0.1208045,0.0738945,0.0229080,0.0396914,-0.0233686,0.0436323,0.0017812,-0.0674679,0.0815087,0.5108495,0.9768763,-0.0250403,-0.0082037
27.079137512,1791082607.456626892,0,0,-0.0280945,0.0302296,0.0035937,-11.2952614,-10.5697575,-13.0778999,-9.0987234,0.5934140,0.2362323,-0.5933213,-0.3635331,0.2141862,0.0477772,0.7499180,0.0672153,0.1208125,0.0738850,0.0229213,0.0399538,-0.0233676,0.0436317,0.0017805,-0.0674919,0.0813441,0.5107763,0.9768780,-0.0250639,-0.0075291
27.099531529,1791082607.477020979,0,0,-0.0279842,0.0296056,0.0034634,-11.2985373,-10.5731592,-13.0517941,-9.0807838,0.5945268,0.2365068,-0.5959622,-0.3692223,0.2153346,0.0478952,0.7477737,0.0675834,0.1208234,0.0738695,0.0229272,0.0380022,-0.0233639,0.0436308,0.0017801,-0.0675138,0.0814606,0.5107450,0.9769598,-0.0248641,-0.0077832
27.120330425,1791082607.497819662,0,0,-0.0283267,0.0290797,0.0035760,-11.3042498,-10.5753412,-13.0560961,-9.0840025,0.5967759,0.2375678,-0.5952314,-0.3710795,0.2146695,0.0478065,0.7463715,0.0706327,0.1208345,0.0738537,0.0229405,0.0375074,-0.0233595,0.0436300,0.0017797,-0.0675360,0.0815905,0.5107138,0.9770420,-0.0247067,-0.0081030
27.137630406,1791082607.515119553,0,0,-0.0289703,0.0296055,0.0032105,-11.2897530,-10.5772562,-13.0466099,-9.0693865,0.5981302,0.2361123,-0.5951480,-0.3703658,0.2173239,0.0480273,0.7430817,0.0708876,0.1208450,0.0738420,0.0229465,0.0389415,-0.0233708,0.0436295,0.0017791,-0.0675529,0.0815946,0.5106471,0.9771033,-0.0246927,-0.0083919
27.160231034,1791082607.537721634,0,0,-0.0296934,0.0304239,0.0039181,-11.2841330,-10.5763168,-13.0675983,-9.0668669,0.5978931,0.2351077,-0.5947517,-0.3678871,0.2141927,0.0482205,0.7484291,0.0730209,0.1208553,0.0738303,0.0229522,0.0391769,-0.0233815,0.0436289,0.0017786,-0.0675702,0.0815729,0.5105814,0.9771628,-0.0246852,-0.0086707
27.178704435,1791082607.556194305,0,0,-0.0290620,0.0302800,0.0038397,-11.2849846,-10.5725298,-13.0396156,-9.0776167,0.5986290,0.2365499,-0.5963219,-0.3690159,0.2150472,0.0476780,0.7470731,0.0707588,0.1208641,0.0738165,0.0229543,0.0386107,-0.0233759,0.0436281,0.0017782,-0.0675929,0.0816273,0.5105286,0.9772252,-0.0247827,-0.0085139
27.198870731,1791082607.576360703,0,0,-0.0292023,0.0297388,0.0029077,-11.2785625,-10.5610199,-13.0528727,-9.0793705,0.5954984,0.2389972,-0.5942833,-0.3735508,0.2120889,0.0477747,0.7479450,0.0711070,0.1208730,0.0738027,0.0229540,0.0384170,-0.0233722,0.0436273,0.0017777,-0.0676157,0.0816991,0.5104743,0.9772890,-0.0248832,-0.0084061
27.218415276,1791082607.595905066,0,0,-0.0288825,0.0297942,0.0033159,-11.2921143,-10.5669069,-13.0471497,-9.0736475,0.5950612,0.2397238,-0.5975227,-0.3724609,0.2114759,0.0476987,0.7480555,0.0732126,0.1208882,0.0737898,0.0229680,0.0389010,-0.0233702,0.0436266,0.0017773,-0.0676357,0.0818433,0.5104129,0.9773732,-0.0249121,-0.0086477
27.238669640,1791082607.616159439,0,0,-0.0287563,0.0299610,0.0039868,-11.3159666,-10.5882559,-13.0566101,-9.0899973,0.5964113,0.2377427,-0.5955079,-0.3711573,0.2130944,0.0473689,0.7485667,0.0735060,0.1209011,0.0737771,0.0230022,0.0375165,-0.0233633,0.0436257,0.0017768,-0.0676709,0.0819966,0.5103663,0.9774595,-0.0252628,-0.0089387
27.257704758,1791082607.635194063,0,0,-0.0292972,0.0296777,0.0035941,-11.3080578,-10.6004171,-13.0571966,-9.0807800,0.5958126,0.2390146,-0.5963200,-0.3743326,0.2126968,0.0477728,0.7478155,0.0718949,0.1209147,0.0737647,0.0230315,0.0371928,-0.0233579,0.0436248,0.0017763,-0.0677057,0.0821561,0.5103195,0.9775448,-0.0255654,-0.0091757
27.281199468,1791082607.658689022,0,0,-0.0289745,0.0300645,0.0035081,-11.2998095,-10.6031322,-13.0870342,-9.0945292,0.5969522,0.2395463,-0.5954072,-0.3698530,0.2110462,0.0473962,0.7503842,0.0684768,0.1209233,0.0737508,0.0230470,0.0369676,-0.0233611,0.0436241,0.0017758,-0.0677316,0.0822384,0.5102772,0.9776168,-0.0254677,-0.0094446
27.300425025,1791082607.677914619,0,0,-0.0288728,0.0301119,0.0035006,-11.2878952,-10.5844021,-13.0672598,-9.0822840,0.5942916,0.2406794,-0.5994802,-0.3725649,0.2130181,0.0470466,0.7469572,0.0697444,0.1209320,0.0737371,0.0230607,0.0369143,-0.0233641,0.0436233,0.0017753,-0.0677579,0.0823189,0.5102347,0.9776888,-0.0254103,-0.0097446
27.322422783,1791082607.699912310,0,0,-0.0291560,0.0295648,0.0032366,-11.2833271,-10.5769234,-13.0614872,-9.0754795,0.5949718,0.2405060,-0.5962549,-0.3751025,0.2130711,0.0473200,0.7462021,0.0701224,0.1209453,0.0737216,0.0230840,0.0368579,-0.0233619,0.0436225,0.0017749,-0.0677854,0.0825205,0.5102250,0.9777868,-0.0251519,-0.0101932
27.341377386,1791082607.718866825,0,0,-0.0291776,0.0290490,0.0027645,-11.2820625,-10.5894909,-13.0628576,-9.0759468,0.5943497,0.2419351,-0.5947975,-0.3777311,0.2129400,0.0477443,0.7441404,0.0686554,0.1209525,0.0737089,0.0231105,0.0372101,-0.0233677,0.0436218,0.0017744,-0.0678098,0.0824206,0.5101786,0.9778132,-0.0248438,-0.0099994
27.360912298,1791082607.738401890,0,0,-0.0287196,0.0291944,0.0032460,-11.2935991,-10.5998716,-13.0749969,-9.0859261,0.5953394,0.2440969,-0.5919064,-0.3714658,0.2126530,0.0470603,0.7421929,0.0656959,0.1209600,0.0736967,0.0231328,0.0373905,-0.0233736,0.0436210,0.0017739,-0.0678333,0.0823328,0.5101315,0.9778399,-0.0245175,-0.0097132
27.379091384,1791082607.756580591,0,0,-0.0284031,0.0293904,0.0028708,-11.2891483,-10.5863562,-13.0741196,-9.0977039,0.5933129,0.2465806,-0.5862388,-0.3712339,0.2128572,0.0469768,0.7378154,0.0644842,0.1209553,0.0736903,0.0231252,0.0397652,-0.0233910,0.0436207,0.0017731,-0.0678507,0.0819510,0.5100333,0.9777493,-0.0246406,-0.0088750
27.400648677,1791082607.778138399,0,0,-0.0288859,0.0292203,0.0033657,-11.2867470,-10.5810518,-13.0829287,-9.0901861,0.5925330,0.2464393,-0.5865669,-0.3770706,0.2114989,0.0473808,0.7396601,0.0673547,0.1209504,0.0736843,0.0231145,0.0403395,-0.0234081,0.0436204,0.0017723,-0.0678698,0.0815676,0.5099363,0.9776571,-0.0248639,-0.0081337
27.421036230,1791082607.798525810,0,0,-0.0293366,0.0292863,0.0034754,-11.2898989,-10.5871229,-13.0691547,-9.0844288,0.5936054,0.2456638,-0.5890405,-0.3786546,0.2087708,0.0478619,0.7442453,0.0700559,0.1209619,0.0736714,0.0231091,0.0384485,-0.0234068,0.0436195,0.0017719,-0.0679006,0.0817485,0.5099143,0.9777431,-0.0248988,-0.0083550
27.441106875,1791082607.818596601,0,0,-0.0299211,0.0297664,0.0032755,-11.2884665,-10.6000109,-13.0848579,-9.0932913,0.5938643,0.2449126,-0.5888755,-0.3784513,0.2065055,0.0489142,0.7495369,0.0668408,0.1209719,0.0736577,0.0231226,0.0389549,-0.0234081,0.0436188,0.0017712,-0.0679274,0.0816842,0.5098536,0.9777818,-0.0248929,-0.0079885
27.461263987,1791082607.838753462,0,0,-0.0296779,0.0294853,0.0040372,-11.2821856,-10.5994043,-13.0969019,-9.0889626,0.5937073,0.2432491,-0.5933736,-0.3840605,0.2090414,0.0492885,0.7491378,0.0680885,0.1209827,0.0736446,0.0231298,0.0390854,-0.0234095,0.0436181,0.0017705,-0.0679546,0.0816295,0.5097928,0.9778209,-0.0249118,-0.0076513
27.480946361,1791082607.858436346,0,0,-0.0297680,0.0291889,0.0034212,-11.2958584,-10.6028299,-13.0925064,-9.1017427,0.5945861,0.2427824,-0.5943823,-0.3872573,0.2049342,0.0497098,0.7567928,0.0710736,0.1209937,0.0736299,0.0231249,0.0375715,-0.0234184,0.0436174,0.0017702,-0.0679744,0.0817255,0.5097409,0.9779104,-0.0248047,-0.0082623
27.500866504,1791082607.878356457,0,0,-0.0297225,0.0294116,0.0026024,-11.3021641,-10.5907097,-13.0709000,-9.0994349,0.5929270,0.2441984,-0.5977809,-0.3881412,0.2024704,0.0499710,0.7585144,0.0750757,0.1210043,0.0736147,0.0231323,0.0372044,-0.0234256,0.0436166,0.0017698,-0.0679941,0.0818096,0.5096899,0.9779983,-0.0247213,-0.0089321
27.520682516,1791082607.898171902,0,0,-0.0296164,0.0296622,0.0033642,-11.3048840,-10.5981646,-13.0726490,-9.0976372,0.5934592,0.2437684,-0.5964786,-0.3897541,0.2047827,0.0499457,0.7555368,0.0744098,0.1210072,0.0736030,0.0231507,0.0376574,-0.0234363,0.0436159,0.0017693,-0.0680132,0.0818681,0.5096428,0.9780644,-0.0247685,-0.0095465
27.540615875,1791082607.918105364,0,0,-0.0298898,0.0293159,0.0046580,-11.3095407,-10.6110516,-13.0681896,-9.0811434,0.5972869,0.2433213,-0.5983610,-0.3896589,0.2063913,0.0499427,0.7548280,0.0717963,0.1210118,0.0735920,0.0231620,0.0388184,-0.0234359,0.0436153,0.0017687,-0.0680310,0.0816624,0.5095682,0.9780484,-0.0247193,-0.0088276
27.560670232,1791082607.938160181,0,0,-0.0293687,0.0292863,0.0049334,-11.3150864,-10.6195078,-13.0899372,-9.0886593,0.5978703,0.2427216,-0.5972434,-0.3836598,0.2082419,0.0496045,0.7534139,0.0684602,0.1210166,0.0735814,0.0231677,0.0392165,-0.0234366,0.0436146,0.0017681,-0.0680485,0.0814693,0.5094912,0.9780310,-0.0246608,-0.0080820
27.581256864,1791082607.958746910,0,0,-0.0295909,0.0299249,0.0038072,-11.3070602,-10.5983973,-13.0673666,-9.0682087,0.5966855,0.2459162,-0.5987523,-0.3778189,0.2056098,0.0494735,0.7518124,0.0709170,0.1210253,0.0735694,0.0231698,0.0384760,-0.0234368,0.0436139,0.0017675,-0.0680768,0.0815273,0.5094470,0.9780982,-0.0247106,-0.0082295
27.600868292,1791082607.978357792,0,0,-0.0298966,0.0305805,0.0031660,-11.2937098,-10.5878191,-13.0647163,-9.0596437,0.5941850,0.2459845,-0.6030038,-0.3785069,0.2034829,0.0493632,0.7539475,0.0747892,0.1210339,0.0735569,0.0231756,0.0381942,-0.0234371,0.0436132,0.0017669,-0.0681057,0.0815691,0.5094035,0.9781633,-0.0247395,-0.0084410
27.620804404,1791082607.998294115,0,0,-0.0300220,0.0299035,0.0042780,-11.2996807,-10.5897999,-13.0665684,-9.0692034,0.5935469,0.2441541,-0.6013910,-0.3827135,0.2048489,0.0493985,0.7546510,0.0742123,0.1210496,0.0735399,0.0232221,0.0349865,-0.0234300,0.0436123,0.0017666,-0.0681328,0.0819531,0.5093901,0.9782913,-0.0246991,-0.0097413
27.640979918,1791082608.018469334,0,0,-0.0292272,0.0300177,0.0033561,-11.3149290,-10.5944920,-13.0460749,-9.0594873,0.5929650,0.2450157,-0.6015833,-0.3751919,0.2055490,0.0485979,0.7517437,0.0723064,0.1210559,0.0735272,0.0232511,0.0361476,-0.0234315,0.0436116,0.0017661,-0.0681634,0.0820034,0.5093668,0.9783545,-0.0245388,-0.0100655
27.662039337,1791082608.039528847,0,0,-0.0287577,0.0301579,0.0036509,-11.3170223,-10.5863104,-13.0506935,-9.0677404,0.5916104,0.2462802,-0.5995926,-0.3722381,0.2074649,0.0478028,0.7461787,0.0721386,0.1210628,0.0735150,0.0232699,0.0364539,-0.0234338,0.0436109,0.0017655,-0.0681946,0.0820567,0.5093428,0.9784181,-0.0243676,-0.0103896
27.682061822,1791082608.059551477,0,0,-0.0289434,0.0296156,0.0041276,-11.3158846,-10.5840120,-13.0542221,-9.0700197,0.5944058,0.2457550,-0.6004891,-0.3732379,0.2073605,0.0474943,0.7473574,0.0729205,0.1210762,0.0735025,0.0232843,0.0377777,-0.0234304,0.0436102,0.0017650,-0.0682139,0.0822609,0.5092859,0.9785147,-0.0247602,-0.0109403
27.702643239,1791082608.080132961,0,0,-0.0294955,0.0300331,0.0038087,-11.3117752,-10.5950727,-13.0769329,-9.0845833,0.5922215,0.2436930,-0.6009675,-0.3713147,0.2050167,0.0474084,0.7538330,0.0717534,0.1210885,0.0734893,0.0233029,0.0380269,-0.0234260,0.0436094,0.0017646,-0.0682317,0.0824306,0.5092308,0.9786082,-0.0251465,-0.0113763
27.720724274,1791082608.098213911,0,0,-0.0287811,0.0305095,0.0033622,-11.3190155,-10.5995026,-13.0753365,-9.1019373,0.5907203,0.2456271,-0.5950761,-0.3698794,0.2049262,0.0473930,0.7523291,0.0663413,0.1210944,0.0734797,0.0233075,0.0397250,-0.0234243,0.0436088,0.0017639,-0.0682521,0.0823471,0.5091710,0.9786431,-0.0254428,-0.0109019
27.740697669,1791082608.118187428,0,0,-0.0286688,0.0302560,0.0040417,-11.3191748,-10.6000729,-13.0715742,-9.0900164,0.5908101,0.2465314,-0.5957685,-0.3724303,0.2047435,0.0476099,0.7525908,0.0656524,0.1210991,0.0734684,0.0233106,0.0386968,-0.0234326,0.0436081,0.0017633,-0.0682789,0.0822764,0.5091311,0.9786906,-0.0252922,-0.0108257
27.762667843,1791082608.140157223,0,0,-0.0286312,0.0297362,0.0039096,-11.3193874,-10.6091185,-13.0816526,-9.0989809,0.5914649,0.2465347,-0.5953437,-0.3720376,0.2075914,0.0478615,0.7487870,0.0639442,0.1211040,0.0734574,0.0233131,0.0384976,-0.0234417,0.0436073,0.0017627,-0.0683063,0.0822189,0.5090910,0.9787380,-0.0251640,-0.0107621
27.781095451,1791082608.158585310,0,0,-0.0292064,0.0294522,0.0036200,-11.3189869,-10.6104069,-13.0838070,-9.0955992,0.5907593,0.2467466,-0.5938860,-0.3718283,0.2060005,0.0477196,0.7485198,0.0657649,0.1211165,0.0734448,0.0233189,0.0383385,-0.0234370,0.0436065,0.0017622,-0.0683298,0.0823191,0.5090350,0.9788128,-0.0254977,-0.0108174
27.802796175,1791082608.180285692,0,0,-0.0284547,0.0302291,0.0032910,-11.3363380,-10.6114149,-13.0729828,-9.1169319,0.5914618,0.2472502,-0.5892813,-0.3650008,0.2074722,0.0473492,0.7456290,0.0633275,0.1211288,0.0734317,0.0233312,0.0384212,-0.0234310,0.0436056,0.0017618,-0.0683516,0.0824182,0.5089799,0.9788867,-0.0257502,-0.0107636
27.822728768,1791082608.200218201,0,0,-0.0289761,0.0303649,0.0040893,-11.3120804,-10.6045284,-13.0802402,-9.0992804,0.5915511,0.2462444,-0.5906726,-0.3681276,0.2105629,0.0476615,0.7426756,0.0616512,0.1211317,0.0734213,0.0233502,0.0376428,-0.0234413,0.0436050,0.0017612,-0.0683686,0.0822070,0.5089087,0.9788872,-0.0257970,-0.0105456
27.840608771,1791082608.218098164,0,0,-0.0294623,0.0302455,0.0050960,-11.3041992,-10.5863180,-13.0919952,-9.0788422,0.5927993,0.2478381,-0.5930268,-0.3644715,0.2070802,0.0477264,0.7451880,0.0640015,0.1211355,0.0734100,0.0233354,0.0387500,-0.0234481,0.0436043,0.0017608,-0.0683833,0.0820986,0.5088580,0.9788971,-0.0256305,-0.0100599
27.859136991,1791082608.236626387,0,0,-0.0289236,0.0301654,0.0040018,-11.3213654,-10.5860863,-13.0822878,-9.0915747,0.5907864,0.2498718,-0.5927944,-0.3682077,0.2046441,0.0482346,0.7454909,0.0689536,0.1211384,0.0733985,0.0233226,0.0390541,-0.0234548,0.0436036,0.0017603,-0.0683990,0.0819889,0.5088073,0.9789069,-0.0254903,-0.0096954
27.881306533,1791082608.258795977,0,0,-0.0289567,0.0297725,0.0037686,-11.3329868,-10.5823355,-13.0658360,-9.0728064,0.5905951,0.2495467,-0.5919073,-0.3682925,0.2053044,0.0487028,0.7438653,0.0713685,0.1211534,0.0733820,0.0233332,0.0377943,-0.0234381,0.0436026,0.0017601,-0.0684184,0.0822755,0.5087774,0.9789878,-0.0249161,-0.0095939
27.900667552,1791082608.278157234,0,0,-0.0294816,0.0289145,0.0039542,-11.3478384,-10.5994282,-13.0593634,-9.0735521,0.5907964,0.2467767,-0.5951468,-0.3732867,0.2065117,0.0491426,0.7467107,0.0724634,0.1211680,0.0733652,0.0233501,0.0375326,-0.0234212,0.0436015,0.0017600,-0.0684371,0.0825579,0.5087473,0.9790695,-0.0242971,-0.0094940
27.920867355,1791082608.298356771,0,0,-0.0293864,0.0288642,0.0039596,-11.3432713,-10.6025543,-13.0534124,-9.0709333,0.5926321,0.2469667,-0.5949789,-0.3714387,0.2078137,0.0490325,0.7446204,0.0692561,0.1211701,0.0733522,0.0233652,0.0371860,-0.0234262,0.0436008,0.0017596,-0.0684483,0.0824374,0.5087021,0.9791045,-0.0242215,-0.0096590
27.940686600,1791082608.318176031,0,0,-0.0288559,0.0295513,0.0041872,-11.3438663,-10.5959816,-13.0652161,-9.0801268,0.5927654,0.2466410,-0.5979747,-0.3729774,0.2054781,0.0496231,0.7487868,0.0732998,0.1211761,0.0733382,0.0233702,0.0371525,-0.0234267,0.0435998,0.0017594,-0.0684644,0.0825535,0.5086604,0.9791835,-0.0242298,-0.0100954
27.960919268,1791082608.338408709,0,0,-0.0290694,0.0295417,0.0035777,-11.3425274,-10.6019907,-13.0668383,-9.0782986,0.5943127,0.2475680,-0.5990623,-0.3744908,0.2061181,0.0496539,0.7477348,0.0718454,0.1211818,0.0733239,0.0233782,0.0371451,-0.0234268,0.0435989,0.0017592,-0.0684798,0.0826656,0.5086194,0.9792610,-0.0242449,-0.0104513
27.982952005,1791082608.360440969,0,0,-0.0290399,0.0294624,0.0035784,-11.3523846,-10.6046448,-13.0679569,-9.0726233,0.5959526,0.2483135,-0.6009082,-0.3734750,0.2043360,0.0497353,0.7502769,0.0703494,0.1211925,0.0733097,0.0234033,0.0380350,-0.0234143,0.0435980,0.0017586,-0.0685053,0.0826907,0.5085819,0.9793179,-0.0243165,-0.0101131
28.000756133,1791082608.378245354,0,0,-0.0292120,0.0295917,0.0035666,-11.3592358,-10.6058130,-13.0793419,-9.0804491,0.5945670,0.2484814,-0.6006473,-0.3731062,0.2047070,0.0495634,0.7505200,0.0689558,0.1212054,0.0732944,0.0234190,0.0378276,-0.0234026,0.0435970,0.0017583,-0.0685252,0.0827657,0.5085376,0.9793780,-0.0242109,-0.0097347
28.020524688,1791082608.398014069,0,0,-0.0288555,0.0297606,0.0040804,-11.3541107,-10.6039295,-13.0690260,-9.0797300,0.5967764,0.2500576,-0.6015155,-0.3731025,0.2044021,0.0497219,0.7483174,0.0681764,0.1212182,0.0732790,0.0234348,0.0377898,-0.0233904,0.0435960,0.0017579,-0.0685452,0.0828373,0.5084925,0.9794382,-0.0240808,-0.0094584
28.040510115,1791082608.417999268,0,0,-0.0286250,0.0295381,0.0035481,-11.3546028,-10.6212177,-13.0849514,-9.0978136,0.5982183,0.2496968,-0.5997694,-0.3741049,0.2046484,0.0494338,0.7489765,0.0666698,0.1212293,0.0732668,0.0234370,0.0388255,-0.0233853,0.0435952,0.0017572,-0.0685732,0.0829989,0.5084432,0.9795358,-0.0242858,-0.0098499
28.060691421,1791082608.438180923,0,0,-0.0295307,0.0289417,0.0037856,-11.3336449,-10.6176138,-13.0621433,-9.0804148,0.5986390,0.2496198,-0.6022552,-0.3849814,0.2039248,0.0497716,0.7500652,0.0676756,0.1212404,0.0732546,0.0234391,0.0389561,-0.0233794,0.0435944,0.0017566,-0.0686017,0.0831241,0.5083963,0.9796278,-0.0245575,-0.0102395
28.079615656,1791082608.457105160,0,0,-0.0291253,0.0293950,0.0036419,-11.3373413,-10.6222305,-13.0683498,-9.0896788,0.5970518,0.2513148,-0.5966958,-0.3772428,0.2040566,0.0491097,0.7463650,0.0632050,0.1212407,0.0732443,0.0234398,0.0391355,-0.0233760,0.0435937,0.0017562,-0.0686162,0.0828983,0.5083364,0.9796147,-0.0247903,-0.0096162
28.101219832,1791082608.478708982,0,0,-0.0288832,0.0301664,0.0035608,-11.3471861,-10.6426373,-13.0857124,-9.0950232,0.5973765,0.2514659,-0.5949416,-0.3712523,0.2045844,0.0497406,0.7447371,0.0611862,0.1212410,0.0732344,0.0234353,0.0392986,-0.0233740,0.0435930,0.0017557,-0.0686303,0.0826966,0.5082747,0.9795992,-0.0250056,-0.0089406
28.120721689,1791082608.498211384,0,0,-0.0295677,0.0299245,0.0049878,-11.3320599,-10.6323719,-13.0693493,-9.0697536,0.5999061,0.2525815,-0.5970058,-0.3725312,0.2043444,0.0499207,0.7439076,0.0608845,0.1212418,0.0732235,0.0234434,0.0377765,-0.0233847,0.0435924,0.0017550,-0.0686517,0.0825795,0.5082203,0.9796399,-0.0253503,-0.0093892
28.140764110,1791082608.518253326,0,0,-0.0296908,0.0294661,0.0050981,-11.3308754,-10.6359529,-13.0765495,-9.0744352,0.6001294,0.2509585,-0.5946190,-0.3739118,0.2063104,0.0502526,0.7430499,0.0622346,0.1212489,0.0732109,0.0234428,0.0374588,-0.0233867,0.0435916,0.0017545,-0.0686736,0.0825847,0.5081769,0.9797053,-0.0251983,-0.0096805
28.161557024,1791082608.539046288,0,0,-0.0297425,0.0286879,0.0039044,-11.3367701,-10.6434383,-13.0586643,-9.0691795,0.6021720,0.2514994,-0.5947269,-0.3743285,0.2074162,0.0511710,0.7412782,0.0618549,0.1212555,0.0731980,0.0234451,0.0374071,-0.0233889,0.0435909,0.0017541,-0.0686949,0.0825888,0.5081334,0.9797702,-0.0250340,-0.0099467
28.183236883,1791082608.560726881,0,0,-0.0303278,0.0292680,0.0029266,-11.3227110,-10.6288137,-13.0647984,-9.0483484,0.5996346,0.2535049,-0.5945976,-0.3712786,0.2039238,0.0514538,0.7434387,0.0628143,0.1212567,0.0731869,0.0234578,0.0379815,-0.0233900,0.0435903,0.0017535,-0.0687175,0.0824885,0.5080910,0.9797739,-0.0247813,-0.0094654
28.200842316,1791082608.578332186,0,0,-0.0300831,0.0298081,0.0040011,-11.3188591,-10.6290674,-13.0811138,-9.0624485,0.5986042,0.2537674,-0.5969266,-0.3707995,0.2031282,0.0517363,0.7457596,0.0623110,0.1212602,0.0731747,0.0234573,0.0363144,-0.0233997,0.0435894,0.0017532,-0.0687446,0.0825218,0.5080587,0.9798249,-0.0245314,-0.0096598
28.221793220,1791082608.599282503,0,0,-0.0291613,0.0293619,0.0038459,-11.3306141,-10.6202030,-13.0561466,-9.0648985,0.6004002,0.2549161,-0.5967332,-0.3725988,0.2051751,0.0513233,0.7412524,0.0614299,0.1212636,0.0731623,0.0234635,0.0360346,-0.0234085,0.0435885,0.0017529,-0.0687712,0.0825689,0.5080269,0.9798762,-0.0242851,-0.0098184
28.240786513,1791082608.618275881,0,0,-0.0299786,0.0288702,0.0041949,-11.3255291,-10.6114511,-13.0601807,-9.0346813,0.5975355,0.2556467,-0.6003873,-0.3726509,0.2029202,0.0516117,0.7437860,0.0651205,0.1212673,0.0731496,0.0234501,0.0383219,-0.0234140,0.0435879,0.0017524,-0.0687892,0.0824272,0.5079625,0.9798976,-0.0239119,-0.0094603
28.260848871,1791082608.638338327,0,0,-0.0293186,0.0286112,0.0033276,-11.3493395,-10.6229773,-13.0637112,-9.0630827,0.5946984,0.2555857,-0.5996303,-0.3756730,0.2020070,0.0518576,0.7465326,0.0629341,0.1212696,0.0731368,0.0234362,0.0389278,-0.0234195,0.0435873,0.0017518,-0.0688064,0.0822807,0.5078997,0.9799183,-0.0236066,-0.0090247
28.282749794,1791082608.660239220,0,0,-0.0288838,0.0287307,0.0048996,-11.3519783,-10.6098843,-13.0725174,-9.0629110,0.5937950,0.2549581,-0.6000997,-0.3758454,0.2013146,0.0518001,0.7490628,0.0629631,0.1212616,0.0731310,0.0234311,0.0397664,-0.0234372,0.0435869,0.0017511,-0.0688196,0.0818976,0.5078106,0.9798233,-0.0238841,-0.0084985
28.304768226,1791082608.682257175,0,0,-0.0293377,0.0294612,0.0045063,-11.3490992,-10.6109676,-13.0698147,-9.0549536,0.5943639,0.2559063,-0.6057481,-0.3724431,0.1991149,0.0520041,0.7522927,0.0632951,0.1212665,0.0731218,0.0234252,0.0404813,-0.0234368,0.0435862,0.0017505,-0.0688421,0.0818133,0.5077425,0.9798432,-0.0239389,-0.0079879
28.322862158,1791082608.700351477,0,0,-0.0289610,0.0298638,0.0048544,-11.3610029,-10.6306753,-13.0754061,-9.0678682,0.5951871,0.2529254,-0.6077866,-0.3735535,0.1985534,0.0523934,0.7569947,0.0630880,0.1212710,0.0731124,0.0234219,0.0406709,-0.0234361,0.0435855,0.0017498,-0.0688642,0.0817144,0.5076748,0.9798632,-0.0239107,-0.0074729
28.342972069,1791082608.720461130,0,0,-0.0288936,0.0298472,0.0051927,-11.3655767,-10.6399908,-13.0704098,-9.0719137,0.5969549,0.2499518,-0.6094851,-0.3734753,0.1999794,0.0521809,0.7594104,0.0614025,0.1212710,0.0731069,0.0234391,0.0393094,-0.0234447,0.0435850,0.0017489,-0.0688834,0.0815293,0.5075935,0.9798906,-0.0247592,-0.0077149
28.364675321,1791082608.742164850,0,0,-0.0296308,0.0294779,0.0045478,-11.3573141,-10.6279345,-13.0616817,-9.0607386,0.5966035,0.2481277,-0.6130759,-0.3810316,0.2020833,0.0518998,0.7589123,0.0647802,0.1212713,0.0731012,0.0234588,0.0388860,-0.0234532,0.0435844,0.0017481,-0.0689034,0.0813393,0.5075150,0.9799173,-0.0256430,-0.0080084
28.384389570,1791082608.761879444,0,0,-0.0298131,0.0288945,0.0045369,-11.3613529,-10.6174126,-13.0469580,-9.0509949,0.5979936,0.2480817,-0.6150311,-0.3865888,0.2004532,0.0519920,0.7604285,0.0687867,0.1212798,0.0730892,0.0234793,0.0375928,-0.0234496,0.0435836,0.0017476,-0.0689311,0.0814656,0.5075059,0.9799950,-0.0257052,-0.0085353
28.402741367,1791082608.780230999,0,0,-0.0305180,0.0294213,0.0043177,-11.3687134,-10.6334248,-13.0647202,-9.0491791,0.5984108,0.2459038,-0.6179162,-0.3821949,0.1973505,0.0523173,0.7680498,0.0696640,0.1212894,0.0730769,0.0234912,0.0382317,-0.0234359,0.0435826,0.0017471,-0.0689647,0.0815744,0.5074938,0.9800576,-0.0257097,-0.0083322
28.425545429,1791082608.803035021,0,0,-0.0298835,0.0297089,0.0047752,-11.3710098,-10.6455498,-13.0688467,-9.0719433,0.6004841,0.2461694,-0.6149598,-0.3819375,0.2014877,0.0520968,0.7624243,0.0647782,0.1212994,0.0730648,0.0234970,0.0386181,-0.0234222,0.0435816,0.0017465,-0.0689965,0.0816984,0.5074823,0.9801208,-0.0256401,-0.0079928
28.442566104,1791082608.820055723,0,0,-0.0301053,0.0293660,0.0043996,-11.3646698,-10.6365662,-13.0713615,-9.0579481,0.5997239,0.2478531,-0.6121938,-0.3822562,0.2000731,0.0520566,0.7617761,0.0664132,0.1212978,0.0730579,0.0235001,0.0389573,-0.0234242,0.0435810,0.0017458,-0.0690229,0.0815134,0.5074212,0.9801238,-0.0258771,-0.0075458
28.464554007,1791082608.842043638,0,0,-0.0299843,0.0294911,0.0045754,-11.3648968,-10.6350603,-13.0892506,-9.0713549,0.5984876,0.2489698,-0.6098690,-0.3833095,0.1981096,0.0522672,0.7624956,0.0687327,0.1212967,0.0730514,0.0235005,0.0390716,-0.0234267,0.0435803,0.0017451,-0.0690501,0.0813363,0.5073595,0.9801272,-0.0261350,-0.0071613
28.482911276,1791082608.860400677,0,0,-0.0304766,0.0294007,0.0043126,-11.3562403,-10.6216822,-13.0737762,-9.0567541,0.5984930,0.2490097,-0.6127315,-0.3884122,0.1962101,0.0528511,0.7641727,0.0743306,0.1213096,0.0730404,0.0235069,0.0382882,-0.0234097,0.0435795,0.0017445,-0.0690798,0.0816051,0.5073311,0.9802268,-0.0266171,-0.0078601
28.503354448,1791082608.880843401,0,0,-0.0307242,0.0293565,0.0037202,-11.3510532,-10.6383390,-13.0724697,-9.0649614,0.5977238,0.2500385,-0.6070901,-0.3873969,0.1954425,0.0525363,0.7626790,0.0707107,0.1213217,0.0730285,0.0235250,0.0381270,-0.0233916,0.0435787,0.0017440,-0.0691071,0.0818469,0.5073041,0.9803215,-0.0270408,-0.0084095
28.523478569,1791082608.900967836,0,0,-0.0305479,0.0292348,0.0053781,-11.3478279,-10.6590633,-13.0974789,-9.0924711,0.5988635,0.2503076,-0.6025349,-0.3881472,0.1957169,0.0524318,0.7636706,0.0655354,0.1213262,0.0730182,0.0235305,0.0377899,-0.0233818,0.0435777,0.0017436,-0.0691372,0.0819395,0.5072706,0.9803787,-0.0272322,-0.0083654
28.544675273,1791082608.922164917,0,0,-0.0299617,0.0292393,0.0047919,-11.3421211,-10.6542110,-13.0923128,-9.0986357,0.5991632,0.2512605,-0.6023600,-0.3892183,0.1951777,0.0520416,0.7636829,0.0650763,0.1213350,0.0730041,0.0235418,0.0363971,-0.0233704,0.0435767,0.0017433,-0.0691619,0.0821165,0.5072428,0.9804604,-0.0270322,-0.0087633
28.563077281,1791082608.940566778,0,0,-0.0301634,0.0299298,0.0040437,-11.3376770,-10.6492786,-13.1100960,-9.1028271,0.5971887,0.2544571,-0.6004620,-0.3865229,0.1931270,0.0516961,0.7608793,0.0687402,0.1213440,0.0729895,0.0235573,0.0360038,-0.0233589,0.0435757,0.0017430,-0.0691871,0.0822927,0.5072144,0.9805421,-0.0268398,-0.0092458
28.584464393,1791082608.961954355,0,0,-0.0302563,0.0293902,0.0048920,-11.3427916,-10.6538906,-13.0813913,-9.0929489,0.6003689,0.2543976,-0.5980469,-0.3891948,0.1937950,0.0518636,0.7586884,0.0692106,0.1213563,0.0729755,0.0235754,0.0365506,-0.0233433,0.0435749,0.0017426,-0.0692055,0.0826528,0.5071800,0.9806498,-0.0269700,-0.0102832
28.604604577,1791082608.982094049,0,0,-0.0304072,0.0296850,0.0039450,-11.3384218,-10.6700726,-13.1020498,-9.1117535,0.5984766,0.2558828,-0.5921621,-0.3830357,0.1937190,0.0507533,0.7565371,0.0630246,0.1213576,0.0729653,0.0235842,0.0391550,-0.0233394,0.0435742,0.0017419,-0.0692192,0.0824527,0.5071123,0.9806480,-0.0268278,-0.0095974
28.622566312,1791082609.000056028,0,0,-0.0306132,0.0300809,0.0046978,-11.3219938,-10.6568089,-13.1026716,-9.0980120,0.5984876,0.2569666,-0.5897313,-0.3805273,0.1957613,0.0510527,0.7511824,0.0608666,0.1213593,0.0729560,0.0235807,0.0398605,-0.0233371,0.0435735,0.0017413,-0.0692341,0.0822576,0.5070424,0.9806437,-0.0267185,-0.0089497
28.644606090,1791082609.022095919,0,0,-0.0302381,0.0298341,0.0047771,-11.3312969,-10.6541224,-13.0963144,-9.1046410,0.5977007,0.2593366,-0.5844804,-0.3793419,0.1960199,0.0504865,0.7469059,0.0609437,0.1213621,0.0729465,0.0235772,0.0385879,-0.0233314,0.0435727,0.0017407,-0.0692553,0.0822846,0.5069887,0.9806969,-0.0268097,-0.0090370
28.662829851,1791082609.040319681,0,0,-0.0302954,0.0305308,0.0047630,-11.3251915,-10.6609497,-13.1147738,-9.1056290,0.5979255,0.2595907,-0.5823371,-0.3703026,0.1931596,0.0503159,0.7490079,0.0598159,0.1213650,0.0729365,0.0235816,0.0382472,-0.0233250,0.0435719,0.0017402,-0.0692758,0.0823025,0.5069355,0.9807492,-0.0268457,-0.0090830
28.683581293,1791082609.061071396,0,0,-0.0304082,0.0309531,0.0044401,-11.3288918,-10.6551161,-13.1040678,-9.1110201,0.5973412,0.2591177,-0.5811737,-0.3706701,0.1925852,0.0499341,0.7506778,0.0607939,0.1213696,0.0729267,0.0235851,0.0383819,-0.0233177,0.0435711,0.0017397,-0.0692938,0.0822862,0.5068726,0.9808002,-0.0271982,-0.0089327
28.704348063,1791082609.081837416,0,0,-0.0303275,0.0302619,0.0053446,-11.3304358,-10.6562204,-13.0989428,-9.1101742,0.5952454,0.2590750,-0.5818568,-0.3738042,0.1937052,0.0499304,0.7500916,0.0609137,0.1213765,0.0729129,0.0235885,0.0380943,-0.0232968,0.0435700,0.0017393,-0.0693153,0.0824011,0.5068375,0.9808569,-0.0268737,-0.0084858
28.724309650,1791082609.101799488,0,0,-0.0296256,0.0297119,0.0048150,-11.3380232,-10.6600637,-13.1112967,-9.1339674,0.5949213,0.2588181,-0.5799384,-0.3758249,0.1916347,0.0497639,0.7539922,0.0603110,0.1213833,0.0728989,0.0235908,0.0380050,-0.0232769,0.0435689,0.0017390,-0.0693365,0.0825311,0.5068005,0.9809151,-0.0265178,-0.0081117
28.744840795,1791082609.122330666,0,0,-0.0300063,0.0300022,0.0046700,-11.3375797,-10.6419277,-13.0929403,-9.1049089,0.5956171,0.2590055,-0.5852000,-0.3759584,0.1923559,0.0497578,0.7517140,0.0656231,0.1213973,0.0728866,0.0235966,0.0384545,-0.0232543,0.0435679,0.0017385,-0.0693684,0.0827048,0.5067588,0.9809920,-0.0266908,-0.0080545
28.763990928,1791082609.141480684,0,0,-0.0302169,0.0296431,0.0048488,-11.3471737,-10.6582823,-13.0892410,-9.1165857,0.5973801,0.2574020,-0.5848135,-0.3768816,0.1934208,0.0495772,0.7522749,0.0656450,0.1214110,0.0728741,0.0236029,0.0385834,-0.0232310,0.0435668,0.0017380,-0.0693996,0.0828605,0.5067188,0.9810660,-0.0268650,-0.0079458
28.785599873,1791082609.163089037,0,0,-0.0306283,0.0288796,0.0039144,-11.3427935,-10.6618013,-13.0835781,-9.1082859,0.5964219,0.2570214,-0.5834005,-0.3832242,0.1923158,0.0500058,0.7547712,0.0645725,0.1214151,0.0728633,0.0235998,0.0382007,-0.0232168,0.0435658,0.0017378,-0.0694214,0.0828962,0.5066874,0.9811100,-0.0265832,-0.0075787
28.804803768,1791082609.182293177,0,0,-0.0304696,0.0288791,0.0044304,-11.3362341,-10.6597013,-13.0789948,-9.1065178,0.5971494,0.2584558,-0.5806946,-0.3836705,0.1931739,0.0496397,0.7511796,0.0624791,0.1214254,0.0728509,0.0236046,0.0380241,-0.0231987,0.0435649,0.0017373,-0.0694387,0.0830868,0.5066372,0.9811998,-0.0266298,-0.0080053
28.823787431,1791082609.201277018,0,0,-0.0306104,0.0292652,0.0059957,-11.3398895,-10.6601686,-13.0927591,-9.1137686,0.6005598,0.2582922,-0.5804144,-0.3808032,0.1953867,0.0496562,0.7485067,0.0631648,0.1214359,0.0728384,0.0236190,0.0379814,-0.0231777,0.0435640,0.0017369,-0.0694563,0.0832470,0.5065886,0.9812869,-0.0267081,-0.0084813
28.844672189,1791082609.222162008,0,0,-0.0312975,0.0296889,0.0046996,-11.3270855,-10.6612206,-13.0975075,-9.0999765,0.5982783,0.2603024,-0.5773395,-0.3795496,0.1941772,0.0500070,0.7458098,0.0643059,0.1214462,0.0728253,0.0236489,0.0373767,-0.0231544,0.0435630,0.0017365,-0.0694785,0.0834706,0.5065469,0.9813794,-0.0269977,-0.0092436
28.866591290,1791082609.244081259,0,0,-0.0312259,0.0296784,0.0040598,-11.3206968,-10.6534338,-13.0922213,-9.0930672,0.5975313,0.2627615,-0.5744968,-0.3786013,0.1937235,0.0494819,0.7422448,0.0621851,0.1214565,0.0728121,0.0236771,0.0372265,-0.0231319,0.0435620,0.0017360,-0.0695004,0.0836907,0.5065058,0.9814700,-0.0272784,-0.0099367
28.885489701,1791082609.262979269,0,0,-0.0315016,0.0294820,0.0057835,-11.3143158,-10.6598501,-13.1217031,-9.1042204,0.5957953,0.2652908,-0.5729922,-0.3760205,0.1920008,0.0492577,0.7420039,0.0582499,0.1214640,0.0727988,0.0236825,0.0376891,-0.0231166,0.0435610,0.0017357,-0.0695192,0.0837164,0.5064785,0.9815148,-0.0270409,-0.0096299
28.903615187,1791082609.281104565,0,0,-0.0299491,0.0295657,0.0049783,-11.3293934,-10.6510143,-13.1339645,-9.1313200,0.5920220,0.2678561,-0.5697626,-0.3744378,0.1923010,0.0487007,0.7374723,0.0582089,0.1214719,0.0727852,0.0236764,0.0374943,-0.0230965,0.0435599,0.0017355,-0.0695430,0.0839049,0.5064527,0.9815946,-0.0268956,-0.0095745
28.924764052,1791082609.302253485,0,0,-0.0299734,0.0297528,0.0044050,-11.3258486,-10.6448097,-13.1214952,-9.1262770,0.5915645,0.2710004,-0.5672871,-0.3719743,0.1897121,0.0485882,0.7363924,0.0570436,0.1214795,0.0727711,0.0236748,0.0374434,-0.0230760,0.0435588,0.0017352,-0.0695664,0.0840836,0.5064268,0.9816734,-0.0267394,-0.0095304
28.945495524,1791082609.322984934,0,0,-0.0303603,0.0301794,0.0052900,-11.3335152,-10.6439142,-13.1295605,-9.1275845,0.5905153,0.2706159,-0.5665086,-0.3653186,0.1895800,0.0480138,0.7368731,0.0574370,0.1214891,0.0727588,0.0236822,0.0374830,-0.0230520,0.0435578,0.0017347,-0.0695893,0.0842805,0.5063912,0.9817544,-0.0271648,-0.0097596
28.966739624,1791082609.344229937,0,0,-0.0301172,0.0297632,0.0055798,-11.3426256,-10.6465302,-13.1011353,-9.1290359,0.5925198,0.2702116,-0.5637755,-0.3653849,0.1934943,0.0482536,0.7322909,0.0549246,0.1214987,0.0727465,0.0236921,0.0375772,-0.0230272,0.0435568,0.0017343,-0.0696114,0.0844638,0.5063566,0.9818335,-0.0275773,-0.0099228
28.986589143,1791082609.364078760,0,0,-0.0303016,0.0291058,0.0052579,-11.3484192,-10.6558170,-13.0923243,-9.1176004,0.5918984,0.2702461,-0.5638887,-0.3656612,0.1938016,0.0482246,0.7320412,0.0544860,0.1215009,0.0727349,0.0237047,0.0374310,-0.0230126,0.0435557,0.0017340,-0.0696316,0.0844018,0.5063242,0.9818721,-0.0274548,-0.0095550
29.006919385,1791082609.384408474,0,0,-0.0296560,0.0292239,0.0042987,-11.3682880,-10.6589098,-13.0926752,-9.1268721,0.5895962,0.2719855,-0.5651863,-0.3633232,0.1918405,0.0485073,0.7340606,0.0552582,0.1215110,0.0727185,0.0237080,0.0366070,-0.0229915,0.0435546,0.0017338,-0.0696520,0.0845935,0.5063060,0.9819500,-0.0269379,-0.0095513
29.026768680,1791082609.404258728,0,0,-0.0296740,0.0295070,0.0044883,-11.3631115,-10.6586428,-13.1005392,-9.1291475,0.5897462,0.2699399,-0.5656000,-0.3666890,0.1936454,0.0485674,0.7337731,0.0567669,0.1215212,0.0727022,0.0237169,0.0364374,-0.0229698,0.0435534,0.0017336,-0.0696725,0.0847829,0.5062876,0.9820282,-0.0264276,-0.0095899
29.046699994,1791082609.424190044,0,0,-0.0296799,0.0300016,0.0049162,-11.3573799,-10.6708908,-13.1281738,-9.1389799,0.5898145,0.2692793,-0.5667327,-0.3657083,0.1934707,0.0488483,0.7349057,0.0541550,0.1215236,0.0726894,0.0237212,0.0375197,-0.0229628,0.0435524,0.0017333,-0.0696817,0.0847452,0.5062544,0.9820727,-0.0260100,-0.0094509
29.066796019,1791082609.444285631,0,0,-0.0301260,0.0301752,0.0044746,-11.3548269,-10.6727896,-13.1174269,-9.1256351,0.5900975,0.2716880,-0.5655462,-0.3615010,0.1924820,0.0487109,0.7322259,0.0535695,0.1215251,0.0726767,0.0237243,0.0377654,-0.0229557,0.0435514,0.0017330,-0.0696911,0.0846919,0.5062214,0.9821162,-0.0256205,-0.0092852
29.087415295,1791082609.464905024,0,0,-0.0298756,0.0296478,0.0049567,-11.3522511,-10.6525183,-13.1182060,-9.1254978,0.5903607,0.2725030,-0.5684776,-0.3639785,0.1916118,0.0486172,0.7331657,0.0532733,0.1215292,0.0726657,0.0237362,0.0381180,-0.0229389,0.0435505,0.0017325,-0.0697099,0.0846492,0.5061805,0.9821757,-0.0256382,-0.0091124
29.108609089,1791082609.486098528,0,0,-0.0292041,0.0295719,0.0054338,-11.3627911,-10.6490288,-13.1215830,-9.1478519,0.5918904,0.2716151,-0.5652765,-0.3627783,0.1922772,0.0488134,0.7328901,0.0550286,0.1215371,0.0726517,0.0237633,0.0368283,-0.0229214,0.0435494,0.0017320,-0.0697365,0.0847289,0.5061401,0.9822502,-0.0256831,-0.0094595
29.129439093,1791082609.506928682,0,0,-0.0294412,0.0290822,0.0052507,-11.3687811,-10.6545086,-13.1081867,-9.1371603,0.5943679,0.2708192,-0.5667039,-0.3638712,0.1927360,0.0490015,0.7330036,0.0552800,0.1215458,0.0726379,0.0237893,0.0365289,-0.0229043,0.0435483,0.0017315,-0.0697631,0.0848205,0.5061004,0.9823232,-0.0257298,-0.0097629
29.149083773,1791082609.526573420,0,0,-0.0297857,0.0292277,0.0049253,-11.3697567,-10.6725645,-13.1087761,-9.1345730,0.5948932,0.2713418,-0.5668145,-0.3617752,0.1910678,0.0490123,0.7351952,0.0525178,0.1215545,0.0726222,0.0237951,0.0371646,-0.0228841,0.0435472,0.0017312,-0.0697818,0.0848994,0.5060959,0.9823824,-0.0253109,-0.0095345
29.169210710,1791082609.546700716,0,0,-0.0303717,0.0295803,0.0053137,-11.3702536,-10.6732006,-13.1100769,-9.1160049,0.5965902,0.2718060,-0.5671579,-0.3594228,0.1909436,0.0495012,0.7338222,0.0524053,0.1215633,0.0726066,0.0237970,0.0373131,-0.0228639,0.0435462,0.0017309,-0.0698010,0.0849822,0.5060914,0.9824424,-0.0249077,-0.0093512
29.189400818,1791082609.566890240,0,0,-0.0301216,0.0291869,0.0052944,-11.3853903,-10.6737328,-13.0826550,-9.1152096,0.5992556,0.2716509,-0.5674441,-0.3630588,0.1935765,0.0491659,0.7301879,0.0539972,0.1215674,0.0725973,0.0238006,0.0389326,-0.0228540,0.0435454,0.0017303,-0.0698160,0.0848206,0.5060124,0.9824748,-0.0252779,-0.0089586
29.209201696,1791082609.586691380,0,0,-0.0302895,0.0293209,0.0044710,-11.3938828,-10.6783342,-13.0947247,-9.1147747,0.5970041,0.2704717,-0.5687201,-0.3620532,0.1900194,0.0494326,0.7376441,0.0589726,0.1215753,0.0725831,0.0238191,0.0370626,-0.0228330,0.0435442,0.0017299,-0.0698420,0.0849651,0.5059765,0.9825392,-0.0252047,-0.0090320
29.227358671,1791082609.604848146,0,0,-0.0306049,0.0299681,0.0045151,-11.3866577,-10.6876221,-13.0924044,-9.1281729,0.5948184,0.2690633,-0.5702817,-0.3633916,0.1909625,0.0493042,0.7386028,0.0569724,0.1215839,0.0725690,0.0238384,0.0367579,-0.0228127,0.0435430,0.0017296,-0.0698666,0.0851213,0.5059400,0.9826038,-0.0250357,-0.0090137
29.249847458,1791082609.627337217,0,0,-0.0297213,0.0299155,0.0042923,-11.3846874,-10.6957197,-13.0976019,-9.1369619,0.5978924,0.2704048,-0.5682289,-0.3587636,0.1907984,0.0489954,0.7371946,0.0511111,0.1215881,0.0725603,0.0238310,0.0400174,-0.0227988,0.0435422,0.0017290,-0.0698815,0.0849265,0.5058756,0.9825963,-0.0251299,-0.0077084
29.271145032,1791082609.648634911,0,0,-0.0301567,0.0295741,0.0052142,-11.3690872,-10.6959295,-13.1007490,-9.1191015,0.5981991,0.2709233,-0.5740606,-0.3613871,0.1917731,0.0490975,0.7364393,0.0503657,0.1215921,0.0725520,0.0238149,0.0408411,-0.0227849,0.0435413,0.0017283,-0.0698974,0.0847202,0.5058113,0.9825872,-0.0252884,-0.0064807
29.288749218,1791082609.666239262,0,0,-0.0300227,0.0286486,0.0052490,-11.3743916,-10.6932526,-13.0864935,-9.1124258,0.6008278,0.2708666,-0.5747830,-0.3654557,0.1922541,0.0498804,0.7365315,0.0513656,0.1216007,0.0725391,0.0238177,0.0389226,-0.0227689,0.0435404,0.0017276,-0.0699199,0.0846244,0.5057452,0.9826372,-0.0253391,-0.0063216
29.310404757,1791082609.687894583,0,0,-0.0307491,0.0296105,0.0052359,-11.3636532,-10.6791639,-13.0796566,-9.0957584,0.6002775,0.2699210,-0.5746925,-0.3623113,0.1898782,0.0504754,0.7400190,0.0530687,0.1216063,0.0725262,0.0238220,0.0368630,-0.0227521,0.0435394,0.0017273,-0.0699397,0.0848588,0.5057580,0.9827123,-0.0254084,-0.0068834
29.332477145,1791082609.709967136,0,0,-0.0308762,0.0295366,0.0044464,-11.3676338,-10.6892166,-13.0768013,-9.1014185,0.6018406,0.2701533,-0.5755923,-0.3639657,0.1877740,0.0507942,0.7436802,0.0532135,0.1216111,0.0725126,0.0238373,0.0363971,-0.0227347,0.0435384,0.0017270,-0.0699581,0.0850871,0.5057703,0.9827862,-0.0254072,-0.0073924
29.351324322,1791082609.728814125,0,0,-0.0305022,0.0303062,0.0053128,-11.3550282,-10.6770916,-13.0791445,-9.1008892,0.6000179,0.2719100,-0.5754302,-0.3623147,0.1873193,0.0499407,0.7406402,0.0516867,0.1216110,0.0725000,0.0238490,0.0365308,-0.0227278,0.0435374,0.0017267,-0.0699762,0.0850142,0.5057385,0.9828362,-0.0252096,-0.0075798
29.371009259,1791082609.748498678,0,0,-0.0303903,0.0308613,0.0048336,-11.3691368,-10.6673040,-13.0892639,-9.0957747,0.5993915,0.2743746,-0.5763909,-0.3552736,0.1863484,0.0491133,0.7376516,0.0538999,0.1216242,0.0724867,0.0238611,0.0386472,-0.0227020,0.0435364,0.0017261,-0.0700007,0.0851143,0.5057019,0.9829016,-0.0253411,-0.0074123
29.390680499,1791082609.768169880,0,0,-0.0304527,0.0310252,0.0056493,-11.3779907,-10.6745548,-13.0900173,-9.1053429,0.5991609,0.2738173,-0.5706497,-0.3531874,0.1850943,0.0487840,0.7371163,0.0558575,0.1216376,0.0724735,0.0238695,0.0391424,-0.0226757,0.0435353,0.0017255,-0.0700259,0.0851927,0.5056661,0.9829655,-0.0254580,-0.0073005
29.408776672,1791082609.786265850,0,0,-0.0310597,0.0303845,0.0058944,-11.3831739,-10.6808586,-13.0915766,-9.1151829,0.5983387,0.2731842,-0.5678203,-0.3551391,0.1844950,0.0484619,0.7398156,0.0558110,0.1216460,0.0724584,0.0238774,0.0366905,-0.0226540,0.0435343,0.0017251,-0.0700525,0.0852584,0.5056530,0.9830438,-0.0252891,-0.0077285
29.430692189,1791082609.808182001,0,0,-0.0313425,0.0301176,0.0047559,-11.3715982,-10.6887884,-13.0950317,-9.1096888,0.5958371,0.2741939,-0.5695410,-0.3586894,0.1825018,0.0487523,0.7426715,0.0546678,0.1216543,0.0724429,0.0238889,0.0360852,-0.0226334,0.0435333,0.0017248,-0.0700781,0.0853444,0.5056397,0.9831221,-0.0251691,-0.0080967
29.451236743,1791082609.828726530,0,0,-0.0312823,0.0296093,0.0053831,-11.3630791,-10.6883917,-13.0908632,-9.1078215,0.5962508,0.2751723,-0.5691615,-0.3623369,0.1826883,0.0485046,0.7424509,0.0524678,0.1216677,0.0724261,0.0238960,0.0370303,-0.0225983,0.0435322,0.0017245,-0.0700940,0.0855929,0.5056340,0.9831980,-0.0250226,-0.0080569
29.470689543,1791082609.848179102,0,0,-0.0304993,0.0299760,0.0059197,-11.3807783,-10.7043285,-13.1074371,-9.1270494,0.5967742,0.2745527,-0.5684420,-0.3589462,0.1827662,0.0483794,0.7433386,0.0530718,0.1216822,0.0724117,0.0239203,0.0369322,-0.0225712,0.0435312,0.0017241,-0.0701170,0.0858108,0.5056331,0.9832817,-0.0250252,-0.0084907
29.490801824,1791082609.868290901,0,0,-0.0310410,0.0298021,0.0056402,-11.3738251,-10.6980782,-13.0804348,-9.1246958,0.5953146,0.2757165,-0.5702997,-0.3639837,0.1837276,0.0483382,0.7409869,0.0531420,0.1216964,0.0723975,0.0239431,0.0369063,-0.0225446,0.0435302,0.0017236,-0.0701403,0.0859954,0.5056319,0.9833632,-0.0250118,-0.0089450
29.510840374,1791082609.888329983,0,0,-0.0301146,0.0297222,0.0058939,-11.3910389,-10.7111053,-13.0863132,-9.1478529,0.5958443,0.2763166,-0.5666997,-0.3602006,0.1831418,0.0482644,0.7415614,0.0499931,0.1216955,0.0723880,0.0239611,0.0373674,-0.0225359,0.0435293,0.0017230,-0.0701635,0.0858293,0.5056000,0.9833952,-0.0251368,-0.0087343
29.532738387,1791082609.910228014,0,0,-0.0298838,0.0298433,0.0058498,-11.3813438,-10.6958342,-13.0987148,-9.1555643,0.5939347,0.2777308,-0.5667501,-0.3642818,0.1825006,0.0480791,0.7411989,0.0514594,0.1216952,0.0723790,0.0239714,0.0374888,-0.0225290,0.0435283,0.0017223,-0.0701877,0.0856747,0.5055670,0.9834278,-0.0252747,-0.0085592
29.552300151,1791082609.929790020,0,0,-0.0305242,0.0301305,0.0057582,-11.3726807,-10.6974220,-13.1013565,-9.1398897,0.5942752,0.2777229,-0.5658959,-0.3647171,0.1817594,0.0484620,0.7408204,0.0512673,0.1217045,0.0723648,0.0239760,0.0371579,-0.0225063,0.0435273,0.0017218,-0.0702140,0.0856723,0.5055511,0.9834879,-0.0250147,-0.0083872
29.571002267,1791082609.948491573,0,0,-0.0308449,0.0299116,0.0065427,-11.3744717,-10.6968756,-13.1029367,-9.1310577,0.5963817,0.2785538,-0.5627043,-0.3621172,0.1815022,0.0485847,0.7382851,0.0530909,0.1217128,0.0723507,0.0239693,0.0376326,-0.0224892,0.0435262,0.0017215,-0.0702333,0.0857762,0.5055410,0.9835451,-0.0247976,-0.0083713
29.590704069,1791082609.968193769,0,0,-0.0314777,0.0302216,0.0055762,-11.3778553,-10.7082100,-13.1032257,-9.1125669,0.5960362,0.2785565,-0.5633031,-0.3594328,0.1823362,0.0483223,0.7362792,0.0542701,0.1217207,0.0723365,0.0239626,0.0377415,-0.0224726,0.0435251,0.0017211,-0.0702522,0.0858770,0.5055312,0.9836020,-0.0245550,-0.0082945
29.610384205,1791082609.987874031,0,0,-0.0314866,0.0295573,0.0057343,-11.3705711,-10.7030821,-13.1041021,-9.1106281,0.5960974,0.2789451,-0.5627729,-0.3640032,0.1839716,0.0482971,0.7333719,0.0521677,0.1217285,0.0723223,0.0239766,0.0371373,-0.0224460,0.0435240,0.0017207,-0.0702773,0.0860031,0.5055308,0.9836589,-0.0244855,-0.0080917
29.630811923,1791082610.008301735,0,0,-0.0316427,0.0287910,0.0049414,-11.3681202,-10.6919861,-13.1037760,-9.1005354,0.5946109,0.2821018,-0.5633403,-0.3677560,0.1828154,0.0486277,0.7311774,0.0542950,0.1217363,0.0723080,0.0239872,0.0369087,-0.0224208,0.0435229,0.0017203,-0.0703030,0.0861319,0.5055299,0.9837156,-0.0244312,-0.0079761
29.654480244,1791082610.031969786,0,0,-0.0313616,0.0279261,0.0051152,-11.3825989,-10.6902370,-13.0899143,-9.1007051,0.5953034,0.2829221,-0.5634268,-0.3726537,0.1832896,0.0489627,0.7299360,0.0560677,0.1217452,0.0722946,0.0239896,0.0370066,-0.0224062,0.0435218,0.0017199,-0.0703327,0.0862494,0.5055096,0.9837793,-0.0243711,-0.0081506
29.670669626,1791082610.048159122,0,0,-0.0313234,0.0283920,0.0056781,-11.3933392,-10.6951437,-13.1037817,-9.1170607,0.5965810,0.2829914,-0.5633466,-0.3672629,0.1825369,0.0494924,0.7319993,0.0563212,0.1217599,0.0722804,0.0239856,0.0382918,-0.0223799,0.0435207,0.0017196,-0.0703562,0.0863778,0.5054801,0.9838483,-0.0243976,-0.0080557
29.691475310,1791082610.068964958,0,0,-0.0309535,0.0290440,0.0053742,-11.3995552,-10.7017832,-13.1134100,-9.1347246,0.5951894,0.2855434,-0.5638665,-0.3643284,0.1801125,0.0500013,0.7328882,0.0536880,0.1217742,0.0722659,0.0239825,0.0386121,-0.0223531,0.0435195,0.0017192,-0.0703787,0.0864913,0.5054508,0.9839159,-0.0243973,-0.0078902
29.713213542,1791082610.090703011,0,0,-0.0302271,0.0295897,0.0054153,-11.4009190,-10.7035942,-13.1228294,-9.1495743,0.5951210,0.2858485,-0.5615005,-0.3615171,0.1809195,0.0505181,0.7321901,0.0481013,0.1217731,0.0722536,0.0239968,0.0370495,-0.0223370,0.0435185,0.0017187,-0.0703996,0.0864557,0.5054386,0.9839547,-0.0243510,-0.0078057
29.732913169,1791082610.110402584,0,0,-0.0305573,0.0288069,0.0055614,-11.3933029,-10.6992970,-13.1296988,-9.1436357,0.5933660,0.2876843,-0.5589637,-0.3656727,0.1792115,0.0507671,0.7316908,0.0499911,0.1217736,0.0722440,0.0239960,0.0381417,-0.0223323,0.0435177,0.0017182,-0.0704154,0.0862738,0.5053890,0.9839752,-0.0245272,-0.0075373
29.754649513,1791082610.132138729,0,0,-0.0309493,0.0293862,0.0058991,-11.4031868,-10.7085714,-13.1269169,-9.1315413,0.5932464,0.2880673,-0.5607321,-0.3622941,0.1775082,0.0511263,0.7324244,0.0499939,0.1217741,0.0722345,0.0239943,0.0383807,-0.0223271,0.0435168,0.0017176,-0.0704321,0.0860855,0.5053402,0.9839953,-0.0247333,-0.0072927
29.775196852,1791082610.152687073,0,0,-0.0308819,0.0298163,0.0061331,-11.4171772,-10.7177944,-13.1314526,-9.1482334,0.5945988,0.2866528,-0.5607536,-0.3604150,0.1768844,0.0507431,0.7348731,0.0492764,0.1217810,0.0722195,0.0240002,0.0369633,-0.0223049,0.0435159,0.0017171,-0.0704537,0.0861089,0.5053296,0.9840559,-0.0245797,-0.0074454
29.792937748,1791082610.170427084,0,0,-0.0310874,0.0298999,0.0062944,-11.4263687,-10.7224121,-13.1284294,-9.1423931,0.5948773,0.2860004,-0.5646465,-0.3597744,0.1778159,0.0508434,0.7357779,0.0513617,0.1217885,0.0722045,0.0240111,0.0366244,-0.0222821,0.0435149,0.0017166,-0.0704755,0.0861328,0.5053194,0.9841166,-0.0244328,-0.0076429
29.814923958,1791082610.192413330,0,0,-0.0314027,0.0296652,0.0048749,-11.4149246,-10.7362499,-13.1210403,-9.1368513,0.5938538,0.2856965,-0.5642936,-0.3606758,0.1791334,0.0505544,0.7332863,0.0490692,0.1217985,0.0721904,0.0240263,0.0378614,-0.0222563,0.0435139,0.0017160,-0.0704959,0.0861754,0.5052963,0.9841783,-0.0245626,-0.0075738
29.832776955,1791082610.210266113,0,0,-0.0313431,0.0292190,0.0050148,-11.4175720,-10.7352333,-13.1141596,-9.1287756,0.5947779,0.2879925,-0.5655786,-0.3652717,0.1761819,0.0505208,0.7343980,0.0520581,0.1218083,0.0721763,0.0240392,0.0380966,-0.0222301,0.0435129,0.0017155,-0.0705170,0.0862039,0.5052732,0.9842392,-0.0247146,-0.0076018
29.853184416,1791082610.230674028,0,0,-0.0324900,0.0292956,0.0059018,-11.4084225,-10.7214556,-13.1034727,-9.0963573,0.5954334,0.2886297,-0.5680915,-0.3658581,0.1748109,0.0508994,0.7347760,0.0558588,0.1218197,0.0721606,0.0240483,0.0363032,-0.0222088,0.0435119,0.0017152,-0.0705361,0.0863721,0.5052603,0.9843233,-0.0246190,-0.0083882
29.873257465,1791082610.250746727,0,0,-0.0317476,0.0295052,0.0059735,-11.4298401,-10.7306938,-13.1068735,-9.1274214,0.5951917,0.2865696,-0.5681367,-0.3673932,0.1755039,0.0511250,0.7371857,0.0571032,0.1218242,0.0721499,0.0240651,0.0375658,-0.0221946,0.0435110,0.0017146,-0.0705596,0.0862816,0.5052367,0.9843692,-0.0247404,-0.0084982
29.894694278,1791082610.272184134,0,0,-0.0315330,0.0298345,0.0064640,-11.4249096,-10.7264004,-13.1194878,-9.1265926,0.5945737,0.2866146,-0.5678039,-0.3665302,0.1734344,0.0513926,0.7406244,0.0560717,0.1218287,0.0721393,0.0240746,0.0378028,-0.0221808,0.0435100,0.0017140,-0.0705830,0.0861913,0.5052127,0.9844152,-0.0248414,-0.0085679
29.912986523,1791082610.290476322,0,0,-0.0316443,0.0295544,0.0070123,-11.4283237,-10.7321978,-13.1131058,-9.1157885,0.5953904,0.2875542,-0.5712018,-0.3688255,0.1717315,0.0515465,0.7420065,0.0572804,0.1218298,0.0721291,0.0240678,0.0392294,-0.0221693,0.0435093,0.0017133,-0.0705947,0.0860019,0.5051579,0.9844264,-0.0250843,-0.0080676
29.932589762,1791082610.310079813,0,0,-0.0314421,0.0298252,0.0064974,-11.4295034,-10.7330456,-13.1190987,-9.1247616,0.5946846,0.2903712,-0.5703282,-0.3691105,0.1692019,0.0513064,0.7412513,0.0578290,0.1218306,0.0721191,0.0240575,0.0396296,-0.0221590,0.0435085,0.0017126,-0.0706068,0.0858145,0.5051020,0.9844372,-0.0253126,-0.0075906
29.954797388,1791082610.332286835,0,0,-0.0310359,0.0296727,0.0066641,-11.4461107,-10.7382183,-13.1271048,-9.1325960,0.5971648,0.2894583,-0.5695875,-0.3681914,0.1702754,0.0504588,0.7407005,0.0580568,0.1218355,0.0721063,0.0240674,0.0372833,-0.0221352,0.0435074,0.0017122,-0.0706304,0.0858786,0.5051042,0.9844941,-0.0253114,-0.0077399
29.972639440,1791082610.350128889,0,0,-0.0311317,0.0296834,0.0063875,-11.4430542,-10.7395191,-13.1176586,-9.1280136,0.5976267,0.2919491,-0.5675302,-0.3661489,0.1695916,0.0501179,0.7391809,0.0551486,0.1218384,0.0720934,0.0240827,0.0368751,-0.0221130,0.0435062,0.0017118,-0.0706545,0.0859028,0.5050917,0.9845461,-0.0252047,-0.0077067
29.992588132,1791082610.370077610,0,0,-0.0316946,0.0295808,0.0063381,-11.4407024,-10.7400885,-13.1432114,-9.1303902,0.5950810,0.2907210,-0.5658740,-0.3696741,0.1690624,0.0501988,0.7412933,0.0576915,0.1218415,0.0720806,0.0240962,0.0367556,-0.0220914,0.0435052,0.0017114,-0.0706789,0.0859359,0.5050792,0.9845986,-0.0251041,-0.0077027
30.012879846,1791082610.390369654,0,0,-0.0318081,0.0295513,0.0063851,-11.4383450,-10.7485113,-13.1443787,-9.1328297,0.5966185,0.2902322,-0.5681376,-0.3712259,0.1695938,0.0501360,0.7410904,0.0582228,0.1218469,0.0720657,0.0241125,0.0358671,-0.0220691,0.0435041,0.0017110,-0.0707011,0.0860492,0.5050933,0.9846645,-0.0248346,-0.0081480
30.032754615,1791082610.410244465,0,0,-0.0325363,0.0291707,0.0060528,-11.4340410,-10.7382784,-13.1114759,-9.0960331,0.5987195,0.2907095,-0.5729214,-0.3752489,0.1702507,0.0499770,0.7381921,0.0627398,0.1218523,0.0720507,0.0241304,0.0356081,-0.0220462,0.0435030,0.0017107,-0.0707242,0.0861565,0.5051076,0.9847297,-0.0246185,-0.0086740
30.053653359,1791082610.431142330,0,0,-0.0324461,0.0298283,0.0063418,-11.4452305,-10.7452641,-13.1338530,-9.1168947,0.5982225,0.2901522,-0.5723529,-0.3677962,0.1692812,0.0493908,0.7404253,0.0633340,0.1218610,0.0720342,0.0241256,0.0364382,-0.0220200,0.0435019,0.0017104,-0.0707483,0.0863471,0.5051221,0.9847943,-0.0241223,-0.0089113
30.074594729,1791082610.452084064,0,0,-0.0321486,0.0299406,0.0059429,-11.4267397,-10.7296410,-13.1229296,-9.1158266,0.5982522,0.2910926,-0.5691426,-0.3666819,0.1705093,0.0492124,0.7369878,0.0591174,0.1218749,0.0720166,0.0241228,0.0366134,-0.0219939,0.0435008,0.0017102,-0.0707661,0.0865725,0.5051244,0.9848624,-0.0238134,-0.0089831
30.094694435,1791082610.472183704,0,0,-0.0318104,0.0293322,0.0063681,-11.4269543,-10.7208872,-13.1231565,-9.1043882,0.5980693,0.2934895,-0.5665742,-0.3648982,0.1728791,0.0485711,0.7298455,0.0579045,0.1218887,0.0719989,0.0241229,0.0366742,-0.0219668,0.0434996,0.0017099,-0.0707837,0.0867906,0.5051274,0.9849300,-0.0235345,-0.0090299
30.112634699,1791082610.490124226,0,0,-0.0318482,0.0289883,0.0066087,-11.4427929,-10.7246351,-13.1237221,-9.1024895,0.5977495,0.2941283,-0.5669115,-0.3639062,0.1726259,0.0486625,0.7291141,0.0586326,0.1218884,0.0719909,0.0241340,0.0386701,-0.0219589,0.0434989,0.0017093,-0.0707913,0.0865231,0.5050611,0.9849352,-0.0237153,-0.0087382
30.132874954,1791082610.510365009,0,0,-0.0313904,0.0299021,0.0063811,-11.4560547,-10.7374182,-13.1310863,-9.1136065,0.5966235,0.2945183,-0.5654001,-0.3556165,0.1708348,0.0486758,0.7307991,0.0559259,0.1218871,0.0719829,0.0241424,0.0391971,-0.0219517,0.0434981,0.0017086,-0.0707991,0.0862381,0.5049953,0.9849388,-0.0238919,-0.0084123
30.153119178,1791082610.530608416,0,0,-0.0309113,0.0300342,0.0065542,-11.4416513,-10.7315350,-13.1287079,-9.1173410,0.5960087,0.2947685,-0.5646320,-0.3570344,0.1715394,0.0482812,0.7298965,0.0529048,0.1218917,0.0719703,0.0241476,0.0377828,-0.0219283,0.0434970,0.0017081,-0.0708182,0.0862993,0.5049916,0.9849942,-0.0240952,-0.0084845
30.174032066,1791082610.551522255,0,0,-0.0310171,0.0287479,0.0066579,-11.4420385,-10.7347383,-13.1237774,-9.1164064,0.5960611,0.2973730,-0.5607259,-0.3611492,0.1715647,0.0479699,0.7274530,0.0511645,0.1218966,0.0719585,0.0241561,0.0383564,-0.0219026,0.0434960,0.0017076,-0.0708365,0.0862747,0.5049571,0.9850429,-0.0242667,-0.0082389
30.192689830,1791082610.570179701,0,0,-0.0310392,0.0286290,0.0063057,-11.4486599,-10.7258072,-13.1125841,-9.1150026,0.5939490,0.2987375,-0.5620728,-0.3632668,0.1693491,0.0480720,0.7291232,0.0522741,0.1219014,0.0719468,0.0241629,0.0384622,-0.0218772,0.0434950,0.0017071,-0.0708549,0.0862484,0.5049222,0.9850917,-0.0244333,-0.0080456
30.212727421,1791082610.590216875,0,0,-0.0315403,0.0290815,0.0059962,-11.4571123,-10.7354031,-13.1154938,-9.1124334,0.5947384,0.2973555,-0.5659721,-0.3637972,0.1685867,0.0485463,0.7318890,0.0552702,0.1219052,0.0719337,0.0241610,0.0380747,-0.0218585,0.0434940,0.0017066,-0.0708715,0.0862501,0.5048878,0.9851516,-0.0244836,-0.0083183
30.232980029,1791082610.610469580,0,0,-0.0318278,0.0293394,0.0063846,-11.4506054,-10.7424459,-13.1165600,-9.1128054,0.5968758,0.2981826,-0.5669689,-0.3648217,0.1705660,0.0484609,0.7275708,0.0555206,0.1219094,0.0719208,0.0241609,0.0380074,-0.0218394,0.0434931,0.0017061,-0.0708882,0.0862493,0.5048543,0.9852102,-0.0245492,-0.0085572
30.252932593,1791082610.630422354,0,0,-0.0320463,0.0297224,0.0065946,-11.4482012,-10.7503662,-13.1370945,-9.1209908,0.5949404,0.2970276,-0.5648982,-0.3650082,0.1676080,0.0487107,0.7331396,0.0542457,0.1219118,0.0719091,0.0241662,0.0379973,-0.0218255,0.0434922,0.0017056,-0.0709010,0.0861379,0.5048134,0.9852549,-0.0245779,-0.0086227
30.274845168,1791082610.652334929,0,0,-0.0311536,0.0303155,0.0074465,-11.4529963,-10.7539921,-13.1671886,-9.1490393,0.5951024,0.2976438,-0.5606436,-0.3607244,0.1657281,0.0491017,0.7357170,0.0496800,0.1219190,0.0718943,0.0241927,0.0366157,-0.0218009,0.0434911,0.0017052,-0.0709178,0.0862543,0.5048179,0.9853202,-0.0245737,-0.0089491
30.296362080,1791082610.673851967,0,0,-0.0317394,0.0293361,0.0073337,-11.4452553,-10.7445297,-13.1426058,-9.1319942,0.5969402,0.3005077,-0.5608513,-0.3648490,0.1662002,0.0489542,0.7318220,0.0516079,0.1219266,0.0718795,0.0242206,0.0363041,-0.0217756,0.0434900,0.0017048,-0.0709348,0.0863743,0.5048225,0.9853854,-0.0245966,-0.0093330
30.312551141,1791082610.690040588,0,0,-0.0317656,0.0283314,0.0058392,-11.4528103,-10.7423401,-13.1198702,-9.1236315,0.5981556,0.3013521,-0.5610845,-0.3708954,0.1658285,0.0494747,0.7312990,0.0539847,0.1219319,0.0718682,0.0242283,0.0372771,-0.0217636,0.0434890,0.0017044,-0.0709563,0.0863632,0.5047902,0.9854382,-0.0246245,-0.0093180
30.334905525,1791082610.712395191,0,0,-0.0324540,0.0287697,0.0062424,-11.4430790,-10.7525797,-13.1177492,-9.1041269,0.5977378,0.3011742,-0.5625400,-0.3677672,0.1666141,0.0498373,0.7307692,0.0510604,0.1219371,0.0718569,0.0242304,0.0374804,-0.0217522,0.0434879,0.0017040,-0.0709776,0.0863449,0.5047579,0.9854904,-0.0246199,-0.0092478
30.356454565,1791082610.733944416,0,0,-0.0325676,0.0295121,0.0071051,-11.4492598,-10.7758188,-13.1186199,-9.1008234,0.5973720,0.2996443,-0.5634777,-0.3640561,0.1664236,0.0497896,0.7328671,0.0504297,0.1219432,0.0718446,0.0242538,0.0369375,-0.0217213,0.0434867,0.0017034,-0.0710074,0.0863205,0.5047480,0.9855454,-0.0247575,-0.0090621
30.376636450,1791082610.754126072,0,0,-0.0314756,0.0293871,0.0075214,-11.4549637,-10.7628059,-13.1181030,-9.1261559,0.5972705,0.3013103,-0.5618765,-0.3696297,0.1671115,0.0499283,0.7300702,0.0521483,0.1219487,0.0718310,0.0242584,0.0372583,-0.0217070,0.0434857,0.0017030,-0.0710208,0.0863098,0.5047349,0.9855979,-0.0244082,-0.0093975
30.396664122,1791082610.774153709,0,0,-0.0320502,0.0288673,0.0069925,-11.4492817,-10.7672215,-13.1262379,-9.1194067,0.5974069,0.3023697,-0.5618091,-0.3663197,0.1643589,0.0493860,0.7323292,0.0526579,0.1219538,0.0718173,0.0242643,0.0372158,-0.0216926,0.0434847,0.0017026,-0.0710341,0.0862935,0.5047213,0.9856501,-0.0240963,-0.0097180
30.415157335,1791082610.792646646,0,0,-0.0314677,0.0298565,0.0063662,-11.4613609,-10.7617588,-13.1335335,-9.1416798,0.5952149,0.3035620,-0.5612608,-0.3586540,0.1615789,0.0488814,0.7351015,0.0520821,0.1219580,0.0718063,0.0242688,0.0382948,-0.0216689,0.0434837,0.0017020,-0.0710554,0.0862843,0.5046819,0.9856975,-0.0242996,-0.0094976
30.436428957,1791082610.813918352,0,0,-0.0313322,0.0295941,0.0065287,-11.4559898,-10.7606087,-13.1330299,-9.1548872,0.5963169,0.3052312,-0.5564920,-0.3587156,0.1626845,0.0488629,0.7315496,0.0487015,0.1219621,0.0717953,0.0242702,0.0386457,-0.0216456,0.0434828,0.0017014,-0.0710760,0.0862732,0.5046427,0.9857447,-0.0244728,-0.0092009
30.454751732,1791082610.832241058,0,0,-0.0318951,0.0300852,0.0074524,-11.4571247,-10.7526598,-13.1278019,-9.1282892,0.5963661,0.3055626,-0.5568165,-0.3541145,0.1624687,0.0486169,0.7297567,0.0491344,0.1219667,0.0717814,0.0242731,0.0371459,-0.0216262,0.0434817,0.0017010,-0.0710879,0.0863134,0.5046380,0.9857994,-0.0243652,-0.0094807
30.476669618,1791082610.854158878,0,0,-0.0316286,0.0296721,0.0072556,-11.4728241,-10.7651901,-13.1218147,-9.1460714,0.5977252,0.3056942,-0.5565284,-0.3564197,0.1620000,0.0482895,0.7305656,0.0487981,0.1219703,0.0717690,0.0242821,0.0378796,-0.0216109,0.0434807,0.0017006,-0.0711019,0.0863041,0.5046155,0.9858455,-0.0243609,-0.0094886
30.496762412,1791082610.874252558,0,0,-0.0315100,0.0296873,0.0064096,-11.4689732,-10.7666922,-13.1377354,-9.1462584,0.5962963,0.3069957,-0.5557371,-0.3588138,0.1589400,0.0482807,0.7323529,0.0498807,0.1219785,0.0717552,0.0242870,0.0380916,-0.0215878,0.0434796,0.0017001,-0.0711189,0.0862956,0.5045935,0.9858932,-0.0242342,-0.0091765
30.518961174,1791082610.896450520,0,0,-0.0316869,0.0303869,0.0061881,-11.4618788,-10.7758160,-13.1368656,-9.1568413,0.5950031,0.3061696,-0.5544398,-0.3614886,0.1590246,0.0486882,0.7333813,0.0458450,0.1219863,0.0717414,0.0242902,0.0381913,-0.0215656,0.0434785,0.0016997,-0.0711345,0.0862844,0.5045715,0.9859405,-0.0240632,-0.0087531
30.535052823,1791082610.912542582,0,0,-0.0319122,0.0298439,0.0079964,-11.4575615,-10.7820492,-13.1479816,-9.1539364,0.5964423,0.3050171,-0.5562892,-0.3647471,0.1589954,0.0491353,0.7358078,0.0459021,0.1219930,0.0717263,0.0243041,0.0367898,-0.0215393,0.0434773,0.0016993,-0.0711586,0.0863390,0.5045759,0.9859977,-0.0238241,-0.0086690
30.558764442,1791082610.936254263,0,0,-0.0317788,0.0291433,0.0078228,-11.4653454,-10.7897434,-13.1355181,-9.1569118,0.5966344,0.3048832,-0.5607529,-0.3678379,0.1593513,0.0491048,0.7373835,0.0472898,0.1220003,0.0717113,0.0243187,0.0365068,-0.0215131,0.0434761,0.0016988,-0.0711829,0.0864098,0.5045802,0.9860551,-0.0236298,-0.0086360
30.576652224,1791082610.954141617,0,0,-0.0317104,0.0294467,0.0071638,-11.4807644,-10.7870522,-13.1167898,-9.1448851,0.5972703,0.3058901,-0.5606872,-0.3638892,0.1594749,0.0496305,0.7349608,0.0500328,0.1220053,0.0716977,0.0243322,0.0368206,-0.0214921,0.0434750,0.0016985,-0.0712047,0.0864531,0.5045776,0.9861042,-0.0234633,-0.0086585
30.597070790,1791082610.974560738,0,0,-0.0316833,0.0299953,0.0076582,-11.4815121,-10.8059454,-13.1311340,-9.1658049,0.5977585,0.3033625,-0.5595948,-0.3597569,0.1595651,0.0493019,0.7380594,0.0467175,0.1220102,0.0716840,0.0243444,0.0369500,-0.0214712,0.0434739,0.0016981,-0.0712253,0.0865005,0.5045750,0.9861532,-0.0232734,-0.0085734
30.618853280,1791082610.996343136,0,0,-0.0323821,0.0298836,0.0081783,-11.4762201,-10.8060741,-13.1316032,-9.1455793,0.5975385,0.3020954,-0.5621194,-0.3606351,0.1625794,0.0496658,0.7378412,0.0444644,0.1220147,0.0716706,0.0243351,0.0385439,-0.0214523,0.0434730,0.0016976,-0.0712307,0.0865578,0.5045565,0.9861988,-0.0230326,-0.0084314
30.636563232,1791082611.014052629,0,0,-0.0325574,0.0297449,0.0070770,-11.4676228,-10.7988129,-13.1127872,-9.1251307,0.5984132,0.3040666,-0.5631407,-0.3550555,0.1607422,0.0496246,0.7373399,0.0409758,0.1220292,0.0716553,0.0243533,0.0382800,-0.0214094,0.0434718,0.0016969,-0.0712601,0.0866679,0.5045547,0.9862533,-0.0232605,-0.0078731
30.656699773,1791082611.034189224,0,0,-0.0317090,0.0295166,0.0067576,-11.4991875,-10.7952604,-13.1023636,-9.1364746,0.5981189,0.3031890,-0.5647287,-0.3532163,0.1637269,0.0491477,0.7350813,0.0436213,0.1220444,0.0716404,0.0243681,0.0383142,-0.0213672,0.0434706,0.0016962,-0.0712903,0.0867790,0.5045532,0.9863074,-0.0234598,-0.0073890
30.678362963,1791082611.055852890,0,0,-0.0310463,0.0291254,0.0066760,-11.4984989,-10.7884827,-13.1083260,-9.1539965,0.5955862,0.3027804,-0.5619445,-0.3619784,0.1643142,0.0497689,0.7353086,0.0471958,0.1220410,0.0716302,0.0243637,0.0395314,-0.0213575,0.0434698,0.0016957,-0.0712911,0.0865175,0.5045167,0.9862891,-0.0232230,-0.0069247
30.698972162,1791082611.076461554,0,0,-0.0320149,0.0295007,0.0071502,-11.4822273,-10.7938652,-13.1463280,-9.1557636,0.5927546,0.3006321,-0.5634295,-0.3636062,0.1621400,0.0501350,0.7414095,0.0462517,0.1220372,0.0716204,0.0243556,0.0397699,-0.0213488,0.0434690,0.0016951,-0.0712923,0.0862597,0.5044792,0.9862684,-0.0230228,-0.0064534
30.718974073,1791082611.096463442,0,0,-0.0320152,0.0295194,0.0075970,-11.4842548,-10.7942333,-13.1339092,-9.1536322,0.5962108,0.3016590,-0.5665907,-0.3655425,0.1600529,0.0507405,0.7438117,0.0451743,0.1220395,0.0716120,0.0243582,0.0404752,-0.0213304,0.0434681,0.0016943,-0.0713118,0.0860031,0.5044491,0.9862533,-0.0232109,-0.0054834
30.736656249,1791082611.114145756,0,0,-0.0324525,0.0289874,0.0073712,-11.4908953,-10.7909851,-13.1176548,-9.1325331,0.5981033,0.3008526,-0.5703633,-0.3697137,0.1571168,0.0510040,0.7487983,0.0504894,0.1220391,0.0716035,0.0243437,0.0402686,-0.0213148,0.0434672,0.0016935,-0.0713333,0.0858178,0.5044253,0.9862496,-0.0232988,-0.0047462
30.757226758,1791082611.134716272,0,0,-0.0322418,0.0293650,0.0083670,-11.4987621,-10.7921543,-13.1326284,-9.1477318,0.6004080,0.3002057,-0.5708048,-0.3682958,0.1577565,0.0512393,0.7487370,0.0521996,0.1220392,0.0715951,0.0243315,0.0402656,-0.0212981,0.0434663,0.0016928,-0.0713549,0.0856395,0.5044016,0.9862464,-0.0233599,-0.0040448
30.776652807,1791082611.154142141,0,0,-0.0329725,0.0295293,0.0077546,-11.4885683,-10.7860012,-13.1307859,-9.1286535,0.6011802,0.3020891,-0.5707720,-0.3697368,0.1550765,0.0509606,0.7484740,0.0551676,0.1220442,0.0715830,0.0243415,0.0387891,-0.0212809,0.0434653,0.0016922,-0.0713686,0.0854929,0.5043536,0.9862704,-0.0231231,-0.0039632
30.796578044,1791082611.174067497,0,0,-0.0327372,0.0297146,0.0070929,-11.4915037,-10.7845116,-13.1326237,-9.1286411,0.6013267,0.3049268,-0.5684388,-0.3700437,0.1530179,0.0507383,0.7476314,0.0542150,0.1220487,0.0715703,0.0243577,0.0384356,-0.0212637,0.0434643,0.0016917,-0.0713810,0.0853585,0.5043064,0.9862942,-0.0228879,-0.0038197
30.816955138,1791082611.194444895,0,0,-0.0332029,0.0298842,0.0076574,-11.4971752,-10.7880421,-13.1367121,-9.1104364,0.6018736,0.3049866,-0.5705464,-0.3694599,0.1538297,0.0509606,0.7450610,0.0559629,0.1220477,0.0715583,0.0243541,0.0391319,-0.0212485,0.0434635,0.0016911,-0.0713880,0.0852052,0.5042592,0.9863083,-0.0227844,-0.0035691
30.838417201,1791082611.215906620,0,0,-0.0334364,0.0300500,0.0077987,-11.5065908,-10.7962914,-13.1584740,-9.1258383,0.6002944,0.3042360,-0.5730720,-0.3696691,0.1494671,0.0505494,0.7522212,0.0592479,0.1220467,0.0715461,0.0243515,0.0392686,-0.0212333,0.0434626,0.0016905,-0.0713961,0.0850509,0.5042115,0.9863226,-0.0227228,-0.0034160
30.858481386,1791082611.235971212,0,0,-0.0327554,0.0303205,0.0078646,-11.5154648,-10.7858057,-13.1470747,-9.1260424,0.6013834,0.3033169,-0.5758074,-0.3720460,0.1526561,0.0506706,0.7495592,0.0619117,0.1220627,0.0715278,0.0243739,0.0388736,-0.0211976,0.0434614,0.0016901,-0.0714045,0.0852591,0.5041675,0.9863799,-0.0223907,-0.0034474
30.876758432,1791082611.254248142,0,0,-0.0334365,0.0301149,0.0072160,-11.5069237,-10.7951298,-13.1442738,-9.1219406,0.6000276,0.3033527,-0.5738701,-0.3743777,0.1511627,0.0506462,0.7503759,0.0620441,0.1220746,0.0715116,0.0244044,0.0368003,-0.0211671,0.0434602,0.0016897,-0.0714279,0.0854319,0.5041592,0.9864401,-0.0222102,-0.0037521
30.897077380,1791082611.274566650,0,0,-0.0335937,0.0298195,0.0074137,-11.5006533,-10.8005180,-13.1433220,-9.1203766,0.6005653,0.3033747,-0.5767712,-0.3744979,0.1494281,0.0499786,0.7537706,0.0597033,0.1220868,0.0714951,0.0244361,0.0363319,-0.0211367,0.0434590,0.0016894,-0.0714502,0.0856177,0.5041504,0.9864998,-0.0220154,-0.0040040
30.919011525,1791082611.296501398,0,0,-0.0330562,0.0295911,0.0083393,-11.5039368,-10.8085470,-13.1564856,-9.1478586,0.6014124,0.3028040,-0.5759185,-0.3777436,0.1514282,0.0495677,0.7535172,0.0580092,0.1221018,0.0714784,0.0244592,0.0377547,-0.0211032,0.0434578,0.0016891,-0.0714630,0.0856994,0.5041186,0.9865486,-0.0216019,-0.0037366
30.936560383,1791082611.314049721,0,0,-0.0332291,0.0293032,0.0072449,-11.5090446,-10.8066359,-13.1348591,-9.1483965,0.5999820,0.3042984,-0.5804660,-0.3830796,0.1489898,0.0494293,0.7566341,0.0608423,0.1221174,0.0714624,0.0244823,0.0386293,-0.0210700,0.0434565,0.0016888,-0.0714810,0.0858924,0.5040997,0.9866062,-0.0210533,-0.0036038
30.958545538,1791082611.336034775,0,0,-0.0323307,0.0294333,0.0066765,-11.5243855,-10.8118200,-13.1336994,-9.1688929,0.6006281,0.3046726,-0.5763603,-0.3783684,0.1512014,0.0483840,0.7530574,0.0589846,0.1221321,0.0714461,0.0245066,0.0389051,-0.0210366,0.0434551,0.0016886,-0.0714980,0.0860717,0.5040808,0.9866628,-0.0204652,-0.0034473
30.975317311,1791082611.352806568,0,0,-0.0324920,0.0301139,0.0067441,-11.5046997,-10.8163452,-13.1502390,-9.1663141,0.5980849,0.3048806,-0.5734470,-0.3777096,0.1518873,0.0482262,0.7501231,0.0564446,0.1221354,0.0714364,0.0245091,0.0406372,-0.0210230,0.0434542,0.0016879,-0.0715028,0.0858837,0.5040155,0.9866581,-0.0206316,-0.0028792
30.996678538,1791082611.374168158,0,0,-0.0328165,0.0298779,0.0077272,-11.5002079,-10.8203020,-13.1372805,-9.1570120,0.5990697,0.3076521,-0.5674226,-0.3773838,0.1534365,0.0480908,0.7424219,0.0521115,0.1221384,0.0714272,0.0245082,0.0411010,-0.0210094,0.0434533,0.0016872,-0.0715082,0.0856884,0.5039519,0.9866519,-0.0208591,-0.0022924
31.016175854,1791082611.393665314,0,0,-0.0332296,0.0291613,0.0081273,-11.4894571,-10.8160133,-13.1426239,-9.1464376,0.5993620,0.3111280,-0.5648512,-0.3755291,0.1530480,0.0476762,0.7372146,0.0500583,0.1221473,0.0714132,0.0245057,0.0400473,-0.0209899,0.0434522,0.0016867,-0.0715184,0.0856680,0.5039212,0.9866832,-0.0205479,-0.0020857
31.036443024,1791082611.413932562,0,0,-0.0334574,0.0296443,0.0076104,-11.4923754,-10.8062267,-13.1486797,-9.1414423,0.5976965,0.3098099,-0.5651879,-0.3770817,0.1498597,0.0484577,0.7432226,0.0545664,0.1221602,0.0713981,0.0245103,0.0389125,-0.0209746,0.0434511,0.0016865,-0.0715217,0.0857670,0.5038646,0.9867434,-0.0203307,-0.0028015
31.056584748,1791082611.434074640,0,0,-0.0329749,0.0294634,0.0073679,-11.4951849,-10.8052797,-13.1347380,-9.1478758,0.5967516,0.3098824,-0.5610780,-0.3790220,0.1523208,0.0486915,0.7391369,0.0557440,0.1221726,0.0713826,0.0245275,0.0386845,-0.0209575,0.0434500,0.0016863,-0.0715244,0.0858633,0.5038097,0.9868025,-0.0201517,-0.0035098
31.077269726,1791082611.454759121,0,0,-0.0336169,0.0290310,0.0075328,-11.4870319,-10.8270645,-13.1384735,-9.1365499,0.5981902,0.3104093,-0.5613585,-0.3804277,0.1515185,0.0493091,0.7397546,0.0545258,0.1221870,0.0713662,0.0245625,0.0382451,-0.0209266,0.0434489,0.0016859,-0.0715311,0.0860248,0.5037802,0.9868639,-0.0201679,-0.0039512
31.096014470,1791082611.473504305,0,0,-0.0334847,0.0294742,0.0079889,-11.5045891,-10.8425732,-13.1394863,-9.1472025,0.6004884,0.3117870,-0.5594428,-0.3727591,0.1494683,0.0493688,0.7418065,0.0514633,0.1222018,0.0713497,0.0246005,0.0382370,-0.0208948,0.0434477,0.0016855,-0.0715366,0.0861771,0.5037508,0.9869248,-0.0201223,-0.0043025
31.119020431,1791082611.496510267,0,0,-0.0335424,0.0293154,0.0075174,-11.4974298,-10.8423214,-13.1318808,-9.1464682,0.6005409,0.3131416,-0.5592977,-0.3734942,0.1526109,0.0494706,0.7360508,0.0513584,0.1222146,0.0713345,0.0246074,0.0402510,-0.0208672,0.0434466,0.0016851,-0.0715349,0.0861886,0.5036975,0.9869500,-0.0198549,-0.0037958
31.136029525,1791082611.513518810,0,0,-0.0331407,0.0286351,0.0073161,-11.5001831,-10.8486881,-13.1376247,-9.1470118,0.6017425,0.3135433,-0.5608918,-0.3796944,0.1522963,0.0495132,0.7367663,0.0515458,0.1222207,0.0713224,0.0246180,0.0400348,-0.0208517,0.0434456,0.0016846,-0.0715318,0.0861429,0.5036274,0.9869827,-0.0200618,-0.0039911
31.156059438,1791082611.533549309,0,0,-0.0337362,0.0291833,0.0070807,-11.4784536,-10.8315563,-13.1378984,-9.1336279,0.6005465,0.3159408,-0.5604437,-0.3791712,0.1488613,0.0497605,0.7389264,0.0498267,0.1222266,0.0713101,0.0246317,0.0398717,-0.0208368,0.0434446,0.0016841,-0.0715290,0.0860851,0.5035583,0.9870144,-0.0202860,-0.0041806
31.176365489,1791082611.553854465,0,0,-0.0330434,0.0297246,0.0079511,-11.4843750,-10.8338308,-13.1548805,-9.1579008,0.5997290,0.3161037,-0.5599464,-0.3774579,0.1467770,0.0500692,0.7433845,0.0468324,0.1222405,0.0712939,0.0246690,0.0392580,-0.0208085,0.0434433,0.0016837,-0.0715335,0.0861177,0.5035280,0.9870556,-0.0202699,-0.0040461
31.198257264,1791082611.575747013,0,0,-0.0322809,0.0302734,0.0078734,-11.4954166,-10.8281212,-13.1424656,-9.1557245,0.5988429,0.3183733,-0.5608321,-0.3723391,0.1474488,0.0499709,0.7387899,0.0462864,0.1222546,0.0712778,0.0247046,0.0391845,-0.0207803,0.0434420,0.0016833,-0.0715379,0.0861558,0.5034976,0.9870970,-0.0202101,-0.0039210
31.218565747,1791082611.596054792,0,0,-0.0327071,0.0298999,0.0084507,-11.4995995,-10.8320122,-13.1551647,-9.1584148,0.5986855,0.3188964,-0.5580918,-0.3698042,0.1466857,0.0494694,0.7376734,0.0459183,0.1222584,0.0712672,0.0247208,0.0407306,-0.0207569,0.0434409,0.0016826,-0.0715446,0.0859579,0.5034301,0.9870877,-0.0203445,-0.0030707
31.238783187,1791082611.616272688,0,0,-0.0330013,0.0299484,0.0081875,-11.5036221,-10.8387432,-13.1579046,-9.1585522,0.5978919,0.3165410,-0.5571080,-0.3711413,0.1466515,0.0492252,0.7389579,0.0475159,0.1222633,0.0712553,0.0247404,0.0396481,-0.0207416,0.0434398,0.0016820,-0.0715564,0.0857735,0.5033697,0.9870964,-0.0203107,-0.0027587
31.258692103,1791082611.636181355,0,0,-0.0338301,0.0296233,0.0083961,-11.4978962,-10.8348999,-13.1570930,-9.1363478,0.5983164,0.3158905,-0.5547513,-0.3700173,0.1476816,0.0492421,0.7375718,0.0480092,0.1222685,0.0712437,0.0247596,0.0393275,-0.0207271,0.0434387,0.0016813,-0.0715686,0.0856002,0.5033100,0.9871051,-0.0202870,-0.0024404
31.278435988,1791082611.655925274,0,0,-0.0341816,0.0296006,0.0076638,-11.4901752,-10.8382721,-13.1437187,-9.1303606,0.5999415,0.3158865,-0.5536977,-0.3697812,0.1469565,0.0491914,0.7386173,0.0462964,0.1222802,0.0712301,0.0247650,0.0401364,-0.0207032,0.0434376,0.0016808,-0.0715761,0.0856285,0.5032755,0.9871377,-0.0203900,-0.0021803
31.296045521,1791082611.673534393,0,0,-0.0340534,0.0291120,0.0073441,-11.4993000,-10.8299828,-13.1416264,-9.1386118,0.5998099,0.3159226,-0.5547417,-0.3765999,0.1462652,0.0495092,0.7418535,0.0509801,0.1222913,0.0712162,0.0247749,0.0402951,-0.0206783,0.0434364,0.0016804,-0.0715842,0.0856468,0.5032411,0.9871704,-0.0205257,-0.0020661
31.318992024,1791082611.696481228,0,0,-0.0343736,0.0287490,0.0075822,-11.5002193,-10.8272552,-13.1267281,-9.1175146,0.6009364,0.3158571,-0.5589902,-0.3765466,0.1497128,0.0490069,0.7364837,0.0533169,0.1222979,0.0712014,0.0247714,0.0384999,-0.0206636,0.0434353,0.0016802,-0.0715880,0.0857154,0.5032232,0.9872162,-0.0201177,-0.0024748
31.338345751,1791082611.715835094,0,0,-0.0344891,0.0283366,0.0068878,-11.4964991,-10.8241043,-13.1410637,-9.1241846,0.5988476,0.3169207,-0.5591491,-0.3828666,0.1478340,0.0498816,0.7379490,0.0550294,0.1223025,0.0711910,0.0247864,0.0397966,-0.0206445,0.0434343,0.0016797,-0.0715903,0.0856122,0.5031611,0.9872224,-0.0205658,-0.0022308
31.356984699,1791082611.734473705,0,0,-0.0335914,0.0283741,0.0083664,-11.5086250,-10.8248186,-13.1426191,-9.1365471,0.6006061,0.3174678,-0.5579354,-0.3809089,0.1478258,0.0496520,0.7370628,0.0520835,0.1223074,0.0711809,0.0248000,0.0402077,-0.0206243,0.0434332,0.0016791,-0.0715919,0.0855092,0.5030994,0.9872292,-0.0210020,-0.0019110
31.376953201,1791082611.754442453,0,0,-0.0327823,0.0293656,0.0086256,-11.5182438,-10.8274679,-13.1677933,-9.1666718,0.5990155,0.3167674,-0.5563632,-0.3765831,0.1478126,0.0496790,0.7387409,0.0494282,0.1223149,0.0711690,0.0248156,0.0396515,-0.0206047,0.0434321,0.0016786,-0.0716024,0.0854294,0.5030691,0.9872427,-0.0212571,-0.0015893
31.396509751,1791082611.773998737,0,0,-0.0331769,0.0296749,0.0081061,-11.5012960,-10.8094587,-13.1603765,-9.1472836,0.5988231,0.3207270,-0.5580350,-0.3749444,0.1454728,0.0497749,0.7363440,0.0508853,0.1223231,0.0711570,0.0248270,0.0394363,-0.0205862,0.0434309,0.0016781,-0.0716136,0.0853598,0.5030380,0.9872561,-0.0214948,-0.0013507
31.418724771,1791082611.796214104,0,0,-0.0333995,0.0291265,0.0084363,-11.5012770,-10.8094072,-13.1740541,-9.1530685,0.5992652,0.3207394,-0.5546786,-0.3782440,0.1443399,0.0499086,0.7374479,0.0512161,0.1223296,0.0711468,0.0248366,0.0399272,-0.0205714,0.0434300,0.0016775,-0.0716257,0.0852309,0.5029927,0.9872564,-0.0217926,-0.0008956
31.438666840,1791082611.816155910,0,0,-0.0335492,0.0294610,0.0080134,-11.5066872,-10.8152399,-13.1718626,-9.1564846,0.5981299,0.3216994,-0.5528728,-0.3795212,0.1433743,0.0507858,0.7375747,0.0520328,0.1223363,0.0711332,0.0248502,0.0387407,-0.0205564,0.0434288,0.0016771,-0.0716321,0.0852857,0.5029721,0.9873014,-0.0216912,-0.0013336
31.456549823,1791082611.834038973,0,0,-0.0338779,0.0297849,0.0073022,-11.5090218,-10.8306198,-13.1767731,-9.1615295,0.5973176,0.3220497,-0.5510092,-0.3767065,0.1418806,0.0506528,0.7383460,0.0507638,0.1223423,0.0711191,0.0248726,0.0384668,-0.0205410,0.0434277,0.0016768,-0.0716375,0.0853333,0.5029516,0.9873456,-0.0215707,-0.0017171
31.478462623,1791082611.855952024,0,0,-0.0346150,0.0299620,0.0080287,-11.5010500,-10.8302412,-13.1740055,-9.1445112,0.5995410,0.3215245,-0.5528752,-0.3746102,0.1450029,0.0501767,0.7345192,0.0476550,0.1223444,0.0711091,0.0248863,0.0393685,-0.0205244,0.0434267,0.0016763,-0.0716428,0.0851919,0.5028971,0.9873636,-0.0217234,-0.0015900
31.496517549,1791082611.874006987,0,0,-0.0346480,0.0294939,0.0074054,-11.5129948,-10.8423519,-13.1836433,-9.1523161,0.5975919,0.3221652,-0.5546241,-0.3796880,0.1424841,0.0502172,0.7374911,0.0532907,0.1223463,0.0710993,0.0248977,0.0395405,-0.0205082,0.0434257,0.0016758,-0.0716492,0.0850479,0.5028425,0.9873817,-0.0219215,-0.0015627
31.520616928,1791082611.898106098,0,0,-0.0345605,0.0297285,0.0078007,-11.5193157,-10.8377819,-13.1759319,-9.1525316,0.5965570,0.3214465,-0.5540925,-0.3767621,0.1433017,0.0498243,0.7355981,0.0548228,0.1223545,0.0710847,0.0249176,0.0384502,-0.0204857,0.0434245,0.0016755,-0.0716586,0.0850526,0.5028121,0.9874190,-0.0217965,-0.0016942
31.536801318,1791082611.914290667,0,0,-0.0332739,0.0296517,0.0072953,-11.5303946,-10.8415918,-13.1766062,-9.1796761,0.5944825,0.3233189,-0.5508428,-0.3801614,0.1404521,0.0498329,0.7384464,0.0547986,0.1223648,0.0710726,0.0249627,0.0389101,-0.0204608,0.0434232,0.0016749,-0.0716745,0.0850186,0.5027627,0.9874513,-0.0219974,-0.0015625
31.558881325,1791082611.936370611,0,0,-0.0332847,0.0291443,0.0089326,-11.5082150,-10.8408432,-13.1720352,-9.1736135,0.5979176,0.3237589,-0.5497153,-0.3794617,0.1442525,0.0495700,0.7339254,0.0494174,0.1223761,0.0710610,0.0250020,0.0391143,-0.0204351,0.0434220,0.0016744,-0.0716892,0.0849880,0.5027137,0.9874836,-0.0221812,-0.0013408
31.576982300,1791082611.954471827,0,0,-0.0337806,0.0291411,0.0083208,-11.5001860,-10.8395319,-13.1722097,-9.1685705,0.5955249,0.3251127,-0.5491990,-0.3779575,0.1416158,0.0495097,0.7366567,0.0496852,0.1223773,0.0710520,0.0250029,0.0404136,-0.0204179,0.0434209,0.0016737,-0.0717059,0.0847663,0.5026816,0.9874480,-0.0220936,-0.0002038
31.596278009,1791082611.973767757,0,0,-0.0339349,0.0300156,0.0079885,-11.4975729,-10.8295441,-13.1751547,-9.1621046,0.5923759,0.3260613,-0.5475537,-0.3753399,0.1393345,0.0492789,0.7368488,0.0522003,0.1223787,0.0710433,0.0249955,0.0407203,-0.0204023,0.0434199,0.0016730,-0.0717237,0.0845504,0.5026484,0.9874106,-0.0219779,0.0008311
31.619102331,1791082611.996591806,0,0,-0.0335041,0.0291625,0.0083697,-11.5072441,-10.8290262,-13.1656742,-9.1682911,0.5939416,0.3243327,-0.5471823,-0.3830334,0.1417477,0.0498320,0.7358896,0.0547601,0.1223810,0.0710335,0.0249894,0.0410697,-0.0203896,0.0434189,0.0016724,-0.0717226,0.0844356,0.5025971,0.9873921,-0.0219163,0.0012119
31.638730694,1791082612.016220093,0,0,-0.0336379,0.0291605,0.0080938,-11.5077362,-10.8354092,-13.1711617,-9.1682167,0.5937638,0.3238180,-0.5457805,-0.3822715,0.1417025,0.0498481,0.7356442,0.0538788,0.1223793,0.0710284,0.0249852,0.0418997,-0.0203865,0.0434182,0.0016717,-0.0717227,0.0841113,0.5025202,0.9873102,-0.0221834,0.0018197
31.658668700,1791082612.036158562,0,0,-0.0339333,0.0291608,0.0082854,-11.5144043,-10.8381071,-13.1870937,-9.1844215,0.5943528,0.3224973,-0.5452467,-0.3838152,0.1410657,0.0499860,0.7387393,0.0551815,0.1223775,0.0710235,0.0249819,0.0421206,-0.0203832,0.0434175,0.0016709,-0.0717234,0.0837865,0.5024440,0.9872274,-0.0224799,0.0023881
31.680870216,1791082612.058360338,0,0,-0.0344522,0.0296030,0.0081514,-11.5095682,-10.8393269,-13.1901569,-9.1793079,0.5958878,0.3217088,-0.5464420,-0.3823073,0.1401326,0.0501067,0.7400018,0.0564334,0.1223850,0.0710065,0.0249882,0.0378890,-0.0203585,0.0434162,0.0016706,-0.0717372,0.0840448,0.5024541,0.9872846,-0.0221844,0.0016671
31.698757073,1791082612.076246738,0,0,-0.0339986,0.0293861,0.0077459,-11.5207043,-10.8391056,-13.1967993,-9.2013721,0.5957127,0.3209730,-0.5461020,-0.3899670,0.1389340,0.0505557,0.7430152,0.0607984,0.1223970,0.0709934,0.0250257,0.0382682,-0.0203416,0.0434151,0.0016701,-0.0717499,0.0841273,0.5024018,0.9873253,-0.0223359,0.0011837
31.720384263,1791082612.097873926,0,0,-0.0343840,0.0291545,0.0078731,-11.5014420,-10.8411808,-13.2083473,-9.1896915,0.5985478,0.3220598,-0.5471247,-0.3892476,0.1376690,0.0506545,0.7432051,0.0595504,0.1224094,0.0709802,0.0250572,0.0382927,-0.0203245,0.0434140,0.0016697,-0.0717619,0.0842063,0.5023492,0.9873652,-0.0224684,0.0007514
31.738438262,1791082612.115928173,0,0,-0.0344358,0.0304795,0.0080994,-11.4911098,-10.8372717,-13.2345142,-9.1979151,0.5950850,0.3232851,-0.5443029,-0.3847621,0.1335536,0.0505662,0.7468543,0.0583600,0.1224152,0.0709684,0.0250605,0.0392948,-0.0203118,0.0434131,0.0016692,-0.0717635,0.0842396,0.5022926,0.9874027,-0.0225967,0.0003311
31.757618479,1791082612.135108471,0,0,-0.0340521,0.0302100,0.0089288,-11.4913979,-10.8255043,-13.2323923,-9.2011232,0.5960034,0.3234946,-0.5438151,-0.3877629,0.1374656,0.0508349,0.7418470,0.0577796,0.1224208,0.0709567,0.0250667,0.0395863,-0.0202971,0.0434121,0.0016688,-0.0717655,0.0842586,0.5022373,0.9874398,-0.0227780,-0.0001244
31.778806677,1791082612.156296253,0,0,-0.0344555,0.0293175,0.0087095,-11.5029583,-10.8306942,-13.2125301,-9.1973495,0.5946778,0.3232553,-0.5444411,-0.3920477,0.1366834,0.0505934,0.7429558,0.0595918,0.1224268,0.0709412,0.0250866,0.0380543,-0.0202758,0.0434108,0.0016686,-0.0717716,0.0843039,0.5022185,0.9874761,-0.0224216,-0.0004265
31.798508962,1791082612.175998211,0,0,-0.0337332,0.0289179,0.0073895,-11.5198221,-10.8533554,-13.2089443,-9.2232094,0.5938944,0.3243498,-0.5424213,-0.3920861,0.1346606,0.0503610,0.7453101,0.0575158,0.1224391,0.0709256,0.0251006,0.0388940,-0.0202541,0.0434098,0.0016682,-0.0717776,0.0844543,0.5021864,0.9875250,-0.0222320,-0.0007884
31.817472436,1791082612.194962502,0,0,-0.0337609,0.0293767,0.0085839,-11.5156288,-10.8529396,-13.2127848,-9.2190981,0.5951028,0.3249464,-0.5406799,-0.3900985,0.1352007,0.0501478,0.7435536,0.0565382,0.1224516,0.0709102,0.0251158,0.0391103,-0.0202312,0.0434086,0.0016678,-0.0717834,0.0845876,0.5021549,0.9875732,-0.0220366,-0.0011054
31.837177633,1791082612.214667320,0,0,-0.0343265,0.0297160,0.0087877,-11.4968204,-10.8646278,-13.2170849,-9.2127676,0.5954694,0.3257125,-0.5404321,-0.3877326,0.1363530,0.0501193,0.7414703,0.0500967,0.1224618,0.0708949,0.0251260,0.0404188,-0.0202072,0.0434075,0.0016673,-0.0717881,0.0845966,0.5021341,0.9875922,-0.0216999,-0.0005772
31.857220347,1791082612.234709978,0,0,-0.0350000,0.0292246,0.0082356,-11.4930420,-10.8531513,-13.2054939,-9.1921930,0.5941042,0.3276675,-0.5392895,-0.3893215,0.1363871,0.0498720,0.7385157,0.0499755,0.1224718,0.0708800,0.0251276,0.0406896,-0.0201850,0.0434063,0.0016668,-0.0717937,0.0846045,0.5021130,0.9876107,-0.0213940,-0.0001169
31.878264892,1791082612.255754232,0,0,-0.0348781,0.0297470,0.0081927,-11.4986725,-10.8461771,-13.2042294,-9.1895027,0.5927020,0.3282591,-0.5376703,-0.3816656,0.1382132,0.0496703,0.7340793,0.0505253,0.1224745,0.0708673,0.0251389,0.0392509,-0.0201773,0.0434052,0.0016664,-0.0717912,0.0844841,0.5020572,0.9876190,-0.0213125,-0.0002478
31.898750599,1791082612.276240587,0,0,-0.0342570,0.0302050,0.0081209,-11.5123882,-10.8452930,-13.2044239,-9.1939020,0.5908801,0.3283900,-0.5374989,-0.3778023,0.1391510,0.0498523,0.7322388,0.0507849,0.1224769,0.0708543,0.0251562,0.0389354,-0.0201693,0.0434041,0.0016659,-0.0717880,0.0843766,0.5020025,0.9876274,-0.0212407,-0.0002897
31.920154741,1791082612.297644377,0,0,-0.0334794,0.0302366,0.0088969,-11.5115376,-10.8452053,-13.2260075,-9.2204838,0.5893233,0.3280370,-0.5360072,-0.3782274,0.1383905,0.0496469,0.7351255,0.0483320,0.1224959,0.0708390,0.0251763,0.0393481,-0.0201395,0.0434029,0.0016657,-0.0717902,0.0847266,0.5019735,0.9876996,-0.0215386,-0.0008629
31.938733400,1791082612.316222906,0,0,-0.0334558,0.0294259,0.0093287,-11.5137501,-10.8423433,-13.2103786,-9.2099295,0.5901235,0.3273372,-0.5392805,-0.3800904,0.1404968,0.0495489,0.7343782,0.0470416,0.1225089,0.0708260,0.0252015,0.0392755,-0.0201169,0.0434017,0.0016654,-0.0717997,0.0848138,0.5019650,0.9877362,-0.0218844,-0.0007762
31.958562442,1791082612.336051941,0,0,-0.0332325,0.0291601,0.0077259,-11.5245113,-10.8386278,-13.1851883,-9.2111263,0.5922413,0.3303505,-0.5349832,-0.3758224,0.1396211,0.0488545,0.7300228,0.0476610,0.1225218,0.0708130,0.0252203,0.0392685,-0.0200957,0.0434004,0.0016651,-0.0718092,0.0849068,0.5019557,0.9877728,-0.0221836,-0.0007506
31.976443698,1791082612.353932619,0,0,-0.0341481,0.0294116,0.0080625,-11.5191450,-10.8396883,-13.1865301,-9.1942320,0.5912476,0.3297108,-0.5356904,-0.3775049,0.1408092,0.0493435,0.7290031,0.0504472,0.1225331,0.0707958,0.0252413,0.0369800,-0.0200708,0.0433993,0.0016648,-0.0718123,0.0852017,0.5019319,0.9878461,-0.0221641,-0.0019140
31.999201875,1791082612.376691341,0,0,-0.0343423,0.0289949,0.0084353,-11.5110550,-10.8505888,-13.1829548,-9.1915607,0.5921840,0.3294016,-0.5365531,-0.3809954,0.1409207,0.0498036,0.7299959,0.0495763,0.1225444,0.0707782,0.0252751,0.0364786,-0.0200443,0.0433982,0.0016646,-0.0718145,0.0854944,0.5019087,0.9879178,-0.0221955,-0.0030087
32.018558836,1791082612.396048784,0,0,-0.0343005,0.0284438,0.0082017,-11.5019474,-10.8480778,-13.1877270,-9.1895895,0.5898474,0.3318438,-0.5353193,-0.3849654,0.1414089,0.0499534,0.7261065,0.0481811,0.1225561,0.0707642,0.0253157,0.0379119,-0.0200213,0.0433970,0.0016642,-0.0718261,0.0855515,0.5018974,0.9879541,-0.0225525,-0.0031019
32.038289058,1791082612.415778637,0,0,-0.0336781,0.0286354,0.0078898,-11.5123158,-10.8589058,-13.1945972,-9.1907682,0.5887718,0.3337981,-0.5342948,-0.3806698,0.1410486,0.0502521,0.7235905,0.0458769,0.1225552,0.0707542,0.0253234,0.0393705,-0.0200128,0.0433960,0.0016636,-0.0718322,0.0853502,0.5018656,0.9879440,-0.0226731,-0.0026163
32.058711467,1791082612.436201572,0,0,-0.0337180,0.0287772,0.0081472,-11.5088701,-10.8492956,-13.1945248,-9.1935120,0.5894355,0.3364194,-0.5360219,-0.3801563,0.1375285,0.0505619,0.7251756,0.0471486,0.1225542,0.0707446,0.0253247,0.0397305,-0.0200051,0.0433949,0.0016631,-0.0718398,0.0851478,0.5018327,0.9879332,-0.0228139,-0.0022287
32.078732292,1791082612.456222296,0,0,-0.0335845,0.0289500,0.0089133,-11.5177603,-10.8456564,-13.1945992,-9.2085791,0.5894082,0.3371429,-0.5312494,-0.3796766,0.1364486,0.0513627,0.7261869,0.0481787,0.1225632,0.0707338,0.0253296,0.0390115,-0.0200022,0.0433938,0.0016628,-0.0718474,0.0851375,0.5017990,0.9879668,-0.0229835,-0.0026678
32.098522101,1791082612.476011753,0,0,-0.0340433,0.0296001,0.0087637,-11.5087357,-10.8586435,-13.1879444,-9.1962948,0.5899136,0.3379284,-0.5303802,-0.3704690,0.1342116,0.0514676,0.7274647,0.0435891,0.1225716,0.0707224,0.0253425,0.0388094,-0.0199980,0.0433926,0.0016625,-0.0718534,0.0851130,0.5017662,0.9879990,-0.0230869,-0.0029682
32.120997836,1791082612.498487711,0,0,-0.0338292,0.0297096,0.0088427,-11.5148983,-10.8669939,-13.1785479,-9.1986179,0.5927128,0.3381751,-0.5304471,-0.3686232,0.1343641,0.0515621,0.7279512,0.0389489,0.1225778,0.0707099,0.0253806,0.0377573,-0.0199822,0.0433914,0.0016620,-0.0718661,0.0850784,0.5017547,0.9880246,-0.0232290,-0.0029051
32.138702093,1791082612.516191483,0,0,-0.0336834,0.0294142,0.0095979,-11.5214148,-10.8610973,-13.2082386,-9.1952610,0.5886758,0.3370864,-0.5338550,-0.3754464,0.1349992,0.0517083,0.7292218,0.0446741,0.1225857,0.0707005,0.0253901,0.0390785,-0.0199663,0.0433903,0.0016615,-0.0718795,0.0850483,0.5017229,0.9880456,-0.0235082,-0.0026042
32.158537887,1791082612.536027431,0,0,-0.0334210,0.0292239,0.0081948,-11.5384188,-10.8616419,-13.1965256,-9.2056112,0.5883031,0.3376068,-0.5321010,-0.3745777,0.1338209,0.0514769,0.7294388,0.0471205,0.1225931,0.0706908,0.0253975,0.0393783,-0.0199511,0.0433891,0.0016610,-0.0718932,0.0850091,0.5016903,0.9880666,-0.0237426,-0.0023966
32.178698398,1791082612.556187630,0,0,-0.0335396,0.0296701,0.0085186,-11.5438337,-10.8615217,-13.2090588,-9.2023849,0.5887905,0.3370192,-0.5335435,-0.3737834,0.1339037,0.0513819,0.7295753,0.0491936,0.1225966,0.0706792,0.0254014,0.0376624,-0.0199467,0.0433881,0.0016606,-0.0719009,0.0850381,0.5016633,0.9881158,-0.0239502,-0.0032631
32.198624948,1791082612.576114416,0,0,-0.0344135,0.0290339,0.0094259,-11.5373001,-10.8747892,-13.2147732,-9.1976624,0.5910733,0.3348697,-0.5345715,-0.3752301,0.1357986,0.0511730,0.7296493,0.0463720,0.1226003,0.0706676,0.0254147,0.0372916,-0.0199406,0.0433870,0.0016603,-0.0719078,0.0850717,0.5016378,0.9881637,-0.0242217,-0.0039924
32.220946341,1791082612.598436117,0,0,-0.0341879,0.0291175,0.0087589,-11.5439777,-10.8703279,-13.2305584,-9.2027149,0.5894704,0.3356859,-0.5329489,-0.3730960,0.1353486,0.0515073,0.7289515,0.0463505,0.1226103,0.0706558,0.0254382,0.0374096,-0.0199372,0.0433860,0.0016599,-0.0719183,0.0851292,0.5016461,0.9882045,-0.0244170,-0.0044374
32.238734410,1791082612.616224289,0,0,-0.0341562,0.0283822,0.0083423,-11.5448484,-10.8598547,-13.2050734,-9.1894150,0.5899230,0.3376269,-0.5334679,-0.3760371,0.1342509,0.0513616,0.7274570,0.0483623,0.1226193,0.0706421,0.0254587,0.0375735,-0.0199206,0.0433848,0.0016596,-0.0719320,0.0852116,0.5016425,0.9882418,-0.0244954,-0.0046309
32.258808165,1791082612.636297703,0,0,-0.0335652,0.0288734,0.0083268,-11.5546055,-10.8589153,-13.2099905,-9.1952620,0.5916920,0.3383001,-0.5325518,-0.3714403,0.1355014,0.0513850,0.7247661,0.0495657,0.1226291,0.0706286,0.0254754,0.0376415,-0.0199040,0.0433836,0.0016592,-0.0719457,0.0853038,0.5016387,0.9882796,-0.0245272,-0.0048403
32.277751158,1791082612.655240774,0,0,-0.0338480,0.0298517,0.0077520,-11.5467014,-10.8668365,-13.2255487,-9.2086077,0.5889509,0.3388757,-0.5296168,-0.3683889,0.1336364,0.0516119,0.7260996,0.0500488,0.1226280,0.0706221,0.0254744,0.0396015,-0.0199109,0.0433828,0.0016586,-0.0719542,0.0850822,0.5015780,0.9882789,-0.0248204,-0.0047100
32.299576180,1791082612.677066088,0,0,-0.0344370,0.0304492,0.0085368,-11.5263443,-10.8655796,-13.2272940,-9.1974010,0.5898500,0.3376726,-0.5281886,-0.3653367,0.1350188,0.0516728,0.7242909,0.0458313,0.1226268,0.0706159,0.0254689,0.0400467,-0.0199176,0.0433819,0.0016579,-0.0719629,0.0848466,0.5015182,0.9882774,-0.0251151,-0.0045156
32.317938158,1791082612.695427179,0,0,-0.0340437,0.0293157,0.0087412,-11.5188599,-10.8634586,-13.2194958,-9.2046604,0.5908071,0.3405494,-0.5258920,-0.3671856,0.1349610,0.0515096,0.7212917,0.0418990,0.1226337,0.0706054,0.0254824,0.0385425,-0.0199101,0.0433807,0.0016573,-0.0719777,0.0848109,0.5015070,0.9882935,-0.0253618,-0.0043077
32.336460302,1791082612.713948965,0,0,-0.0338122,0.0281782,0.0079986,-11.5126705,-10.8416958,-13.2032261,-9.1909838,0.5894732,0.3447652,-0.5247190,-0.3716390,0.1361226,0.0512788,0.7138202,0.0443626,0.1226325,0.0705991,0.0254778,0.0396818,-0.0199090,0.0433799,0.0016567,-0.0719838,0.0845607,0.5014584,0.9882677,-0.0256818,-0.0037475
32.358872771,1791082612.736362457,0,0,-0.0341964,0.0285658,0.0087601,-11.5209341,-10.8339615,-13.2149887,-9.1836243,0.5879084,0.3443840,-0.5219294,-0.3697133,0.1335318,0.0516122,0.7160498,0.0482595,0.1226312,0.0705929,0.0254708,0.0398888,-0.0199079,0.0433791,0.0016560,-0.0719910,0.0843088,0.5014096,0.9882413,-0.0260099,-0.0032748
32.380839974,1791082612.758329630,0,0,-0.0343469,0.0286193,0.0090766,-11.5372372,-10.8405075,-13.2063103,-9.1900988,0.5873605,0.3461602,-0.5193232,-0.3706540,0.1329017,0.0520294,0.7151825,0.0500485,0.1226418,0.0705793,0.0254818,0.0372726,-0.0199029,0.0433780,0.0016557,-0.0720014,0.0844389,0.5014136,0.9882920,-0.0259601,-0.0041884
32.401356755,1791082612.778846025,0,0,0.0083443,0.0264353,0.0339723,-12.6787491,-10.6063242,-13.6699114,-9.1419201,0.6514964,0.4034037,-0.6781580,-0.2477683,0.1843752,0.0463869,0.6464221,0.0751061,0.1226539,0.0705737,0.0255639,0.0390767,-0.0198495,0.0433768,0.0016552,-0.0720298,0.0845380,0.5014145,0.9883286,-0.0265421,-0.0047801
32.418898062,1791082612.796387911,0,0,0.1298733,0.0169570,0.0188067,-14.4008942,-10.5082283,-12.4165335,-9.6327534,0.6046748,0.4889030,-0.6592877,-0.1678794,0.2437863,0.0321751,0.5664564,0.0969831,0.1226432,0.0705595,0.0257876,0.0431360,-0.0197511,0.0433741,0.0016554,-0.0720365,0.0849498,0.5014071,0.9883810,-0.0269122,-0.0058622
32.440732044,1791082612.818221807,0,0,0.1772260,0.0050289,0.0041805,-15.0387821,-10.9296169,-10.7868547,-9.2158899,0.5540235,0.5264323,-0.4453587,-0.1821120,0.2523360,0.0192593,0.4059613,0.0799968,0.1226420,0.0705363,0.0260718,0.0428849,-0.0196384,0.0433715,0.0016553,-0.0720511,0.0862587,0.5014617,0.9885043,-0.0276916,-0.0093169
32.460660162,1791082612.838149548,0,0,0.2025743,-0.0111086,0.0068106,-14.8818722,-11.2315197,-10.3830242,-9.0352173,0.6071575,0.4062849,-0.4336479,-0.1620162,0.3332245,0.0174175,0.4205336,0.0675051,0.1226436,0.0705092,0.0263638,0.0416465,-0.0195060,0.0433686,0.0016549,-0.0720445,0.0876645,0.5015006,0.9886290,-0.0287739,-0.0128675
32.479721335,1791082612.857210636,0,0,0.2186910,-0.0254826,0.0161793,-14.5835810,-11.1620903,-9.8346977,-8.7991753,0.6562362,0.1972248,-0.5054926,-0.2084848,0.5180265,0.0252382,0.4793592,0.0794036,0.1226068,0.0704786,0.0264736,0.0401000,-0.0194123,0.0433664,0.0016548,-0.0719220,0.0880260,0.5015042,0.9886675,-0.0298145,-0.0177446
32.499737456,1791082612.877227068,0,0,0.2295797,-0.0285044,-0.0028553,-14.8863163,-11.1637449,-9.4084597,-8.7692213,0.6908253,0.0604237,-0.5495775,-0.2078892,0.6588877,0.0339240,0.5350940,0.0850390,0.1225899,0.0704451,0.0267953,0.0376488,-0.0192792,0.0433637,0.0016542,-0.0718759,0.0897652,0.5013656,0.9888737,-0.0317863,-0.0248698
32.520697422,1791082612.898187160,0,0,0.2263051,-0.0271223,-0.0217453,-15.4135818,-11.0235825,-8.7785063,-8.5123415,0.6974347,0.0247907,-0.4516976,-0.2056647,0.6554491,0.0394603,0.5141094,0.0697763,0.1225628,0.0704086,0.0271014,0.0364011,-0.0191637,0.0433612,0.0016540,-0.0718490,0.0912629,0.5012236,0.9890691,-0.0331589,-0.0324375
32.541230010,1791082612.918719530,0,0,0.2361294,-0.0192046,-0.0369118,-16.1196308,-11.2485237,-8.3784418,-8.4774084,0.7226468,0.0150440,-0.3146221,-0.1764345,0.5595737,0.0372055,0.4505780,0.0433261,0.1225231,0.0703607,0.0274171,0.0307686,-0.0190590,0.0433594,0.0016529,-0.0718352,0.0925584,0.5010809,0.9892514,-0.0352743,-0.0408911
32.562501635,1791082612.939990759,0,0,0.2545598,-0.0114290,-0.0571185,-16.6164227,-11.5260201,-8.2311869,-8.7390032,0.7459481,0.0037756,-0.2088768,-0.1531991,0.4594010,0.0331071,0.3744725,0.0166476,0.1224754,0.0703139,0.0277219,0.0304485,-0.0189728,0.0433577,0.0016519,-0.0718293,0.0939608,0.5009501,0.9894430,-0.0372413,-0.0487352
32.580990883,1791082612.958480358,0,0,0.2939423,-0.0203630,-0.0789589,-16.7938824,-11.7150097,-8.4765568,-9.7599325,0.7512404,0.0407600,-0.1668313,-0.1762441,0.3833310,0.0335829,0.2918620,-0.0206838,0.1223596,0.0702864,0.0278977,0.0299698,-0.0189835,0.0433571,0.0016497,-0.0718696,0.0942788,0.5008749,0.9894903,-0.0392198,-0.0554144
32.599493890,1791082612.976983786,0,0,0.3229232,-0.0239524,-0.0905299,-16.5807037,-11.6569128,-8.8740940,-10.3469324,0.7401891,-0.0231140,-0.1076685,-0.1815529,0.2809356,0.0269700,0.1846047,-0.0519567,0.1221979,0.0702822,0.0279866,0.0327398,-0.0190431,0.0433587,0.0016462,-0.0720008,0.0947454,0.5008283,0.9895115,-0.0422053,-0.0599229
32.622391209,1791082612.999880791,0,0,0.3127521,-0.0243030,-0.0893209,-15.8807888,-11.2759399,-8.8984880,-10.3652430,0.7047499,-0.1332911,-0.0948156,-0.2039224,0.2498114,0.0261393,0.1299804,-0.0619335,0.1220403,0.0702839,0.0279982,0.0342457,-0.0191342,0.0433614,0.0016431,-0.0721406,0.0952670,0.5007718,0.9895344,-0.0452781,-0.0640247
32.640618816,1791082613.018107891,0,0,0.3464826,-0.0285426,-0.1070197,-15.8193741,-11.3744612,-9.2937632,-11.1878824,0.6950749,-0.3082556,-0.0624146,-0.1786167,0.1911814,0.0301885,0.0848096,-0.0652916,0.1218937,0.0703089,0.0281044,0.0372266,-0.0191331,0.0433708,0.0016300,-0.0723035,0.0956277,0.5007200,0.9895385,-0.0504255,-0.0664501
32.662550499,1791082613.040039778,0,0,0.3742237,-0.0348127,-0.1309894,-15.5574608,-11.1770859,-9.7406731,-12.0678368,0.6902999,-0.4923281,-0.0332927,-0.1548495,0.1456716,0.0449075,0.0497880,-0.0654588,0.1217312,0.0703418,0.0281669,0.0398014,-0.0191771,0.0433819,0.0016151,-0.0724627,0.0960346,0.5006519,0.9895422,-0.0559623,-0.0685555
32.681146791,1791082613.058636189,0,0,0.3983333,-0.0367212,-0.1527122,-15.6403370,-11.0081272,-10.5086794,-13.1281872,0.7030652,-0.6626011,-0.0129644,-0.1208832,0.1063532,0.0733495,0.0320761,-0.0575736,0.1214339,0.0703538,0.0282863,0.0376269,-0.0191942,0.0434265,0.0015732,-0.0725954,0.0965855,0.5006549,0.9895426,-0.0580659,-0.0709599
32.700579148,1791082613.078068733,0,0,0.4065184,-0.0430900,-0.1611453,-15.3700867,-10.4274578,-11.1092834,-14.1359835,0.7256044,-0.8038026,-0.0893974,-0.1992391,0.1665408,0.1230153,0.0329016,-0.0421365,0.1211454,0.0703906,0.0283580,0.0377371,-0.0192601,0.0434779,0.0015237,-0.0727609,0.0972380,0.5006628,0.9895434,-0.0599876,-0.0727126
32.720613383,1791082613.098102808,0,0,0.4206046,-0.0420574,-0.1801306,-15.5511436,-10.1241922,-12.0634708,-15.3790712,0.8003402,-0.8593733,-0.2781796,-0.3962916,0.3191521,0.1745685,0.0596355,-0.0096795,0.1210533,0.0704141,0.0284259,0.0387377,-0.0193579,0.0434786,0.0014861,-0.0730144,0.0982332,0.5005010,0.9895805,-0.0619417,-0.0729574
32.742483432,1791082613.119973421,0,0,0.4227941,0.0017152,-0.1757384,-15.7846622,-10.0103407,-13.5394907,-16.2335835,0.8291799,-0.8604401,-0.1261497,-0.1549794,0.1581166,0.1607459,0.0334762,-0.0142292,0.1210075,0.0704375,0.0285425,0.0390232,-0.0193342,0.0434861,0.0014005,-0.0731909,0.0988420,0.5009469,0.9895865,-0.0590838,-0.0730269
32.761552095,1791082613.139041901,0,0,0.4280821,0.0107501,-0.1376100,-15.7197132,-10.0045204,-14.2132683,-17.3212166,0.8234325,-0.9677267,0.0280713,-0.0331732,0.0241160,0.0702246,-0.0071327,-0.0213297,0.1210338,0.0704885,0.0286232,0.0413590,-0.0193291,0.0434957,0.0013018,-0.0733398,0.0996763,0.5016598,0.9895974,-0.0558466,-0.0727087
32.781051109,1791082613.158540249,0,0,0.4183124,-0.0071023,-0.1336845,-15.6471062,-10.1442804,-12.7458372,-17.9772644,0.8490450,-1.0596887,0.0479395,-0.0277414,0.0112955,0.0013379,-0.0257038,0.0058488,0.1211593,0.0706019,0.0286395,0.0513450,-0.0192815,0.0435064,0.0012120,-0.0733347,0.1005224,0.5020899,0.9896138,-0.0515852,-0.0700298
32.799758158,1791082613.177247763,0,0,0.3917492,0.0156363,-0.1329642,-15.5854139,-10.2404022,-13.4530392,-19.4229813,0.8677993,-1.0711304,0.0481355,0.0102659,0.0069353,-0.0316489,-0.0323326,0.0665985,0.1212579,0.0706780,0.0286509,0.0547777,-0.0192996,0.0435213,0.0011379,-0.0734091,0.1013646,0.5030968,0.9896309,-0.0459627,-0.0671125
32.822905952,1791082613.200395823,0,0,0.3848149,0.0366540,-0.1046593,-15.5175867,-10.7394047,-13.5071163,-19.9600334,0.9351264,-1.1280500,0.0848318,0.0879873,0.0581944,-0.0571947,-0.0778772,0.1628204,0.1213596,0.0707595,0.0286571,0.0574716,-0.0193233,0.0435400,0.0010545,-0.0734667,0.1022037,0.5039783,0.9896481,-0.0401315,-0.0641304
32.842313155,1791082613.219802618,0,0,0.4117766,0.0475357,-0.1121116,-15.8506126,-12.1785822,-12.5781288,-20.8337383,0.9624876,-1.0587913,0.3361320,0.2187454,0.2070809,-0.1112687,-0.1846967,0.2866665,0.1214727,0.0708277,0.0286627,0.0620684,-0.0193758,0.0435736,0.0009499,-0.0734013,0.1037140,0.5042609,0.9896678,-0.0320178,-0.0598744
32.862486916,1791082613.239976406,0,0,0.4212414,0.0500681,-0.1222769,-15.6373024,-13.0124817,-11.7735167,-20.2682381,1.0563718,-0.9758602,0.6387600,0.4485426,0.5227826,-0.1522693,-0.3600753,0.3898641,0.1215404,0.0708878,0.0286550,0.0610349,-0.0194071,0.0435935,0.0008403,-0.0734893,0.1051406,0.5057710,0.9896939,-0.0237482,-0.0548374
32.881830309,1791082613.259319782,0,0,0.4234302,0.0466769,-0.1075641,-15.2440739,-13.5109501,-11.1585255,-19.7967072,1.1242870,-0.9901894,0.7550932,0.5755730,0.8000261,-0.1819270,-0.3884123,0.4249825,0.1216200,0.0709485,0.0286425,0.0604537,-0.0194231,0.0436175,0.0007318,-0.0735665,0.1064837,0.5070006,0.9897160,-0.0160205,-0.0495488
32.899549864,1791082613.277039289,0,0,0.4274183,0.0501548,-0.0909465,-14.6133347,-13.9131584,-10.9289761,-19.2489090,1.1651645,-0.9909804,0.7878147,0.7404970,1.1117419,-0.2050347,-0.4023808,0.4525501,0.1216139,0.0710376,0.0286285,0.0565356,-0.0194017,0.0436490,0.0005874,-0.0735502,0.1075024,0.5076118,0.9897277,-0.0087931,-0.0439541
32.922470801,1791082613.299960613,0,0,0.4246976,0.0686973,-0.0730692,-13.6463242,-13.8330593,-11.1369133,-19.1734657,1.2059093,-1.0493485,0.7323471,0.8380353,1.2678937,-0.2327668,-0.3939018,0.4621054,0.1216417,0.0711259,0.0286056,0.0534287,-0.0193688,0.0436850,0.0004389,-0.0734917,0.1084628,0.5080816,0.9897382,-0.0017825,-0.0381019
32.942563310,1791082613.320053339,0,0,0.4184717,0.0828376,-0.0711717,-12.5890760,-13.2840090,-12.8340130,-18.7717934,1.1998292,-1.0112303,0.6814183,0.8806509,1.2120030,-0.2600817,-0.3774763,0.4355773,0.1216872,0.0712263,0.0285738,0.0452284,-0.0192398,0.0436927,0.0001341,-0.0732023,0.1096783,0.5081720,0.9897547,0.0071094,-0.0294464
32.961744041,1791082613.339233875,0,0,0.3954136,0.0488217,-0.0800210,-11.2202244,-12.2599545,-17.0115662,-16.5092945,1.1680739,-0.8510144,0.6699808,0.7529799,0.9893270,-0.2606241,-0.2982071,0.4222989,0.1217513,0.0713259,0.0285452,0.0421774,-0.0191200,0.0437001,-0.0001370,-0.0728127,0.1104940,0.5082411,0.9897645,0.0153507,-0.0210616
32.980682779,1791082613.358172655,0,0,0.3785605,0.0074093,-0.1402746,-9.6137877,-11.3782387,-17.4922409,-14.9278116,1.1273440,-0.7333872,0.6895481,0.6912900,0.6273414,-0.2195520,-0.1454574,0.4324601,0.1217360,0.0714245,0.0285191,0.0397770,-0.0190017,0.0436647,-0.0003939,-0.0724508,0.1111145,0.5082840,0.9897729,0.0218064,-0.0143475
33.001442865,1791082613.378932238,0,0,0.3826301,-0.0374785,-0.0865838,-9.5659389,-11.1332693,-16.1108322,-14.3033323,1.1393671,-0.6998137,0.6738020,0.4535511,0.4287241,-0.1198279,-0.0327284,0.3758379,0.1217232,0.0715366,0.0285002,0.0390544,-0.0188618,0.0436048,-0.0006157,-0.0720248,0.1115319,0.5083061,0.9897788,0.0273080,-0.0097329
33.022559990,1791082613.400049686,0,0,0.3727496,-0.0596335,-0.0717092,-9.6065102,-11.0673294,-14.7348757,-13.2384319,1.1422868,-0.7488613,0.5793186,0.4015297,0.3523444,-0.0004720,-0.0662379,0.3363293,0.1217393,0.0716327,0.0284780,0.0346590,-0.0187499,0.0435583,-0.0008453,-0.0715690,0.1121051,0.5082663,0.9897852,0.0323450,-0.0060244
33.040792908,1791082613.418282509,0,0,0.3751825,-0.0599475,-0.1452386,-9.9547882,-10.6361923,-15.6650963,-12.9026909,1.1306320,-0.4803511,0.6152415,0.5389349,0.3620175,0.0517356,-0.1237428,0.3845451,0.1217771,0.0716961,0.0284605,0.0339486,-0.0186506,0.0435199,-0.0010395,-0.0712461,0.1125931,0.5083318,0.9897919,0.0368836,-0.0011583
33.062461478,1791082613.439951658,0,0,0.3929519,-0.0713971,-0.1260514,-11.0342445,-9.5104980,-17.3146000,-13.2859411,1.1035051,-0.2451327,0.5698124,0.5942165,0.3096331,-0.0349225,-0.1700256,0.3609909,0.1218113,0.0717636,0.0284456,0.0370011,-0.0185794,0.0434834,-0.0012064,-0.0709434,0.1129677,0.5083983,0.9897975,0.0414647,0.0051687
33.080652571,1791082613.458142042,0,0,0.4109682,-0.0900746,-0.0984690,-10.8482046,-7.9789858,-16.8650398,-13.6058292,1.0681664,-0.1953608,0.5994288,0.6382604,0.3167318,-0.1119941,-0.1640046,0.3598301,0.1216273,0.0718847,0.0284313,0.0421287,-0.0182331,0.0433778,-0.0013403,-0.0705241,0.1130731,0.5084555,0.9898021,0.0436953,0.0119804
33.100480846,1791082613.477970600,0,0,0.4117841,-0.1322842,-0.1315520,-9.9897327,-5.0608492,-16.9804993,-12.4450073,1.0467252,-0.0220471,0.2989106,0.4027068,0.1595272,-0.1056382,-0.0767510,0.2154417,0.1212343,0.0720056,0.0284209,0.0466247,-0.0179389,0.0432858,-0.0014180,-0.0701854,0.1130360,0.5085269,0.9898073,0.0448301,0.0192640
33.121791130,1791082613.499280930,0,0,0.4071653,-0.1359853,-0.1625920,-10.5066566,-4.1030746,-18.6047363,-12.1396036,1.0237358,0.0800563,0.1468563,0.0890474,0.0113909,-0.0183430,0.0093668,0.0751031,0.1204620,0.0722362,0.0284082,0.0508641,-0.0173293,0.0431613,-0.0014596,-0.0699672,0.1129455,0.5085682,0.9898111,0.0449211,0.0274682
33.143315630,1791082613.520805359,0,0,0.3900428,-0.1313420,-0.0901706,-12.1851521,-4.0295448,-18.9391365,-11.9417934,1.0270734,0.1041846,0.1144136,0.0051783,-0.0082014,0.0466201,0.0269158,0.0445010,0.1194505,0.0725027,0.0283753,0.0540785,-0.0168118,0.0431102,-0.0014784,-0.0699075,0.1128468,0.5086472,0.9898140,0.0448868,0.0368558
33.162704529,1791082613.540194273,0,0,0.4122052,-0.1093252,-0.0298883,-15.6953659,-5.1757784,-17.0343819,-14.5750942,0.9253885,-0.1639391,0.1293998,0.0159256,-0.0010782,0.0608899,0.0127216,0.0306649,0.1183122,0.0727716,0.0283409,0.0568051,-0.0164036,0.0430039,-0.0015052,-0.0695350,0.1127565,0.5087383,0.9898176,0.0462319,0.0513597
33.184469678,1791082613.561959267,0,0,0.3702272,-0.0165251,-0.1209441,-18.4415264,-7.0901308,-11.2635574,-14.8773851,0.8159403,0.0305162,0.0937731,0.0905378,0.0066852,0.0562867,-0.0302261,0.0270137,0.1168431,0.0729570,0.0283277,0.0565082,-0.0162254,0.0426752,-0.0014989,-0.0686381,0.1126680,0.5087723,0.9898188,0.0492359,0.0659453
33.204767699,1791082613.582257271,0,0,0.3386438,-0.0100407,-0.0292912,-16.5657883,-8.5031757,-11.9789963,-12.6894808,0.7953752,-0.0705298,0.0872579,0.0894679,0.0159856,0.0847045,-0.0419941,-0.0236739,0.1150039,0.0733753,0.0283159,0.0567312,-0.0159757,0.0422800,-0.0014777,-0.0668636,0.1122710,0.5087929,0.9898196,0.0515199,0.0830725
33.223505373,1791082613.600995064,0,0,0.3946291,-0.0321197,0.1071520,-16.2397308,-7.7917910,-10.5091705,-14.7528315,0.6846776,0.2298601,0.3305294,-0.0405905,0.0161871,0.0734966,-0.0104546,-0.1252169,0.1122106,0.0736987,0.0283004,0.0560689,-0.0157273,0.0419155,-0.0013545,-0.0648221,0.1118319,0.5088300,0.9898208,0.0528841,0.1034975
33.244914317,1791082613.622404099,0,0,0.3573174,0.0235888,0.1302966,-13.6867552,-8.0138407,-11.8440447,-13.3551369,0.8343066,0.5521325,0.1018192,0.0185217,-0.0307943,0.0837514,0.0206607,-0.0958384,0.1090307,0.0740532,0.0282787,0.0552782,-0.0154040,0.0416575,-0.0013114,-0.0631619,0.1115208,0.5088827,0.9898226,0.0535975,0.1172266
33.265742438,1791082613.643232107,0,0,0.3356940,0.0715179,0.2282067,-13.5034399,-9.4440880,-13.8270245,-13.5113306,0.7790608,0.6525637,0.0217587,0.0214491,-0.0500497,0.0838000,0.0469147,-0.0649728,0.1066404,0.0747146,0.0282581,0.0545776,-0.0148358,0.0414516,-0.0013099,-0.0623333,0.1114182,0.5089178,0.9898237,0.0546900,0.1251845
33.285445749,1791082613.662935495,0,0,0.3667052,0.0078184,0.2473102,-13.1394405,-10.3601265,-14.3222027,-14.9450121,0.5410580,1.0486150,0.0590436,-0.0662947,-0.0979589,0.1056858,0.0414205,-0.0215168,0.1046390,0.0750132,0.0282383,0.0538535,-0.0142353,0.0413027,-0.0011704,-0.0614210,0.1113580,0.5089338,0.9898244,0.0548223,0.1273775
33.305413293,1791082613.682902813,0,0,0.2079067,-0.0083086,0.2783061,-13.9971437,-12.1289234,-12.1945791,-11.4623022,0.4263415,1.1394237,0.0069045,-0.1138840,-0.0297002,0.0676325,0.0449163,0.0118239,0.1024433,0.0757879,0.0282287,0.0532713,-0.0133939,0.0412376,-0.0010349,-0.0612843,0.1114280,0.5089460,0.9898252,0.0543515,0.1215475
33.324934869,1791082613.702424765,0,0,0.2260453,0.0396398,0.3556241,-15.9912262,-14.3200169,-13.7641525,-10.9916983,0.4580083,1.1685802,-0.0257288,-0.1694013,-0.0334953,0.0485837,0.0590327,0.0463887,0.1002120,0.0766766,0.0282218,0.0527946,-0.0125563,0.0411969,-0.0009260,-0.0613002,0.1115556,0.5089519,0.9898259,0.0541721,0.1089488
33.345034131,1791082613.722523928,0,0,0.2569118,0.1153392,0.5094909,-16.6708508,-13.0367880,-15.1272831,-11.1522722,0.7271423,1.0844442,-0.2029324,-0.4315838,-0.2637791,0.0980182,0.1614021,0.1565757,0.0990601,0.0775066,0.0282073,0.0517389,-0.0113288,0.0409941,-0.0008719,-0.0613840,0.1116334,0.5089586,0.9898265,0.0554056,0.0975799
33.366410305,1791082613.743899822,0,0,0.2246207,0.1667124,0.6199856,-17.0372849,-12.3627758,-15.3374844,-12.1406374,0.8482414,1.0896577,-0.4930342,-0.6269005,-0.6163408,0.0942087,0.4113903,0.2614213,0.0981895,0.0782768,0.0281868,0.0506083,-0.0101057,0.0407921,-0.0008406,-0.0614610,0.1117106,0.5089624,0.9898270,0.0568943,0.0825476
33.385751490,1791082613.763241529,0,0,0.2201511,0.1426631,0.6300554,-15.7817631,-11.7309008,-16.3775921,-12.8992443,0.6841508,1.1124245,-0.5067894,-0.7287204,-0.6925377,0.1390962,0.5448538,0.3451687,0.0976171,0.0796563,0.0281157,0.0490636,-0.0083354,0.0405592,-0.0008209,-0.0615528,0.1117232,0.5089725,0.9898283,0.0571437,0.0703850
33.406348499,1791082613.783838034,0,0,0.3493777,0.0491851,0.6490634,-13.3321915,-11.5368013,-18.9453468,-14.6489000,0.7892697,1.0895406,0.3010608,-0.8050522,-0.5759652,0.1860699,0.3207966,0.5134479,0.0963034,0.0837549,0.0280851,0.0476143,-0.0070104,0.0404713,-0.0008902,-0.0615145,0.1119070,0.5089816,0.9898294,0.0567957,0.0622315
33.426843231,1791082613.804332733,0,0,0.3253723,-0.0010759,0.6311287,-12.9512444,-13.3588238,-19.9706879,-13.7323341,0.8330289,1.1823263,0.4476643,-0.3631448,-0.6482016,0.1693648,0.0900548,0.4398419,0.0948356,0.0882425,0.0280375,0.0458411,-0.0056859,0.0404394,-0.0010795,-0.0613398,0.1121766,0.5089970,0.9898314,0.0564212,0.0603066
33.444594436,1791082613.822083950,0,0,0.2460038,-0.0035539,0.5994807,-13.0787745,-13.1807766,-19.2317104,-13.6353235,0.8497636,1.2519850,0.0963206,-0.0634492,-0.5528684,0.1154586,-0.0181406,0.2703043,0.0929334,0.0945643,0.0279304,0.0447314,-0.0047510,0.0406219,-0.0015109,-0.0600445,0.1123506,0.5090038,0.9898337,0.0578047,0.0649141
33.463869474,1791082613.841359854,0,0,0.3275508,-0.0106683,0.5885951,-14.3597174,-13.4108315,-19.5003242,-15.3329992,0.8061702,1.2266651,0.0900600,0.0932107,-0.1962075,0.0516195,-0.0582793,0.1877243,0.0911578,0.0987731,0.0278373,0.0432841,-0.0041160,0.0405972,-0.0018149,-0.0586688,0.1124515,0.5090071,0.9898355,0.0597287,0.0680644
33.482798451,1791082613.860288143,0,0,0.3488835,-0.0235769,0.5630226,-14.0185614,-14.4628639,-19.7014236,-14.6961412,0.8691937,0.8804368,0.0770611,0.1019620,-0.0847485,-0.0038786,-0.0897495,0.1527116,0.0909530,0.1007415,0.0277872,0.0408696,-0.0031475,0.0402801,-0.0020114,-0.0582731,0.1128096,0.5090229,0.9898441,0.0603627,0.0653038
33.504657268,1791082613.882146835,0,0,0.3398203,-0.0379529,0.5374534,-13.4567280,-14.2358189,-19.0460320,-12.7895250,0.8237706,0.3208494,-0.0076919,0.4372087,0.0446852,-0.0495923,-0.3515323,0.2422116,0.0909867,0.1020713,0.0277388,0.0388236,-0.0022488,0.0400005,-0.0021911,-0.0578323,0.1131842,0.5090327,0.9898518,0.0607494,0.0606902
33.524767186,1791082613.902256966,0,0,0.3237638,-0.0801876,0.5113262,-12.5222998,-13.0250416,-17.0356560,-10.1652765,0.6966732,0.1723811,0.2068883,0.5042624,0.2003607,-0.1103293,-0.4419821,0.3115781,0.0911900,0.1001326,0.0277289,0.0378916,-0.0014972,0.0399138,-0.0023459,-0.0573723,0.1137606,0.5090344,0.9898587,0.0616779,0.0598523
33.544116179,1791082613.921605110,0,0,0.3044663,-0.0893686,0.5148857,-11.2176046,-12.3568583,-15.5650673,-9.2472448,0.6302099,0.1440087,0.4273748,0.6225577,0.2649623,-0.1720821,-0.4341948,0.2620936,0.0944637,0.0901795,0.0276825,0.0362268,-0.0007892,0.0399588,-0.0025611,-0.0568389,0.1143078,0.5090383,0.9898669,0.0643709,0.0617901
33.562842908,1791082613.940332174,0,0,0.2851023,-0.0942946,0.5464286,-10.3201427,-11.0370932,-15.6777668,-9.2525511,0.7431743,0.0677722,0.1332205,0.0656710,0.0150408,-0.0649237,-0.0917566,0.1049894,0.0980641,0.0796478,0.0276349,0.0347541,-0.0001672,0.0399972,-0.0027323,-0.0563440,0.1147861,0.5090411,0.9898724,0.0665963,0.0643539
33.585717476,1791082613.963207006,0,0,0.2629682,-0.0786719,0.4945913,-9.2313023,-10.5281525,-16.2749252,-9.0139284,0.7195214,0.0796171,0.0950320,0.0061005,-0.0107301,-0.0101202,-0.0151598,0.0685168,0.1003103,0.0895152,0.0276248,0.0353252,0.0000368,0.0400115,-0.0028092,-0.0557203,0.1151310,0.5090423,0.9898763,0.0674374,0.0581520
33.606779942,1791082613.984269857,0,0,0.2307589,-0.0381585,0.4499819,-7.8460851,-9.5981026,-17.5150509,-9.2504892,0.6080864,0.1121147,0.0950198,0.0324871,0.0141266,0.0170560,0.0100743,0.1278217,0.1064088,0.0430925,0.0276451,0.0349966,0.0004412,0.0407208,-0.0028815,-0.0553772,0.1161470,0.5090433,0.9898844,0.0678509,0.0462401
33.626682589,1791082614.004172325,0,0,0.1829066,0.0250306,0.3433027,-6.7665882,-8.5154533,-15.8401089,-8.7755871,0.6727242,0.2044851,0.0692034,0.0177470,-0.0046424,0.0204760,0.0133030,0.0932298,0.1137743,0.0106616,0.0276745,0.0347436,0.0007987,0.0414607,-0.0029302,-0.0550937,0.1170099,0.5090438,0.9898893,0.0684053,0.0313819
33.648927501,1791082614.026417255,0,0,0.1042054,0.0565917,0.1835706,-6.7647152,-6.7468491,-11.7523327,-7.3659873,0.7456841,0.2760976,0.0421593,0.0211329,-0.0200646,-0.0049333,0.0096763,0.0411456,0.1209940,-0.0126644,0.0276804,0.0343879,0.0012348,0.0424880,-0.0029619,-0.0549273,0.1174740,0.5090439,0.9898921,0.0690451,0.0117960
33.670683340,1791082614.048172951,0,0,0.0290137,0.0691158,0.1499559,-8.3499737,-1.0980295,-11.5693169,-7.2720499,0.6631681,0.3456499,0.0385563,0.0362302,-0.0321308,0.0127602,0.0238050,0.0357182,0.1313444,-0.0366878,0.0276915,0.0340541,0.0015827,0.0429479,-0.0029774,-0.0547833,0.1178153,0.5090441,0.9898934,0.0695504,-0.0067406
33.688865921,1791082614.066355944,0,0,0.0879906,0.1047025,0.0827526,-7.2716393,-1.2889191,-15.1115437,-8.0879831,0.6308207,0.4220038,0.1955432,0.2207189,-0.0485652,-0.0062627,0.0929346,0.0989827,0.1383251,-0.0262498,0.0277007,0.0336444,0.0017425,0.0430103,-0.0029959,-0.0545740,0.1181130,0.5090445,0.9898961,0.0700638,-0.0250752
33.708663381,1791082614.086152792,0,0,0.1124001,0.0812349,0.2063956,-5.8330979,-1.6868551,-15.8002787,-9.4601212,0.5888336,0.4834751,0.1959413,0.1978453,-0.0339183,-0.0119889,0.0644352,0.1056532,0.1465760,-0.0327959,0.0277023,0.0336613,0.0019187,0.0433433,-0.0030052,-0.0542950,0.1184148,0.5090448,0.9899002,0.0701891,-0.0562657
33.728669680,1791082614.106159449,0,0,0.0952722,-0.0193967,0.2953070,-4.7856750,-1.5699720,-10.9901924,-7.1886764,0.7609071,0.6266648,-0.0034977,0.0755979,-0.0050515,-0.0191112,0.0163156,0.0174710,0.1552407,0.0074919,0.0277046,0.0336436,0.0021995,0.0435455,-0.0030212,-0.0541110,0.1188603,0.5090450,0.9899065,0.0696196,-0.0781609
33.751173867,1791082614.128664255,0,0,0.0737945,-0.0660275,0.3085663,-7.0967603,0.5541515,-10.8240280,-6.2520890,0.7962006,0.4776808,-0.0768216,0.0668018,0.0263743,0.0037870,0.0449108,0.0240988,0.1705878,-0.0055515,0.0277033,0.0338495,0.0024235,0.0435483,-0.0030204,-0.0539520,0.1190516,0.5090370,0.9899135,0.0663739,-0.1018025
33.771776317,1791082614.149266481,0,0,0.0655049,-0.0725759,0.2099778,-9.1748333,2.0471847,-12.6413784,-6.7462182,0.8015138,0.4770015,-0.0643252,0.1001606,0.0005083,0.0178019,0.1333961,0.0805882,0.1833658,-0.0049718,0.0277048,0.0342970,0.0025903,0.0436268,-0.0030260,-0.0537621,0.1194058,0.5090225,0.9899238,0.0630497,-0.1220688
33.791611762,1791082614.169101715,0,0,0.1769724,-0.0870343,0.2186510,-13.0955524,1.7373612,-15.1178865,-10.4075966,0.7374808,0.2915511,0.0529529,0.3164615,0.0865806,0.0966786,0.2391576,0.1989737,0.2343564,-0.0221827,0.0277019,0.0349869,0.0026850,0.0439203,-0.0030221,-0.0534755,0.1198330,0.5090174,0.9899418,0.0626508,-0.1579476
33.810586790,1791082614.188076258,0,0,0.2361365,-0.1147276,0.2527134,-15.6786804,1.8144298,-17.4889870,-12.5649042,0.5909570,0.2148515,0.1976378,0.4461269,0.1558822,0.1979812,0.2420274,0.4056024,0.2863881,-0.0173851,0.0276983,0.0353407,0.0027315,0.0440895,-0.0030172,-0.0531249,0.1204407,0.5090075,0.9899572,0.0628978,-0.1886833
33.830728678,1791082614.208218575,0,0,0.2306925,-0.0962929,0.2785521,-17.3738480,1.4064927,-17.3271313,-12.4631081,0.6362224,0.3154748,0.2746896,0.4159536,0.0889526,0.3542195,0.1605495,0.4819500,0.3247311,-0.0060808,0.0276971,0.0354978,0.0027597,0.0442145,-0.0030101,-0.0527709,0.1214869,0.5089860,0.9899772,0.0636879,-0.2059708
33.849819103,1791082614.227308989,0,0,0.2323535,-0.0615801,0.2428994,-18.3158474,1.0304375,-16.7719040,-13.2212992,0.6516136,0.3480855,0.4998027,0.4184935,-0.0410551,0.3327271,0.2087451,0.4031258,0.3384294,0.0087099,0.0277013,0.0363961,0.0027091,0.0441646,-0.0030288,-0.0519929,0.1229164,0.5089502,0.9899895,0.0680235,-0.2075128
33.870558710,1791082614.248048067,0,0,0.2596647,-0.0275678,0.1753735,-19.5858879,0.5691104,-17.2278481,-16.1809082,0.4898265,0.2965458,0.4115750,0.6038768,-0.0134368,0.2759497,0.2336496,0.2846732,0.3464711,0.0160525,0.0277054,0.0370437,0.0026380,0.0441418,-0.0030384,-0.0510689,0.1243911,0.5089133,0.9900036,0.0726806,-0.2069065
33.891770496,1791082614.269260406,0,0,0.3005077,0.0408084,0.1239268,-21.8148155,1.1176288,-17.6813965,-18.5618343,0.3882065,0.2627445,0.0733616,0.3167357,0.0459290,0.1760946,0.1212693,0.1023805,0.3384172,0.0072034,0.0277126,0.0380640,0.0025686,0.0441810,-0.0030180,-0.0490835,0.1258212,0.5089036,0.9900072,0.0766511,-0.2010802
33.909072468,1791082614.286562204,0,0,0.3362158,-0.0366923,0.0314720,-23.4275570,1.7956712,-15.3636026,-17.1712208,0.4244342,0.1305166,0.0208054,0.0897989,0.0022335,0.1183201,0.0635555,0.0232425,0.3192215,0.0027067,0.0277198,0.0392356,0.0024761,0.0441672,-0.0029897,-0.0467804,0.1288747,0.5088482,0.9900262,0.0791513,-0.1917574
33.930591657,1791082614.308081150,0,0,0.3218892,-0.0274699,-0.0135601,-23.5874557,1.8296883,-14.0948067,-15.5350542,0.4859919,0.1249617,0.0373157,0.0841316,0.0058088,0.0942341,0.0776147,-0.0015573,0.2969009,-0.0004429,0.0277270,0.0403126,0.0023813,0.0440988,-0.0029777,-0.0444239,0.1321073,0.5087889,0.9900468,0.0816439,-0.1774514
33.952887740,1791082614.330377102,0,1,0.3095710,-0.0079788,-0.0484506,-22.8895454,1.6680074,-12.7119770,-14.9213562,0.6737057,0.0993524,0.0529509,0.0939571,0.0003352,0.0756873,0.0602530,-0.0117356,0.2471381,0.0021484,0.0277352,0.0406576,0.0022692,0.0427180,-0.0029728,-0.0408894,0.1350728,0.5088167,0.9900530,0.0867488,-0.1583946
33.971751052,1791082614.349240541,0,1,0.3374148,0.0133133,-0.0898773,-22.4893723,2.0018435,-12.2493896,-15.5611658,0.6951686,0.0325025,0.0572874,0.0781318,0.0037202,0.0433996,0.0484766,0.0034226,0.1911774,0.0029591,0.0277448,0.0410519,0.0021413,0.0415287,-0.0030212,-0.0368529,0.1384632,0.5088516,0.9900594,0.0928569,-0.1346620
33.990890150,1791082614.368379831,0,1,0.3397216,0.0393069,-0.1639257,-20.7309055,2.1269391,-12.2374697,-15.3416853,0.7214048,-0.0516299,0.0733382,0.0965355,0.0175910,0.0013258,0.0672576,0.0110423,0.1208839,-0.0046273,0.0277516,0.0412894,0.0020244,0.0402686,-0.0030514,-0.0332377,0.1412528,0.5088822,0.9900653,0.0986998,-0.1155087
34.010870752,1791082614.388360262,0,1,0.3450706,0.0291394,-0.2406829,-18.2080193,2.0038629,-11.3479900,-14.5888863,0.7871197,-0.1468400,0.0715367,0.1266256,0.0513082,-0.0449593,0.0789650,0.0130064,0.0087863,-0.0118423,0.0277545,0.0412616,0.0018911,0.0385951,-0.0030839,-0.0297951,0.1439516,0.5088875,0.9900696,0.1061605,-0.0941570
34.031664026,1791082614.409153700,0,1,0.3331488,-0.0021047,-0.3268861,-15.7589474,1.3156757,-11.1615410,-12.0202789,0.8342360,-0.2534093,0.2122629,0.1678801,0.1359698,-0.1452758,0.0891105,-0.0519603,-0.0438099,-0.0192313,0.0277557,0.0411629,0.0017362,0.0367819,-0.0030966,-0.0264779,0.1459104,0.5089105,0.9900761,0.1128929,-0.0780218
34.050086873,1791082614.427576303,0,1,0.3090221,-0.0067973,-0.4013768,-16.7879353,0.8766911,-10.4369965,-9.4312811,0.8443784,-0.2069771,0.4407610,0.3346363,0.2403918,-0.2484426,0.1072919,-0.1142848,-0.0581547,-0.0171972,0.0277557,0.0409997,0.0015357,0.0349889,-0.0030933,-0.0232946,0.1471889,0.5090324,0.9900855,0.1201567,-0.0738673
34.070675690,1791082614.448165417,0,1,0.2725134,0.0231528,-0.4761612,-13.9083557,1.0282576,-8.9896116,-8.2088308,0.8354058,-0.0340047,0.4558465,0.6068736,0.2830567,-0.3395412,0.1108248,-0.1125181,-0.0615049,-0.0218221,0.0277517,0.0402689,0.0012758,0.0333851,-0.0030403,-0.0202631,0.1486598,0.5093162,0.9900943,0.1261121,-0.0794735
34.092646609,1791082614.470136404,0,1,0.2537804,0.0276730,-0.4945941,-10.3267078,0.8720543,-9.3728752,-8.0490398,0.8059613,0.0340636,0.3549834,0.6406631,0.2567751,-0.3734647,0.1347526,-0.0061587,-0.0094550,-0.0294701,0.0277457,0.0395717,0.0010399,0.0322266,-0.0030194,-0.0178415,0.1503040,0.5096081,0.9901025,0.1303250,-0.0967360
34.110804582,1791082614.488294601,0,1,0.2201218,-0.0487640,-0.4737611,-6.9970269,0.9237390,-8.6398354,-7.2807283,0.7656499,0.0454178,0.2003558,0.3257621,0.1595654,-0.3247037,0.1530754,0.0730043,0.0234950,-0.0288009,0.0277404,0.0392121,0.0008262,0.0313489,-0.0030313,-0.0160627,0.1516238,0.5099199,0.9901106,0.1307292,-0.1261240
34.130851843,1791082614.508341551,0,1,0.1761717,-0.0885495,-0.4230763,-4.6891890,1.6245494,-8.7758484,-6.3281546,0.7286292,0.0604311,0.0561560,0.0976230,0.0521326,-0.1311526,0.0438637,0.0279527,0.0186510,-0.0259367,0.0277331,0.0395586,0.0006370,0.0307063,-0.0030888,-0.0147206,0.1535854,0.5101774,0.9901204,0.1302251,-0.1504211
34.151270254,1791082614.528759718,0,1,0.1399328,-0.1251239,-0.3567985,-3.7361617,2.5534132,-9.7363443,-5.5003090,0.6966062,0.0457350,0.0427908,0.0811953,0.0590700,-0.0047889,0.0413917,0.0172128,0.0696808,-0.0208031,0.0277236,0.0400006,0.0004825,0.0297177,-0.0029333,-0.0130914,0.1550747,0.5103812,0.9901339,0.1265231,-0.1767467
34.170676594,1791082614.548166513,0,1,0.1025132,-0.1499530,-0.3296386,-1.1189016,3.4380221,-11.6654129,-5.0512209,0.5278000,0.0774547,0.0414957,0.1483309,0.0821801,0.1204933,0.0936119,0.1441268,0.0782650,-0.0139095,0.0277061,0.0410413,0.0003847,0.0290699,-0.0027274,-0.0118068,0.1573706,0.5103301,0.9901653,0.1231796,-0.1876854
34.192414928,1791082614.569904327,0,1,0.0635327,-0.1475456,-0.2749680,0.5417567,4.2770176,-12.6439152,-5.1119957,0.5796255,0.1822955,0.1314037,0.4234256,0.0560230,0.3300038,0.1568301,0.3068143,0.0722709,-0.0064049,0.0276825,0.0423788,0.0003462,0.0283929,-0.0024987,-0.0107478,0.1597975,0.5102518,0.9902166,0.1208935,-0.1684188
34.210693577,1791082614.588183403,0,1,0.0400382,-0.1394559,-0.2574565,0.7846053,4.3637562,-13.2482910,-5.7375960,0.5822173,0.2381861,0.0928704,0.5150487,-0.0032190,0.3727709,0.1087211,0.2252933,0.0559670,-0.0009172,0.0276543,0.0433265,0.0003483,0.0274446,-0.0022717,-0.0097925,0.1623594,0.5102782,0.9902924,0.1187670,-0.1321452
34.232470984,1791082614.609960556,0,1,0.0219066,-0.0678790,-0.2724574,0.8515913,4.1833515,-17.2580643,-5.2978830,0.5736227,0.5071496,-0.1605297,0.5099760,-0.0977354,0.3214100,0.1469772,0.1412346,0.0426075,-0.0003987,0.0276225,0.0437140,0.0003813,0.0264780,-0.0020825,-0.0089938,0.1648570,0.5103304,0.9903554,0.1188071,-0.0925926
34.254049183,1791082614.631539106,0,1,0.1216404,0.0188123,-0.2870010,2.1821282,4.3427420,-19.7834129,-6.0044994,0.6026265,0.8706781,-0.1133751,0.1711569,-0.0764518,0.1255860,0.0803825,0.0477463,0.0079540,0.0011804,0.0275975,0.0436486,0.0003488,0.0238034,-0.0015964,-0.0075913,0.1665230,0.5105010,0.9903887,0.1244116,-0.0352015
34.270660089,1791082614.648149490,0,1,0.2121689,0.0497992,-0.3087481,2.3504090,4.4904013,-20.6671181,-8.0295467,0.7856817,0.8254821,-0.0247650,0.0811394,-0.0502852,0.0066259,0.0536699,0.0033848,-0.0068560,0.0029584,0.0275128,0.0429008,0.0004437,0.0199707,-0.0000041,-0.0043558,0.1675882,0.5109751,0.9904200,0.1309155,0.0402647
34.292793158,1791082614.670283079,1,1,0.2188132,0.0471495,-0.3467588,1.9893843,4.0797892,-19.1541748,-8.1532373,0.7841395,0.8025138,-0.0382111,0.0752255,-0.0303965,-0.0173653,0.0523307,-0.0262440,0.0032640,-0.0006709,0.0274315,0.0419401,0.0005819,0.0162544,0.0017984,-0.0012650,0.1681314,0.5114650,0.9904642,0.1362913,0.1070947
34.310922810,1791082614.688412428,1,1,0.2061501,0.0587730,-0.3488588,1.6683346,3.7815244,-17.7056503,-8.2983017,0.7634367,0.7980012,-0.0888131,0.1276179,-0.0002495,-0.0300371,0.0553845,-0.0578524,-0.0002523,0.0018010,0.0273958,0.0411535,0.0007633,0.0116668,0.0033528,0.0018385,0.1674175,0.5116869,0.9904940,0.1395490,0.1576024
34.329669605,1791082614.707159519,1,1,0.1928090,0.0771481,-0.3202611,1.3411658,3.5868924,-18.0727177,-8.0889606,0.7985359,0.7311561,-0.0853612,0.1254419,0.0252025,-0.0399192,0.0447154,-0.0467438,0.0010921,0.0022686,0.0273527,0.0404130,0.0009622,0.0078018,0.0048369,0.0041818,0.1665780,0.5117829,0.9905157,0.1432500,0.1981050
34.352884155,1791082614.730374575,1,1,0.1727438,0.0875823,-0.2616513,1.5328157,3.5820539,-18.4437103,-7.8632956,0.8698536,0.6375170,-0.0632321,0.1072205,0.0397736,-0.0616950,0.0351910,-0.0240937,-0.0011241,0.0069796,0.0273058,0.0398306,0.0011620,0.0045980,0.0065640,0.0055450,0.1659726,0.5116439,0.9905314,0.1475613,0.2397560
34.370578910,1791082614.748068094,1,1,0.1500269,0.0748503,-0.2347767,1.9630336,3.5029833,-18.5273094,-6.8576965,0.8627080,0.5320445,-0.0635438,0.1243501,0.0612139,-0.1053874,0.0269487,-0.0289735,-0.0042342,0.0114987,0.0272319,0.0394255,0.0013719,0.0019259,0.0083671,0.0065993,0.1654457,0.5115447,0.9905457,0.1533660,0.2833974
34.391576255,1791082614.769065619,1,1,0.1289502,0.0957570,-0.2324969,2.0713606,3.5644970,-18.5194397,-6.2149143,0.9574383,0.4973227,-0.0327163,0.0980945,0.0683372,-0.1428896,0.0200856,0.0116768,-0.0084899,0.0140427,0.0271433,0.0390506,0.0015400,-0.0005154,0.0102001,0.0074969,0.1651197,0.5114468,0.9905586,0.1596162,0.3274077
34.410506290,1791082614.787995815,1,1,0.1208590,0.1164419,-0.2297373,1.9741391,3.6157613,-17.4979935,-6.9795094,1.0261462,0.5069689,0.0119817,0.0620778,0.0450201,-0.1596626,0.0078801,0.0747675,-0.0159134,0.0149464,0.0270553,0.0385861,0.0016021,-0.0024368,0.0121312,0.0084958,0.1649815,0.5113869,0.9905659,0.1656759,0.3745643
34.429799186,1791082614.807288885,1,0,0.1047678,0.1145075,-0.2535542,1.6549141,3.7342958,-15.3465004,-7.3068476,1.0099325,0.4892057,0.0275906,0.0456245,0.0274013,-0.1732075,-0.0069232,0.1084723,-0.0206206,0.0146743,0.0269632,0.0380591,0.0016656,-0.0041877,0.0141041,0.0094115,0.1650080,0.5113356,0.9905726,0.1710919,0.4182482
34.452635481,1791082614.830125093,1,0,0.0718148,0.0880928,-0.2576698,1.5004637,3.5848939,-14.3170910,-7.0986862,0.9642820,0.4271863,0.0377648,0.0456969,0.0164334,-0.1754767,-0.0157192,0.1231234,-0.0189174,0.0158088,0.0269086,0.0374400,0.0017143,-0.0058742,0.0163831,0.0103225,0.1650358,0.5112712,0.9905794,0.1750228,0.4664508
34.472382859,1791082614.849872351,1,0,0.0480080,0.0675848,-0.2389317,1.2360666,3.3583050,-14.7299604,-7.3291445,0.9520191,0.3885430,0.0404548,0.1236878,0.0581776,-0.2444367,-0.0168689,0.1534873,-0.0180612,0.0171601,0.0268671,0.0367643,0.0017225,-0.0074188,0.0186685,0.0112315,0.1650714,0.5112522,0.9905848,0.1796003,0.5253747
34.492667089,1791082614.870156765,1,0,0.0235279,0.0957564,-0.2109338,1.1347109,3.0607390,-14.9992924,-7.3478041,0.9519651,0.4144379,0.0386705,0.3792419,0.2128359,-0.3575830,-0.0598366,0.1272787,-0.0143559,0.0185139,0.0268301,0.0359269,0.0017364,-0.0088027,0.0206214,0.0121173,0.1650991,0.5112756,0.9905890,0.1844207,0.5844280
34.512533671,1791082614.890023470,1,0,0.0131725,0.1311211,-0.1796386,1.3275580,3.0946486,-14.7816725,-7.1387587,0.9264182,0.4270213,0.0538144,0.7513961,0.5091847,-0.3941857,-0.1940775,0.0150516,-0.0094791,0.0192734,0.0267883,0.0350332,0.0017879,-0.0101488,0.0226452,0.0129804,0.1650548,0.5113780,0.9905929,0.1884665,0.6293957
34.534540046,1791082614.912030220,1,1,0.0095747,0.1306033,-0.1633049,1.6043737,3.0496495,-12.5180988,-6.3833718,0.9273358,0.3968987,-0.0149978,0.4310940,0.2373402,-0.2477072,-0.2283929,-0.0110814,-0.0015973,0.0192407,0.0267359,0.0344860,0.0018620,-0.0109754,0.0245120,0.0136516,0.1650165,0.5114279,0.9905965,0.1916849,0.6496798
34.553279097,1791082614.930769205,1,1,0.0059166,0.1445704,-0.1281208,2.1183670,3.2585299,-11.8243151,-5.2280354,0.9416223,0.3371951,0.0227215,0.0871470,0.0117764,-0.0885928,-0.0557674,0.0990737,0.0078233,0.0191877,0.0266704,0.0342622,0.0019458,-0.0115454,0.0261566,0.0139963,0.1650011,0.5113956,0.9905995,0.1943306,0.6358575
34.574780238,1791082614.952270031,1,1,0.0188619,0.1252562,-0.0859461,2.7880096,3.6094844,-12.6129990,-3.6086054,0.9125913,0.3424252,0.0493042,0.0254424,-0.0255355,0.0075071,-0.0233045,0.0872166,0.0202116,0.0198534,0.0266034,0.0345558,0.0020322,-0.0120091,0.0276148,0.0141166,0.1649295,0.5112324,0.9906025,0.1961487,0.5728274
34.592797981,1791082614.970287561,1,1,0.0453607,0.0432627,-0.0314539,3.2488928,3.7881031,-12.6913958,-1.2885443,0.9278497,0.3691998,0.0406711,0.0010194,-0.0201355,0.0254131,-0.0183786,0.0922757,0.0268727,0.0220667,0.0265492,0.0353250,0.0021096,-0.0124284,0.0289177,0.0142318,0.1648329,0.5111313,0.9906059,0.1957039,0.4880748
34.612411242,1791082614.989900827,1,1,0.0742581,-0.0041166,-0.0011138,3.3945913,3.3539593,-12.5565481,0.2585410,0.9874296,0.4259333,0.0226725,-0.0234131,-0.0140842,0.0495446,-0.0181229,0.1030248,0.0250279,0.0248834,0.0264991,0.0362467,0.0021643,-0.0128430,0.0302927,0.0143111,0.1646667,0.5109680,0.9906097,0.1951423,0.4353814
34.633180739,1791082615.010670185,1,1,0.0974459,0.0103177,-0.0342748,3.4259520,3.0132847,-12.9400187,1.1766371,0.9993345,0.4321195,0.0307937,-0.0469610,-0.0092591,0.0255249,-0.0128443,0.0954734,0.0163067,0.0287346,0.0264451,0.0358851,0.0022982,-0.0134341,0.0320364,0.0145662,0.1645764,0.5108570,0.9906141,0.1960975,0.4498764
34.652796241,1791082615.030285597,1,1,0.1513701,0.0325925,-0.1035812,3.3813443,2.7954419,-14.6537733,1.2011918,0.9266865,0.3982589,0.0345339,-0.0665908,0.0001861,0.0112988,-0.0128191,0.0803464,0.0091968,0.0318383,0.0263564,0.0338419,0.0024861,-0.0139986,0.0341846,0.0150968,0.1645419,0.5105484,0.9906204,0.1967076,0.4592126
34.671588255,1791082615.049077511,1,1,0.1777454,0.0352567,-0.1289220,2.9133630,2.4517877,-15.8155003,2.3982849,0.9077455,0.3111791,0.0227416,-0.0727257,0.0132976,0.0166296,-0.0194190,0.0564132,0.0044867,0.0312807,0.0262547,0.0320123,0.0026719,-0.0142436,0.0365945,0.0157374,0.1646398,0.5102367,0.9906247,0.1971377,0.4299430
34.692694373,1791082615.070183992,1,1,0.1714717,0.0110995,-0.1304421,2.7252216,2.1915762,-15.2493143,1.4851807,0.9311290,0.3222255,0.0386760,-0.0875233,0.0149547,0.0218656,-0.0082963,0.0677044,0.0013643,0.0284756,0.0261412,0.0312484,0.0028076,-0.0140330,0.0387442,0.0160793,0.1648027,0.5098467,0.9906298,0.1949067,0.3709476
34.710508974,1791082615.087998629,1,1,0.1605151,0.0013826,-0.1661605,2.5844312,1.9840991,-15.0116997,1.5763129,0.8995128,0.3237951,0.0448520,-0.0989946,0.0149380,0.0244623,0.0016840,0.0735426,-0.0001308,0.0220895,0.0260048,0.0310872,0.0028883,-0.0129423,0.0402762,0.0164574,0.1651688,0.5094548,0.9906359,0.1909403,0.2878444
34.732668413,1791082615.110158443,1,1,0.1454509,-0.0010170,-0.1809332,3.4177408,1.7844743,-13.6668854,1.5362617,0.8931992,0.4122476,0.0502934,-0.1001399,0.0129177,0.0195054,0.0073474,0.0775775,-0.0037471,0.0177528,0.0258632,0.0303112,0.0029752,-0.0114850,0.0415283,0.0167737,0.1657390,0.5092613,0.9906405,0.1872373,0.2282513
34.756077692,1791082615.133567333,1,1,0.1378243,-0.0082025,-0.1904933,3.6665864,1.6641673,-13.2503157,1.6047925,0.8662713,0.4397201,0.0523450,-0.1079451,0.0170887,0.0213474,0.0101636,0.0689046,-0.0045809,0.0131770,0.0256980,0.0294802,0.0030448,-0.0097621,0.0425178,0.0170340,0.1663148,0.5090960,0.9906458,0.1814654,0.1559280
34.771797813,1791082615.149287224,1,1,0.1636041,-0.0290802,-0.2032058,3.7292070,1.5539916,-14.0482855,1.8908101,0.8701308,0.4477175,0.0514148,-0.1213729,0.0266357,0.0202014,0.0136724,0.0644125,-0.0052648,0.0062040,0.0254005,0.0286571,0.0030880,-0.0078625,0.0426457,0.0173983,0.1669261,0.5089589,0.9906510,0.1734824,0.0734335
34.792752918,1791082615.170242786,1,1,0.1677260,-0.0274025,-0.2066153,3.8069482,1.4649575,-13.9742756,1.8237761,0.8896293,0.4574671,0.0538928,-0.1253859,0.0265991,0.0178858,0.0165685,0.0668161,-0.0068279,0.0004051,0.0250762,0.0276728,0.0031147,-0.0059724,0.0419741,0.0177734,0.1674917,0.5088564,0.9906554,0.1653996,0.0117143
34.810278131,1791082615.187767029,1,1,0.1776013,-0.0023600,-0.2119722,3.7976837,1.4016467,-14.4964151,1.8818744,0.9247781,0.4630950,0.0514551,-0.1309625,0.0286501,0.0143248,0.0214033,0.0690421,-0.0078320,-0.0027637,0.0247074,0.0252114,0.0031336,-0.0043239,0.0411841,0.0183422,0.1681432,0.5087470,0.9906585,0.1583565,-0.0366800
34.834683896,1791082615.212173939,1,1,0.1736206,0.0269843,-0.2028851,3.7470422,1.2092414,-15.4548798,1.7570966,0.9568250,0.4158630,0.0492683,-0.1466689,0.0355246,0.0113585,0.0300734,0.0602908,-0.0073744,-0.0050038,0.0242912,0.0211273,0.0031728,-0.0031626,0.0404252,0.0189251,0.1686994,0.5086166,0.9906607,0.1520107,-0.0941627
34.854914301,1791082615.232404232,1,1,0.1813884,0.0343572,-0.1970980,3.8280435,1.2081857,-16.1582260,1.7880653,0.9836624,0.3650257,0.0452737,-0.1622892,0.0501101,0.0078033,0.0350535,0.0421337,-0.0043884,-0.0075254,0.0238611,0.0162451,0.0032392,-0.0020085,0.0391815,0.0194978,0.1691573,0.5085124,0.9906630,0.1453211,-0.1569300
34.873755181,1791082615.251245022,1,0,0.1823283,0.0392908,-0.1817996,3.7713275,0.9639299,-15.5696220,1.5880889,0.9983771,0.3337516,0.0467603,-0.1638388,0.0506806,0.0024352,0.0357889,0.0268162,-0.0008922,-0.0091590,0.0230261,0.0126200,0.0033528,-0.0012498,0.0375334,0.0201169,0.1695894,0.5084300,0.9906645,0.1395211,-0.2070886
34.893601092,1791082615.271090269,1,0,0.1799545,0.0524660,-0.1765328,3.7603951,-0.1382999,-14.2898836,1.2604669,1.0011122,0.3339150,0.0540933,-0.1479891,0.0413824,0.0020015,0.0337677,0.0125570,0.0017118,-0.0101919,0.0220371,0.0095676,0.0035007,-0.0004317,0.0351110,0.0207300,0.1700662,0.5083620,0.9906660,0.1348080,-0.2509032
34.914656201,1791082615.292145729,1,0,0.1738382,0.0342892,-0.1668379,3.9889250,-2.9053984,-13.2762051,1.1801981,0.9555310,0.3678405,0.0527537,-0.1244267,0.0368577,-0.0148473,0.0274974,-0.0054298,0.0059841,-0.0077684,0.0206297,0.0075972,0.0037132,0.0003660,0.0347184,0.0212285,0.1706354,0.5083636,0.9906676,0.1285504,-0.2899053
34.936576782,1791082615.314066172,1,0,0.1779798,0.0160148,-0.1941987,4.3879609,-5.2828083,-13.3037891,1.1251982,0.9124123,0.4363989,0.0385752,-0.0788801,0.0576412,-0.0824573,0.0096145,-0.0437212,0.0090262,-0.0054792,0.0188151,0.0034689,0.0039396,0.0012682,0.0355037,0.0218833,0.1713893,0.5083886,0.9906691,0.1220391,-0.3061612
34.954672002,1791082615.332161903,1,0,0.1951506,0.0096667,-0.2217816,4.1712384,-6.6028528,-10.5514069,1.1158937,0.9295616,0.4238108,0.3841424,-0.1097816,0.0821836,-0.2847920,0.0140014,-0.1959257,0.0082626,-0.0072318,0.0170674,-0.0031357,0.0042038,0.0028801,0.0352799,0.0230900,0.1721981,0.5084482,0.9906705,0.1176384,-0.2760996
34.973552724,1791082615.351042271,1,0,0.1708217,0.0401548,-0.2408124,4.4320102,-7.4337626,-4.5635753,1.1769754,0.9270045,0.3222981,0.4423418,0.0863788,0.2123159,-0.4888172,-0.0734119,-0.3155305,0.0058980,-0.0054581,0.0157548,-0.0091759,0.0044415,0.0048178,0.0354982,0.0246522,0.1729593,0.5084826,0.9906715,0.1178569,-0.1402310
34.994621593,1791082615.372111082,1,0,0.1387777,0.0629550,-0.2128448,4.4429479,-8.2792263,-0.5731194,1.6157824,0.9380778,0.2363432,0.3383973,0.2118547,0.2390216,-0.5406014,-0.1099846,-0.3029134,0.0038697,0.0005399,0.0149746,-0.0119653,0.0047531,0.0067689,0.0347273,0.0259613,0.1734601,0.5085034,0.9906726,0.1198770,0.0659710
35.014698648,1791082615.392188072,1,0,0.1191547,0.0656228,-0.1128741,3.9306440,-8.9052744,1.0490855,1.7918710,0.9572182,0.2040437,0.2057130,0.1022704,0.0501535,-0.2820843,-0.0790109,-0.2993405,0.0026313,0.0067642,0.0141957,-0.0114614,0.0050821,0.0078114,0.0347382,0.0268586,0.1737289,0.5085145,0.9906733,0.1226199,0.2218279
35.034486029,1791082615.411975622,1,0,0.0819206,0.0087072,0.0312101,3.2744532,-9.9637690,2.2677555,2.6854243,0.9738673,0.2244858,0.0562676,-0.0094264,0.0226611,-0.0348922,-0.0331719,-0.0954679,-0.0002202,0.0138947,0.0138008,-0.0097352,0.0052920,0.0079584,0.0359426,0.0272972,0.1738694,0.5085216,0.9906737,0.1244135,0.3849548
35.054680688,1791082615.432170391,1,0,0.0486327,-0.0450420,0.1063349,2.6536069,-8.3199320,2.6904655,3.0182776,0.9240294,0.4059868,0.0502615,-0.0251659,0.0230813,-0.0025648,-0.0243807,-0.0759767,-0.0001071,0.0176073,0.0136902,-0.0075065,0.0054093,0.0080364,0.0364508,0.0275192,0.1739632,0.5085259,0.9906738,0.1250692,0.4770347
35.074633515,1791082615.452123404,1,0,0.0827942,-0.0673402,0.0770260,2.5849571,-6.8029051,2.5031638,3.0797820,0.8320102,0.3499972,0.0491450,-0.0286154,0.0157543,0.0071847,-0.0186513,-0.0606287,0.0041010,0.0212775,0.0135351,-0.0065006,0.0055272,0.0082543,0.0372617,0.0276989,0.1741181,0.5085313,0.9906741,0.1240862,0.4394073
35.094680809,1791082615.472170591,1,0,0.0565968,-0.0599195,-0.0022637,3.6946602,-0.8288386,3.0221329,3.1579204,0.7880750,0.3897868,0.0215646,-0.0784141,-0.0082738,0.0192864,0.0164650,-0.0435809,0.0102201,0.0225116,0.0132194,-0.0044609,0.0056884,0.0089044,0.0383421,0.0277886,0.1743557,0.5085353,0.9906745,0.1213641,0.2933507
35.112695898,1791082615.490185499,1,0,0.0216087,-0.0372183,0.0219443,4.2120590,-3.5769432,3.7401571,3.4728079,0.8971742,0.5399739,0.0075567,-0.0865371,-0.0789345,0.0225547,0.0497491,-0.0287495,0.0132005,0.0224352,0.0126420,-0.0039426,0.0059504,0.0096383,0.0394431,0.0278783,0.1746357,0.5085413,0.9906748,0.1191396,0.1985630
35.133764959,1791082615.511254549,1,0,0.0100094,0.0219558,-0.0004368,3.7542176,-7.2217555,3.7814302,3.5599599,0.9111714,0.5392028,0.0445505,-0.0357272,-0.0650178,0.0206022,0.0636193,-0.0126476,0.0160452,0.0209571,0.0120563,-0.0061096,0.0061821,0.0108461,0.0403607,0.0282165,0.1749687,0.5085459,0.9906750,0.1182142,0.1072160
35.154593179,1791082615.532082796,1,0,0.0980760,0.0000779,-0.0625710,4.9374228,-5.3083982,4.4185104,5.5882392,0.8700528,0.4966111,-0.0080951,0.0232773,-0.1261355,0.0004033,0.0688111,-0.0809426,0.0186784,0.0182401,0.0119397,-0.0107247,0.0064047,0.0117234,0.0424666,0.0286846,0.1754062,0.5085526,0.9906752,0.1163031,0.0482449
35.174609976,1791082615.552099466,1,0,0.1633286,-0.0206600,-0.0584005,4.4956021,-3.6747043,4.3201733,6.9440336,0.8651899,0.5624281,0.0047347,0.3352276,-0.3732880,-0.1088859,0.1961567,-0.5211186,0.0184978,0.0156465,0.0114736,-0.0139898,0.0066859,0.0119791,0.0449661,0.0291276,0.1757858,0.5085610,0.9906754,0.1142948,0.0513121
35.194748986,1791082615.572238922,1,0,0.1303736,-0.0123637,-0.0007943,3.2751741,-5.4696712,2.3587050,6.0787735,0.9045920,0.7026638,-0.1174642,0.2845789,0.0076741,-0.1618942,0.1652275,-0.6029747,0.0198113,0.0178142,0.0114178,-0.0143606,0.0068233,0.0118755,0.0464902,0.0292647,0.1759437,0.5085652,0.9906756,0.1133010,0.0493266
35.216968811,1791082615.594458580,1,0,0.0764304,-0.0324149,-0.0147106,3.2512422,-6.5027857,1.6598411,5.2228789,0.9594992,0.7511050,-0.1719885,0.0640918,0.1953082,-0.2000185,0.0626699,-0.5289995,0.0214053,0.0191183,0.0111697,-0.0115524,0.0068980,0.0120390,0.0472549,0.0293217,0.1760602,0.5085668,0.9906757,0.1124984,0.0190599
35.236865027,1791082615.614354610,1,0,0.0657671,-0.0264506,-0.0079063,3.0391760,-7.3911390,2.2224483,5.0884624,0.8624846,0.8357176,-0.1504245,-0.0364514,0.2137749,-0.1693131,0.0609968,-0.3143577,0.0219430,0.0202829,0.0109523,-0.0088117,0.0069483,0.0121969,0.0479492,0.0293693,0.1761602,0.5085682,0.9906758,0.1114565,-0.0241476
35.257768866,1791082615.635258675,1,0,0.0714910,-0.0058988,0.0201542,3.0390558,-9.0148363,2.3371944,5.3639178,0.8349674,0.8079381,-0.1024503,-0.1424194,0.1739571,-0.1238152,0.0635450,-0.1863873,0.0217152,0.0218780,0.0109007,-0.0081665,0.0070136,0.0123239,0.0486316,0.0294797,0.1763105,0.5085697,0.9906759,0.1104552,-0.0475719
35.276669301,1791082615.654158592,1,0,0.0674150,0.0003916,0.0234048,2.8218322,-9.3285112,2.6653309,5.0995855,0.9148688,0.7879071,-0.1393376,-0.3466901,0.2426659,-0.1333564,0.1252875,-0.3142665,0.0201729,0.0237676,0.0110126,-0.0085871,0.0071007,0.0124331,0.0492673,0.0296365,0.1764537,0.5085712,0.9906759,0.1095969,-0.0272292
35.296737236,1791082615.674227238,1,0,0.0532990,0.0199224,0.0462826,2.7394285,-8.9249840,3.1312621,4.9900999,0.9649129,0.7710539,-0.1013247,-0.3227788,0.1508272,-0.1387712,0.1346198,-0.3477133,0.0181461,0.0257340,0.0113166,-0.0092226,0.0072023,0.0124668,0.0498192,0.0298296,0.1765618,0.5085727,0.9906760,0.1095240,0.0354275
35.317595409,1791082615.695085049,1,0,0.0478860,0.0173799,0.0532023,2.6495185,-8.0806465,2.8042347,5.0296965,0.9938090,0.7234771,-0.1511587,-0.3802225,0.2970388,-0.1544780,0.1725786,-0.4759396,0.0168052,0.0273499,0.0116667,-0.0100488,0.0072743,0.0123429,0.0502645,0.0300070,0.1766368,0.5085739,0.9906760,0.1096926,0.1018362
35.338884958,1791082615.716375351,1,0,0.0747447,0.0064153,0.0205344,2.9706845,-5.0390625,2.4096494,5.2378674,1.0134894,0.7702212,-0.2919914,-0.5963541,0.3682306,-0.1170113,0.4256539,-0.6035017,0.0172049,0.0287449,0.0120687,-0.0112177,0.0073512,0.0120464,0.0510089,0.0301603,0.1767083,0.5085755,0.9906762,0.1096712,0.1297394
35.358957982,1791082615.736447811,1,1,0.0988660,-0.0058416,-0.0288787,3.4170256,2.6813240,3.5025911,5.4454455,0.9842370,0.6886653,-0.3040147,-0.7901901,0.1574390,-0.1510083,0.6916265,-0.8432556,0.0179799,0.0306820,0.0123131,-0.0117891,0.0074836,0.0116605,0.0525655,0.0303318,0.1768071,0.5085750,0.9906765,0.1094457,0.1342813
35.378470247,1791082615.755959988,1,1,0.1220589,-0.0081097,-0.0915046,3.8141413,0.4720460,3.9259686,5.4348445,0.9676888,0.6518495,-0.1766934,-0.6229984,-0.2069400,-0.1688153,0.6111494,-0.8017805,0.0180271,0.0304189,0.0124240,-0.0131065,0.0077141,0.0116662,0.0543300,0.0305623,0.1770516,0.5085707,0.9906768,0.1079529,0.1230138
35.396482904,1791082615.773972511,1,1,0.1323919,0.0035152,-0.0606333,3.2115731,1.7263451,4.9646077,5.9089437,0.9145058,0.6482770,-0.2030967,-0.8102297,-0.2080775,-0.2150188,0.6263291,-0.8812694,0.0187274,0.0314274,0.0126210,-0.0139547,0.0079131,0.0114491,0.0560642,0.0307264,0.1772334,0.5085654,0.9906771,0.1067435,0.0918157
35.417573566,1791082615.795063496,1,1,0.1403703,-0.0032090,-0.0493751,3.1319032,1.7207522,5.2415814,6.1975555,0.8600943,0.6419404,-0.2284110,-0.9470365,-0.2590241,-0.2536718,0.6141661,-0.9223303,0.0184662,0.0319759,0.0123414,-0.0138795,0.0081294,0.0112323,0.0574866,0.0308169,0.1773506,0.5085621,0.9906775,0.1043961,0.0678074
35.438635075,1791082615.816124201,1,1,0.1576556,0.0083618,-0.0749122,3.0686288,1.8550985,6.0715642,6.2378769,0.9056597,0.7195672,-0.2386047,-0.8741736,-0.5249168,-0.2669564,0.5601216,-0.8409299,0.0167783,0.0287322,0.0114737,-0.0134507,0.0084380,0.0113400,0.0576405,0.0309057,0.1776194,0.5085474,0.9906781,0.1024628,0.0703968
35.457152231,1791082615.834641457,0,1,0.1737762,0.0349321,-0.0609916,3.1376152,2.3288462,7.1501498,6.1861610,0.9835005,0.8344381,-0.2934443,-0.6563259,-0.5679339,-0.2690976,0.4687572,-0.6692613,0.0149049,0.0257288,0.0106287,-0.0131275,0.0087724,0.0118016,0.0575713,0.0311017,0.1780445,0.5085198,0.9906788,0.1029729,0.1051193
35.477199237,1791082615.854689121,0,1,0.1684639,0.0326959,-0.0423952,1.5566581,2.5101054,7.4524055,5.8994789,1.0122253,0.9670179,-0.2863912,-0.3413208,-0.4476913,-0.2744491,0.2154239,-0.3868833,0.0131253,0.0253535,0.0097115,-0.0130055,0.0090679,0.0119282,0.0588401,0.0313737,0.1784553,0.5085036,0.9906796,0.1038029,0.1377636
35.497771351,1791082615.875260830,0,1,0.1599249,0.0167430,-0.0275635,-1.4153028,2.4575233,7.8378353,5.7009950,1.0659386,0.9805136,-0.2281069,-0.1359497,-0.3147734,-0.2754131,0.0665045,-0.1914309,0.0112368,0.0256809,0.0087587,-0.0123086,0.0093316,0.0120852,0.0602753,0.0316075,0.1788630,0.5084878,0.9906803,0.1043809,0.1656805
35.516841584,1791082615.894331694,0,1,0.1801045,0.0037292,-0.0126302,-4.8552332,2.8246384,8.0646610,5.5219679,1.0841967,1.0184381,-0.2085483,-0.0810168,-0.2046881,-0.2677623,0.0486087,-0.0934868,0.0091367,0.0263594,0.0076352,-0.0116942,0.0095429,0.0122311,0.0628185,0.0319127,0.1793530,0.5084853,0.9906811,0.1051436,0.1889271
35.535484856,1791082615.912974596,0,1,0.1925597,0.0020178,-0.0261843,-7.5003080,3.2559392,7.9882650,5.3659301,1.1208022,1.0526875,-0.2122977,-0.1443858,-0.0639226,-0.2536647,0.0418000,-0.0683105,0.0059681,0.0276870,0.0066172,-0.0108307,0.0096846,0.0123987,0.0652166,0.0322550,0.1798812,0.5084776,0.9906819,0.1062744,0.2114644
35.557537795,1791082615.935027361,0,1,0.1954783,0.0183074,-0.0439778,-9.1444855,3.4492142,7.8162656,5.6002550,1.1167279,0.9818705,-0.1398117,-0.1179732,-0.0606206,-0.2058899,-0.0031178,-0.0609389,0.0020213,0.0277672,0.0056114,-0.0098347,0.0097841,0.0131834,0.0682273,0.0325500,0.1805386,0.5084816,0.9906828,0.1078638,0.2434216
35.578444610,1791082615.955934525,0,1,0.2006368,0.0455483,-0.0635914,-10.7860966,3.6293461,7.6790266,5.7090988,1.1252028,0.8527645,-0.0964684,-0.1247735,-0.0331292,-0.1404208,-0.0454062,-0.0645357,-0.0047415,0.0282323,0.0043712,-0.0075853,0.0097727,0.0139129,0.0682651,0.0329612,0.1812189,0.5084732,0.9906837,0.1111720,0.2938417
35.595680981,1791082615.973170757,0,1,0.1925721,0.0699502,-0.0590535,-13.0252628,3.4214213,7.3239064,4.9706287,1.0899832,0.7656102,-0.1281404,-0.3051627,-0.1333604,-0.0941018,-0.1172058,-0.0880031,-0.0137093,0.0291568,0.0032120,-0.0052960,0.0097063,0.0148431,0.0682179,0.0334092,0.1819516,0.5084710,0.9906846,0.1154084,0.3587717
35.618144816,1791082615.995634317,0,1,0.1848776,0.0878341,-0.0371087,-14.3642273,3.5520108,7.4139132,2.6391029,1.0571626,0.6562742,-0.1323562,-0.4403229,-0.2273652,-0.0794903,-0.1947458,-0.0951807,-0.0292513,0.0305251,0.0022503,-0.0026299,0.0096078,0.0153642,0.0695574,0.0336773,0.1824329,0.5084718,0.9906850,0.1202271,0.4223714
35.636680405,1791082616.014169693,0,1,0.1956660,0.0784035,-0.0025262,-13.6968708,4.5174403,5.8011928,-6.9177337,1.0062279,0.5421008,-0.0560949,-0.1059937,0.0466172,-0.0571518,-0.0483285,-0.0795033,-0.0488880,0.0327422,0.0015580,0.0006785,0.0095016,0.0153533,0.0729051,0.0339897,0.1827719,0.5084925,0.9906853,0.1234891,0.5109214
35.657573685,1791082616.035063267,0,1,0.2161610,-0.0035797,0.0305914,-13.0549984,4.7794795,6.0191374,-9.3663092,0.9674493,0.6705700,0.0281376,-0.3797812,0.3113976,-0.2009938,-0.0137862,-0.1577678,-0.0625468,0.0346862,0.0009415,0.0021320,0.0094147,0.0152763,0.0769946,0.0343244,0.1831213,0.5085248,0.9906856,0.1230169,0.5635116
35.678535415,1791082616.056025028,0,1,0.1956497,-0.0505826,-0.0031860,-11.8523045,4.8065305,6.7828321,-10.9365721,0.9079026,0.6476667,0.0027908,-0.5393245,0.4640502,-0.3157528,0.0744844,-0.2388232,-0.0640448,0.0339775,0.0000671,0.0032448,0.0092868,0.0158301,0.0799990,0.0345792,0.1836353,0.5085880,0.9906861,0.1191948,0.5576067
35.697641874,1791082616.075131416,0,1,0.1335542,0.0328555,-0.0442923,-10.0281620,4.2272921,7.6411700,-10.1520844,0.8460573,0.6786654,-0.0209325,-0.0934422,-0.1397627,-0.2964787,-0.0118701,-0.1620243,-0.0565984,0.0303501,-0.0008124,0.0040853,0.0091523,0.0175627,0.0799105,0.0347216,0.1842250,0.5086101,0.9906865,0.1184587,0.5187801
35.717858232,1791082616.095347881,0,1,0.1336123,0.0589030,0.0175493,-9.4001837,4.1773262,7.2088785,-11.0509100,0.8360957,0.4303371,0.0346733,0.0023734,-0.2223978,-0.1679032,-0.0678980,-0.0191452,-0.0449861,0.0273344,-0.0015813,0.0068058,0.0090209,0.0194738,0.0804872,0.0349149,0.1847762,0.5086225,0.9906868,0.1183687,0.4345999
35.736680105,1791082616.114169359,0,1,0.1173899,0.0645952,0.0128997,-7.8895965,4.3365955,6.7394190,-7.9195337,0.7616789,0.4051982,0.0186160,0.0539021,-0.1037625,-0.0214890,-0.0193084,-0.0303927,-0.0349333,0.0224389,-0.0024834,0.0096890,0.0088705,0.0221243,0.0792727,0.0352495,0.1853331,0.5086286,0.9906871,0.1189048,0.3579030
35.758835865,1791082616.136325598,0,1,0.1071591,0.0256626,-0.0226538,-4.6736112,3.8099499,6.6486840,-4.8135047,0.3348764,0.4789220,0.0484789,0.0390394,-0.0770162,-0.0179997,0.0189534,0.0190067,-0.0204603,0.0155092,-0.0040110,0.0097021,0.0087771,0.0244360,0.0783843,0.0356092,0.1858603,0.5086418,0.9906873,0.1164679,0.1005040
35.780753216,1791082616.158242702,1,1,0.1584454,0.0556615,-0.0111397,-0.6168852,3.1078289,6.9534216,-0.7799841,0.4729387,0.6584773,0.0880097,0.1597943,-0.1964019,-0.2363824,0.2047915,0.1358612,-0.0103324,0.0150063,-0.0050409,0.0069995,0.0087740,0.0247806,0.0802158,0.0361109,0.1862666,0.5086565,0.9906874,0.1171824,-0.0194777
35.799489389,1791082616.176978827,0,1,0.1612417,0.0648328,-0.0215559,1.8131219,2.6662283,6.1300797,1.3839606,0.3623081,0.6026580,0.1461586,0.1409520,-0.2010179,-0.2924618,0.4698475,0.1051214,-0.0040079,0.0165100,-0.0059133,0.0033261,0.0087745,0.0244438,0.0828001,0.0365671,0.1866044,0.5086676,0.9906875,0.1199132,0.0138428
35.821193996,1791082616.198683977,1,0,0.1947565,0.0402311,0.0312538,1.5469457,2.6478488,1.6866033,1.5909351,0.5308971,0.6108470,0.1277186,0.0418426,0.0856071,-0.1986443,0.5242696,0.1656625,0.0057052,0.0188732,-0.0067615,0.0023114,0.0087689,0.0237713,0.0861031,0.0368042,0.1866959,0.5086778,0.9906877,0.1226898,0.0279962
35.837657666,1791082616.215147495,1,0,0.2583179,0.0519104,-0.0674267,2.6922002,2.7700727,0.1746974,1.8070134,0.4530355,0.5644382,0.1470204,0.0730708,0.0794149,-0.0830716,0.4021022,0.1225854,0.0075741,0.0171622,-0.0080981,0.0018388,0.0087190,0.0233600,0.0835717,0.0374049,0.1869919,0.5086966,0.9906879,0.1254183,0.0803427
35.858766122,1791082616.236255884,1,0,0.2943001,0.0116145,-0.1193213,3.1756525,2.9810994,-3.3627617,2.3453479,0.3954061,0.5364956,0.1008971,0.0001170,-0.0486639,-0.0410531,0.2036652,0.0586057,0.0048297,0.0107893,-0.0095373,0.0010245,0.0086104,0.0238140,0.0745678,0.0383513,0.1876213,0.5087271,0.9906882,0.1249958,0.1473444
35.878461564,1791082616.255951166,1,0,0.3135684,-0.0021126,-0.1233634,4.4101653,4.0941401,-6.6455274,3.1189890,0.3991262,0.3011768,0.1148900,0.0397634,-0.1082381,-0.0520325,0.1492051,0.0336548,0.0032173,0.0027663,-0.0109857,-0.0023617,0.0085115,0.0244088,0.0653820,0.0394906,0.1883478,0.5088323,0.9906884,0.1230239,0.2131486
35.898645249,1791082616.276134729,1,0,0.2841580,-0.0086633,-0.0907179,4.6148849,4.2150269,-9.7893505,3.8078918,0.8262838,0.2959138,0.1008171,0.0345344,-0.0853457,-0.0339303,0.0877499,-0.0334475,0.0048766,0.0006492,-0.0122060,-0.0062132,0.0084485,0.0242410,0.0620432,0.0403427,0.1887656,0.5089259,0.9906886,0.1217431,0.2664148
35.920612970,1791082616.298102379,1,0,0.2540644,0.0013113,-0.0865223,4.7627254,3.7456601,-11.5793610,4.4745722,0.8764107,0.1347950,0.0952049,0.0414721,-0.0685466,-0.0372636,0.0729997,-0.0861298,0.0071073,-0.0008887,-0.0134491,-0.0083648,0.0083986,0.0240650,0.0578154,0.0408591,0.1891097,0.5089624,0.9906888,0.1223678,0.2728508
35.938484278,1791082616.315973520,1,0,0.2391095,0.0095868,-0.0717674,4.8254166,3.2503059,-12.8519001,5.5825419,0.4832241,0.0925880,0.1059719,0.0425842,-0.0597426,-0.0076175,0.0695860,-0.1213628,0.0119101,-0.0034784,-0.0151684,-0.0097866,0.0083621,0.0238935,0.0536707,0.0411637,0.1893726,0.5089774,0.9906889,0.1222703,0.1931942
35.957534799,1791082616.335024118,1,0,0.2346463,-0.0012015,-0.0648985,4.6654229,3.0219157,-13.1855164,5.1002178,0.2314393,0.0784253,0.0816721,0.0417039,0.0381781,0.0346339,0.0507969,-0.1120229,0.0142612,-0.0059872,-0.0169219,-0.0101931,0.0083256,0.0237468,0.0491183,0.0413871,0.1896042,0.5089851,0.9906890,0.1217249,0.1058981
35.979456214,1791082616.356945992,1,0,0.2034014,-0.0172487,-0.0524853,4.5244322,3.0710719,-12.0255909,4.8971314,0.2842155,0.1413918,0.0497479,0.1123559,0.0748009,0.0496413,0.0647210,-0.1197821,0.0164805,-0.0075225,-0.0191119,-0.0098846,0.0083131,0.0234985,0.0459009,0.0415343,0.1897725,0.5090079,0.9906890,0.1207083,0.0083063
36.000545982,1791082616.378035784,1,0,0.1950149,-0.0328405,-0.0280056,4.6846652,3.2233188,-12.2357254,5.1346703,0.2398301,0.1908956,-0.0048892,0.1428506,0.0648107,0.0733041,0.0296460,-0.1402069,0.0169319,-0.0081176,-0.0213409,-0.0095514,0.0083138,0.0232596,0.0440194,0.0416699,0.1899503,0.5090308,0.9906891,0.1191423,-0.0770654
36.022409859,1791082616.399899483,1,0,0.1959732,-0.0396845,-0.0110990,4.8957248,3.1605310,-12.8742638,5.3246050,0.2678120,0.2308733,-0.0238420,0.1398368,0.0695910,0.0741215,0.0123296,-0.1486164,0.0177147,-0.0075251,-0.0235021,-0.0095167,0.0083208,0.0230145,0.0437640,0.0418053,0.1901365,0.5090499,0.9906892,0.1174203,-0.1471026
36.038494186,1791082616.415983438,1,0,0.1966144,-0.0364777,-0.0007762,5.2061939,2.9443221,-12.9405746,5.4646230,0.3799464,0.2666951,-0.0257816,0.1154121,0.0700925,0.0727955,0.0231964,-0.1363369,0.0175124,-0.0068513,-0.0254196,-0.0100084,0.0083359,0.0227816,0.0438662,0.0419385,0.1903603,0.5090664,0.9906892,0.1161957,-0.2013026
36.058147675,1791082616.435637236,1,0,0.1938877,-0.0356899,-0.0000680,5.2659259,2.4606845,-13.4710197,5.4963942,0.5022728,0.3319896,-0.0194539,0.0863848,0.0706798,0.0759764,0.0187947,-0.1018642,0.0175988,-0.0064645,-0.0275254,-0.0105540,0.0083556,0.0225665,0.0438432,0.0420655,0.1905803,0.5090832,0.9906893,0.1147946,-0.2464101
36.078000947,1791082616.455490112,1,0,0.1962553,-0.0367762,-0.0088452,5.3839569,1.9322047,-13.5662251,5.5327549,0.5580819,0.3829783,-0.0314260,0.0834254,0.0874407,0.0954066,0.0140571,-0.0892316,0.0176570,-0.0069366,-0.0297327,-0.0111527,0.0083854,0.0223981,0.0429112,0.0421767,0.1908392,0.5090981,0.9906893,0.1128015,-0.2950021
36.102680772,1791082616.480170488,1,0,0.1894929,-0.0258079,-0.0214973,5.6555338,0.4657207,-14.0070305,5.7959881,0.5499135,0.3583385,-0.0241191,0.0308751,0.0866079,0.1039417,-0.0123321,-0.0697655,0.0178533,-0.0084982,-0.0326922,-0.0117916,0.0084188,0.0223205,0.0412456,0.0422838,0.1911133,0.5091103,0.9906894,0.1085777,-0.3587281
36.120729430,1791082616.498219013,1,0,0.1892374,-0.0163714,-0.0213203,6.0945125,-3.0958889,-14.3163567,6.1805887,0.5718200,0.2842911,-0.0145177,-0.0102957,0.0570177,0.0912039,-0.0503841,-0.0533109,0.0184567,-0.0107777,-0.0365600,-0.0125828,0.0084671,0.0222620,0.0391385,0.0423994,0.1913675,0.5091227,0.9906895,0.1032655,-0.4164984
36.142523321,1791082616.520012856,1,0,0.1894919,-0.0101458,-0.0119572,6.2699480,-5.9692678,-11.3030329,6.2903066,0.5810784,0.2716635,0.0014873,0.0408495,0.0308000,0.0353331,-0.1596237,0.0022190,0.0199490,-0.0123853,-0.0397954,-0.0140297,0.0085424,0.0221716,0.0388041,0.0425147,0.1915970,0.5091480,0.9906895,0.0979522,-0.4713158
36.160520842,1791082616.538010359,1,0,0.1942304,-0.0262467,-0.0138774,6.5420041,-7.1554165,-10.1063957,6.1628990,0.4957880,0.3745730,0.1297052,0.4279885,-0.0836947,-0.0432084,-0.5868453,0.1216146,0.0215306,-0.0136434,-0.0418569,-0.0160251,0.0086249,0.0220478,0.0393473,0.0426603,0.1918067,0.5091794,0.9906896,0.0924018,-0.5028600
36.179540066,1791082616.557030201,1,0,0.1609023,-0.0317290,-0.0313097,6.6366158,-7.7721524,-4.6662440,5.7342610,0.4482207,0.4116621,0.1002543,0.4970421,-0.1632756,-0.1756810,-0.8123775,0.1931592,0.0220581,-0.0140846,-0.0384795,-0.0186487,0.0087240,0.0220202,0.0411940,0.0428875,0.1921672,0.5092109,0.9906896,0.0864911,-0.4964601
36.202631574,1791082616.580121279,1,0,0.1242978,-0.0099872,-0.0550840,6.8715291,-7.7020802,-0.3219292,5.6565418,0.3780330,0.3266647,0.0817043,0.7033736,-0.0285805,-0.3178758,-0.8252074,0.3334388,0.0228129,-0.0149540,-0.0327949,-0.0201064,0.0088364,0.0221790,0.0419250,0.0431023,0.1925083,0.5092282,0.9906897,0.0829475,-0.4700428
36.222984481,1791082616.600474596,1,0,0.1263713,-0.0210287,-0.0182301,6.4707837,-8.2456341,3.4460316,5.7032270,0.3103257,0.3443516,0.1235318,0.4108538,-0.2624985,-0.2161085,-0.7171290,0.3954436,0.0239368,-0.0172109,-0.0261662,-0.0190295,0.0089488,0.0224423,0.0397182,0.0432003,0.1925433,0.5092409,0.9906898,0.0788116,-0.4589844
36.241473093,1791082616.618962765,1,0,0.1267690,-0.0511784,0.0122346,6.3706145,-8.5435896,2.7215481,6.5015111,0.2802099,0.2764094,0.0288001,0.0168909,-0.2040669,-0.0566805,-0.1017958,0.1022327,0.0229470,-0.0184403,-0.0186112,-0.0176866,0.0090881,0.0227051,0.0366833,0.0432607,0.1926433,0.5092642,0.9906898,0.0731281,-0.4298324
36.261433281,1791082616.638923407,1,0,0.1436125,-0.0970721,0.1019344,5.5439878,-8.6600580,4.0363894,6.6474924,0.2993927,0.4564057,0.0354297,0.0018364,-0.0565736,-0.0244958,0.0111477,0.0459924,0.0209777,-0.0147344,-0.0118628,-0.0169558,0.0092018,0.0226705,0.0383877,0.0433110,0.1926473,0.5092791,0.9906899,0.0663286,-0.4225692
36.279909188,1791082616.657398701,1,0,0.1466495,-0.1126446,0.1441184,4.7236152,-6.9782939,3.8800116,6.8007536,0.4129474,0.5470239,0.0412245,-0.0142328,-0.0430885,-0.0270334,0.0158110,0.0397250,0.0194460,-0.0104798,-0.0073483,-0.0167214,0.0092844,0.0225158,0.0409690,0.0433980,0.1926091,0.5092894,0.9906899,0.0597413,-0.4161130
36.300405525,1791082616.677894592,1,0,0.1678696,-0.1059921,0.0921705,4.8228402,0.6415260,4.3811774,6.6435385,0.4423268,0.6497394,0.0084967,-0.0457025,-0.0572526,-0.0441808,0.0008392,-0.0057039,0.0177720,-0.0061512,-0.0042717,-0.0162743,0.0093583,0.0222843,0.0439034,0.0434895,0.1924887,0.5093033,0.9906899,0.0528507,-0.3877299
36.321688323,1791082616.699177742,1,0,0.1479892,-0.0811933,0.0138171,5.0292759,-3.3481226,4.1729445,6.5874653,0.5296052,0.7026461,-0.0115681,-0.0364326,-0.0311062,-0.0549604,0.0144307,0.0184010,0.0156264,-0.0024616,-0.0015698,-0.0163738,0.0094480,0.0221876,0.0468828,0.0436048,0.1925216,0.5093205,0.9906900,0.0471290,-0.3432209
36.339562959,1791082616.717052221,1,1,0.1722030,-0.0290801,-0.0083208,4.4896140,1.4056242,5.3676310,6.2772093,0.6206790,0.8344023,-0.0347205,-0.0718914,-0.0605351,-0.0556019,0.0388790,0.0028448,0.0137864,0.0013055,0.0012077,-0.0168912,0.0095360,0.0219776,0.0502796,0.0437385,0.1925143,0.5093407,0.9906901,0.0428453,-0.3061544
36.360527858,1791082616.738017797,1,1,0.1934061,-0.0022672,-0.0432287,4.9626832,1.6597811,5.5570941,6.2520533,0.5785364,0.7849644,-0.0277284,-0.0649046,-0.0895278,-0.0546350,0.0611075,-0.0019304,0.0131862,0.0032731,0.0029313,-0.0175361,0.0096365,0.0218578,0.0521701,0.0438693,0.1925469,0.5093635,0.9906901,0.0403621,-0.2760850
36.380323560,1791082616.757813454,1,1,0.1984399,-0.0236620,-0.0599283,4.7332106,2.7172904,5.3871408,6.4460030,0.5536996,0.8542067,-0.0275829,-0.0837852,-0.1540012,-0.0547241,0.0508112,-0.0144351,0.0119409,0.0043677,0.0039798,-0.0178968,0.0097304,0.0218119,0.0533234,0.0439750,0.1926234,0.5094028,0.9906902,0.0366314,-0.2507386
36.403392251,1791082616.780881882,1,1,0.1923186,-0.0269836,-0.0310295,4.9773049,2.8755493,5.1503081,6.7402697,0.5355570,0.8183140,-0.0199262,-0.0807118,-0.1677499,-0.0634696,0.0284927,-0.0164099,0.0108711,0.0061076,0.0052076,-0.0176519,0.0098332,0.0217033,0.0551007,0.0440394,0.1926638,0.5094445,0.9906902,0.0338436,-0.2101889
36.420259073,1791082616.797747850,0,1,0.1878603,-0.0249939,-0.0356537,5.1098561,3.0413699,5.9862151,7.2834387,0.5922776,0.7421254,-0.0276027,-0.0822136,-0.1595673,-0.1124107,0.0082744,-0.0092708,0.0085903,0.0071538,0.0060088,-0.0172445,0.0099429,0.0216955,0.0556187,0.0441005,0.1927772,0.5094938,0.9906903,0.0309934,-0.1680662
36.439574820,1791082616.817063332,1,1,0.1909644,-0.0137908,-0.0445605,5.0981646,2.9781642,6.1939564,7.5913734,0.6072714,0.7937691,-0.0416147,-0.1085780,-0.2507611,-0.1767650,-0.0032326,0.0274802,0.0051378,0.0072705,0.0065779,-0.0169169,0.0100501,0.0217594,0.0551989,0.0442036,0.1929452,0.5095708,0.9906904,0.0288322,-0.1019005
36.459609603,1791082616.837098598,1,1,0.2044653,-0.0067133,-0.0320727,4.7142205,2.9569054,6.6808767,7.3033228,0.4492158,0.8169953,-0.0502321,-0.1341474,-0.2446532,-0.2161436,-0.0117337,0.0768018,0.0024242,0.0083977,0.0074178,-0.0166109,0.0101439,0.0216603,0.0568044,0.0443334,0.1930071,0.5096593,0.9906904,0.0279785,-0.0407998
36.479606112,1791082616.857095003,1,1,0.1866947,-0.0049755,-0.0128248,3.8016562,2.9091122,7.1584573,6.7413769,0.4786528,0.8171891,-0.1020150,-0.2285818,-0.3073559,-0.2614039,-0.0347113,0.1412062,0.0005724,0.0104325,0.0086446,-0.0163428,0.0102328,0.0214053,0.0607128,0.0444613,0.1929932,0.5097451,0.9906905,0.0281770,0.0126822
36.499603902,1791082616.877092838,1,1,0.1593233,-0.0080425,0.0173354,2.8111901,3.0392091,7.4073319,6.6817913,0.6124811,0.7459135,-0.0941964,-0.2407871,-0.5514455,-0.2606123,-0.0613749,0.1545391,-0.0005861,0.0121676,0.0089829,-0.0158094,0.0103330,0.0211908,0.0646753,0.0445522,0.1930143,0.5098309,0.9906905,0.0285877,0.0679941
36.519685119,1791082616.897174358,0,1,0.1576712,-0.0119518,0.0165799,0.2241906,3.4918830,7.8587594,6.4065700,0.7222371,0.6361728,-0.0899437,-0.2813274,-0.7226226,-0.2494321,-0.1110083,0.2097023,-0.0017750,0.0135643,0.0090944,-0.0150537,0.0104046,0.0210948,0.0675794,0.0446331,0.1930656,0.5099089,0.9906906,0.0297561,0.1041997
36.540084780,1791082616.917573929,0,1,0.1611958,-0.0082269,0.0139211,-4.3850112,3.6295211,8.0995846,5.8951445,0.7433740,0.6480381,-0.0558090,-0.2053364,-0.7223408,-0.2262290,-0.1187360,0.2195255,-0.0045312,0.0150409,0.0088367,-0.0143383,0.0104226,0.0210793,0.0701674,0.0447301,0.1931046,0.5099732,0.9906906,0.0316322,0.1185506
36.560302418,1791082616.937791348,0,1,0.1865801,-0.0001927,-0.0049920,-9.4452667,3.9125409,8.3826294,5.4441848,0.8047235,0.6578227,-0.0382890,-0.1172898,-0.4583984,-0.1860467,-0.0854229,0.1183937,-0.0105068,0.0163952,0.0083643,-0.0133760,0.0103612,0.0212122,0.0718704,0.0448452,0.1931746,0.5100211,0.9906907,0.0346510,0.1167791
36.579686744,1791082616.957175732,0,1,0.1942852,0.0140818,-0.0099506,-11.4177246,3.9396050,8.3103867,5.3741989,0.8617375,0.6895849,-0.0865161,-0.2172842,-0.3286333,-0.1245041,-0.0871004,0.0848350,-0.0205052,0.0180687,0.0078459,-0.0117899,0.0102544,0.0217366,0.0746134,0.0448712,0.1933583,0.5100465,0.9906907,0.0394558,0.1095088
36.600612729,1791082616.978101969,0,1,0.1819124,0.0399610,-0.0073312,-12.2326145,3.6740148,7.7901344,4.7071671,0.8680109,0.6528248,-0.1652357,-0.5537659,-0.3212390,-0.0843352,-0.1773009,0.1244667,-0.0313432,0.0198136,0.0070470,-0.0097766,0.0101378,0.0223045,0.0775807,0.0449043,0.1935955,0.5100669,0.9906907,0.0455611,0.1077654
36.620431343,1791082616.997921944,0,1,0.1797781,0.0631796,-0.0220691,-13.9810038,3.4118774,7.8717985,4.3046770,0.8394841,0.6802285,-0.2143754,-0.7759998,-0.3209612,-0.0762897,-0.3439067,0.1662381,-0.0418319,0.0216939,0.0059185,-0.0082039,0.0100183,0.0227789,0.0814240,0.0449853,0.1938974,0.5100904,0.9906907,0.0525684,0.1202234
36.640518993,1791082617.018008471,0,1,0.1792418,0.0880196,-0.0582819,-15.1635122,3.9996848,7.2101855,-2.2760377,0.7840118,0.6116910,-0.1730058,-0.5481896,-0.2871174,-0.0780641,-0.3083256,0.1358629,-0.0553344,0.0231437,0.0043078,-0.0075756,0.0098949,0.0233552,0.0845775,0.0450772,0.1942720,0.5101383,0.9906908,0.0590411,0.1584998
36.660406572,1791082617.037895918,0,1,0.2121613,0.0403036,0.0037814,-15.1397390,4.6801391,5.5433168,-9.9516621,0.6760118,0.6142162,-0.0830089,-0.4355945,0.2833232,-0.1717508,-0.1979261,-0.0213674,-0.0677732,0.0261489,0.0034366,-0.0068087,0.0098309,0.0230569,0.0907122,0.0453023,0.1942267,0.5101852,0.9906908,0.0635939,0.2474028
36.681586296,1791082617.059075594,0,1,0.2240534,-0.0640553,0.0442032,-15.5916471,4.9779954,6.2086878,-10.7761955,0.5276408,0.7065881,-0.2221502,-0.8690165,0.9581550,-0.3010527,-0.2260079,-0.1763431,-0.0733984,0.0294402,0.0028467,-0.0051671,0.0097554,0.0225871,0.0968180,0.0455133,0.1940793,0.5102339,0.9906909,0.0644674,0.3890544
36.700728598,1791082617.078217745,0,1,0.1907512,-0.0060130,-0.0193920,-13.8664875,4.6646171,6.4850721,-12.0460730,0.4130957,0.7943293,-0.1730772,-0.2867431,0.6505116,-0.3389562,-0.0225253,-0.2104613,-0.0588845,0.0306773,0.0016081,-0.0051570,0.0096503,0.0225554,0.1009327,0.0455701,0.1942549,0.5103008,0.9906909,0.0667609,0.4848361
36.720741845,1791082617.098231077,0,1,0.1536984,0.0382535,-0.0208942,-13.0599623,4.1300874,7.7546320,-8.7799950,0.4296243,0.9332030,-0.2424500,-0.0286693,0.3711038,-0.2982970,-0.0312746,-0.1720193,-0.0472598,0.0309099,0.0007323,-0.0044670,0.0095228,0.0230133,0.1027268,0.0455821,0.1945471,0.5103362,0.9906910,0.0706137,0.5460478
36.741581908,1791082617.119071245,0,1,0.1697149,0.0383702,-0.0149006,-9.7537680,4.5909796,7.0649390,-11.9818716,0.4133543,0.5364428,-0.0187816,0.0136390,0.0264022,-0.1515722,-0.0726127,-0.0128538,-0.0307474,0.0291519,-0.0000568,-0.0032094,0.0093563,0.0243937,0.1029073,0.0456181,0.1949132,0.5103675,0.9906911,0.0733704,0.5136537
36.760748115,1791082617.138237476,0,1,0.1492004,0.0239564,-0.0282876,-7.0391145,4.6291528,7.0293980,-4.7247314,0.1752001,0.4875512,0.0181050,0.0639761,-0.0641085,-0.0667052,-0.0186299,-0.0093689,-0.0182905,0.0205704,-0.0009176,-0.0031522,0.0091647,0.0289929,0.0931044,0.0457293,0.1955124,0.5103886,0.9906911,0.0759096,0.3692573
36.783290291,1791082617.160780191,0,0,0.1740963,0.0246154,-0.0173176,-4.7501454,4.2306457,7.7677584,-2.2494807,0.2367427,0.5929322,0.0764853,0.1102214,-0.1100782,-0.1083204,0.0617120,0.0769227,-0.0053529,0.0141334,-0.0030734,-0.0017761,0.0089882,0.0319762,0.0868682,0.0458940,0.1957435,0.5104445,0.9906911,0.0761857,0.1393485
36.800151386,1791082617.177640200,1,1,0.2047534,0.0428644,0.0665642,-0.5441696,3.5379288,7.4619055,-0.2923809,0.5121114,0.6611017,0.0854583,0.1655347,-0.0729347,-0.1307887,0.1510968,0.1607631,0.0108033,0.0150729,-0.0046536,-0.0011272,0.0089363,0.0317121,0.0912251,0.0460426,0.1953701,0.5104739,0.9906911,0.0792706,-0.0387044
36.821522989,1791082617.199012280,1,0,0.1740623,-0.0007250,0.1264336,0.9645424,2.7470994,6.2977276,1.1282940,0.7883075,0.6255068,0.0344975,0.2044934,0.0582752,-0.1195909,0.5551414,0.3350030,0.0167199,0.0174235,-0.0057501,0.0009172,0.0089059,0.0310741,0.0958683,0.0461095,0.1946683,0.5104938,0.9906911,0.0811693,-0.1008680
36.840749710,1791082617.218239307,1,0,0.2010680,0.0316902,-0.0072419,1.7021445,2.5103960,0.5817859,1.6520985,0.5440242,0.4939455,0.1997566,0.2073826,0.0315275,-0.0680654,0.5857130,0.2739011,0.0158213,0.0175545,-0.0074347,0.0006025,0.0088708,0.0306606,0.0986248,0.0463219,0.1943966,0.5105575,0.9906911,0.0859005,-0.0269176
36.860775214,1791082617.238265276,1,0,0.2410792,0.0409413,-0.0664013,2.7474861,3.0215857,-0.4239538,1.7731715,0.5986086,0.5092323,0.2577070,0.2560658,0.0188509,-0.0244563,0.5544640,0.2446931,0.0133719,0.0147713,-0.0091607,-0.0005559,0.0088068,0.0307787,0.0938527,0.0466569,0.1942676,0.5106409,0.9906911,0.0914599,0.0742412
36.883009731,1791082617.260499716,1,0,0.3008552,-0.0166188,-0.1009078,3.4249148,3.5070450,-5.0476599,2.5513930,0.6765718,0.4629933,0.3363061,0.1879249,-0.2459026,-0.0118521,0.5260596,0.2138049,0.0067896,0.0100033,-0.0108048,-0.0025192,0.0087032,0.0312245,0.0878783,0.0470986,0.1941102,0.5108157,0.9906912,0.0912961,0.1557132
36.900787564,1791082617.278276920,1,0,0.3012348,-0.0257190,-0.0829637,4.2136512,4.2697902,-8.0254946,3.0544133,0.8001771,0.3665929,0.1606595,0.1530155,-0.0825421,-0.0325833,0.3341588,0.1220492,0.0065683,0.0077909,-0.0120592,-0.0065635,0.0086286,0.0311729,0.0895855,0.0475523,0.1938797,0.5109642,0.9906912,0.0898280,0.2160714
36.923407951,1791082617.300897837,1,0,0.2535698,-0.0267575,-0.0873683,4.5866036,4.4139781,-9.2628994,3.3364077,0.9964848,0.3471994,0.0959549,0.0830782,-0.0944332,-0.0395146,0.1898644,-0.0030917,0.0092415,0.0043572,-0.0133086,-0.0106486,0.0085711,0.0312151,0.0885189,0.0478488,0.1938675,0.5110433,0.9906912,0.0884161,0.2587696
36.941545863,1791082617.319035530,1,0,0.2208290,-0.0022613,-0.0875436,4.7945294,3.8284330,-9.6093636,4.6303186,0.8971836,0.3469271,0.1325906,0.0788576,-0.0210987,-0.0728832,0.2536946,-0.0803848,0.0145588,0.0007194,-0.0149985,-0.0133584,0.0085233,0.0310971,0.0856846,0.0480060,0.1938921,0.5111147,0.9906912,0.0869585,0.2624260
36.960774632,1791082617.338264465,1,0,0.2230610,0.0161865,-0.0747276,4.6652513,3.2270334,-12.0231400,5.4450092,0.7084600,0.2960692,0.1680388,0.0536125,0.0450645,-0.0811615,0.2144510,-0.1885017,0.0188516,-0.0035740,-0.0170214,-0.0149662,0.0084760,0.0309904,0.0809429,0.0480983,0.1939626,0.5111805,0.9906912,0.0856428,0.2213632
36.983096800,1791082617.360586166,1,0,0.2158866,0.0027054,-0.0697335,4.3442636,3.0639045,-13.3038645,5.0849657,0.6856647,0.2554066,0.1873696,0.2810070,0.1745571,-0.1163834,0.2984103,-0.3085029,0.0206187,-0.0068818,-0.0187843,-0.0150164,0.0084220,0.0307954,0.0766993,0.0481605,0.1939652,0.5112381,0.9906912,0.0850444,0.1777341
37.001486881,1791082617.378976822,1,0,0.1946968,0.0020007,-0.0456471,4.1758790,3.0022175,-12.2416773,5.1985302,0.5662124,0.2711889,0.0205177,0.2431390,0.1665756,-0.0900690,0.1215072,-0.2332058,0.0204055,-0.0092196,-0.0206235,-0.0142848,0.0083749,0.0305376,0.0735951,0.0481960,0.1939706,0.5112815,0.9906912,0.0853190,0.1185778
37.023013722,1791082617.400503874,1,0,0.1910703,-0.0107598,-0.0277338,4.3039389,3.0760114,-12.1181469,5.4410396,0.5351914,0.3282309,-0.0184732,0.1884710,0.1334195,-0.0768066,0.0857485,-0.1801229,0.0171229,-0.0109464,-0.0224132,-0.0132563,0.0083347,0.0302660,0.0716878,0.0482196,0.1939880,0.5113201,0.9906912,0.0855097,0.0565680
37.044630199,1791082617.422119617,1,0,0.1889986,-0.0105900,-0.0204922,4.5831618,3.1280320,-12.1585960,5.5239606,0.4875101,0.3858335,-0.0012030,0.0836070,0.1040563,-0.0384238,0.0452562,-0.1285804,0.0135717,-0.0120640,-0.0242107,-0.0124228,0.0083051,0.0299487,0.0707233,0.0482414,0.1939607,0.5113612,0.9906912,0.0863285,-0.0010608
37.062464739,1791082617.439954758,1,0,0.1948901,-0.0196014,-0.0157611,4.8183627,2.8041046,-12.2241983,5.6845560,0.5476826,0.4074343,0.0060149,0.0299501,0.0957418,-0.0107794,0.0258252,-0.0980038,0.0095766,-0.0134864,-0.0262175,-0.0117548,0.0082755,0.0296842,0.0696577,0.0482632,0.1939551,0.5114018,0.9906912,0.0858979,-0.0617808
37.083806325,1791082617.461296082,1,0,0.1967715,-0.0227592,-0.0165509,4.9502721,2.4672353,-12.2920551,5.7130980,0.5808806,0.4558966,-0.0031057,0.0158785,0.0918307,0.0186515,0.0102587,-0.0795200,0.0069007,-0.0153144,-0.0284260,-0.0112363,0.0082496,0.0294366,0.0686392,0.0482781,0.1939665,0.5114404,0.9906912,0.0851751,-0.1282393
37.105326862,1791082617.482816458,1,0,0.2027619,-0.0185917,-0.0239800,5.2574029,2.1253629,-12.8301153,5.9656868,0.6152440,0.4526241,-0.0114796,-0.0005052,0.0973149,0.0506985,-0.0062943,-0.0619296,0.0041623,-0.0186381,-0.0309274,-0.0109462,0.0082266,0.0292847,0.0663491,0.0482958,0.1939945,0.5114791,0.9906912,0.0834999,-0.1932236
37.124512590,1791082617.502002001,1,0,0.2047423,-0.0078861,-0.0326749,5.6331058,1.0777791,-13.4785004,6.2477798,0.6409389,0.4250331,-0.0188032,-0.0227358,0.0951137,0.0754774,-0.0346291,-0.0446620,0.0025952,-0.0239742,-0.0342688,-0.0106265,0.0082102,0.0291998,0.0626288,0.0483042,0.1940680,0.5115255,0.9906912,0.0818648,-0.2587847
37.142640357,1791082617.520130396,1,0,0.1960114,0.0042983,-0.0336544,5.9541931,-1.7322435,-12.5268993,6.5461407,0.6916690,0.3965636,-0.0378467,-0.0491222,0.0928286,0.0837277,-0.0666793,-0.0112357,0.0017218,-0.0302903,-0.0384284,-0.0101125,0.0082117,0.0291273,0.0579915,0.0483198,0.1940309,0.5115774,0.9906912,0.0790840,-0.3132485
37.163234235,1791082617.540723562,1,0,0.1884157,0.0063145,-0.0269749,6.1694064,-5.0565348,-10.1743193,6.6508808,0.6661272,0.4152292,-0.0627605,-0.0614034,0.0888636,0.0450105,-0.1500890,0.0796339,0.0012275,-0.0354476,-0.0422808,-0.0099302,0.0082336,0.0289485,0.0547152,0.0483398,0.1938845,0.5116316,0.9906912,0.0757542,-0.3569847
37.183881778,1791082617.561371088,1,0,0.1882215,-0.0099676,-0.0274156,6.4900093,-6.3411636,-8.4697723,6.5536728,0.5894407,0.4996187,-0.0482564,0.0957802,0.1291184,-0.0288967,-0.5455239,0.2278483,0.0010740,-0.0380401,-0.0448780,-0.0109067,0.0082707,0.0286437,0.0534959,0.0483924,0.1936111,0.5116961,0.9906912,0.0727397,-0.3771091
37.202860714,1791082617.580350161,1,0,0.1619220,-0.0203844,-0.0419229,6.4682231,-7.4878550,-4.6268039,6.1640587,0.5898159,0.5335966,-0.0866069,0.1407003,0.0944624,-0.1259953,-0.8497363,0.3092340,0.0009868,-0.0403516,-0.0437406,-0.0130858,0.0083307,0.0283001,0.0530143,0.0485054,0.1933923,0.5117580,0.9906912,0.0697769,-0.3628080
37.223522882,1791082617.601012468,1,0,0.1282885,-0.0023344,-0.0622540,6.6803627,-8.0719986,0.0328350,6.2029133,0.6095002,0.4246301,-0.0769404,0.2393812,-0.0023119,-0.2485670,-0.8541772,0.3130286,0.0020722,-0.0458261,-0.0388203,-0.0146213,0.0084014,0.0281529,0.0488658,0.0486296,0.1931939,0.5118036,0.9906912,0.0684784,-0.3146127
37.244600714,1791082617.622090340,1,0,0.1185431,0.0013099,-0.0253378,6.4289193,-7.6669927,3.2827544,6.4524226,0.5537112,0.4212451,-0.0878141,0.1139234,-0.2664310,-0.2214985,-0.8241204,0.3399619,0.0058128,-0.0490858,-0.0308038,-0.0140996,0.0084842,0.0280560,0.0436725,0.0486145,0.1928372,0.5118331,0.9906912,0.0669836,-0.2928547
37.264799985,1791082617.642289639,1,0,0.1039741,-0.0240354,0.0376590,6.0103507,-9.0513248,2.6814523,6.4494133,0.4352998,0.4086597,-0.0449361,0.0397478,-0.3334182,-0.0685944,-0.2277690,0.1601996,0.0079713,-0.0459146,-0.0222101,-0.0127543,0.0085647,0.0279141,0.0429738,0.0485528,0.1924941,0.5118458,0.9906912,0.0646527,-0.2927686
37.283323095,1791082617.660812855,1,0,0.1343278,-0.0716033,0.1170604,5.2315841,-9.0437679,4.0711093,7.0703335,0.4013543,0.5243052,0.0070854,-0.0004318,-0.0764756,-0.0088194,-0.0118205,0.0390581,0.0073630,-0.0392599,-0.0128003,-0.0112906,0.0086132,0.0276853,0.0442445,0.0484915,0.1922020,0.5118499,0.9906912,0.0604187,-0.3406616
37.301821628,1791082617.679310560,1,0,0.1307697,-0.0969677,0.1187528,4.4648175,-7.7647200,3.7364564,7.0015650,0.4207046,0.7448739,0.0079944,0.0002747,-0.0283352,0.0103045,0.0136008,0.0455453,0.0060254,-0.0332296,-0.0071798,-0.0098382,0.0086409,0.0275356,0.0454732,0.0484514,0.1919266,0.5118520,0.9906912,0.0554553,-0.4208934
37.325146171,1791082617.702636003,1,0,0.1774873,-0.0965833,0.0761218,4.4252849,-0.4774370,4.5229545,6.5985870,0.4810733,0.8274348,0.0069103,-0.0440735,-0.0360213,0.0140768,0.0128732,0.0212747,0.0025876,-0.0259263,-0.0028805,-0.0088750,0.0086666,0.0272412,0.0474141,0.0484319,0.1915024,0.5118567,0.9906912,0.0487223,-0.4570984
37.342601688,1791082617.720091105,1,0,0.1656667,-0.0727089,-0.0176728,4.7939491,-2.4625742,4.2879214,6.6193008,0.5266193,0.8470778,-0.0081461,-0.0558646,-0.0534178,-0.0081295,0.0254179,0.0289425,-0.0008772,-0.0241202,-0.0011258,-0.0090555,0.0087593,0.0272509,0.0475205,0.0483905,0.1913161,0.5118703,0.9906912,0.0424505,-0.4424448
37.363832198,1791082617.741321802,1,0,0.1553850,-0.0009203,-0.0002727,4.4399877,0.3835442,5.1096468,5.7856030,0.6451540,0.9035417,-0.0241061,-0.0679833,-0.0936242,-0.0216617,0.0294100,0.0211436,-0.0026848,-0.0202374,0.0016929,-0.0101250,0.0088673,0.0269328,0.0489755,0.0484130,0.1909849,0.5118845,0.9906912,0.0386493,-0.4043318
37.385463107,1791082617.762952805,1,0,0.1279595,0.0405522,0.0182960,4.7817817,-1.2760146,5.0660281,6.5780921,0.6249225,0.7691668,-0.0282496,-0.0405367,-0.0673439,-0.0325087,0.0304449,0.0323523,-0.0014576,-0.0172501,0.0037681,-0.0114949,0.0089618,0.0265339,0.0506994,0.0484336,0.1906435,0.5118932,0.9906912,0.0365577,-0.3899030
37.405303324,1791082617.782792330,1,0,0.1208498,0.0037969,0.0109546,4.6496596,-0.2853024,4.6997819,6.8982463,0.5340199,0.8376646,-0.0247553,-0.0542112,-0.0858391,-0.0334452,0.0283347,0.0308193,0.0001495,-0.0140854,0.0039046,-0.0126632,0.0090305,0.0262953,0.0522785,0.0484581,0.1903080,0.5118998,0.9906912,0.0330824,-0.4077812
37.425222872,1791082617.802712679,1,0,0.1358482,-0.0048561,0.0355747,5.2710986,0.9902120,4.7011914,7.2572002,0.5953342,0.8500606,-0.0251841,-0.0687446,-0.1127118,-0.0415307,0.0229342,0.0178471,0.0019854,-0.0113134,0.0036013,-0.0131080,0.0091083,0.0260363,0.0539713,0.0484508,0.1899838,0.5119066,0.9906912,0.0294807,-0.4173898
37.444592798,1791082617.822082758,0,0,0.1370734,-0.0122963,0.0345657,5.4021568,1.6887736,4.8862357,7.6312876,0.6962814,0.8695749,-0.0517070,-0.0855692,-0.1909726,-0.1197972,0.0021932,0.0032431,0.0030280,-0.0083359,0.0038749,-0.0133345,0.0091922,0.0258079,0.0552972,0.0484434,0.1897354,0.5119121,0.9906912,0.0258653,-0.4366232
37.465211477,1791082617.842701674,1,0,0.1298395,-0.0035245,0.0004991,5.3147774,2.0899322,5.0088468,7.4451365,0.7191333,0.9528551,-0.0642974,-0.1028304,-0.3212942,-0.1682066,0.0033810,0.0279464,0.0030302,-0.0084015,0.0022340,-0.0136114,0.0093314,0.0257190,0.0551337,0.0484209,0.1896419,0.5119219,0.9906912,0.0228957,-0.4220718
37.485439292,1791082617.862929106,1,0,0.1256853,0.0239629,0.0087241,5.1646638,1.7330848,5.1107731,7.2873106,0.5191007,0.9905276,-0.0753765,-0.1016015,-0.3213573,-0.2137001,0.0024195,0.0528585,0.0027112,-0.0068025,0.0021015,-0.0141583,0.0094445,0.0255252,0.0560937,0.0484330,0.1894898,0.5119305,0.9906912,0.0211980,-0.3845220
37.504991274,1791082617.882480621,0,0,0.1091417,0.0330115,0.0367215,4.9035888,1.3628877,5.2112384,7.0409231,0.5103548,0.9317505,-0.1025600,-0.1380312,-0.2755415,-0.2490896,-0.0103495,0.0672341,0.0014428,-0.0033404,0.0034453,-0.0145356,0.0095155,0.0251935,0.0578624,0.0484622,0.1891653,0.5119355,0.9906912,0.0203236,-0.3229137
37.525300309,1791082617.902789593,0,0,0.0999675,0.0284387,0.0520545,4.8553090,1.4646804,5.2369351,6.9290304,0.6455870,0.9027592,-0.1173046,-0.1525690,-0.3186141,-0.2468034,-0.0185616,0.0527881,0.0007316,-0.0003464,0.0040625,-0.0142856,0.0095927,0.0248972,0.0596639,0.0484767,0.1888645,0.5119408,0.9906912,0.0193889,-0.2521596
37.543598514,1791082617.921087742,0,0,0.1069146,0.0253734,0.0383970,4.9247789,1.6834382,5.2714624,7.1288261,0.6900339,0.8948075,-0.1248844,-0.1555621,-0.3347218,-0.2600521,-0.0206725,0.0567424,-0.0007327,0.0015591,0.0039028,-0.0139412,0.0096811,0.0246803,0.0616034,0.0484526,0.1887398,0.5119487,0.9906912,0.0191077,-0.1962759
37.562621036,1791082617.940110683,0,0,0.1115658,0.0264035,0.0295001,4.9291730,1.7275139,5.0651689,7.0896454,0.7298169,0.9462973,-0.1310467,-0.1246812,-0.2611114,-0.2596495,-0.0346596,0.0583993,-0.0014904,0.0028622,0.0034229,-0.0139656,0.0097713,0.0245122,0.0634408,0.0484220,0.1887103,0.5119575,0.9906912,0.0187374,-0.1673683
37.584928899,1791082617.962418795,0,0,0.1148778,0.0211948,0.0207270,4.8542728,1.9424286,5.0148201,7.1988249,0.7699270,0.9822154,-0.1566475,-0.1569692,-0.2657517,-0.2770911,-0.0521400,0.0755271,-0.0024343,0.0040097,0.0028186,-0.0139684,0.0098263,0.0244059,0.0650874,0.0483766,0.1888238,0.5119653,0.9906912,0.0181440,-0.1560031
37.602753774,1791082617.980242968,0,0,0.1143423,0.0259189,0.0165403,4.8286605,2.0326681,5.0089679,7.1833124,0.7995427,0.9966997,-0.1727304,-0.1818473,-0.2237308,-0.2795092,-0.0588010,0.0985375,-0.0028354,0.0049590,0.0020647,-0.0139379,0.0098595,0.0243176,0.0665494,0.0483249,0.1889608,0.5119732,0.9906912,0.0177011,-0.1593840
37.622277019,1791082617.999766350,0,0,0.1086717,0.0266055,0.0181149,4.7311978,2.0230458,5.0826144,7.1152344,0.8155857,0.9939121,-0.2845085,-0.2929977,-0.2737483,-0.3154034,-0.0982234,0.1387872,-0.0033229,0.0059648,0.0014495,-0.0139094,0.0098903,0.0242369,0.0680391,0.0482773,0.1891180,0.5119807,0.9906912,0.0175382,-0.1631796
37.643398278,1791082618.020887852,0,0,0.1065261,0.0290902,0.0157473,4.6762066,2.0757532,5.2651744,6.9622674,0.8108483,0.9644824,-0.3365141,-0.3318755,-0.3409289,-0.3212588,-0.1232290,0.1494818,-0.0039841,0.0067046,0.0008339,-0.0139237,0.0099217,0.0241791,0.0694964,0.0482292,0.1893162,0.5119886,0.9906912,0.0176661,-0.1604946
37.663215903,1791082618.040705442,0,0,0.1077681,0.0265919,0.0088531,4.6352134,2.1686349,5.5043578,6.9471049,0.7990773,0.9346209,-0.3797768,-0.3927045,-0.4284751,-0.3298641,-0.1561661,0.1597162,-0.0047283,0.0067152,0.0000468,-0.0139327,0.0099527,0.0241718,0.0706847,0.0481731,0.1895694,0.5119982,0.9906912,0.0178935,-0.1536585
37.685423092,1791082618.062912941,0,0,0.1064978,0.0233384,0.0054368,4.5854516,2.0706916,5.5841017,6.9545951,0.7942525,0.9183370,-0.4281301,-0.4581141,-0.4431142,-0.3415859,-0.2018391,0.1745174,-0.0055061,0.0064549,-0.0007345,-0.0139817,0.0099838,0.0241872,0.0717280,0.0481163,0.1898504,0.5120088,0.9906912,0.0181776,-0.1459800
37.704782171,1791082618.082271576,0,0,0.1096064,0.0225330,0.0043179,4.5429759,2.0614879,5.6938910,6.8981781,0.7886091,0.9118266,-0.4465141,-0.5032384,-0.4285920,-0.3564808,-0.2317558,0.1818954,-0.0062327,0.0061598,-0.0013411,-0.0141202,0.0100143,0.0241961,0.0727033,0.0480606,0.1901487,0.5120198,0.9906912,0.0185877,-0.1406302
37.725347281,1791082618.102836847,0,0,0.1079945,0.0227458,0.0033489,4.4709077,2.1097367,5.7788301,6.7845416,0.7939276,0.9033638,-0.4546558,-0.5375440,-0.4146956,-0.3645765,-0.2526720,0.1925807,-0.0066812,0.0056982,-0.0019216,-0.0141964,0.0100414,0.0242165,0.0735357,0.0480026,0.1904494,0.5120312,0.9906912,0.0190689,-0.1371429
37.745422324,1791082618.122911930,0,0,0.1103372,0.0147632,0.0042271,4.4128428,2.1817763,5.9352384,6.8184700,0.7949030,0.8792982,-0.4331912,-0.5631885,-0.4193120,-0.3655620,-0.2572792,0.2051259,-0.0071912,0.0051877,-0.0024210,-0.0141622,0.0100643,0.0242377,0.0742250,0.0479407,0.1907453,0.5120435,0.9906912,0.0193995,-0.1324861
37.763665296,1791082618.141154766,0,0,0.1087059,0.0097111,0.0031129,4.2753048,2.2571499,6.0587568,6.7307272,0.7966145,0.8563617,-0.4084461,-0.5660150,-0.4352950,-0.3588028,-0.2601276,0.2164115,-0.0077708,0.0046309,-0.0028806,-0.0140093,0.0100830,0.0242721,0.0747495,0.0478748,0.1910389,0.5120566,0.9906912,0.0196106,-0.1273767
37.787224409,1791082618.164714813,0,0,0.1071335,0.0085420,0.0043121,4.1364865,2.3105502,6.2317638,6.6815801,0.8018395,0.8311540,-0.3859655,-0.5547283,-0.4441013,-0.3482454,-0.2583166,0.2151157,-0.0085163,0.0042128,-0.0032406,-0.0137829,0.0101000,0.0243001,0.0752756,0.0478092,0.1913222,0.5120701,0.9906912,0.0198730,-0.1179697
37.803508906,1791082618.180998564,0,0,0.1080190,0.0108662,0.0062828,3.9890909,2.3786228,6.4565277,6.5857458,0.8040894,0.8110250,-0.3680819,-0.5337237,-0.4434490,-0.3318881,-0.2700184,0.2111454,-0.0094693,0.0041147,-0.0033965,-0.0135176,0.0101156,0.0242846,0.0759303,0.0477466,0.1915787,0.5120835,0.9906912,0.0204334,-0.1006807
37.826490045,1791082618.203979731,0,0,0.1044268,0.0140711,0.0063061,3.7552447,2.4414737,6.4622054,6.4992390,0.8129843,0.7958524,-0.3519345,-0.4988986,-0.4641647,-0.3244754,-0.2932476,0.2137649,-0.0103889,0.0040036,-0.0036356,-0.0132705,0.0101316,0.0242759,0.0765661,0.0476843,0.1918453,0.5120974,0.9906912,0.0212102,-0.0796942
37.844629109,1791082618.222118855,0,0,0.1068591,0.0134803,0.0081348,3.5160737,2.5416141,6.7196307,6.3801198,0.8143281,0.7762177,-0.3284089,-0.4843695,-0.5070691,-0.3231373,-0.3393766,0.2197521,-0.0112531,0.0038580,-0.0038291,-0.0131072,0.0101461,0.0242678,0.0771648,0.0476213,0.1921324,0.5121120,0.9906912,0.0221145,-0.0574455
37.864656150,1791082618.242145538,0,0,0.1020836,0.0094801,0.0074398,3.0824337,2.5763175,6.8564267,6.2263923,0.8199614,0.7546738,-0.3127299,-0.4764522,-0.5331270,-0.3173780,-0.3736755,0.2154296,-0.0120801,0.0037646,-0.0040345,-0.0128032,0.0101533,0.0242815,0.0777137,0.0475539,0.1924147,0.5121269,0.9906912,0.0229191,-0.0330206
37.886721574,1791082618.264211178,0,0,0.1017636,0.0018520,0.0077691,2.5210195,2.6616096,6.9880357,6.2299871,0.8334820,0.7321411,-0.2872348,-0.4868591,-0.5770154,-0.3157576,-0.4000190,0.2124245,-0.0131202,0.0035729,-0.0043201,-0.0124055,0.0101506,0.0243234,0.0780235,0.0474799,0.1927027,0.5121436,0.9906912,0.0235027,-0.0064196
37.904402829,1791082618.281892300,0,0,0.1019515,-0.0000937,0.0143992,1.3250178,2.7659848,7.0939450,6.0071564,0.8432163,0.7224722,-0.2638350,-0.4769764,-0.6023741,-0.3229778,-0.4498597,0.2137240,-0.0143616,0.0039954,-0.0044462,-0.0119350,0.0101331,0.0243392,0.0788192,0.0474098,0.1929860,0.5121595,0.9906912,0.0242355,0.0182002
37.924906272,1791082618.302395582,0,0,0.1039891,-0.0031235,0.0168509,-1.4310452,2.7828679,7.1011443,5.5901017,0.8449448,0.7105712,-0.2248880,-0.4554415,-0.5966067,-0.3341427,-0.4929188,0.2110135,-0.0163777,0.0050154,-0.0044838,-0.0112772,0.0100782,0.0243812,0.0798837,0.0473398,0.1932923,0.5121741,0.9906912,0.0252149,0.0414249
37.944745946,1791082618.322235584,0,0,0.1200631,-0.0113110,-0.0007890,-5.9780574,2.9167178,7.2175865,5.1280541,0.8228738,0.7283360,-0.1710693,-0.4063802,-0.6312046,-0.3631994,-0.4795736,0.2103462,-0.0202734,0.0059522,-0.0046117,-0.0104171,0.0099252,0.0246513,0.0799530,0.0472545,0.1937357,0.5121897,0.9906912,0.0264291,0.0605223
37.963326148,1791082618.340815783,0,0,0.1468252,-0.0150666,-0.0384315,-10.0983667,2.9933469,7.6256599,5.0511384,0.8385710,0.7249424,-0.0618762,-0.4723297,-0.7690192,-0.3321280,-0.4770529,0.2298783,-0.0260938,0.0050385,-0.0050464,-0.0087859,0.0095563,0.0257113,0.0756118,0.0471126,0.1943904,0.5122055,0.9906912,0.0278070,0.0658739
37.986732614,1791082618.364222050,0,0,0.1820123,0.0271482,-0.0928918,-12.0574341,2.8060858,7.6884379,4.9999185,0.8649600,0.6139958,0.0856304,-0.6502416,-1.0007095,-0.1949962,-0.4738233,0.2069657,-0.0354484,-0.0017149,-0.0058208,-0.0063917,0.0088918,0.0288839,0.0605265,0.0469257,0.1953674,0.5122199,0.9906912,0.0302446,0.0792861
38.003704818,1791082618.381194830,0,0,0.2477309,0.0885444,-0.0880458,-12.8968697,0.2023751,7.0963731,4.3668671,0.8257898,0.3590196,0.3672128,-0.4361759,-1.0529753,-0.0590324,-0.3366854,0.1794871,-0.0571039,-0.0023943,-0.0063216,-0.0025461,0.0083234,0.0331333,0.0494250,0.0471108,0.1959689,0.5122256,0.9906912,0.0353678,0.1489396
38.023709906,1791082618.401199341,0,0,0.2279352,0.0894327,-0.1050802,-11.5661831,-4.2910175,5.1009197,-2.7752819,0.6589360,0.1435326,0.0302594,-0.0279861,-0.1693263,-0.0110376,-0.0526663,0.0167754,-0.1010691,0.0280780,-0.0068331,-0.0005703,0.0081445,0.0362318,0.0466477,0.0475611,0.1954813,0.5122216,0.9906912,0.0396937,0.3728111
38.046297270,1791082618.423786640,0,0,0.2412525,0.0111461,0.0233268,-9.4152584,-5.0948358,3.1825092,-10.0198927,0.3866089,0.3455349,0.0323666,-0.0122180,0.0084498,0.0224681,0.0009597,-0.0605420,-0.1247691,0.0605406,-0.0071637,-0.0000412,0.0080844,0.0369061,0.0458458,0.0479966,0.1949074,0.5122102,0.9906912,0.0417723,0.6852657
38.068310307,1791082618.445800543,0,0,0.3307808,0.0805800,0.1831128,-11.2585430,1.4922682,-3.3965862,-13.3986731,0.1300076,0.2851811,0.0621040,-0.1091690,-0.0090100,-0.0592719,0.0141478,-0.0298117,-0.0748120,0.0626061,-0.0073787,0.0002576,0.0079847,0.0358068,0.0487386,0.0483094,0.1942929,0.5122141,0.9906912,0.0421931,0.7968503
38.086789257,1791082618.464278936,0,0,0.1776188,0.0950750,0.3392825,-12.2449932,3.0095615,1.9413662,-10.9224043,0.5305097,0.5398721,0.0569769,-0.9678208,0.4103144,-0.3453905,0.1494659,-0.1456474,-0.0789521,0.0630201,-0.0070118,0.0055118,0.0079504,0.0354572,0.0489110,0.0483569,0.1937814,0.5122143,0.9906912,0.0448007,0.8821027
38.103591598,1791082618.481081247,0,0,-0.0437591,0.1546468,0.1196277,-6.1480374,1.3211050,4.7275310,-9.5496073,0.5727793,0.8499924,0.1079171,-0.1643078,0.1150842,-0.2939506,0.1080284,-0.0257912,-0.0535581,0.0633254,-0.0067968,0.0103310,0.0079216,0.0352389,0.0489282,0.0483815,0.1934846,0.5122143,0.9906912,0.0473168,0.9524140
38.124619093,1791082618.502109289,0,0,-0.0387265,0.0822512,-0.1194605,-3.4811606,1.9589664,5.2794127,-9.8087025,0.6126816,0.5318525,0.1422981,-0.2407648,0.4037503,-0.5288587,-0.1131290,-0.2630223,-0.0410599,0.0663099,-0.0062906,0.0119215,0.0078253,0.0362339,0.0491564,0.0485951,0.1932535,0.5122135,0.9906912,0.0475492,0.9704463
38.144915553,1791082618.522405148,0,0,0.0403734,-0.0397518,-0.2675522,-2.5493116,-1.0623720,3.4460468,-4.1574688,0.4174098,0.2034943,-0.1035894,0.0494767,0.4809693,-0.8416509,-0.2649509,-0.3573696,-0.0232122,0.0544708,-0.0067235,0.0078732,0.0074676,0.0464747,0.0479321,0.0494496,0.1931972,0.5121861,0.9906912,0.0454551,0.9672486
38.165214572,1791082618.542703867,0,0,0.1608137,0.0322783,-0.4402834,-2.9959588,-7.6874642,0.2417087,-1.5209590,0.3679819,0.2733856,0.2367911,0.0084103,-0.2389231,-0.5777023,0.0127100,-0.5521002,-0.0441529,0.0495170,-0.0096741,0.0048999,0.0070875,0.0501819,0.0470837,0.0498741,0.1929769,0.5121643,0.9906911,0.0441925,0.9348199
38.185252942,1791082618.562742233,0,0,0.1322615,0.0700439,-0.3482125,-2.2287998,-6.7394428,-2.8423066,-2.5320482,0.2801836,0.1555701,0.5665486,-0.0866647,-0.1051524,-0.3785598,-0.0581448,-0.4533545,-0.1131494,0.0717713,-0.0140469,0.0024648,0.0068908,0.0530668,0.0468111,0.0502224,0.1928313,0.5121596,0.9906909,0.0439066,0.9626660
38.205162602,1791082618.582652092,0,0,0.1032522,0.1260593,-0.1923935,-1.1149129,-4.5541029,-5.7754045,-0.8721515,0.0020893,0.0277089,0.1157868,-0.0819447,0.0301373,-0.0755594,0.0263785,0.1003063,-0.1439929,0.0983439,-0.0167231,0.0007431,0.0068133,0.0543071,0.0467007,0.0503629,0.1927038,0.5121592,0.9906909,0.0445046,0.9781567
38.225357394,1791082618.602846384,1,0,0.1004393,0.1381295,-0.0672008,-1.4514539,-4.2892313,-7.2366538,-0.4999334,0.0359759,0.0356138,0.1465860,-0.0442405,0.0268161,0.0352820,0.0149538,0.0767350,-0.1518533,0.1090540,-0.0182687,0.0044007,0.0067886,0.0547291,0.0466706,0.0504157,0.1926045,0.5121592,0.9906909,0.0451069,0.9856280
38.244388813,1791082618.621877670,0,0,-0.0666343,0.1277341,0.0737055,-0.4116135,-7.5596533,-7.2097206,-0.7428898,0.3203099,-0.0254574,0.1249848,-0.0010839,0.0148107,0.0457741,0.0007518,0.0283741,-0.1253684,0.1111364,-0.0186222,0.0183306,0.0067687,0.0551689,0.0466746,0.0504354,0.1925419,0.5121592,0.9906909,0.0456644,0.9888542
